{
"type": "FeatureCollection",
"name": "quartiers_mtl",
"crs": { "type": "name", "properties": { "name": "urn:ogc:def:crs:EPSG::32188" } },
"features": [
{ "type": "Feature", "properties": { "id": 3, "nom": "Pointe-Claire" }, "geometry": { "type": "MultiPolygon", "coordinates": [ [ [ [ 283009.442993017961271, 5033927.921875646337867 ], [ 283004.442993016156834, 5033933.92187565099448 ], [ 282997.442993015516549, 5033942.921875645406544 ], [ 282994.442993018252309, 5033948.921875647269189 ], [ 282993.442993017961271, 5033953.92187565099448 ], [ 282993.442993019125424, 5033960.921875651925802 ], [ 282990.442993021395523, 5033965.921875650063157 ], [ 282983.442993016971741, 5033962.921875651925802 ], [ 282976.442993016447872, 5033962.921875651925802 ], [ 282968.442993017844856, 5033964.921875655651093 ], [ 282961.442993020347785, 5033968.921875648200512 ], [ 282956.442993020871654, 5033974.922852218151093 ], [ 282949.443115091649815, 5033981.922852210700512 ], [ 282943.44311508978717, 5033989.922852212563157 ], [ 282940.443115087517072, 5033994.922852206975222 ], [ 282934.443115086643957, 5034001.922852214425802 ], [ 282924.443115087458864, 5034009.922852218151093 ], [ 282919.443115088390186, 5034012.922852212563157 ], [ 282912.444091649726033, 5034021.922852212563157 ], [ 282907.444091651472263, 5034024.922852212563157 ], [ 282902.444091652520001, 5034026.922852215357125 ], [ 282893.444091649376787, 5034029.922852207906544 ], [ 282886.444091650249902, 5034035.922852211631835 ], [ 282876.44409164856188, 5034041.922852214425802 ], [ 282864.444091653567739, 5034047.922852209769189 ], [ 282857.44409165030811, 5034053.922852209769189 ], [ 282848.444091651646886, 5034061.922852212563157 ], [ 282843.444091647397727, 5034067.922852211631835 ], [ 282832.444091651530471, 5034078.922852210700512 ], [ 282816.444091653451324, 5034088.922852215357125 ], [ 282808.444091651181225, 5034094.922852208837867 ], [ 282802.444091650599148, 5034098.923828774131835 ], [ 282796.445068214670755, 5034103.923828775063157 ], [ 282789.445068214321509, 5034106.923828777857125 ], [ 282784.445068215660285, 5034108.923828772269189 ], [ 282771.445068214030471, 5034113.923828774131835 ], [ 282765.445068214728963, 5034115.923828778788447 ], [ 282759.445068211527541, 5034118.92382877599448 ], [ 282753.445068211876787, 5034122.923828771337867 ], [ 282745.445068216009531, 5034125.923828772269189 ], [ 282731.445068212517072, 5034125.923828778788447 ], [ 282724.445068214437924, 5034124.923828772269189 ], [ 282688.445068212167826, 5034124.923828772269189 ], [ 282678.445068213506602, 5034125.923828775063157 ], [ 282672.446044777112547, 5034126.923828777857125 ], [ 282664.446044775831979, 5034128.923828776925802 ], [ 282652.446044775831979, 5034140.923828772269189 ], [ 282644.446044778276701, 5034145.923828775063157 ], [ 282635.446044776006602, 5034148.92480533849448 ], [ 282629.446044776588678, 5034149.92480533849448 ], [ 282619.4460447790334, 5034155.924805336631835 ], [ 282613.446044773620088, 5034160.92480534221977 ], [ 282608.446044776239432, 5034162.924805336631835 ], [ 282603.446044776588678, 5034165.924805336631835 ], [ 282585.446044778742362, 5034171.924805340357125 ], [ 282577.446044779731892, 5034176.924805340357125 ], [ 282571.446044776123017, 5034181.924805336631835 ], [ 282566.446044776355848, 5034184.924805340357125 ], [ 282560.447021340194624, 5034188.924805335700512 ], [ 282554.447021342755761, 5034191.924805341288447 ], [ 282548.447021339379717, 5034193.924805335700512 ], [ 282543.447021342464723, 5034195.924805337563157 ], [ 282538.447021338972263, 5034199.924805337563157 ], [ 282532.447021340951324, 5034205.924805337563157 ], [ 282523.447021340078209, 5034212.924805336631835 ], [ 282518.447021339670755, 5034215.924805335700512 ], [ 282507.44702133507235, 5034219.924805334769189 ], [ 282482.44702133955434, 5034227.925781899131835 ], [ 282473.447021342348307, 5034231.92578190099448 ], [ 282461.447021340660285, 5034235.925781906582415 ], [ 282445.447021335654426, 5034233.92578190099448 ], [ 282437.447997901821509, 5034234.925781898200512 ], [ 282402.447997901472263, 5034234.925781903788447 ], [ 282392.447997901123017, 5034233.925781903788447 ], [ 282387.447997903393116, 5034232.925781898200512 ], [ 282385.447997900424525, 5034227.925781898200512 ], [ 282380.447997901123017, 5034221.925781899131835 ], [ 282374.447997902636416, 5034217.925781900063157 ], [ 282366.447997901530471, 5034212.925781894475222 ], [ 282361.447997900133487, 5034210.925781903788447 ], [ 282355.447997903276701, 5034208.925781903788447 ], [ 282314.448974464263301, 5034208.926758466288447 ], [ 282308.448974462226033, 5034209.92675846721977 ], [ 282303.448974465718493, 5034212.926758460700512 ], [ 282297.448974464903586, 5034220.926758465357125 ], [ 282293.448974462924525, 5034224.926758458837867 ], [ 282288.448974464845378, 5034230.926758461631835 ], [ 282282.448974462400656, 5034236.926758458837867 ], [ 282276.448974463506602, 5034239.926758460700512 ], [ 282271.448974461934995, 5034242.926758460700512 ], [ 282264.448974464612547, 5034243.92675846349448 ], [ 282255.448974465660285, 5034244.926758462563157 ], [ 282249.448974462633487, 5034247.926758458837867 ], [ 282244.448974462749902, 5034250.92675846349448 ], [ 282238.448974463855848, 5034254.926758465357125 ], [ 282231.448974466591608, 5034257.926758465357125 ], [ 282215.448974463099148, 5034262.926758460700512 ], [ 282207.448974462633487, 5034265.926758464425802 ], [ 282202.449951025890186, 5034268.926758458837867 ], [ 282190.449951028218493, 5034270.92675846721977 ], [ 282183.44995102530811, 5034273.927735026925802 ], [ 282174.449951024958864, 5034276.927735024131835 ], [ 282169.44995102554094, 5034277.927735023200512 ], [ 282163.4499510290334, 5034277.927735025063157 ], [ 282158.449951025948394, 5034276.92773502599448 ], [ 282152.449951029091608, 5034277.927735025063157 ], [ 282141.449951025424525, 5034278.927735023200512 ], [ 282126.449951027403586, 5034278.92773502971977 ], [ 282119.449951028218493, 5034279.927735021337867 ], [ 282114.449951025249902, 5034280.927735019475222 ], [ 282105.449951027228963, 5034282.927735023200512 ], [ 282100.449951025773771, 5034283.92773502971977 ], [ 282091.449951024842449, 5034283.927735027857125 ], [ 282086.449951029557269, 5034284.927735031582415 ], [ 282077.450927589670755, 5034284.927735021337867 ], [ 282070.450927591591608, 5034285.927735022269189 ], [ 282063.450927587167826, 5034284.927735020406544 ], [ 282032.385986183711793, 5034284.92773502971977 ], [ 281995.450927589263301, 5034284.92871158849448 ], [ 281989.450927586585749, 5034285.92871159221977 ], [ 281983.450927589670755, 5034285.928711586631835 ], [ 281977.450927589961793, 5034287.928711589425802 ], [ 281972.450927586643957, 5034291.928711582906544 ], [ 281963.450927590718493, 5034290.92871158849448 ], [ 281954.451904148736503, 5034291.928711586631835 ], [ 281933.451904150424525, 5034291.928711589425802 ], [ 281928.451904151588678, 5034290.928711589425802 ], [ 281923.451904152345378, 5034288.92871158849448 ], [ 281914.451904151064809, 5034279.928711583837867 ], [ 281908.451904155255761, 5034280.928711585700512 ], [ 281905.451904152228963, 5034285.928711589425802 ], [ 281900.451904149958864, 5034286.928711585700512 ], [ 281900.451904152228963, 5034279.92871158849448 ], [ 281902.451904153567739, 5034271.928711594082415 ], [ 281900.451904148503672, 5034264.928711587563157 ], [ 281895.451904152112547, 5034260.928711587563157 ], [ 281889.451904150191694, 5034257.92871158849448 ], [ 281883.451904153975192, 5034256.928711587563157 ], [ 281877.451904152520001, 5034256.928711589425802 ], [ 281868.451904150773771, 5034258.929688147269189 ], [ 281863.451904150424525, 5034260.929688149131835 ], [ 281853.451904150948394, 5034262.929688152857125 ], [ 281826.452880711934995, 5034262.929688149131835 ], [ 281817.452880715893116, 5034261.929688151925802 ], [ 281809.452880717755761, 5034260.929688150063157 ], [ 281803.452880713914055, 5034260.929688148200512 ], [ 281798.452880714146886, 5034257.929688147269189 ], [ 281792.452880716416985, 5034255.929688148200512 ], [ 281787.452880714146886, 5034256.929688149131835 ], [ 281776.452880712924525, 5034254.929688149131835 ], [ 281771.452880715369247, 5034252.929688149131835 ], [ 281770.452880714205094, 5034246.92968815099448 ], [ 281772.452880714728963, 5034241.92968815099448 ], [ 281763.452880716766231, 5034228.929688146337867 ], [ 281758.452880715311039, 5034227.929688153788447 ], [ 281751.452880712400656, 5034227.929688147269189 ], [ 281743.452880714437924, 5034225.929688148200512 ], [ 281735.452880714205094, 5034227.929688150063157 ], [ 281729.452880713681225, 5034228.929688149131835 ], [ 281714.452880715776701, 5034228.930664712563157 ], [ 281707.452880716184154, 5034227.930664711631835 ], [ 281697.45288070931565, 5034224.930664716288447 ], [ 281691.454101416689809, 5034221.930664716288447 ], [ 281683.454101417446509, 5034219.930664712563157 ], [ 281675.454101418494247, 5034216.930664711631835 ], [ 281672.454101417504717, 5034210.930664709769189 ], [ 281672.454101419600192, 5034202.930664712563157 ], [ 281673.454101417795755, 5034195.93066471349448 ], [ 281672.454101414710749, 5034192.930664712563157 ], [ 281672.454101415292826, 5034184.93066471721977 ], [ 281668.454101416980848, 5034171.930664705112576 ], [ 281661.454101413371973, 5034161.930664706043899 ], [ 281643.454101415351033, 5034152.930664711631835 ], [ 281638.45410141494358, 5034146.93066471349448 ], [ 281632.454101415642072, 5034142.930664710700512 ], [ 281620.454101417097263, 5034136.930664710700512 ], [ 281611.454101415118203, 5034131.930664711631835 ], [ 281606.454101414477918, 5034128.930664710700512 ], [ 281600.454101420298684, 5034123.931641271337867 ], [ 281590.454101415234618, 5034115.931641272269189 ], [ 281585.454101416049525, 5034109.931641275063157 ], [ 281578.454101413663011, 5034104.931641276925802 ], [ 281572.45410141767934, 5034102.931641271337867 ], [ 281556.454101417621132, 5034094.93164127599448 ], [ 281549.454101417330094, 5034088.93164128344506 ], [ 281539.454101419716608, 5034078.931641276925802 ], [ 281533.454101416748017, 5034073.931641268543899 ], [ 281528.455077980819624, 5034068.931641271337867 ], [ 281523.455077977036126, 5034065.931641270406544 ], [ 281517.455077983438969, 5034061.931641275063157 ], [ 281512.455077979597263, 5034057.93164127599448 ], [ 281503.455077979131602, 5034050.931641278788447 ], [ 281490.455077983322553, 5034037.931641274131835 ], [ 281487.45507797767641, 5034032.931641276925802 ], [ 281484.455077980062924, 5034026.931641278788447 ], [ 281481.455077978316694, 5034021.932617839425802 ], [ 281480.455077979248017, 5034016.932617839425802 ], [ 281481.455077977967449, 5034007.932617839425802 ], [ 281483.455077980528586, 5033997.932617835700512 ], [ 281491.455077978898771, 5033974.932617837563157 ], [ 281491.455077980528586, 5033959.932617834769189 ], [ 281481.455077981343493, 5033944.932617839425802 ], [ 281469.455077980528586, 5033921.93261784221977 ], [ 281463.455077979830094, 5033908.932617845013738 ], [ 281456.455077981110662, 5033900.932617835700512 ], [ 281451.455077978956979, 5033896.932617837563157 ], [ 281446.455077982100192, 5033890.932617836631835 ], [ 281445.455077977327164, 5033887.932617834769189 ], [ 281441.455077981809154, 5033879.932617837563157 ], [ 281439.4550779829151, 5033874.932617839425802 ], [ 281431.455077978491317, 5033862.93261783849448 ], [ 281425.455077981634531, 5033857.93261784221977 ], [ 281421.455077978316694, 5033853.932617836631835 ], [ 281416.455077977909241, 5033849.932617837563157 ], [ 281406.455077981576324, 5033843.932617835700512 ], [ 281399.455077979830094, 5033839.933594398200512 ], [ 281393.455077982507646, 5033835.93359440471977 ], [ 281388.455077980877832, 5033833.933594395406544 ], [ 281384.455077981809154, 5033828.933594402857125 ], [ 281379.455077982507646, 5033826.933594400063157 ], [ 281371.455077978374902, 5033826.933594401925802 ], [ 281366.455077980237547, 5033829.93359440099448 ], [ 281364.455077979888301, 5033834.933594401925802 ], [ 281358.45507797494065, 5033842.93359440099448 ], [ 281354.455077978200279, 5033846.933594400063157 ], [ 281347.455077978025656, 5033846.933594406582415 ], [ 281338.455077977851033, 5033844.933594400063157 ], [ 281332.455077976046596, 5033842.933594403788447 ], [ 281323.455077980004717, 5033838.93359440471977 ], [ 281328.455077980237547, 5033825.933594400063157 ], [ 281274.45605454291217, 5033805.933594401925802 ], [ 281273.456054542795755, 5033806.933594401925802 ], [ 281272.456054543843493, 5033806.93359440099448 ], [ 281246.456054541398771, 5033794.934570959769189 ], [ 281240.456054543610662, 5033789.934570964425802 ], [ 281232.456054543727078, 5033783.934570959769189 ], [ 281223.456054540409241, 5033778.934570961631835 ], [ 281218.456054545938969, 5033775.934570962563157 ], [ 281213.456054540118203, 5033771.934570964425802 ], [ 281207.456054541689809, 5033766.934570962563157 ], [ 281202.456054539885372, 5033761.934570965357125 ], [ 281193.456054543086793, 5033755.934570964425802 ], [ 281187.456054542737547, 5033750.934570957906544 ], [ 281179.45605453994358, 5033743.934570966288447 ], [ 281171.45605454116594, 5033737.934570964425802 ], [ 281150.456054546462838, 5033716.93457096721977 ], [ 281144.456054540001787, 5033711.934570958837867 ], [ 281136.456054538721219, 5033705.935547525063157 ], [ 281132.456054545007646, 5033699.935547521337867 ], [ 281127.456054539303295, 5033693.935547520406544 ], [ 281124.456054542621132, 5033688.935547524131835 ], [ 281118.456054540467449, 5033681.935547525063157 ], [ 281114.45605454366887, 5033676.935547523200512 ], [ 281112.456054544018116, 5033671.935547523200512 ], [ 281110.45605454093311, 5033665.935547525063157 ], [ 281109.456054540874902, 5033660.935547527857125 ], [ 281107.456054542970378, 5033653.935547520406544 ], [ 281106.456054544425569, 5033648.935547524131835 ], [ 281106.456054540758487, 5033642.935547522269189 ], [ 281107.456054544134531, 5033636.935547526925802 ], [ 281111.456054543785285, 5033632.93554752599448 ], [ 281116.456054540816694, 5033628.93554752971977 ], [ 281121.456054543028586, 5033622.935547527857125 ], [ 281124.45605454093311, 5033615.935547528788447 ], [ 281126.456054541573394, 5033610.935547524131835 ], [ 281129.456054543494247, 5033592.935547527857125 ], [ 281129.456054544833023, 5033571.93554752971977 ], [ 281138.456054541456979, 5033569.935547525063157 ], [ 281118.455077982624061, 5033502.935547530651093 ], [ 281088.455077975348104, 5033429.936524089425802 ], [ 281086.455077982624061, 5033420.936524086631835 ], [ 281080.455077979655471, 5033410.936524087563157 ], [ 281072.455077979189809, 5033402.936524084769189 ], [ 281068.455077981285285, 5033396.936524085700512 ], [ 281065.45507798017934, 5033391.936524086631835 ], [ 281058.455077978840563, 5033381.936524089425802 ], [ 281054.455077978316694, 5033374.936524089425802 ], [ 281051.455077979131602, 5033368.936524087563157 ], [ 281047.455077978142072, 5033362.936524091288447 ], [ 281045.455077980062924, 5033357.936524090357125 ], [ 281043.455077978782356, 5033351.936524085700512 ], [ 281042.455077979713678, 5033346.93652408849448 ], [ 281042.455077980295755, 5033340.936524091288447 ], [ 281043.455077979248017, 5033331.936524086631835 ], [ 281046.455077980936039, 5033325.93652408849448 ], [ 281049.455077981459908, 5033320.936524089425802 ], [ 281055.455077979597263, 5033316.936524085700512 ], [ 281056.455077980353963, 5033311.936524090357125 ], [ 281065.455077980877832, 5033267.936524086631835 ], [ 281072.455077980353963, 5033240.936524089425802 ], [ 281058.45507798017934, 5033160.938477211631835 ], [ 281046.455077977734618, 5033145.938477209769189 ], [ 281042.455077978374902, 5033137.938477209769189 ], [ 281038.455077978200279, 5033127.938477214425802 ], [ 281034.455077979015186, 5033113.93847721721977 ], [ 281030.455077980470378, 5033104.93847721349448 ], [ 281026.455077978607733, 5033098.938477219082415 ], [ 281022.455077982973307, 5033093.93847721721977 ], [ 281020.455077978607733, 5033088.938477209769189 ], [ 281019.45507798390463, 5033082.938477210700512 ], [ 281019.455077981750946, 5033070.938477212563157 ], [ 281020.455077980528586, 5033064.938477211631835 ], [ 281021.455077982507646, 5033057.938477211631835 ], [ 281022.455077980819624, 5033052.938477215357125 ], [ 281024.455077979539055, 5033045.93847721721977 ], [ 281026.455077980121132, 5033039.938477216288447 ], [ 281027.455077979248017, 5033033.93847721349448 ], [ 281028.455077983380761, 5033023.938477215357125 ], [ 281028.454101413022727, 5033007.938477208837867 ], [ 281029.454101417330094, 5033000.938477214425802 ], [ 281029.454101416340563, 5032986.938477212563157 ], [ 281030.45410141616594, 5032978.938477216288447 ], [ 281030.581054538895842, 5032978.177735023200512 ], [ 281031.45410141767934, 5032972.93847721349448 ], [ 281033.454101416864432, 5032966.938477211631835 ], [ 281038.454101416107733, 5032955.938477212563157 ], [ 281040.454101418203209, 5032950.93847721349448 ], [ 281046.454101416980848, 5032944.938477212563157 ], [ 281058.454101419076324, 5032934.938477211631835 ], [ 281064.454101419134531, 5032928.938477216288447 ], [ 281070.454101416980848, 5032924.938477206975222 ], [ 281075.454101418494247, 5032920.938477215357125 ], [ 281087.454101417271886, 5032910.938477211631835 ], [ 281093.454101415059995, 5032907.938477211631835 ], [ 281102.454101416224148, 5032901.938477212563157 ], [ 281107.454101419076324, 5032898.938477218151093 ], [ 281119.454101415700279, 5032888.938477212563157 ], [ 281122.454101417970378, 5032882.938477207906544 ], [ 281126.454101416631602, 5032875.938477215357125 ], [ 281127.454101415467449, 5032869.938477208837867 ], [ 281127.45410141692264, 5032848.93847721349448 ], [ 281126.45410141791217, 5032841.938477211631835 ], [ 281125.454101415059995, 5032832.938477215357125 ], [ 281124.454101416515186, 5032827.938477216288447 ], [ 281119.454101417446509, 5032824.938477210700512 ], [ 281106.454101416107733, 5032824.938477210700512 ], [ 281100.454101413779426, 5032823.938477210700512 ], [ 281096.454101417388301, 5032819.938477216288447 ], [ 281092.454101418610662, 5032814.93847721349448 ], [ 281090.454101418901701, 5032809.938477208837867 ], [ 281089.454101420007646, 5032801.938477215357125 ], [ 281088.454101416689809, 5032796.938477206975222 ], [ 281087.454101414303295, 5032788.938477212563157 ], [ 281083.454101415467449, 5032776.93945377971977 ], [ 281076.454101417853963, 5032766.939453778788447 ], [ 281073.45410141692264, 5032761.939453771337867 ], [ 281066.454101420356892, 5032752.939453781582415 ], [ 281063.45410141616594, 5032747.939453778788447 ], [ 281059.454101418028586, 5032742.939453775063157 ], [ 281054.454101418610662, 5032735.939453780651093 ], [ 281050.454101416631602, 5032728.93945377599448 ], [ 281046.454101416340563, 5032724.939453774131835 ], [ 281039.454101418203209, 5032720.939453772269189 ], [ 281033.454101416806225, 5032720.939453771337867 ], [ 281023.454101418843493, 5032718.939453772269189 ], [ 281016.454101417853963, 5032718.939453776925802 ], [ 281006.45410141692264, 5032719.939453773200512 ], [ 280998.45410141692264, 5032720.939453774131835 ], [ 280990.454101414361503, 5032723.939453776925802 ], [ 280984.454101417271886, 5032728.939453773200512 ], [ 280978.454101418028586, 5032738.939453775063157 ], [ 280974.45410141791217, 5032745.939453776925802 ], [ 280969.454101419483777, 5032750.940430333837867 ], [ 280954.454101416398771, 5032764.940430343151093 ], [ 280949.454101419425569, 5032770.940430343151093 ], [ 280945.454101417504717, 5032776.940430332906544 ], [ 280941.454101417970378, 5032781.940430335700512 ], [ 280937.454101417039055, 5032785.94043033849448 ], [ 280933.454101417562924, 5032790.940430336631835 ], [ 280918.454101417271886, 5032807.940430340357125 ], [ 280894.454101416340563, 5032821.940430343151093 ], [ 280864.45410141418688, 5032823.940430336631835 ], [ 280844.454101418319624, 5032817.940430337563157 ], [ 280817.454101419600192, 5032797.941406894475222 ], [ 280792.454101417155471, 5032774.941406898200512 ], [ 280780.454101419309154, 5032759.941406898200512 ], [ 280783.45410141494358, 5032752.941406901925802 ], [ 280786.454101419134531, 5032744.941406901925802 ], [ 280768.454101417039055, 5032740.941406896337867 ], [ 280773.45410141791217, 5032725.941406898200512 ], [ 280770.45410141593311, 5032719.94140690471977 ], [ 280764.454101413139142, 5032718.941406899131835 ], [ 280548.455077978083864, 5032696.943360021337867 ], [ 280545.455077978316694, 5032696.943360027857125 ], [ 280539.455077982507646, 5032689.943360020406544 ], [ 280535.455077978491317, 5032684.94336002599448 ], [ 280529.455077980121132, 5032680.943360025063157 ], [ 280526.455077979597263, 5032675.94336002599448 ], [ 280522.455077982449438, 5032670.943360026925802 ], [ 280517.455077979248017, 5032666.943360026925802 ], [ 280509.45507797942264, 5032661.944336589425802 ], [ 280488.455077978840563, 5032643.94433658849448 ], [ 280481.455077983031515, 5032639.944336590357125 ], [ 280475.455077981227078, 5032634.944336586631835 ], [ 280471.455077977792826, 5032627.944336589425802 ], [ 280466.45507797866594, 5032620.944336585700512 ], [ 280460.455077977501787, 5032614.944336582906544 ], [ 280453.45507798116887, 5032609.944336587563157 ], [ 280445.455077981110662, 5032603.944336586631835 ], [ 280440.455077978898771, 5032600.944336584769189 ], [ 280431.455077979073394, 5032599.944336585700512 ], [ 280422.455077978491317, 5032603.944336589425802 ], [ 280417.455077979480848, 5032607.944336587563157 ], [ 280411.455077978549525, 5032612.944336585700512 ], [ 280406.455077978840563, 5032614.944336583837867 ], [ 280399.455077980121132, 5032617.944336586631835 ], [ 280393.455077980353963, 5032621.944336586631835 ], [ 280386.45507798041217, 5032625.944336590357125 ], [ 280362.455077982391231, 5032624.945313150063157 ], [ 280360.455077979771886, 5032630.94531315471977 ], [ 280343.455077980761416, 5032631.94531315099448 ], [ 280338.455077981750946, 5032630.945313151925802 ], [ 280328.455077980470378, 5032631.945313153788447 ], [ 280322.455077977851033, 5032631.94531315099448 ], [ 280315.455077980877832, 5032629.945313150063157 ], [ 280305.455077980353963, 5032630.945313148200512 ], [ 280292.455077978782356, 5032630.945313149131835 ], [ 280287.455077978724148, 5032628.945313151925802 ], [ 280287.455077983497176, 5032627.945313151925802 ], [ 280229.455077976046596, 5032619.946289715357125 ], [ 280229.455077979713678, 5032613.94628971721977 ], [ 280212.455077981227078, 5032610.946289714425802 ], [ 280194.455077978374902, 5032610.946289715357125 ], [ 280190.455077980645001, 5032611.94628971349448 ], [ 280176.455077980470378, 5032612.946289708837867 ], [ 280169.455077977385372, 5032596.946289714425802 ], [ 280146.455077979480848, 5032596.946289712563157 ], [ 280145.455077975464519, 5032600.946289715357125 ], [ 280122.456054543028586, 5032600.946289715357125 ], [ 280121.456054541806225, 5032611.946289711631835 ], [ 280076.456054541107733, 5032628.947266277857125 ], [ 280077.456054542039055, 5032621.94726627971977 ], [ 280055.45605454291217, 5032614.947266275063157 ], [ 280043.456054544134531, 5032606.947266275063157 ], [ 280037.456054543785285, 5032603.94726627599448 ], [ 280027.456054542504717, 5032602.94726627599448 ], [ 280022.456054543785285, 5032601.947266271337867 ], [ 280017.456054544192739, 5032597.947266277857125 ], [ 280012.456054541864432, 5032594.947266273200512 ], [ 280008.456054542388301, 5032591.947266268543899 ], [ 279999.999999854480848, 5032587.334961590357125 ], [ 279997.456054542621132, 5032585.947266271337867 ], [ 279963.455077983264346, 5032557.947266270406544 ], [ 279961.455077980877832, 5032563.947266273200512 ], [ 279959.455077978956979, 5032562.947266273200512 ], [ 279944.455077979655471, 5032551.947266273200512 ], [ 279946.45507798017934, 5032546.947266272269189 ], [ 279928.455077980528586, 5032533.947266273200512 ], [ 279924.455077979597263, 5032530.947266272269189 ], [ 279918.455077978200279, 5032536.94726627599448 ], [ 279917.45507798017934, 5032531.94726627599448 ], [ 279901.455077977094334, 5032520.947266274131835 ], [ 279896.455077982449438, 5032517.94726627599448 ], [ 279888.455077980353963, 5032507.947266272269189 ], [ 279890.455077981692739, 5032500.94726627971977 ], [ 279895.455077977094334, 5032494.947266275063157 ], [ 279898.455077979946509, 5032488.947266275063157 ], [ 279897.455077981692739, 5032482.947266272269189 ], [ 279894.455077978782356, 5032477.947266270406544 ], [ 279890.455077982449438, 5032472.94726627599448 ], [ 279882.455077979480848, 5032460.947266276925802 ], [ 279877.455077978258487, 5032449.947266273200512 ], [ 279874.455077977734618, 5032442.947266277857125 ], [ 279872.455077979539055, 5032435.947266275063157 ], [ 279872.455077982973307, 5032421.947266275063157 ], [ 279873.455077978782356, 5032415.947266278788447 ], [ 279873.454101414245088, 5032409.947266272269189 ], [ 279874.454101416049525, 5032408.947266278788447 ], [ 279937.454101418319624, 5032373.946289710700512 ], [ 279914.45410141692264, 5032348.946289714425802 ], [ 279908.454101419192739, 5032331.946289712563157 ], [ 279895.454101417737547, 5032319.94628971349448 ], [ 279876.454101415001787, 5032309.946289709769189 ], [ 279843.454101415758487, 5032295.94628971349448 ], [ 279832.454101415292826, 5032294.946289711631835 ], [ 279825.454101417097263, 5032294.946289714425802 ], [ 279716.453124853840563, 5032239.946289712563157 ], [ 279670.453124853898771, 5032212.947266276925802 ], [ 279659.453124852268957, 5032196.947266275063157 ], [ 279609.453124855528586, 5032168.947266280651093 ], [ 279610.453124856867362, 5032164.947266275063157 ], [ 279593.453124854015186, 5032153.947266271337867 ], [ 279621.453124857041985, 5032125.946289711631835 ], [ 279616.45312485442264, 5032122.946289709769189 ], [ 279649.45214829291217, 5032087.94628971349448 ], [ 279650.452148293145001, 5032071.94628971349448 ], [ 279678.452148289303295, 5032052.94531315099448 ], [ 279674.452148290292826, 5032047.945313153788447 ], [ 279704.45214828994358, 5032021.945313153788447 ], [ 279708.452148294250946, 5032032.945313151925802 ], [ 279720.452148292213678, 5032025.945313150063157 ], [ 279703.664062356459908, 5032000.000000648200512 ], [ 279698.452148290467449, 5031991.945313150063157 ], [ 279691.452148292970378, 5031997.945313147269189 ], [ 279678.452148291515186, 5031982.945313153788447 ], [ 279691.452148294250946, 5031975.94531315099448 ], [ 279693.452148290642072, 5031980.945313151925802 ], [ 279698.452148292446509, 5031974.945313152857125 ], [ 279695.452148292970378, 5031969.945313149131835 ], [ 279693.4521482954151, 5031967.945313151925802 ], [ 279684.452148290874902, 5031957.945313150063157 ], [ 279669.452148291806225, 5031942.945313151925802 ], [ 279663.451171729597263, 5031933.94531315099448 ], [ 279657.451171730761416, 5031927.945313150063157 ], [ 279652.451171731750946, 5031921.945313153788447 ], [ 279645.451171729189809, 5031915.945313152857125 ], [ 279640.451171729364432, 5031910.945313147269189 ], [ 279633.451171729248017, 5031904.945313148200512 ], [ 279630.451171728025656, 5031899.945313149131835 ], [ 279625.451171729131602, 5031895.945313150063157 ], [ 279618.451171730645001, 5031894.945313151925802 ], [ 279611.451171728724148, 5031895.945313150063157 ], [ 279605.451171728607733, 5031897.945313147269189 ], [ 279593.451171729713678, 5031898.945313150063157 ], [ 279584.451171728258487, 5031899.945313149131835 ], [ 279577.451171728142072, 5031899.945313153788447 ], [ 279571.451171730004717, 5031900.945313146337867 ], [ 279566.451171728607733, 5031901.94531315471977 ], [ 279561.451171728840563, 5031905.94531315099448 ], [ 279557.451171728200279, 5031911.945313150063157 ], [ 279551.451171729946509, 5031918.945313156582415 ], [ 279546.451171729655471, 5031923.945313149131835 ], [ 279538.451171728142072, 5031929.946289709769189 ], [ 279533.451171730295755, 5031932.946289716288447 ], [ 279523.451171728083864, 5031937.946289711631835 ], [ 279512.451171725231688, 5031938.946289711631835 ], [ 279505.451171726570465, 5031938.946289706043899 ], [ 279499.451171726454049, 5031937.946289710700512 ], [ 279494.451171726221219, 5031936.946289706975222 ], [ 279488.451171728724148, 5031934.946289711631835 ], [ 279483.451171729480848, 5031935.946289712563157 ], [ 279478.451171729713678, 5031935.946289708837867 ], [ 279427.45117172942264, 5031905.946289707906544 ], [ 279417.451171727327164, 5031898.946289714425802 ], [ 279342.45117172843311, 5031848.947266275063157 ], [ 279354.450195164128672, 5031761.946289711631835 ], [ 279358.45019516791217, 5031735.946289710700512 ], [ 279343.450195167213678, 5031716.946289711631835 ], [ 279319.450195166748017, 5031715.946289714425802 ], [ 279291.450195168086793, 5031728.946289710700512 ], [ 279264.450195164419711, 5031753.947266278788447 ], [ 279260.450195167330094, 5031777.947266278788447 ], [ 279260.450195166224148, 5031801.947266276925802 ], [ 279263.450195162673481, 5031814.947266275063157 ], [ 279267.451171732216608, 5031823.947266273200512 ], [ 279272.451171733671799, 5031826.947266272269189 ], [ 279278.451171730994247, 5031829.947266275063157 ], [ 279283.45117172866594, 5031834.947266275063157 ], [ 279284.45117172744358, 5031842.947266276925802 ], [ 279284.451171731576324, 5031849.947266269475222 ], [ 279283.451171729539055, 5031858.947266276925802 ], [ 279282.451171728607733, 5031864.947266274131835 ], [ 279278.451171728840563, 5031877.947266276925802 ], [ 279276.45117173017934, 5031887.947266271337867 ], [ 279273.451171726046596, 5031897.948242840357125 ], [ 279271.451171728491317, 5031904.948242836631835 ], [ 279268.4511717321584, 5031913.94824283849448 ], [ 279267.451171730586793, 5031918.948242835700512 ], [ 279267.451171728956979, 5031936.948242831975222 ], [ 279268.451171729131602, 5031944.948242840357125 ], [ 279270.451171727501787, 5031952.948242841288447 ], [ 279273.451171730353963, 5031957.948242836631835 ], [ 279275.45117173041217, 5031962.948242843151093 ], [ 279275.451171731518116, 5031968.948242839425802 ], [ 279274.452148294367362, 5031976.948242835700512 ], [ 279271.452148293145001, 5031982.948242834769189 ], [ 279261.452148289827164, 5031992.948242837563157 ], [ 279260.452148292097263, 5032000.000000651925802 ], [ 279257.452148291864432, 5032005.948242833837867 ], [ 279251.452148292097263, 5032012.949219403788447 ], [ 279247.452148290874902, 5032019.949219403788447 ], [ 279240.452148293145001, 5032027.949219398200512 ], [ 279232.452148291864432, 5032048.949219400063157 ], [ 279204.45214829267934, 5032051.949219398200512 ], [ 279195.452148290758487, 5032060.949219402857125 ], [ 279187.452148289594334, 5032067.94921940099448 ], [ 279182.452148290234618, 5032070.949219401925802 ], [ 279168.452148293959908, 5032070.950195962563157 ], [ 279156.452148293552455, 5032074.950195961631835 ], [ 279115.45214829116594, 5032073.950195959769189 ], [ 279114.45214829116594, 5032080.950195962563157 ], [ 279111.452148293436039, 5032080.95019596349448 ], [ 279107.452148292737547, 5032081.950195957906544 ], [ 279102.452148291398771, 5032087.950195956043899 ], [ 279099.452148293843493, 5032092.950195960700512 ], [ 279091.452148294192739, 5032092.95019596349448 ], [ 279085.452148288954049, 5032089.950195965357125 ], [ 279080.452148293086793, 5032085.95019596721977 ], [ 279074.452148291748017, 5032083.950195964425802 ], [ 279066.452148291980848, 5032083.950195957906544 ], [ 279059.452148294134531, 5032086.951172525063157 ], [ 279054.452148290991317, 5032089.951172527857125 ], [ 279049.45214829116594, 5032091.951172522269189 ], [ 279042.452148291515186, 5032095.95117252971977 ], [ 279041.452148290583864, 5032100.95117252599448 ], [ 279042.452148291806225, 5032105.951172525063157 ], [ 279039.452148291515186, 5032110.951172528788447 ], [ 279036.452148290758487, 5032110.95117252971977 ], [ 279033.45214829116594, 5032102.951172525063157 ], [ 279001.45214829267934, 5032112.951172524131835 ], [ 278999.452148293261416, 5032110.951172528788447 ], [ 278968.452148294018116, 5032106.951172530651093 ], [ 278964.452148290525656, 5032111.951172524131835 ], [ 278948.45214828918688, 5032120.95214908849448 ], [ 278943.452148290409241, 5032123.952149084769189 ], [ 278933.452148288139142, 5032125.952149082906544 ], [ 278926.452148292271886, 5032125.952149081975222 ], [ 278916.452148292621132, 5032121.952149089425802 ], [ 278911.452148291107733, 5032120.952149087563157 ], [ 278910.452148293319624, 5032120.952149087563157 ], [ 278883.452148289477918, 5032110.952149094082415 ], [ 278865.452148293436039, 5032109.952149081975222 ], [ 278854.452148294076324, 5032108.952149086631835 ], [ 278844.452148291748017, 5032105.95214908849448 ], [ 278844.452148295880761, 5032104.966437863186002 ], [ 278795.571105039096437, 5032247.776024638675153 ], [ 278823.540914566721767, 5032254.776714628562331 ], [ 278694.534090332861524, 5032714.718276216648519 ], [ 278581.589043749903794, 5033117.818141720257699 ], [ 278589.515574710560031, 5033123.788775390014052 ], [ 278562.543110312195495, 5033222.808324125595391 ], [ 278337.573284749989398, 5033995.766253578476608 ], [ 278817.548358060012106, 5033989.768788003362715 ], [ 278532.556305321282707, 5034475.704696675762534 ], [ 278719.578585746814497, 5034475.705776810646057 ], [ 277696.545414574095048, 5035931.751579341478646 ], [ 277973.517868737049866, 5036128.710161697119474 ], [ 278280.548194111383054, 5036352.782328340224922 ], [ 278850.562196868122555, 5036758.704362318851054 ], [ 279485.557660486490931, 5037204.758774051442742 ], [ 280127.578268041252159, 5037648.730438523925841 ], [ 280157.519748734252062, 5037588.714507832191885 ], [ 280214.573526514868718, 5037484.694160746410489 ], [ 280291.555398708907887, 5037376.703464285470545 ], [ 280348.559730319539085, 5037297.685624996200204 ], [ 281667.561474982474465, 5038170.747350578196347 ], [ 281761.557161093747709, 5038028.715436407364905 ], [ 281980.250372375478037, 5037712.45533640589565 ], [ 281980.250362436636351, 5037712.455350777134299 ], [ 282115.564089508668985, 5037516.77331471722573 ], [ 282219.50996666069841, 5037354.705695498734713 ], [ 282389.568003032822162, 5037113.711004616692662 ], [ 282772.502296502818353, 5036546.703265773132443 ], [ 282882.565743356593885, 5036399.730999532155693 ], [ 282741.546067827497609, 5036303.757859432138503 ], [ 282543.515553940786049, 5036166.759651248343289 ], [ 282543.515923379804008, 5036166.759109425358474 ], [ 282646.513993030879647, 5036015.700696161948144 ], [ 282687.46891300403513, 5035855.752495971508324 ], [ 282689.498424291901756, 5035830.740377127192914 ], [ 282743.879372694471385, 5035606.551674525253475 ], [ 282743.879370713315438, 5035606.551682693883777 ], [ 282770.518357759225182, 5035496.730870083905756 ], [ 282838.968145367165562, 5035251.316570780239999 ], [ 282838.968145232531242, 5035251.316571262665093 ], [ 282838.968146245693788, 5035251.316567631438375 ], [ 282859.503819617675617, 5035177.689635137096047 ], [ 282896.548994770215359, 5035033.766672017984092 ], [ 282896.549049884430133, 5035033.766457898542285 ], [ 282721.483346419816371, 5034984.698403297923505 ], [ 282791.54135036712978, 5034684.726526882499456 ], [ 282861.86592645815108, 5034456.557583326473832 ], [ 282861.865923498291522, 5034456.557592925615609 ], [ 282889.538131494016852, 5034366.774777084589005 ], [ 282983.563284933508839, 5034001.721231578849256 ], [ 283010.9147999145207, 5033926.45006875321269 ], [ 283009.442993017961271, 5033927.921875646337867 ] ] ], [ [ [ 282838.968150570581201, 5035251.316552124917507 ], [ 282838.968146245693788, 5035251.316567631438375 ], [ 282838.968145367165562, 5035251.316570780239999 ], [ 282838.968150570581201, 5035251.316552124917507 ] ] ] ] } },
{ "type": "Feature", "properties": { "id": 4, "nom": "Dorval" }, "geometry": { "type": "MultiPolygon", "coordinates": [ [ [ [ 285979.967853342648596, 5032327.057301357388496 ], [ 285974.713012552063446, 5032326.39453190099448 ], [ 285935.289001319324598, 5032335.867188145406544 ], [ 285919.033019873779267, 5032335.867188148200512 ], [ 285887.671996926248539, 5032350.841797525063157 ], [ 285863.736022805504035, 5032357.370117841288447 ], [ 285822.903991554921959, 5032370.553711585700512 ], [ 285789.494994974229485, 5032384.761719397269189 ], [ 285770.679015967762098, 5032378.362305339425802 ], [ 285747.8950193884084, 5032386.938477209769189 ], [ 285724.147474476369098, 5032391.531438038684428 ], [ 285725.964539552165661, 5032391.607288772240281 ], [ 285725.964533159509301, 5032391.607288509607315 ], [ 285749.725804182467982, 5032392.599168149754405 ], [ 285753.815674190525897, 5032394.015295846387744 ], [ 285757.085030019574333, 5032391.950211036019027 ], [ 285759.637356633786112, 5032391.294578651897609 ], [ 285759.637353552272543, 5032391.294579443521798 ], [ 285770.204719941189978, 5032388.580072782002389 ], [ 285786.326337096747011, 5032387.316286988556385 ], [ 285794.188510412001051, 5032385.916022647172213 ], [ 285826.366418843914289, 5032374.461986685171723 ], [ 285841.234316374873742, 5032367.674459151923656 ], [ 285841.234315208799671, 5032367.674459683708847 ], [ 285856.815523726283573, 5032360.561289741657674 ], [ 285864.214717885130085, 5032358.579601213335991 ], [ 285896.773503201839048, 5032347.937732761725783 ], [ 285896.773477413575165, 5032347.937741188332438 ], [ 285912.069294300104957, 5032342.938289594836533 ], [ 285919.546004783594981, 5032341.156202047131956 ], [ 285944.123763235518709, 5032335.045508163049817 ], [ 285968.48569346871227, 5032328.363594569265842 ], [ 285969.834972333337646, 5032328.205296804197133 ], [ 285969.834969774878118, 5032328.205297105945647 ], [ 285976.289023398887366, 5032327.448105777613819 ], [ 285979.967853342648596, 5032327.057301357388496 ] ] ], [ [ [ 286014.403032638714649, 5032323.515549528412521 ], [ 286014.403027909400407, 5032323.515549927018583 ], [ 286029.216475581983104, 5032322.273759291507304 ], [ 286046.817863450618461, 5032331.93632647767663 ], [ 286054.263705366640352, 5032335.444393835961819 ], [ 286059.501195944845676, 5032338.129249321296811 ], [ 286059.501195240998641, 5032338.129248963668942 ], [ 286066.264305372198578, 5032341.596171347424388 ], [ 286071.844207815825939, 5032344.245436871424317 ], [ 286071.844207150919829, 5032344.245436556637287 ], [ 286078.447751553088892, 5032347.380714043974876 ], [ 286101.284483597613871, 5032360.549848644994199 ], [ 286102.581191007222515, 5032363.444375739432871 ], [ 286102.581190362863708, 5032363.444374294020236 ], [ 286104.568152375635691, 5032367.879696661606431 ], [ 286114.828048805997241, 5032392.585433728992939 ], [ 286127.470134595001582, 5032415.111166002228856 ], [ 286131.750449514889624, 5032421.52398585062474 ], [ 286141.341088270943146, 5032437.984045312739909 ], [ 286141.341088016808499, 5032437.984044878743589 ], [ 286144.707009254954755, 5032443.760851316154003 ], [ 286144.707009254954755, 5032443.760851316154003 ], [ 286144.707313749007881, 5032443.761373908258975 ], [ 286162.507217836158816, 5032463.163089271634817 ], [ 286162.507195791346021, 5032463.163065242581069 ], [ 286163.248233118909411, 5032463.970788430422544 ], [ 286202.564437810622621, 5032503.384138092398643 ], [ 286203.240963823685888, 5032503.481273869983852 ], [ 286190.723998878151178, 5032480.76757877599448 ], [ 286170.629028174618725, 5032462.33593815099448 ], [ 286156.036987159342971, 5032448.639649087563157 ], [ 286147.844970558944624, 5032430.208008466288447 ], [ 286129.412963723938446, 5032393.726563149131835 ], [ 286121.220947121502832, 5032371.455078772269189 ], [ 286114.437011572998017, 5032359.42285221349448 ], [ 286071.94103989971336, 5032332.030274086631835 ], [ 286044.165038917213678, 5032325.629883458837867 ], [ 286032.38598618155811, 5032322.317383466288447 ], [ 286022.713989112584386, 5032319.611328777857125 ], [ 286003.022405944066122, 5032324.608201732859015 ], [ 286009.210692687949631, 5032323.950816138647497 ], [ 286014.403032638714649, 5032323.515549528412521 ] ] ], [ [ [ 287149.27099594916217, 5032547.573242836631835 ], [ 287157.079101412615273, 5032549.749024089425802 ], [ 287167.320068214670755, 5032548.852539715357125 ], [ 287175.51196274679387, 5032546.292969394475222 ], [ 287178.843017435981892, 5032538.100586590357125 ], [ 287186.647949074453209, 5032536.052735026925802 ], [ 287199.446044772979803, 5032534.774414711631835 ], [ 287212.378906105703209, 5032536.438477211631835 ], [ 287226.843993995280471, 5032538.614258462563157 ], [ 287251.803954932896886, 5032532.597656899131835 ], [ 287270.107910010323394, 5032532.08691471349448 ], [ 287285.980956884799525, 5032528.75878971349448 ], [ 287301.468993995978963, 5032526.96679752599448 ], [ 287316.445068211469334, 5032521.462891275063157 ], [ 287335.261962747608777, 5032516.726563152857125 ], [ 287343.837890478956979, 5032510.71093815471977 ], [ 287349.471923682896886, 5032500.855469401925802 ], [ 287345.117919774900656, 5032493.17480533849448 ], [ 287331.038085791224148, 5032488.82324283849448 ], [ 287316.830077979189809, 5032480.247070961631835 ], [ 287307.485107275249902, 5032471.287110026925802 ], [ 287297.631103371386416, 5032463.094727216288447 ], [ 287286.492919776937924, 5032452.469727209769189 ], [ 287277.916992042795755, 5032443.509766275063157 ], [ 287264.60498032392934, 5032439.158203772269189 ], [ 287259.866943214379717, 5032430.198242837563157 ], [ 287249.631103369756602, 5032422.005860018543899 ], [ 287229.404052590369247, 5032420.340820959769189 ], [ 287208.924072122317739, 5032426.357422526925802 ], [ 287191.385986184410285, 5032432.756836586631835 ], [ 287183.19189438666217, 5032442.997070962563157 ], [ 287175.006103370455094, 5032456.308594400063157 ], [ 287167.704101416107733, 5032461.428711586631835 ], [ 287160.407958840485662, 5032471.28515690099448 ], [ 287156.568115092348307, 5032478.964844401925802 ], [ 287151.447997901821509, 5032481.52539127971977 ], [ 287142.488036963215563, 5032489.332031906582415 ], [ 287138.647949071251787, 5032498.291992834769189 ], [ 287136.470947119349148, 5032509.813477214425802 ], [ 287135.574951026821509, 5032527.861328778788447 ], [ 287140.311035011312924, 5032539.380860027857125 ], [ 287149.27099594916217, 5032547.573242836631835 ] ] ], [ [ [ 286221.185787285619881, 5032518.000655263662338 ], [ 286221.843163414741866, 5032518.979860430583358 ], [ 286219.39599594741594, 5032510.84863346349448 ], [ 286216.1677717170096, 5032510.525989602319896 ], [ 286221.185787285619881, 5032518.000655263662338 ] ] ], [ [ [ 285587.650533768173773, 5032593.286061834543943 ], [ 285594.419982765743043, 5032605.946289711631835 ], [ 285611.187988136080094, 5032622.203125653788447 ], [ 285624.499999858206138, 5032635.514649086631835 ], [ 285637.684020849643275, 5032647.163086583837867 ], [ 285641.330673060670961, 5032649.395638819783926 ], [ 285639.648816241999157, 5032647.011148162186146 ], [ 285611.588976377213839, 5032619.988869272172451 ], [ 285587.650533768173773, 5032593.286061834543943 ] ] ], [ [ [ 283212.555505445867311, 5039013.731422776356339 ], [ 283692.376415416423697, 5039327.508357156068087 ], [ 283693.787963724113069, 5039320.17919986974448 ], [ 283694.875976417446509, 5039312.435059238225222 ], [ 283693.595947117486503, 5039306.291016270406544 ], [ 283687.900024268135894, 5039287.28320377971977 ], [ 283685.660034033062402, 5039275.634766271337867 ], [ 283677.404052589030471, 5039240.562988933175802 ], [ 283674.972045754955616, 5039231.475098303519189 ], [ 283673.884033059468493, 5039221.234863933175802 ], [ 283672.475952004373539, 5039213.298828777857125 ], [ 283670.748046732041985, 5039204.78711002599448 ], [ 283668.828002785216086, 5039193.13916080724448 ], [ 283667.420043801597785, 5039181.106934243813157 ], [ 283665.884033057256602, 5039171.123047526925802 ], [ 283664.859985202725511, 5039152.179199870675802 ], [ 283665.1159666540334, 5039144.69091861974448 ], [ 283666.076049654220697, 5039137.649902986362576 ], [ 283667.391967626637779, 5039131.110840493813157 ], [ 283673.130981301888824, 5039105.412110027857125 ], [ 283677.276000828656834, 5039084.979004550725222 ], [ 283678.939941263641231, 5039073.585938149131835 ], [ 283681.371948094398249, 5039063.666992830112576 ], [ 283682.907958839030471, 5039053.68212956096977 ], [ 283685.404052590834908, 5039042.930176434107125 ], [ 283687.067993018019479, 5039033.458008462563157 ], [ 283690.203979348007124, 5039012.465820966288447 ], [ 283691.932006692397408, 5039005.105957680381835 ], [ 283696.027953954762779, 5038999.666992833837867 ], [ 283698.524047708779108, 5038996.915039714425802 ], [ 283700.891967628442217, 5038993.650879560038447 ], [ 283703.836059426888824, 5038987.827149084769189 ], [ 283707.739990089030471, 5038985.13916080724448 ], [ 283715.036010598123539, 5038978.291016277857125 ], [ 283721.115966651414055, 5038970.803223302587867 ], [ 283724.316039895522408, 5038967.347168622538447 ], [ 283728.923950051306747, 5038964.146973305381835 ], [ 283734.748046733671799, 5038960.690918616019189 ], [ 283740.380004738108255, 5038956.97900455724448 ], [ 283745.371948099287692, 5038952.818848301656544 ], [ 283749.852050636021886, 5038946.354981121607125 ], [ 283753.43603501142934, 5038939.634766274131835 ], [ 283755.932006691698916, 5038933.426758462563157 ], [ 283759.06799301848514, 5038923.955078775063157 ], [ 283761.563964697590563, 5038922.354981117881835 ], [ 283763.163940286380239, 5038923.570801427587867 ], [ 283762.267944190651178, 5038929.139160806313157 ], [ 283759.515991065709386, 5038939.314942055381835 ], [ 283756.764037944376469, 5038945.011231116950512 ], [ 283753.947997900133487, 5038949.619141272269189 ], [ 283746.076049658469856, 5038957.491211586631835 ], [ 283741.083984227210749, 5038960.818848305381835 ], [ 283735.708007668086793, 5038963.82714908849448 ], [ 283731.420043801772408, 5038967.730957683175802 ], [ 283725.787963723123539, 5038975.347168616950512 ], [ 283722.715942237467971, 5038978.035156902857125 ], [ 283718.556030126579572, 5038980.402832681313157 ], [ 283715.355956887011416, 5038983.154785801656544 ], [ 283713.244018409459386, 5038986.35498112346977 ], [ 283710.491943214845378, 5038990.96289127599448 ], [ 283707.42004380049184, 5038993.907227212563157 ], [ 283703.452026221260894, 5038996.787110024131835 ], [ 283701.147949071775656, 5038999.922852212563157 ], [ 283699.54797348799184, 5039003.05908268596977 ], [ 283698.395995948405471, 5039007.603027997538447 ], [ 283697.307983252278063, 5039016.435059239156544 ], [ 283696.092040868941694, 5039022.258789711631835 ], [ 283692.635986184584908, 5039033.842774084769189 ], [ 283691.163940281607211, 5039039.475098300725222 ], [ 283689.884033059119247, 5039045.49121158849448 ], [ 283689.05200180830434, 5039051.187012367881835 ], [ 283687.644042826548684, 5039057.075195964425802 ], [ 283687.067993019416463, 5039061.49121158849448 ], [ 283685.147949074802455, 5039066.803223304450512 ], [ 283682.715942237526178, 5039077.234863930381835 ], [ 283681.947997901996132, 5039082.546875653788447 ], [ 283680.988036965485662, 5039087.539063146337867 ], [ 283677.94494614173891, 5039106.162110025063157 ], [ 283671.131957861303817, 5039132.723145180381835 ], [ 283670.491943211003672, 5039135.858887366950512 ], [ 283670.235961768194102, 5039139.506836591288447 ], [ 283671.067993018426932, 5039150.579102210700512 ], [ 283672.604003764630761, 5039159.666992835700512 ], [ 283673.371948095445987, 5039168.754883456043899 ], [ 283676.18798813491594, 5039188.33886783849448 ], [ 283676.891967632924207, 5039195.123047526925802 ], [ 283679.323974465311039, 5039212.466797523200512 ], [ 283681.692016456392594, 5039226.803223309107125 ], [ 283685.404052586934995, 5039245.426758464425802 ], [ 283686.619994975219015, 5039253.234863930381835 ], [ 283688.156005715776701, 5039260.083008456975222 ], [ 283690.076049657422118, 5039269.875000648200512 ], [ 283692.443969579180703, 5039279.539063151925802 ], [ 283694.171996925084386, 5039289.203125653788447 ], [ 283694.875976416340563, 5039295.28320377599448 ], [ 283695.963989112759009, 5039299.506836590357125 ], [ 283697.307983256294392, 5039303.79492252599448 ], [ 283698.395995947939809, 5039308.274902992881835 ], [ 283699.228027198230848, 5039313.586914714425802 ], [ 283699.291992043610662, 5039317.811035806313157 ], [ 283696.796020362351555, 5039327.411133458837867 ], [ 283695.843232746468857, 5039329.77546826004982 ], [ 283757.500151321582962, 5039370.095759627409279 ], [ 283757.500134394271299, 5039370.095748557709157 ], [ 283827.371080862591043, 5039415.787570088170469 ], [ 284020.072044936765451, 5039134.323001069016755 ], [ 284018.815744033490773, 5039133.457842327654362 ], [ 284083.369786168681458, 5039039.699413164518774 ], [ 284101.723716738051735, 5039012.815385589376092 ], [ 284123.143100125191268, 5038980.576697366312146 ], [ 284128.052044867305085, 5038980.363705032505095 ], [ 284132.487655534525402, 5038973.840008513070643 ], [ 284031.439492787991185, 5038907.534709316678345 ], [ 283926.494011900329497, 5038838.668007993139327 ], [ 283927.571579991839826, 5038838.552339605055749 ], [ 283928.521759478549939, 5038838.070761948823929 ], [ 283929.174520925967954, 5038837.232041459530592 ], [ 283932.120182761049364, 5038826.442762323655188 ], [ 283933.701943560736254, 5038813.793520923703909 ], [ 283933.602446281351149, 5038812.741324003785849 ], [ 283933.067306060402188, 5038811.832733992487192 ], [ 283932.195829044969287, 5038811.236919082701206 ], [ 283920.778340020449832, 5038806.64100972097367 ], [ 283919.24955281894654, 5038805.517016310244799 ], [ 283917.944852912740316, 5038804.143498355522752 ], [ 283916.902767700725235, 5038802.558601244352758 ], [ 283916.159127296472434, 5038800.814148550853133 ], [ 283915.733322884014342, 5038798.967486277222633 ], [ 283915.641993771947455, 5038797.073235851712525 ], [ 283915.885340258071665, 5038795.191541136242449 ], [ 283916.460828858951572, 5038793.385289086028934 ], [ 283917.343946710170712, 5038791.706504452973604 ], [ 283918.510199041105807, 5038790.212679737247527 ], [ 283919.924074024136644, 5038788.947674850933254 ], [ 283921.539079129346646, 5038787.952652400359511 ], [ 283943.858135821472388, 5038778.055766507051885 ], [ 283947.668069288891274, 5038771.457260118797421 ], [ 283950.772237404191401, 5038760.473247731104493 ], [ 283949.866996273281984, 5038759.623288515023887 ], [ 283948.683541689475533, 5038759.244477125816047 ], [ 283947.452512304997072, 5038759.407128394581378 ], [ 283946.409705842204858, 5038760.083120710216463 ], [ 283943.436235094734002, 5038760.863943520002067 ], [ 283937.154420012142509, 5038756.573509297333658 ], [ 283936.586469910282176, 5038755.697826218791306 ], [ 283936.182802304276265, 5038754.734113693237305 ], [ 283935.954497792175971, 5038753.715141177177429 ], [ 283935.909885033674072, 5038752.670953463762999 ], [ 283936.046339289168827, 5038751.637099513784051 ], [ 283936.36669436696684, 5038750.640908558852971 ], [ 283936.854611066519283, 5038749.717975173145533 ], [ 283937.496465804462787, 5038748.895683350972831 ], [ 283938.273131028807256, 5038748.19596763048321 ], [ 283939.162754413497169, 5038747.64623935893178 ], [ 283940.132475718157366, 5038747.263010963797569 ], [ 283941.157636079413351, 5038747.054566009901464 ], [ 283942.199862192326691, 5038747.029233574867249 ], [ 283946.861239117453806, 5038749.028613203205168 ], [ 283953.083623785118107, 5038745.330905250273645 ], [ 283954.328962823667098, 5038744.520280739292502 ], [ 283955.499899270595051, 5038743.606016345322132 ], [ 283956.588231691508554, 5038742.596340813674033 ], [ 283957.588492457231041, 5038741.496739928610623 ], [ 283958.412936162727419, 5038740.315706397406757 ], [ 283959.014788371336181, 5038739.009653421118855 ], [ 283959.374966651725117, 5038737.61418448574841 ], [ 283959.485405463958159, 5038736.178535943850875 ], [ 283959.338021103467327, 5038734.746476505883038 ], [ 283958.690089691604953, 5038732.085835210978985 ], [ 283957.790055980032776, 5038729.49984410405159 ], [ 283956.646220979921054, 5038727.010346805676818 ], [ 283953.027083682711236, 5038720.034571121446788 ], [ 283949.065498034004122, 5038710.708788612857461 ], [ 283943.99755978846224, 5038703.57924488093704 ], [ 283943.260153718758374, 5038702.887286872602999 ], [ 283942.796357653976884, 5038701.989378785714507 ], [ 283942.661365826032124, 5038700.986490947194397 ], [ 283942.874778256751597, 5038699.998849189840257 ], [ 283943.406795307411812, 5038699.138641922734678 ], [ 283944.197408901527524, 5038698.507222355343401 ], [ 283945.153614184993785, 5038698.181448357179761 ], [ 283948.440458760596812, 5038698.42205238994211 ], [ 283952.96692946011899, 5038697.780965341255069 ], [ 283980.904575750872027, 5038685.601763035170734 ], [ 283968.834840612718835, 5038671.313437131233513 ], [ 283967.97686273715226, 5038670.657413293607533 ], [ 283966.939202855108306, 5038670.409336554817855 ], [ 283965.862289442855399, 5038669.904403635300696 ], [ 283965.184264873154461, 5038668.922448989003897 ], [ 283967.71905146894278, 5038641.722613006830215 ], [ 283970.773361845116597, 5038633.043242620304227 ], [ 283979.376462814339902, 5038613.530070947483182 ], [ 283984.226671899203211, 5038597.165108066052198 ], [ 283989.684291815210599, 5038595.230536267161369 ], [ 283993.611530595284421, 5038602.465173604898155 ], [ 284001.137074827391189, 5038601.272859608754516 ], [ 284000.785592097148765, 5038591.218624492175877 ], [ 283994.579066082136706, 5038587.337857382372022 ], [ 283993.837064873368945, 5038570.357087622396648 ], [ 283997.98063859983813, 5038557.603177608922124 ], [ 283994.254687883832958, 5038554.003973105922341 ], [ 283956.758513221342582, 5038517.851416083984077 ], [ 283944.234132912883069, 5038500.581499787978828 ], [ 283951.689115746121388, 5038483.88222698494792 ], [ 283933.796612482168712, 5038459.210012353956699 ], [ 283850.305602508189622, 5038421.94193178601563 ], [ 283842.659909371170215, 5038348.54251260496676 ], [ 283658.627040810126346, 5038225.103725912980735 ], [ 283561.867598910641391, 5038156.872376055456698 ], [ 283430.93810149829369, 5038065.695284920744598 ], [ 283394.427222087455448, 5038040.345345623791218 ], [ 283364.348476332554128, 5038022.894491578452289 ], [ 283418.309092042734846, 5037972.436988186091185 ], [ 283518.493383706314489, 5037882.660364747978747 ], [ 283991.061653425567783, 5037459.178032479248941 ], [ 283816.237571485282388, 5037260.072336294688284 ], [ 284285.237880828324705, 5036547.582498827017844 ], [ 284254.048965289781336, 5036512.569253721274436 ], [ 285190.034482160408515, 5035660.076068294234574 ], [ 285607.5711310946499, 5036123.739751486107707 ], [ 285832.10283313121181, 5036372.54476534947753 ], [ 286035.54643361933995, 5036598.247186882421374 ], [ 286502.889684689231217, 5037110.744572531431913 ], [ 286642.918553385417908, 5037267.29761584661901 ], [ 286772.985119758290239, 5037412.650854198262095 ], [ 286817.418648148828652, 5037462.464986528269947 ], [ 287095.171530143124983, 5037761.740390552207828 ], [ 287183.556457021157257, 5037869.358330743387341 ], [ 287360.370582562230993, 5038068.236607010476291 ], [ 287363.347948565962724, 5038065.628167875111103 ], [ 287408.909082369529642, 5038114.89130758587271 ], [ 287417.623956597875804, 5038106.880798283964396 ], [ 287612.62110310269054, 5037929.577577922493219 ], [ 287875.856329914997332, 5037690.227910022251308 ], [ 288082.699589194613509, 5037502.149769860319793 ], [ 288184.697178365488071, 5037409.404241653159261 ], [ 288525.627753577602562, 5037094.799639539793134 ], [ 288501.289461947511882, 5037068.515152082778513 ], [ 288461.840395737148356, 5037026.958954020403326 ], [ 288437.582607401767746, 5037001.237546464428306 ], [ 288328.586150665825699, 5036885.511139141395688 ], [ 288315.423529886931647, 5036871.530536024831235 ], [ 288313.087595330493059, 5036869.048122863285244 ], [ 288311.918255507887807, 5036867.806919836439192 ], [ 288303.878761449945159, 5036859.301337484270334 ], [ 288295.787244343198836, 5036850.845114497467875 ], [ 288287.64097483525984, 5036842.443727787584066 ], [ 288277.063021346053574, 5036831.685972509905696 ], [ 288266.394726085010916, 5036821.018698680214584 ], [ 288255.641562117612921, 5036810.436423427425325 ], [ 288250.624010493163951, 5036805.518992844969034 ], [ 288245.622863011318259, 5036800.582376329228282 ], [ 288240.640863392269239, 5036795.626566573046148 ], [ 288226.329733124934137, 5036781.178606668487191 ], [ 288212.180014114361256, 5036766.577076229266822 ], [ 288198.191699231567327, 5036751.819238423369825 ], [ 288189.452652816195041, 5036742.432178891263902 ], [ 288180.779271572129801, 5036732.984779866412282 ], [ 288172.168819010141306, 5036723.479782766662538 ], [ 288169.191158341767732, 5036720.123949781060219 ], [ 288166.202541117439978, 5036716.77634958922863 ], [ 288163.2057111110189, 5036713.436974950134754 ], [ 288154.349509500141721, 5036703.366533252410591 ], [ 288145.457110270450357, 5036693.107486765831709 ], [ 288136.066540902538691, 5036682.278195764869452 ], [ 288126.593821320857387, 5036671.522956124506891 ], [ 288117.03620764700463, 5036660.841775913722813 ], [ 288108.6622750016395, 5036651.617807918228209 ], [ 288100.225362876721192, 5036642.451434754766524 ], [ 288091.725471224053763, 5036633.342656931839883 ], [ 287992.104180691996589, 5036527.260634721256793 ], [ 287898.211528897634707, 5036427.280848583206534 ], [ 287891.123134967521764, 5036419.82555547170341 ], [ 287883.938930427830201, 5036412.460769712924957 ], [ 287876.667139620520175, 5036405.183734935708344 ], [ 287868.182614251796622, 5036396.925415070727468 ], [ 287859.583153818675783, 5036388.790474674664438 ], [ 287850.866021839377936, 5036380.781656962819397 ], [ 287833.722827982855961, 5036364.867166575044394 ], [ 287816.970821274910122, 5036348.541391951031983 ], [ 287800.620992064708844, 5036331.809766827151179 ], [ 287785.394261417968664, 5036315.411491798236966 ], [ 287770.610897658276372, 5036298.615447269752622 ], [ 287756.276411753089633, 5036281.42981677222997 ], [ 287754.916354713728651, 5036279.759735414758325 ], [ 287753.550816446309909, 5036278.092403708025813 ], [ 287752.18254831735976, 5036276.430549077689648 ], [ 287744.601020861417055, 5036267.368443510495126 ], [ 287736.893538353790063, 5036258.413338042795658 ], [ 287729.060115512053017, 5036249.570703421719372 ], [ 287723.46480182162486, 5036243.399485669098794 ], [ 287717.806529079854954, 5036237.288606509566307 ], [ 287712.088018942798954, 5036231.229854071512818 ], [ 287636.078135380870663, 5036151.507857163436711 ], [ 287604.383964406035375, 5036118.224980855360627 ], [ 287587.247271025145892, 5036100.163502004928887 ], [ 287543.116731591697317, 5036053.999995005317032 ], [ 287530.207241633383092, 5036040.535395480692387 ], [ 287517.226530920888763, 5036027.136629867367446 ], [ 287504.177358549553901, 5036013.80916150379926 ], [ 287496.772280857956503, 5036006.289048939011991 ], [ 287491.654021141235717, 5036001.122978043742478 ], [ 287486.505658446927555, 5035995.989810455590487 ], [ 287481.327192776312586, 5035990.889546306803823 ], [ 287475.342724532005377, 5035985.074921590276062 ], [ 287469.319940991699696, 5035979.301428510807455 ], [ 287463.25336151313968, 5035973.571817455813289 ], [ 287458.353476487682201, 5035969.001385908573866 ], [ 287453.426218788838014, 5035964.45838091429323 ], [ 287448.47158843302168, 5035959.942802610807121 ], [ 287415.896331994561478, 5035929.274278529919684 ], [ 287384.505609268031549, 5035897.390847645699978 ], [ 287354.343470854160842, 5035864.344318461604416 ], [ 287349.377397956792265, 5035858.726531522348523 ], [ 287344.375725778983906, 5035853.1389284376055 ], [ 287339.33846189128235, 5035847.584244473837316 ], [ 287329.278266762499698, 5035836.704583311453462 ], [ 287319.083930340246297, 5035825.953842732124031 ], [ 287308.75544495403301, 5035815.329288962297142 ], [ 287297.29623703454854, 5035803.690415688790381 ], [ 287222.298582160146907, 5035729.520240291021764 ], [ 287223.319486206339207, 5035728.557345199398696 ], [ 287216.167466103972401, 5035721.487812739796937 ], [ 287236.939375055429991, 5035700.177504732273519 ], [ 287235.530468644981738, 5035698.797444816678762 ], [ 287351.481880493520293, 5035164.508377945050597 ], [ 287464.186052679840941, 5034659.686446292325854 ], [ 287484.839482121402398, 5034565.849083394743502 ], [ 287528.832049593387637, 5034365.9616116322577 ], [ 287531.950867504754569, 5034347.224102354608476 ], [ 287411.759519403451122, 5034350.909306219778955 ], [ 287429.935381104645785, 5034268.285310096107423 ], [ 287439.840439539519139, 5034223.12002460192889 ], [ 287456.376543550053611, 5034147.809139753691852 ], [ 287465.856553975609131, 5034104.646860250271857 ], [ 287495.895698834094219, 5033968.442745738662779 ], [ 287517.796757372270804, 5033868.085723296739161 ], [ 287520.618906944524497, 5033867.177838393487036 ], [ 287525.601845366647467, 5033844.441949934698641 ], [ 287526.650939644139726, 5033839.621021418832242 ], [ 287538.410872980661225, 5033785.656999675557017 ], [ 287549.041060776333325, 5033733.069121839478612 ], [ 287551.415713471942581, 5033721.108929669484496 ], [ 287556.670203188143205, 5033703.217313580214977 ], [ 287560.211632789345458, 5033685.275625579990447 ], [ 287567.275667429727037, 5033649.512541561387479 ], [ 287574.444937973283231, 5033619.067895504646003 ], [ 287578.699849503580481, 5033600.995430949144065 ], [ 287594.752549075870775, 5033524.365528203547001 ], [ 287598.017887187888846, 5033508.782644143328071 ], [ 287598.519422154524364, 5033506.469254134222865 ], [ 287601.62026318378048, 5033493.970388702116907 ], [ 287602.898866597970482, 5033488.70806348323822 ], [ 287603.82204960740637, 5033481.969196977093816 ], [ 287606.256512080784887, 5033470.725256145000458 ], [ 287610.207491204084363, 5033452.869376909919083 ], [ 287611.762457520177122, 5033446.265554321929812 ], [ 287614.331553112191614, 5033435.054019368253648 ], [ 287617.234664278221317, 5033422.503574492409825 ], [ 287618.334774505521636, 5033417.211583092808723 ], [ 287619.889743408071809, 5033410.602253147400916 ], [ 287622.32976825669175, 5033399.363649414852262 ], [ 287626.066591483133379, 5033381.464385720901191 ], [ 287629.981973714428023, 5033363.600156796164811 ], [ 287641.759439416287933, 5033311.375198713503778 ], [ 287642.432949620881118, 5033307.684961413964629 ], [ 287643.662462576292455, 5033299.494883998297155 ], [ 287581.7827098944108, 5033292.101063737645745 ], [ 287585.80488506850088, 5033249.079428682103753 ], [ 287525.53968073183205, 5033288.993687571026385 ], [ 287529.375266624672804, 5033261.144881278276443 ], [ 287527.1157558587729, 5033259.098916806280613 ], [ 287521.635603175498545, 5033199.931894510984421 ], [ 287521.594153676880524, 5033199.484383407048881 ], [ 287521.396972508402541, 5033199.537110026925802 ], [ 287516.693115091999061, 5033201.008789710700512 ], [ 287512.885009620862547, 5033201.80761783849448 ], [ 287509.14111313491594, 5033202.320313151925802 ], [ 287504.821044777869247, 5033203.696289709769189 ], [ 287502.260986184875946, 5033204.751953773200512 ], [ 287501.589111185108777, 5033206.927735026925802 ], [ 287501.749023292737547, 5033212.656250652857125 ], [ 287497.141113136720378, 5033212.496094405651093 ], [ 287496.789062353607733, 5033201.935547518543899 ], [ 287482.549072122201324, 5033201.872070956975222 ], [ 287481.68505844817264, 5033207.024414706975222 ], [ 287476.532958838564809, 5033206.480469400063157 ], [ 287474.452880715834908, 5033205.26367252971977 ], [ 287471.957031106867362, 5033202.832031903788447 ], [ 287469.940917822998017, 5033202.223633462563157 ], [ 287439.924072119174525, 5033203.248047525063157 ], [ 287436.531982278160285, 5033204.559570964425802 ], [ 287347.923095558420755, 5033190.477539715357125 ], [ 287321.137939307955094, 5033198.541992840357125 ], [ 287316.882079931441694, 5033200.557617835700512 ], [ 287276.465087746095378, 5033249.005860024131835 ], [ 287248.368896340660285, 5033258.796875651925802 ], [ 287248.561035010847263, 5033261.357422525063157 ], [ 287245.680908056499902, 5033262.733399086631835 ], [ 287245.777099464379717, 5033259.53320377599448 ], [ 287244.881103370920755, 5033257.581055339425802 ], [ 287239.408935399027541, 5033258.28515690471977 ], [ 287231.056884619756602, 5033258.796875649131835 ], [ 287210.827880713681225, 5033258.144531901925802 ], [ 287185.956054540409241, 5033256.696289716288447 ], [ 287173.042968605528586, 5033256.397461587563157 ], [ 287172.570068215078209, 5033244.197266275063157 ], [ 287233.42504868080141, 5033245.964844400063157 ], [ 287240.30493149580434, 5033246.476563146337867 ], [ 287243.601074072998017, 5033246.060547523200512 ], [ 287245.264892433420755, 5033244.36523502599448 ], [ 287247.408935401996132, 5033220.909180336631835 ], [ 287247.2810057172901, 5033210.796875647269189 ], [ 287246.992919779499061, 5033207.500977209769189 ], [ 287247.281005713623017, 5033204.460938151925802 ], [ 287245.968993999122176, 5033202.541016281582415 ], [ 287245.168945170298684, 5033196.205078777857125 ], [ 287246.096923683071509, 5033194.28515690099448 ], [ 287248.400878760323394, 5033192.300781903788447 ], [ 287249.425048682955094, 5033188.653320962563157 ], [ 287250.461913914885372, 5033169.66113346721977 ], [ 287228.024902197474148, 5033161.096680336631835 ], [ 287206.136962743476033, 5033155.847656897269189 ], [ 287192.697021338623017, 5033154.311524081975222 ], [ 287191.67309555679094, 5033151.496094403788447 ], [ 287171.064941263524815, 5033147.656250653788447 ], [ 287146.360107275948394, 5033141.511719402857125 ], [ 287130.104003762768116, 5033143.302735027857125 ], [ 287115.511962745629717, 5033154.310547525063157 ], [ 287076.086913918436039, 5033144.83886784221977 ], [ 287083.768066258577164, 5033094.791016271337867 ], [ 287058.039062353258487, 5033082.501953774131835 ], [ 287047.6710203649709, 5033112.837891278788447 ], [ 287019.639037939254194, 5033080.19824283849448 ], [ 286971.125976416340563, 5033056.132813148200512 ], [ 286970.61401352728717, 5033042.052735023200512 ], [ 286964.469970559468493, 5033025.541016273200512 ], [ 286949.749999854771886, 5033019.140625652857125 ], [ 286936.94995102629764, 5033016.069336591288447 ], [ 286933.109985208371654, 5033014.661133465357125 ], [ 286925.557983259495813, 5033011.33203190099448 ], [ 286903.668945169076324, 5033007.236328778788447 ], [ 286863.733032081043348, 5033001.347656899131835 ], [ 286848.500976417970378, 5032998.275391276925802 ], [ 286840.564941259974148, 5032990.466797526925802 ], [ 286822.004028174793348, 5032984.32324284221977 ], [ 286822.413940283935517, 5032978.177735027857125 ], [ 286822.515991065010894, 5032976.64257877599448 ], [ 286790.900024270697031, 5032969.090820964425802 ], [ 286789.108032081625424, 5032974.59472721349448 ], [ 286777.715942237467971, 5032975.362305334769189 ], [ 286772.33996567549184, 5032974.209961593151093 ], [ 286765.043945168028586, 5032970.88183658849448 ], [ 286751.987060400773771, 5032972.673828776925802 ], [ 286737.010986181674525, 5032973.698242836631835 ], [ 286733.682983252219856, 5032966.530274087563157 ], [ 286719.999023293494247, 5032978.17773502599448 ], [ 286718.194946142320987, 5032979.713867836631835 ], [ 286704.755004739447031, 5032988.928711590357125 ], [ 286690.16198715812061, 5032997.249024084769189 ], [ 286675.186035009159241, 5033008.000977214425802 ], [ 286668.78601059661014, 5033014.657227210700512 ], [ 286666.994018406432588, 5033011.84082096349448 ], [ 286644.722045752743725, 5033027.840820961631835 ], [ 286633.457031104539055, 5033037.44140690099448 ], [ 286624.880981302238069, 5033048.44921940099448 ], [ 286613.873046729946509, 5033058.817383462563157 ], [ 286600.688964700559154, 5033070.591797525063157 ], [ 286585.839965675782878, 5033078.400391274131835 ], [ 286570.864013525249902, 5033084.288086589425802 ], [ 286554.608032080170233, 5033092.992188149131835 ], [ 286542.447997901588678, 5033096.064453775063157 ], [ 286543.472045753675047, 5033111.55175846349448 ], [ 286542.447997903509531, 5033126.272461587563157 ], [ 286543.472045752627309, 5033133.440430332906544 ], [ 286532.20800766866887, 5033140.223633465357125 ], [ 286523.119994973530993, 5033143.040039709769189 ], [ 286514.285034033469856, 5033139.04687565471977 ], [ 286508.527953957905993, 5033139.967774089425802 ], [ 286493.078979346842971, 5033135.007813150063157 ], [ 286490.477050634624902, 5033119.371094400063157 ], [ 286459.246948098123539, 5033097.727539716288447 ], [ 286460.015014501987025, 5033091.199219398200512 ], [ 286416.239013527461793, 5033057.279297528788447 ], [ 286417.006957862933632, 5033053.567383460700512 ], [ 286410.863036966416985, 5033055.102539716288447 ], [ 286407.79101547942264, 5033069.56738346349448 ], [ 286398.447021336993203, 5033065.47070377971977 ], [ 286390.766967626987025, 5033065.470703771337867 ], [ 286379.630981298687402, 5033064.191406898200512 ], [ 286356.718993996852078, 5033068.287110026925802 ], [ 286342.126952979597263, 5033073.151367836631835 ], [ 286341.614990089903586, 5033068.798828774131835 ], [ 286336.110961766564287, 5033071.359375645406544 ], [ 286326.639037940534763, 5033076.222656901925802 ], [ 286317.295043797814287, 5033086.334961584769189 ], [ 286308.078002785448916, 5033092.222656899131835 ], [ 286298.98999008879764, 5033104.63867252599448 ], [ 286277.614013525831979, 5033125.758789718151093 ], [ 286264.046020362817217, 5033134.20703190471977 ], [ 286258.286010597948916, 5033131.903320961631835 ], [ 286245.741943215252832, 5033132.92578190471977 ], [ 286232.302001811098307, 5033132.925781898200512 ], [ 286221.806030127045233, 5033129.085938146337867 ], [ 286198.254028174444102, 5033133.181641272269189 ], [ 286197.998046729655471, 5033127.80566471721977 ], [ 286186.734008647676092, 5033130.110352211631835 ], [ 286178.156982276064809, 5033135.998047524131835 ], [ 286169.708984230703209, 5033140.22168033849448 ], [ 286161.772949074860662, 5033142.26953190099448 ], [ 286156.525024267088156, 5033138.557617835700512 ], [ 286150.892944192979485, 5033126.269531901925802 ], [ 286147.821044777520001, 5033121.917969402857125 ], [ 286136.685058447648771, 5033116.158203774131835 ], [ 286122.604980324744247, 5033112.574219401925802 ], [ 286111.213012547639664, 5033116.158203772269189 ], [ 286105.837035987293348, 5033125.246094400063157 ], [ 286102.509033055393957, 5033130.110352212563157 ], [ 286098.668945168436039, 5033138.942383464425802 ], [ 286091.885009623190854, 5033144.830078778788447 ], [ 286082.925048684992362, 5033146.87793033849448 ], [ 286069.484985207789578, 5033149.694336589425802 ], [ 286060.781005714845378, 5033157.629883465357125 ], [ 286051.181030129664578, 5033164.66992252599448 ], [ 286046.06005844619358, 5033169.27734440099448 ], [ 286033.531005715485662, 5033169.510742839425802 ], [ 286032.511962747608777, 5033169.445313150063157 ], [ 286032.38598618155811, 5033169.436524086631835 ], [ 286015.997985694964882, 5033168.372070959769189 ], [ 286018.302001808420755, 5033142.131836587563157 ], [ 285873.406005717231892, 5033117.939453772269189 ], [ 285841.276977391855326, 5033128.691406899131835 ], [ 285823.484985209011938, 5033122.291016275063157 ], [ 285808.252990575856529, 5033127.666992837563157 ], [ 285805.181030124658719, 5033139.571289707906544 ], [ 285792.765014503791463, 5033144.434570958837867 ], [ 285773.437011578818783, 5033149.554688148200512 ], [ 285757.692993019416463, 5033150.323242833837867 ], [ 285739.645019386836793, 5033149.042969400063157 ], [ 285723.643981790577527, 5033145.458985024131835 ], [ 285703.291992041980848, 5033141.362305337563157 ], [ 285696.89202866400592, 5033137.522461585700512 ], [ 285693.564025734260213, 5033138.801758466288447 ], [ 285682.427978370687924, 5033138.545899086631835 ], [ 285680.380004734674003, 5033151.345703776925802 ], [ 285655.164001318567898, 5033155.314453772269189 ], [ 285646.588012549793348, 5033147.250000646337867 ], [ 285630.843993995862547, 5033141.106445965357125 ], [ 285631.867980811861344, 5033129.969727212563157 ], [ 285609.468017435458023, 5033108.59375065099448 ], [ 285595.515991066931747, 5033093.874024082906544 ], [ 285584.252014013647567, 5033083.377930331975222 ], [ 285572.34802231634967, 5033079.025391273200512 ], [ 285567.484008642379194, 5033075.056641275063157 ], [ 285558.395995948696509, 5033068.91308658849448 ], [ 285553.788024753332138, 5033064.04882877599448 ], [ 285535.226989600632805, 5033052.401367839425802 ], [ 285519.739013526472263, 5033041.649414712563157 ], [ 285508.730987402319442, 5033039.216797523200512 ], [ 285495.546996928635053, 5033037.424805336631835 ], [ 285486.20300278335344, 5033039.472656900063157 ], [ 285476.73098740488058, 5033040.11328190099448 ], [ 285455.86700424895389, 5033037.424805337563157 ], [ 285441.403014993353281, 5033023.343750649131835 ], [ 285438.075012062792666, 5033008.624024085700512 ], [ 285427.96301255049184, 5033001.83984440471977 ], [ 285422.330993507115636, 5032990.06445377599448 ], [ 285417.4670103523531, 5032983.280274083837867 ], [ 285416.506988375738729, 5032978.177735022269189 ], [ 285408.122985696652904, 5032933.616211591288447 ], [ 285401.46701035433216, 5032928.36816471349448 ], [ 285396.218993995396886, 5032927.087891281582415 ], [ 285375.867004249827005, 5032908.783203778788447 ], [ 285364.199004981317557, 5032911.516602211631835 ], [ 285343.079009861103259, 5032896.541016273200512 ], [ 285335.270995947998017, 5032895.260742837563157 ], [ 285330.919006202253513, 5032894.749024083837867 ], [ 285326.566985941142775, 5032890.140625652857125 ], [ 285324.006988382316194, 5032887.069336586631835 ], [ 285317.734985206800047, 5032886.044922527857125 ], [ 285312.359008642379194, 5032892.701172522269189 ], [ 285306.726989600399975, 5032893.212891277857125 ], [ 285302.374999855761416, 5032896.796875646337867 ], [ 285294.311004493560176, 5032905.628906901925802 ], [ 285290.726989602204412, 5032913.308594401925802 ], [ 285286.118987891881261, 5032924.317383460700512 ], [ 285285.863006446859799, 5032927.773438151925802 ], [ 285289.703002786904108, 5032931.357422521337867 ], [ 285294.311004495364614, 5032937.756836583837867 ], [ 285302.374999855004717, 5032944.924805336631835 ], [ 285304.166992043145001, 5032955.804688153788447 ], [ 285300.071014256624039, 5032968.348633466288447 ], [ 285293.601989601622336, 5032978.177735027857125 ], [ 285290.214996191381942, 5032983.325195964425802 ], [ 285280.998992771259509, 5032994.716797524131835 ], [ 285271.398986671236344, 5033007.00488346721977 ], [ 285266.278991550498176, 5033018.140625649131835 ], [ 285259.110992286121473, 5033026.077149090357125 ], [ 285244.902999729965813, 5033040.797852211631835 ], [ 285228.647003027901519, 5033054.877930331043899 ], [ 285209.830993508163374, 5033070.366211586631835 ], [ 285199.846999977715313, 5033073.950195956975222 ], [ 285197.287002418248449, 5033078.814453774131835 ], [ 285190.886993264779449, 5033083.293945957906544 ], [ 285172.070998996961862, 5033098.141602212563157 ], [ 285157.095001072913874, 5033103.38964909221977 ], [ 285148.391006326826755, 5033106.717774082906544 ], [ 285140.326995705836453, 5033106.973633462563157 ], [ 285135.718993994581979, 5033104.925781899131835 ], [ 285133.414993140322622, 5033106.717774086631835 ], [ 285123.303001258871518, 5033113.118164706975222 ], [ 285106.663001868524589, 5033119.517578776925802 ], [ 285089.126998757303227, 5033125.022461584769189 ], [ 285055.590999456937425, 5033127.326172523200512 ], [ 285053.542999119032174, 5033130.910156900063157 ], [ 285038.694999553554226, 5033129.885742834769189 ], [ 285023.718999718490522, 5033129.629883462563157 ], [ 285008.998999448667746, 5033131.421875646337867 ], [ 285002.854999872855842, 5033135.77441471349448 ], [ 284981.222999424557202, 5033129.374024090357125 ], [ 284981.222999427758623, 5033122.589844393543899 ], [ 284972.518998955725692, 5033116.702149084769189 ], [ 284964.199001165339723, 5033109.790039710700512 ], [ 284953.702998970460612, 5033104.669922524131835 ], [ 284944.103000493720174, 5033097.118164715357125 ], [ 284926.055000157502946, 5033077.79003971349448 ], [ 284914.535003518045414, 5033064.221680339425802 ], [ 284905.063003396498971, 5033049.246094398200512 ], [ 284906.086997840437107, 5033041.053711581975222 ], [ 284905.31900010141544, 5033030.173828775063157 ], [ 284899.558997961401474, 5033026.333985026925802 ], [ 284895.462997294263914, 5033020.702149089425802 ], [ 284888.551002356398385, 5033005.213867840357125 ], [ 284884.967002724704798, 5032991.517578776925802 ], [ 284879.974998327379581, 5032979.230469401925802 ], [ 284879.344001627119724, 5032978.177735026925802 ], [ 284874.598998876055703, 5032970.26953190471977 ], [ 284851.686996315256692, 5032948.637695962563157 ], [ 284846.567001198010985, 5032947.742188155651093 ], [ 284837.223007059947122, 5032949.662110020406544 ], [ 284828.007003639184404, 5032956.57421940099448 ], [ 284820.070998997776769, 5032963.486328772269189 ], [ 284812.774993753584567, 5032972.574219402857125 ], [ 284808.876006935082842, 5032978.177735020406544 ], [ 284789.350997777481098, 5033006.238281902857125 ], [ 284784.231002663029358, 5033014.301758458837867 ], [ 284777.063003394810949, 5033026.078125652857125 ], [ 284768.231002664950211, 5033040.030274093151093 ], [ 284762.598998876987025, 5033047.709961586631835 ], [ 284750.695007177419029, 5033066.013672527857125 ], [ 284747.623000952997245, 5033075.486328772269189 ], [ 284745.830993506591767, 5033084.830078776925802 ], [ 284739.942993018135894, 5033099.933594403788447 ], [ 284734.566985936777201, 5033117.214844399131835 ], [ 284728.5509947265964, 5033131.166992841288447 ], [ 284719.334991311479826, 5033142.943360027857125 ], [ 284708.583007668086793, 5033140.89453190471977 ], [ 284694.118987891881261, 5033168.798828778788447 ], [ 284694.631011816265527, 5033170.846680334769189 ], [ 284686.311004495422821, 5033183.134766273200512 ], [ 284676.071014259476215, 5033192.222656900063157 ], [ 284669.927001807140186, 5033199.390625651925802 ], [ 284664.934997415984981, 5033203.231445961631835 ], [ 284658.535003519034944, 5033211.934570965357125 ], [ 284636.903014990850352, 5033234.590820964425802 ], [ 284620.903014992363751, 5033246.495117835700512 ], [ 284609.639007422723807, 5033247.26269596349448 ], [ 284598.75900254183216, 5033252.126953775063157 ], [ 284588.006988382898271, 5033258.655274086631835 ], [ 284576.102996682049707, 5033270.430664712563157 ], [ 284562.29000840295339, 5033279.151367834769189 ], [ 284543.993987890833523, 5033280.988281901925802 ], [ 284519.545989842968993, 5033283.165039716288447 ], [ 284487.802001808071509, 5033288.668945956975222 ], [ 284456.18597397726262, 5033290.077149091288447 ], [ 284433.018005224643275, 5033294.68457096349448 ], [ 284406.393981784873176, 5033300.31738346349448 ], [ 284386.682006690534763, 5033305.43652408849448 ], [ 284363.642028665868565, 5033308.892578776925802 ], [ 284340.857971045305021, 5033311.836914711631835 ], [ 284317.306030128558632, 5033318.749024087563157 ], [ 284294.138976903108414, 5033324.252930337563157 ], [ 284273.146972511138301, 5033326.428711591288447 ], [ 284256.890991063963156, 5033329.373047525063157 ], [ 284245.664001318684313, 5033332.442383460700512 ], [ 284232.43499741301639, 5033344.914063151925802 ], [ 284218.434997412958182, 5033348.914063150063157 ], [ 284210.434997411910444, 5033350.91406315099448 ], [ 284196.434997412550729, 5033350.914063152857125 ], [ 284191.434997414238751, 5033351.914063147269189 ], [ 284185.434997415053658, 5033351.914063153788447 ], [ 284176.43499741103733, 5033352.914063153788447 ], [ 284167.434997412434313, 5033352.91406315099448 ], [ 284160.434997413889505, 5033353.914063148200512 ], [ 284140.434997414180543, 5033353.91406315099448 ], [ 284134.434997415984981, 5033352.914063148200512 ], [ 284129.434997411444783, 5033351.914063147269189 ], [ 284125.434997414587997, 5033345.91406315099448 ], [ 284123.434997411735822, 5033340.91406315099448 ], [ 284119.434997413423844, 5033336.914063150063157 ], [ 284116.434997415286489, 5033331.914063151925802 ], [ 284110.434997414995451, 5033323.914063151925802 ], [ 284107.434997413598467, 5033318.914063146337867 ], [ 284103.434997417673003, 5033314.914063147269189 ], [ 284099.434997415402904, 5033309.91406315471977 ], [ 284097.434997412434313, 5033303.91406315471977 ], [ 284094.434997417207342, 5033298.91406315099448 ], [ 284093.434997415461112, 5033292.914063146337867 ], [ 284092.434997411153745, 5033287.914063151925802 ], [ 284091.434997413423844, 5033281.91406315099448 ], [ 284089.434997412550729, 5033276.914063149131835 ], [ 284086.43499741377309, 5033271.914063151925802 ], [ 284082.434997414529789, 5033265.914063150063157 ], [ 284077.43499741301639, 5033259.914063152857125 ], [ 284074.434997414064128, 5033253.914063156582415 ], [ 284066.43499741377309, 5033241.914063148200512 ], [ 284062.434997414820828, 5033236.914063155651093 ], [ 284062.434997413423844, 5033228.914063150063157 ], [ 284058.434997413249221, 5033216.914063151925802 ], [ 284057.434997413714882, 5033211.914063146337867 ], [ 284056.434997412725352, 5033205.914063150063157 ], [ 284056.434997413132805, 5033186.914063146337867 ], [ 284052.43499741202686, 5033181.914063150063157 ], [ 284047.434997412434313, 5033180.914063145406544 ], [ 284043.434997414471582, 5033184.914063149131835 ], [ 284037.43499741377309, 5033194.914063151925802 ], [ 284031.434997409698553, 5033198.914063150063157 ], [ 284028.43499741674168, 5033204.914063150063157 ], [ 284023.43499741225969, 5033212.914063146337867 ], [ 284021.434997411153745, 5033217.914063150063157 ], [ 284017.434997412667144, 5033224.914063149131835 ], [ 284015.43499741202686, 5033229.91406315099448 ], [ 284012.434997410804499, 5033234.914063150063157 ], [ 284007.434997414704412, 5033240.914063142612576 ], [ 284002.434997411153745, 5033247.914063150063157 ], [ 283999.434997408185154, 5033252.91406315471977 ], [ 283995.434997411910444, 5033257.914063152857125 ], [ 283990.434997414122336, 5033263.914063148200512 ], [ 283985.43499741202686, 5033271.914063152857125 ], [ 283982.434997413132805, 5033276.914063149131835 ], [ 283972.435058447357733, 5033286.914063148200512 ], [ 283966.435058451723307, 5033291.914063148200512 ], [ 283960.435058449686039, 5033295.914063150063157 ], [ 283956.435058446775656, 5033299.914063148200512 ], [ 283952.43505844718311, 5033304.914063151925802 ], [ 283947.435058448696509, 5033308.914063155651093 ], [ 283935.435058446077164, 5033320.915039711631835 ], [ 283931.435058451781515, 5033325.915039716288447 ], [ 283919.435058450617362, 5033333.91503971349448 ], [ 283914.435058448289055, 5033334.915039711631835 ], [ 283905.435058447532356, 5033333.915039711631835 ], [ 283897.435058447299525, 5033334.91503971721977 ], [ 283891.436035010963678, 5033337.915039712563157 ], [ 283887.436035010381602, 5033342.915039712563157 ], [ 283882.43603501142934, 5033350.915039708837867 ], [ 283878.436035007471219, 5033355.915039716288447 ], [ 283873.436035012244247, 5033360.91503971349448 ], [ 283867.436035011138301, 5033367.915039710700512 ], [ 283861.436035012709908, 5033375.915039716288447 ], [ 283855.436035010730848, 5033382.915039714425802 ], [ 283837.436035010032356, 5033400.915039712563157 ], [ 283832.436035009217449, 5033404.916016278788447 ], [ 283823.436035011080094, 5033410.916016270406544 ], [ 283815.436035009799525, 5033418.916016277857125 ], [ 283810.436035010614432, 5033422.916016273200512 ], [ 283804.436035012360662, 5033428.916016276925802 ], [ 283798.436035009857733, 5033433.91601627971977 ], [ 283793.436035009566694, 5033436.916016276925802 ], [ 283783.436035009275656, 5033443.916016273200512 ], [ 283778.436035010905471, 5033444.916016274131835 ], [ 283770.436035010439809, 5033444.916016275063157 ], [ 283763.437011573754717, 5033447.916016274131835 ], [ 283750.437011573463678, 5033458.916016276925802 ], [ 283743.43701157241594, 5033462.91601627971977 ], [ 283735.437011572299525, 5033466.916016270406544 ], [ 283727.437011574977078, 5033469.916016277857125 ], [ 283721.43701157142641, 5033470.916992833837867 ], [ 283715.437011571659241, 5033470.916992837563157 ], [ 283710.437011575035285, 5033469.91699284221977 ], [ 283706.437011576548684, 5033465.916992836631835 ], [ 283703.437011574511416, 5033459.916992839425802 ], [ 283699.437011573289055, 5033453.916992832906544 ], [ 283694.43701157491887, 5033449.916992841288447 ], [ 283688.437011574103963, 5033449.916992836631835 ], [ 283682.43701157491887, 5033451.916992830112576 ], [ 283673.437011574453209, 5033453.916992837563157 ], [ 283667.437011573754717, 5033453.916992837563157 ], [ 283657.437011575966608, 5033447.916992840357125 ], [ 283652.437011574278586, 5033448.916992837563157 ], [ 283646.43701157043688, 5033449.916992837563157 ], [ 283641.4370115759084, 5033450.91699283849448 ], [ 283622.437988137186039, 5033450.916992840357125 ], [ 283617.437988136371132, 5033449.916992837563157 ], [ 283611.437988134101033, 5033446.916992833837867 ], [ 283606.437988134450279, 5033441.916992835700512 ], [ 283601.437988133751787, 5033439.91699284221977 ], [ 283595.437988138350192, 5033437.916992839425802 ], [ 283589.437988135206979, 5033436.916992839425802 ], [ 283584.437988136836793, 5033434.91699284221977 ], [ 283579.437988137302455, 5033433.916992836631835 ], [ 283574.437988135847263, 5033431.916992843151093 ], [ 283563.437988138350192, 5033431.916992836631835 ], [ 283556.437988136312924, 5033430.917969397269189 ], [ 283546.437988134741317, 5033428.91796940099448 ], [ 283540.437988138932269, 5033429.917969396337867 ], [ 283524.437988135556225, 5033431.917969403788447 ], [ 283518.437988135847263, 5033431.917969398200512 ], [ 283512.437988134741317, 5033430.91796940099448 ], [ 283507.437988135789055, 5033427.917969402857125 ], [ 283487.438964701083023, 5033407.917969405651093 ], [ 283505.43798813642934, 5033384.917969402857125 ], [ 283503.437988135439809, 5033373.917969399131835 ], [ 283492.437988135090563, 5033365.917969400063157 ], [ 283475.438964700326324, 5033358.91796940099448 ], [ 283455.438964699453209, 5033351.917969398200512 ], [ 283452.438964699977078, 5033359.917969400063157 ], [ 283446.438964699977078, 5033358.91796940099448 ], [ 283441.43896469991887, 5033356.91796940471977 ], [ 283437.438964698696509, 5033352.917969399131835 ], [ 283434.438964699977078, 5033347.917969392612576 ], [ 283433.438964696368203, 5033342.917969401925802 ], [ 283424.438964698754717, 5033332.917969399131835 ], [ 283419.438964696484618, 5033324.917969399131835 ], [ 283415.438964698754717, 5033317.917969402857125 ], [ 283406.438964696542826, 5033308.917969402857125 ], [ 283400.438964699453209, 5033304.91796940099448 ], [ 283395.438964698056225, 5033302.917969398200512 ], [ 283389.438964699045755, 5033301.917969400063157 ], [ 283383.438964700384531, 5033301.91796940099448 ], [ 283378.438964699278586, 5033299.917969398200512 ], [ 283372.438964698347263, 5033296.91796940099448 ], [ 283362.438964698580094, 5033295.91894596349448 ], [ 283354.438964698696509, 5033295.918945960700512 ], [ 283349.438964698754717, 5033296.91894596349448 ], [ 283335.439941260498017, 5033298.918945960700512 ], [ 283325.439941262127832, 5033304.918945962563157 ], [ 283321.439941263175569, 5033309.918945960700512 ], [ 283317.439941257413011, 5033315.918945962563157 ], [ 283312.439941263059154, 5033324.918945965357125 ], [ 283307.43994126142934, 5033339.918945959769189 ], [ 283307.439941260090563, 5033345.918945965357125 ], [ 283306.439941258402541, 5033351.918945962563157 ], [ 283306.439941260323394, 5033381.918945962563157 ], [ 283307.439941261138301, 5033393.918945959769189 ], [ 283307.439941262826324, 5033411.918945965357125 ], [ 283308.43994125694735, 5033417.918945960700512 ], [ 283308.439941262244247, 5033438.918945958837867 ], [ 283306.439941262477078, 5033443.918945961631835 ], [ 283303.43994125793688, 5033451.918945962563157 ], [ 283299.439941265445668, 5033458.918945957906544 ], [ 283297.439941261254717, 5033464.91894596349448 ], [ 283296.439941258751787, 5033470.918945962563157 ], [ 283293.4399412634084, 5033479.918945965357125 ], [ 283292.439941259042826, 5033484.918945965357125 ], [ 283291.439941260090563, 5033491.918945961631835 ], [ 283291.439941259741317, 5033507.919922527857125 ], [ 283289.439941263524815, 5033513.91992252599448 ], [ 283286.439941256889142, 5033519.91992252599448 ], [ 283287.439941263524815, 5033526.919922526925802 ], [ 283288.439941261545755, 5033534.919922521337867 ], [ 283287.43994126439793, 5033540.919922523200512 ], [ 283287.439941261138301, 5033548.919922523200512 ], [ 283286.439941260730848, 5033553.919922520406544 ], [ 283283.439941261778586, 5033560.91992252599448 ], [ 283279.439941262884531, 5033572.91992252599448 ], [ 283278.439941260148771, 5033580.919922522269189 ], [ 283276.439941259741317, 5033588.91992252599448 ], [ 283272.439941261953209, 5033598.919922519475222 ], [ 283271.439941262069624, 5033604.919922525063157 ], [ 283269.439941261545755, 5033610.919922524131835 ], [ 283268.439941260323394, 5033616.919922525063157 ], [ 283267.43994126067264, 5033625.919922522269189 ], [ 283265.439941260614432, 5033632.919922525063157 ], [ 283263.439941263466608, 5033637.919922526925802 ], [ 283262.439941258984618, 5033642.91992252599448 ], [ 283260.43994126142934, 5033648.919922527857125 ], [ 283259.439941260148771, 5033653.919922524131835 ], [ 283258.44103989173891, 5033655.919922525063157 ], [ 283254.441039894649293, 5033665.919922526925802 ], [ 283253.441039894591086, 5033667.919922523200512 ], [ 283250.441039891215041, 5033674.919922525063157 ], [ 283247.441039893659763, 5033680.919922527857125 ], [ 283239.441039894649293, 5033692.919922524131835 ], [ 283229.441039895813446, 5033708.919922527857125 ], [ 283225.441039892437402, 5033714.919922520406544 ], [ 283218.441039894416463, 5033721.91992252599448 ], [ 283210.441039893426932, 5033730.920899082906544 ], [ 283204.441039891215041, 5033737.920899085700512 ], [ 283193.441039894183632, 5033748.920899089425802 ], [ 283190.441039898316376, 5033753.920899084769189 ], [ 283178.441039893834386, 5033765.920899087563157 ], [ 283171.441039893950801, 5033771.920899087563157 ], [ 283166.441039893310517, 5033774.920899086631835 ], [ 283140.442016457673162, 5033800.920899084769189 ], [ 283134.442016456101555, 5033807.920899084769189 ], [ 283127.44201645598514, 5033814.920899089425802 ], [ 283124.442016460117884, 5033819.920899087563157 ], [ 283118.442016456101555, 5033828.92089909221977 ], [ 283115.442016453482211, 5033833.920899085700512 ], [ 283104.442016458022408, 5033843.920899096876383 ], [ 283098.442016459885053, 5033849.920899087563157 ], [ 283090.442016454413533, 5033856.921875650063157 ], [ 283085.442016456858255, 5033860.921875646337867 ], [ 283081.442016457498539, 5033864.921875648200512 ], [ 283074.442016460758168, 5033869.921875648200512 ], [ 283064.442016456567217, 5033875.921875650063157 ], [ 283047.442016457614955, 5033888.921875652857125 ], [ 283011.442993017379194, 5033925.921875648200512 ], [ 283010.915961761085782, 5033926.448906905017793 ], [ 282983.564402844640426, 5034001.720212728716433 ], [ 282889.538130338361952, 5034366.775981552898884 ], [ 282791.5402641632827, 5034684.726999598555267 ], [ 282735.231054088682868, 5034925.833956218324602 ], [ 282735.231057474797126, 5034925.833941721357405 ], [ 282721.483852735662367, 5034984.697255419567227 ], [ 282870.097388989350293, 5035026.352489796467125 ], [ 282870.097374759148806, 5035026.352485808543861 ], [ 282896.548994770215359, 5035033.766672017984092 ], [ 282896.548994770215359, 5035033.766672017984092 ], [ 282896.549729204445612, 5035033.766877876594663 ], [ 282859.503810373775195, 5035177.690182020887733 ], [ 282770.517566168797202, 5035496.73199575394392 ], [ 282689.499216606316622, 5035830.741474757902324 ], [ 282687.814898214593995, 5035851.488502337597311 ], [ 282687.814898236480076, 5035851.488502067513764 ], [ 282687.4686787892133, 5035855.753149694763124 ], [ 282646.512807379593141, 5036015.700303789228201 ], [ 282543.514784782833885, 5036166.758321735076606 ], [ 282543.515923379804008, 5036166.759109425358474 ], [ 282543.515923379804008, 5036166.759109425358474 ], [ 282741.545543539221399, 5036303.757123370654881 ], [ 282766.22172869759379, 5036320.551265376619995 ], [ 282766.221722933638375, 5036320.551261455751956 ], [ 282882.564786506583914, 5036399.732136403210461 ], [ 282772.501406329101883, 5036546.702387302182615 ], [ 282389.566999055270571, 5037113.710123846307397 ], [ 282219.509671150532085, 5037354.705825421959162 ], [ 282115.563299520232249, 5037516.773242564871907 ], [ 281761.558137615269516, 5038028.715987229719758 ], [ 282161.529208804888185, 5038293.749042539857328 ], [ 282780.594147164723836, 5038716.736338337883353 ], [ 283212.555505445867311, 5039013.731422776356339 ] ], [ [ 287058.038085792621132, 5033355.527344397269189 ], [ 287059.318115089437924, 5033342.086914710700512 ], [ 287063.414062355819624, 5033332.615235026925802 ], [ 287070.582031103083864, 5033319.94336002599448 ], [ 287075.830077979480848, 5033312.26269596349448 ], [ 287079.669921725348104, 5033303.558594398200512 ], [ 287087.863036966416985, 5033293.95898502599448 ], [ 287096.183105324569624, 5033286.27929752971977 ], [ 287112.566894389805384, 5033277.959961587563157 ], [ 287124.982910011080094, 5033271.047852210700512 ], [ 287154.070068214146886, 5033246.517578774131835 ], [ 287154.435058447823394, 5033258.021485023200512 ], [ 287140.982910010439809, 5033269.000000646337867 ], [ 287130.614990089263301, 5033278.215820966288447 ], [ 287121.398925637826324, 5033284.744141272269189 ], [ 287107.958984233788215, 5033292.679688151925802 ], [ 287098.487060402461793, 5033302.664063152857125 ], [ 287086.837890478316694, 5033310.726563149131835 ], [ 287081.718017430277541, 5033318.15136783849448 ], [ 287058.038085792621132, 5033355.527344397269189 ] ], [ [ 287088.885986185865477, 5033445.639649087563157 ], [ 287085.813964695786126, 5033447.816406899131835 ], [ 287081.974120950035285, 5033448.839844399131835 ], [ 287080.181884622317739, 5033447.303711589425802 ], [ 287079.926025243825279, 5033438.984375653788447 ], [ 287076.597900244640186, 5033431.816406900063157 ], [ 287072.374023293145001, 5033426.952149086631835 ], [ 287065.461913919716608, 5033419.911133465357125 ], [ 287059.06103500869358, 5033410.69531315099448 ], [ 287054.197021338506602, 5033403.142578773200512 ], [ 287052.020995947998017, 5033395.974610027857125 ], [ 287053.68603500991594, 5033380.487305337563157 ], [ 287056.758056496444624, 5033384.07128971349448 ], [ 287059.573974462924525, 5033390.342774086631835 ], [ 287064.694091655488592, 5033402.886719399131835 ], [ 287068.278076027636416, 5033406.342774085700512 ], [ 287076.342040872259531, 5033413.511719400063157 ], [ 287081.461913917271886, 5033417.608399086631835 ], [ 287085.045898293261416, 5033428.488281902857125 ], [ 287087.350097510847263, 5033440.776367837563157 ], [ 287088.885986185865477, 5033445.639649087563157 ] ], [ [ 287059.316894388932269, 5033502.343750650063157 ], [ 287061.10888657317264, 5033499.272461589425802 ], [ 287065.972900246211793, 5033495.688477208837867 ], [ 287074.292968606925569, 5033481.48046940099448 ], [ 287077.108886574977078, 5033473.799805336631835 ], [ 287077.621093604771886, 5033466.248047522269189 ], [ 287079.156982275075279, 5033457.543945958837867 ], [ 287084.278076025890186, 5033455.496094396337867 ], [ 287088.374023294833023, 5033455.496094399131835 ], [ 287085.045898289885372, 5033462.919922530651093 ], [ 287084.532958839670755, 5033469.704102216288447 ], [ 287081.46093735168688, 5033478.408203778788447 ], [ 287077.876952979364432, 5033486.087891271337867 ], [ 287072.373046732391231, 5033495.944336586631835 ], [ 287067.252929542330094, 5033502.087891277857125 ], [ 287059.316894388932269, 5033502.343750650063157 ] ] ], [ [ [ 285683.522353279171512, 5032672.120646337978542 ], [ 285684.020019386138301, 5032672.37890690099448 ], [ 285684.375683184072841, 5032672.302446990273893 ], [ 285683.522353279171512, 5032672.120646337978542 ] ] ], [ [ [ 286250.695933712297119, 5032594.833678587339818 ], [ 286250.695933712297119, 5032594.833678587339818 ], [ 286250.695981005497742, 5032594.833920444361866 ], [ 286250.463109313277528, 5032602.45579915586859 ], [ 286252.860725347301923, 5032634.367334257811308 ], [ 286246.2778760153451, 5032640.311258528381586 ], [ 286236.781089964904822, 5032644.091003726236522 ], [ 286229.771912335185334, 5032644.185571205802262 ], [ 286222.960508947551716, 5032642.451583898626268 ], [ 286207.725910784909502, 5032642.658033570274711 ], [ 286192.488559757068288, 5032642.861791775561869 ], [ 286181.324139154632576, 5032641.675725511275232 ], [ 286204.931030126463156, 5032648.833008465357125 ], [ 286263.171996922814287, 5032653.185547524131835 ], [ 286264.836059424560517, 5032616.194336586631835 ], [ 286259.332031105645001, 5032595.201172527857125 ], [ 286241.620719919446856, 5032562.383373913355172 ], [ 286242.361391096783336, 5032564.466676721349359 ], [ 286244.761108447390143, 5032571.194316659122705 ], [ 286244.761108136211988, 5032571.194315784610808 ], [ 286247.665827483462635, 5032579.337735619395971 ], [ 286250.695933712297119, 5032594.833678587339818 ] ] ], [ [ [ 286481.05895981361391, 5032611.66113346349448 ], [ 286487.07495102431858, 5032618.573242835700512 ], [ 286500.770995949977078, 5032611.277344400063157 ], [ 286514.594970557780471, 5032604.365235023200512 ], [ 286521.379028174327686, 5032595.789063152857125 ], [ 286533.79504380049184, 5032588.10937565099448 ], [ 286533.41101059463108, 5032576.97265690099448 ], [ 286530.852050632995088, 5032558.157227212563157 ], [ 286528.676025243126787, 5032538.82812565099448 ], [ 286517.923950047290418, 5032521.675781901925802 ], [ 286506.404052589728963, 5032514.37988346721977 ], [ 286493.092040866205934, 5032512.204102206043899 ], [ 286478.499999852559995, 5032515.660156902857125 ], [ 286469.540038919891231, 5032524.748047526925802 ], [ 286457.506957862060517, 5032533.196289716288447 ], [ 286450.723022318328731, 5032548.29980534221977 ], [ 286448.931030129024293, 5032558.156250655651093 ], [ 286458.786987160390709, 5032569.675781897269189 ], [ 286465.698974463855848, 5032582.988281899131835 ], [ 286465.698974467406515, 5032597.580078774131835 ], [ 286471.203002783993725, 5032604.749024086631835 ], [ 286481.05895981361391, 5032611.66113346349448 ] ] ], [ [ [ 286066.378499113605358, 5032670.355137970298529 ], [ 286066.378509482019581, 5032670.355136011727154 ], [ 286059.06217595632188, 5032671.739357179962099 ], [ 286051.799732910294551, 5032673.113382481969893 ], [ 286073.729980323754717, 5032672.000977215357125 ], [ 286137.987060398852918, 5032653.56933658849448 ], [ 286180.634172919846606, 5032641.602426080964506 ], [ 286177.226588644494768, 5032641.240417080931365 ], [ 286165.487489828607067, 5032642.808235029689968 ], [ 286165.487495644600131, 5032642.808234254829586 ], [ 286162.013868126727175, 5032643.272155349142849 ], [ 286150.05297393159708, 5032642.880702131427824 ], [ 286140.827090419246815, 5032646.330607590265572 ], [ 286140.827094041567761, 5032646.330606234259903 ], [ 286138.619342039339244, 5032647.156167892739177 ], [ 286114.836760161095299, 5032655.340445343405008 ], [ 286091.42560053197667, 5032664.686705080792308 ], [ 286087.085631776484661, 5032666.06326874345541 ], [ 286087.085631787427701, 5032666.063268740661442 ], [ 286084.1621889587841, 5032666.990534670650959 ], [ 286066.378499113605358, 5032670.355137970298529 ] ] ], [ [ [ 285822.420344185491558, 5032649.035873023793101 ], [ 285821.769380360201467, 5032649.710979497991502 ], [ 285847.348998880421277, 5032645.372070961631835 ], [ 285893.685973977029789, 5032653.179688155651093 ], [ 285913.781982279615477, 5032661.245117836631835 ], [ 285935.669982766150497, 5032659.96484440099448 ], [ 285969.973998879198916, 5032663.037110024131835 ], [ 286016.310973974817898, 5032675.453125650063157 ], [ 286032.468993998132646, 5032674.094727216288447 ], [ 286032.588012549793348, 5032674.087891275063157 ], [ 286034.681545747502241, 5032673.981697426177561 ], [ 286004.717409825709183, 5032668.228893536143005 ], [ 285997.238205079862382, 5032666.297388156875968 ], [ 285970.130444813519716, 5032661.452774538658559 ], [ 285943.290847876109183, 5032653.572701401077211 ], [ 285935.612425729632378, 5032653.888521497137845 ], [ 285920.34727786417352, 5032652.540000341832638 ], [ 285920.347283683950081, 5032652.540000855922699 ], [ 285908.289469160488807, 5032651.474815104156733 ], [ 285881.826842142618261, 5032639.344078727066517 ], [ 285874.294455935771111, 5032638.012163159437478 ], [ 285839.95253461075481, 5032638.857140438631177 ], [ 285839.952304662205279, 5032638.857218884862959 ], [ 285839.952304663194809, 5032638.857218885794282 ], [ 285838.897332471096888, 5032639.21711063478142 ], [ 285838.897337682778016, 5032639.217108856886625 ], [ 285828.452145167160779, 5032642.780367373488843 ], [ 285822.420344185491558, 5032649.035873023793101 ] ] ], [ [ [ 285717.740195621794555, 5032673.211975132115185 ], [ 285720.116027687909082, 5032673.66015690471977 ], [ 285764.661010597774293, 5032663.419922525063157 ], [ 285796.789001318160444, 5032653.948242832906544 ], [ 285811.678012942895293, 5032651.422714179381728 ], [ 285805.01951559697045, 5032647.620773929171264 ], [ 285798.794612910889555, 5032648.212656769901514 ], [ 285798.794614753918722, 5032648.212656592950225 ], [ 285785.16371955134673, 5032649.50872391462326 ], [ 285778.658503947022837, 5032652.828596689738333 ], [ 285778.514296484529041, 5032652.858271322213113 ], [ 285778.514298568596132, 5032652.858270893804729 ], [ 285762.192563354386948, 5032656.216914630495012 ], [ 285733.922955299261957, 5032667.604209789074957 ], [ 285727.841842820285819, 5032670.427537132054567 ], [ 285717.740195621794555, 5032673.211975132115185 ] ] ] ] } },
{ "type": "Feature", "properties": { "id": 31, "nom": "Ahuntsic" }, "geometry": { "type": "MultiPolygon", "coordinates": [ [ [ [ 289314.656040754634887, 5045237.159680056385696 ], [ 289328.956635236507282, 5045241.569644451141357 ], [ 289365.964419469411951, 5045239.589158408343792 ], [ 289384.939155306958128, 5045239.542461416684091 ], [ 289419.951109409681521, 5045251.56983654666692 ], [ 289503.944482762832195, 5045272.590499561280012 ], [ 289519.96895980759291, 5045279.552728203125298 ], [ 289542.78785588091705, 5045286.942982099018991 ], [ 289581.773997051001061, 5045295.849889919161797 ], [ 289601.765278071805369, 5045296.468172340653837 ], [ 289611.445885382185224, 5045295.66678087040782 ], [ 289637.984980083827395, 5045291.601770270615816 ], [ 289660.161296708742157, 5045291.65929342340678 ], [ 289663.752386608510278, 5045291.317223741672933 ], [ 289668.828695666277781, 5045291.638362251222134 ], [ 289671.952082678908482, 5045291.630822422914207 ], [ 289688.27472730219597, 5045292.813896989449859 ], [ 289699.754778833244927, 5045293.453019483014941 ], [ 289705.375803163973615, 5045292.994951256550848 ], [ 289718.563552952895407, 5045289.40697986446321 ], [ 289731.968205441487953, 5045278.594935497269034 ], [ 289741.951049459923524, 5045273.570003669708967 ], [ 289746.011464171402622, 5045273.560249597765505 ], [ 289757.012099200335797, 5045269.644217192195356 ], [ 289772.941428341961, 5045269.606004607863724 ], [ 289784.97130240756087, 5045271.577548892237246 ], [ 289805.997947274881881, 5045280.640033347532153 ], [ 289814.982482934021391, 5045282.618921364657581 ], [ 289836.997616200067569, 5045280.565948093309999 ], [ 289848.165069387177937, 5045281.094956768676639 ], [ 289853.630210429779254, 5045280.748525473289192 ], [ 289857.068061551661231, 5045281.629383848980069 ], [ 289858.005079086171463, 5045281.627149883657694 ], [ 289862.458825876296032, 5045282.83898528944701 ], [ 289908.32152458105702, 5045294.065308339893818 ], [ 289911.992822506988887, 5045294.612246189266443 ], [ 289939.966091835463885, 5045302.547361919656396 ], [ 289940.513474000559654, 5045302.879460033029318 ], [ 289948.092940102738794, 5045305.084133982658386 ], [ 289954.033679889282212, 5045307.737226492725313 ], [ 290030.991660686850082, 5045326.558972168713808 ], [ 290039.971347119717393, 5045326.53781813941896 ], [ 290061.979601456783712, 5045321.596219593659043 ], [ 290069.00953846873017, 5045322.579880131408572 ], [ 290078.008025749120861, 5045330.560238222591579 ], [ 290095.807703642582055, 5045362.302196151576936 ], [ 290104.973993006919045, 5045375.283138237893581 ], [ 290108.027069730043877, 5045378.609939660876989 ], [ 290131.375308451883029, 5045412.450502552092075 ], [ 290139.679678788932506, 5045424.211061370559037 ], [ 290166.994740164664108, 5045451.596824656240642 ], [ 290187.955874660052359, 5045466.550735923461616 ], [ 290222.58880690485239, 5045484.695728921331465 ], [ 290283.927908074459992, 5045503.779185644350946 ], [ 290308.998401946912054, 5045506.388333766721189 ], [ 290323.908980028878432, 5045505.020290687680244 ], [ 290341.000989348394796, 5045501.535742253996432 ], [ 290359.964170838298742, 5045496.824477124027908 ], [ 290374.70403756730957, 5045489.122425864450634 ], [ 290383.517866870679427, 5045484.9902617726475 ], [ 290400.024574553593993, 5045464.615161941386759 ], [ 290405.014962559333071, 5045461.603134408593178 ], [ 290416.024600257689599, 5045461.577856032177806 ], [ 290424.98573897080496, 5045453.555793900042772 ], [ 290440.976893090410158, 5045446.62895362265408 ], [ 290453.003921998315491, 5045447.601597052067518 ], [ 290457.848610495217144, 5045449.146355742588639 ], [ 290460.970392532821279, 5045448.472420683130622 ], [ 290481.048310324549675, 5045453.094057570211589 ], [ 290499.646686440624762, 5045459.49724586494267 ], [ 290523.000460669631138, 5045462.555695538409054 ], [ 290554.01766279048752, 5045470.597745532169938 ], [ 290580.965174930577632, 5045474.537298575975001 ], [ 290638.008750911802053, 5045493.633963441476226 ], [ 290679.959136705263518, 5045502.540994659997523 ], [ 290720.741918437182903, 5045513.1179085271433 ], [ 290734.255322684301063, 5045515.421335380524397 ], [ 290750.259362902492285, 5045514.162984835915267 ], [ 290756.499686982424464, 5045511.370699372142553 ], [ 290757.043770138872787, 5045510.258160709403455 ], [ 290752.143155027355533, 5045483.708608760498464 ], [ 290749.01513091835659, 5045481.604114170186222 ], [ 290745.021719379292335, 5045476.612131339497864 ], [ 290742.980361566704232, 5045471.615772339515388 ], [ 290744.997045646305196, 5045465.61012445949018 ], [ 290753.014881273382343, 5045454.590086380019784 ], [ 290758.005445679882541, 5045451.578340366482735 ], [ 290772.992837717931252, 5045449.544403138570487 ], [ 290778.998739600821864, 5045446.641533438116312 ], [ 290786.006055260717403, 5045437.624173874035478 ], [ 290788.955314416321926, 5045429.616080680862069 ], [ 290793.026803396933246, 5045434.607916610315442 ], [ 290797.950492928852327, 5045436.597289005294442 ], [ 290803.019176030298695, 5045433.585404546000063 ], [ 290805.370595920190681, 5045437.580902888439596 ], [ 290811.84774979040958, 5045435.899463779293001 ], [ 290814.457963204418775, 5045450.896449136547744 ], [ 290815.169634567340836, 5045454.895610623061657 ], [ 290814.719738365674857, 5045463.231509614735842 ], [ 290814.95472984702792, 5045463.564381031319499 ], [ 290814.645623768679798, 5045465.009785961359739 ], [ 290813.668249410111457, 5045481.90402146242559 ], [ 290810.045517497695982, 5045503.027176050469279 ], [ 290805.304849622480106, 5045513.039635353721678 ], [ 290807.23596548900241, 5045573.602235796861351 ], [ 290808.023476045520511, 5045576.6010402739048 ], [ 290814.540663637977559, 5045592.922890448011458 ], [ 290824.253673290484585, 5045606.79271671641618 ], [ 290842.015371615358163, 5045623.534057253040373 ], [ 290851.0193662068923, 5045634.627205372788012 ], [ 290872.163801104295999, 5045662.807695164345205 ], [ 290883.357871457585134, 5045675.674134345725179 ], [ 290883.828571653633844, 5045676.673276768065989 ], [ 290897.994058974029031, 5045691.533519793301821 ], [ 290911.004296924278606, 5045713.619933309033513 ], [ 290950.009409899415914, 5045768.543932888656855 ], [ 290970.98992671223823, 5045793.61342503502965 ], [ 290982.986642044270411, 5045816.591282170265913 ], [ 290992.713871138344985, 5045837.24039114639163 ], [ 291019.111887724837288, 5045876.189609626308084 ], [ 291041.297818527847994, 5045917.14856325648725 ], [ 291052.960768534045201, 5045930.569937615655363 ], [ 291066.593605122645386, 5045952.210784163326025 ], [ 291081.846726486284751, 5045965.068685011006892 ], [ 291104.334522381657735, 5046001.581923314370215 ], [ 291105.978485624189489, 5046003.578706474043429 ], [ 291122.984237333235797, 5046032.547019055113196 ], [ 291143.026281548722181, 5046057.619139441289008 ], [ 291148.029624820046593, 5046060.60880078561604 ], [ 291156.969380148046184, 5046078.592716125771403 ], [ 291157.756419324723538, 5046081.480434969067574 ], [ 291176.735087248380296, 5046120.335349839180708 ], [ 291208.783669474360067, 5046173.831387437880039 ], [ 291218.201889560441487, 5046196.593031498603523 ], [ 291222.712756417517085, 5046224.588528024032712 ], [ 291224.260916148254182, 5046254.479692244902253 ], [ 291226.70943879353581, 5046339.601537843234837 ], [ 291227.047485184215475, 5046351.491935784928501 ], [ 291227.686741603072733, 5046358.26960664242506 ], [ 291232.018208716646768, 5046375.596826803870499 ], [ 291235.975898598670028, 5046400.59297214820981 ], [ 291242.976142912637442, 5046424.582347843796015 ], [ 291264.026535124285147, 5046483.547965158708394 ], [ 291267.418582041223999, 5046499.765921336598694 ], [ 291282.65303709852742, 5046540.963037088513374 ], [ 291290.970772496366408, 5046560.615476239472628 ], [ 291311.968583040579688, 5046595.576843639835715 ], [ 291339.940471936424728, 5046642.747825761325657 ], [ 291355.601490694680251, 5046664.829485900700092 ], [ 291390.916506824607495, 5046714.540982152335346 ], [ 291474.640981972625013, 5046805.046139563433826 ], [ 291485.678960812801961, 5046819.46984591614455 ], [ 291489.979179546702653, 5046822.57240726146847 ], [ 291523.007870218367316, 5046862.621015446260571 ], [ 291557.43096449325094, 5046897.777036882936954 ], [ 291588.872000045608729, 5046925.71594746876508 ], [ 291599.03698183625238, 5046933.584899572655559 ], [ 291649.014706054760609, 5046978.599424980580807 ], [ 291731.005052196094766, 5047064.555239488370717 ], [ 291734.994585623091552, 5047068.547674437053502 ], [ 291744.995152574963868, 5047072.63871334027499 ], [ 291752.97626947122626, 5047081.623788669705391 ], [ 291764.001789414964151, 5047090.60253768786788 ], [ 291780.025330500910059, 5047100.571104742586613 ], [ 291787.601738428173121, 5047102.666872092522681 ], [ 291798.140346093685366, 5047102.756120610050857 ], [ 291817.963730785064399, 5047100.603494175709784 ], [ 291831.317867950710934, 5047103.243003324605525 ], [ 291837.328875280159991, 5047103.341693270951509 ], [ 291867.857099123008084, 5047106.168027623556554 ], [ 291870.978432461561169, 5047105.605923521332443 ], [ 291872.853984911751468, 5047106.602241866290569 ], [ 291873.400648254028056, 5047106.7122458582744 ], [ 291894.657553084660321, 5047118.337289948016405 ], [ 291896.221537378849462, 5047119.667653644457459 ], [ 291904.97452945727855, 5047124.53944272454828 ], [ 291919.981128662009723, 5047133.621403502300382 ], [ 291962.98063607205404, 5047165.539191589690745 ], [ 291970.955403678643052, 5047171.635121348313987 ], [ 291983.005478938692249, 5047185.61310366448015 ], [ 292006.967732229444664, 5047222.571124345064163 ], [ 292036.985393976909108, 5047281.632196312770247 ], [ 292042.007706341973972, 5047294.624427862465382 ], [ 292047.00081380084157, 5047331.621271868236363 ], [ 292060.963758856290951, 5047403.606508710421622 ], [ 292058.562489901436493, 5047412.724232316017151 ], [ 292059.274282117199618, 5047417.279203993268311 ], [ 292051.823453332530335, 5047438.298348551616073 ], [ 292044.774052816617768, 5047464.762162916362286 ], [ 292037.330874561623204, 5047527.789284210652113 ], [ 292037.099648360046558, 5047529.234474102035165 ], [ 292031.852055535826366, 5047558.80633794516325 ], [ 292031.021530904108658, 5047572.588425782509148 ], [ 292080.993097776023205, 5047618.606612869538367 ], [ 292086.40781157114543, 5047632.820543065667152 ], [ 292091.415537016815506, 5047638.811519432812929 ], [ 292100.996654337854125, 5047667.575331076048315 ], [ 292102.730086764786392, 5047675.573336891829967 ], [ 292105.005843582388479, 5047681.56986378133297 ], [ 292111.947616915393155, 5047717.562639604322612 ], [ 292111.964503168012016, 5047725.897523129358888 ], [ 292112.043683187919669, 5047726.453023901209235 ], [ 292111.97080737457145, 5047729.0092130061239 ], [ 292111.986117603315506, 5047736.566174199804664 ], [ 292111.755107337899972, 5047738.122493576258421 ], [ 292111.536255780782085, 5047745.67992930021137 ], [ 292118.964246633287985, 5047790.562310815788805 ], [ 292119.011728167417459, 5047814.011119452305138 ], [ 292119.801035635115113, 5047818.343679076991975 ], [ 292118.637890082376543, 5047822.124530916102231 ], [ 292116.347841223469004, 5047847.578455255366862 ], [ 292116.437598130549304, 5047853.357150921598077 ], [ 292119.434654062264599, 5047868.687333520501852 ], [ 292127.569429779425263, 5047877.228051093406975 ], [ 292131.79235197667731, 5047881.220268560573459 ], [ 292136.174519623338711, 5047886.768018539063632 ], [ 292140.010763439640868, 5047892.539139753207564 ], [ 292142.67419674701523, 5047897.312443300150335 ], [ 292147.773855534091126, 5047910.304613173007965 ], [ 292156.776757176499814, 5047923.622302539646626 ], [ 292159.914980207860935, 5047931.617490819655359 ], [ 292160.649969351768959, 5047947.730186680331826 ], [ 292161.121642819896806, 5047949.396218793466687 ], [ 292162.14954445802141, 5047955.950948438607156 ], [ 292161.691777372383513, 5047961.175089186057448 ], [ 292174.616101864201482, 5048022.605169491842389 ], [ 292174.699753892607987, 5048025.383307969197631 ], [ 292174.957207150058821, 5048036.9405467081815 ], [ 292160.61522446986055, 5048046.526855076663196 ], [ 292160.824934457952622, 5048073.08704971242696 ], [ 292161.495539227616973, 5048095.978949352167547 ], [ 292163.324994146998506, 5048112.978499166667461 ], [ 292164.834842521580867, 5048126.311328778043389 ], [ 292169.734644156415015, 5048156.418298940174282 ], [ 292170.995978175313212, 5048162.639164252206683 ], [ 292178.157111947715748, 5048191.741391330957413 ], [ 292186.489349247014616, 5048221.063533150590956 ], [ 292195.291361676412635, 5048251.162667700089514 ], [ 292204.245808180887252, 5048279.483391834422946 ], [ 292205.501942646806128, 5048283.148231972008944 ], [ 292209.191619710647501, 5048293.809515298344195 ], [ 292212.881284309085459, 5048304.47080095577985 ], [ 292214.215679183893371, 5048308.246617954224348 ], [ 292218.771657955949195, 5048322.795797717757523 ], [ 292224.857525518105831, 5048321.89451368805021 ], [ 292225.72117380972486, 5048324.448822953738272 ], [ 292124.71196667937329, 5048354.991613118909299 ], [ 292117.668879689124878, 5048345.67075755354017 ], [ 292115.792835810745601, 5048344.229837186634541 ], [ 292114.774177813320421, 5048342.231518601067364 ], [ 292114.613581687794067, 5048340.009197050705552 ], [ 292114.608628460206091, 5048337.564295499585569 ], [ 292113.666214383789338, 5048334.676763888448477 ], [ 292112.257320600736421, 5048332.679236398078501 ], [ 292111.394527889380697, 5048330.569470214657485 ], [ 292110.999789986934047, 5048328.347623271867633 ], [ 292109.509243367472664, 5048324.572144396603107 ], [ 292107.318300678569358, 5048321.798276701010764 ], [ 292102.613404643838294, 5048310.91684625018388 ], [ 292100.498698010342196, 5048307.253767653368413 ], [ 292098.464290297066327, 5048304.701850292272866 ], [ 292097.756906980415806, 5048302.258373788557947 ], [ 292094.855183880426921, 5048295.374055887572467 ], [ 292093.366874985513277, 5048292.709899823181331 ], [ 292092.894081136619207, 5048290.488212524913251 ], [ 292091.406446921464521, 5048288.157452578656375 ], [ 292090.385967527341563, 5048285.270083068870008 ], [ 292088.896526355645619, 5048282.050268709659576 ], [ 292087.488515405217186, 5048280.497274432331324 ], [ 292083.575088208366651, 5048275.059736356139183 ], [ 292082.711149453942198, 5048272.394314897246659 ], [ 292080.206180717679672, 5048268.732035908848047 ], [ 292078.559054846060462, 5048264.734618035145104 ], [ 292077.691048221138772, 5048260.068823554553092 ], [ 292075.659777621447574, 5048259.07275999058038 ], [ 292074.485449490952305, 5048257.297029132023454 ], [ 292073.307506717334036, 5048253.743188513442874 ], [ 292073.067716675985139, 5048250.965367568656802 ], [ 292072.517090682405978, 5048248.854972442612052 ], [ 292069.073047543177381, 5048243.972151177935302 ], [ 292067.351927878451534, 5048241.975268749520183 ], [ 292065.313191289955284, 5048237.311856808140874 ], [ 292061.010156433680095, 5048232.208522385917604 ], [ 292059.990332365443464, 5048229.65455365087837 ], [ 292057.954978493566159, 5048226.658122209832072 ], [ 292056.072552342782728, 5048222.105527590960264 ], [ 292053.868429805152118, 5048212.886030638590455 ], [ 292052.380084038595669, 5048210.221884591504931 ], [ 292049.875072862312663, 5048206.559618016704917 ], [ 292047.215093766571954, 5048203.453329689800739 ], [ 292041.896939088997897, 5048198.129811367020011 ], [ 292039.470418349839747, 5048194.689653707668185 ], [ 292027.415143375634216, 5048177.155324944294989 ], [ 292008.21172240038868, 5048137.298021803610027 ], [ 291944.238588838721626, 5048112.646526025608182 ], [ 291926.468672091024928, 5048125.018720438703895 ], [ 291900.834633079066407, 5048146.520011262968183 ], [ 291882.307105747167952, 5048169.895993826910853 ], [ 291862.855534227448516, 5048199.275087917223573 ], [ 291846.451926760491915, 5048230.537188340909779 ], [ 291847.828395680407993, 5048254.53892791736871 ], [ 291848.848762145848013, 5048257.31512610707432 ], [ 291850.958576975215692, 5048258.533218507654965 ], [ 291854.012774589413311, 5048263.527858916670084 ], [ 291861.006545608048327, 5048286.517799909226596 ], [ 291879.960261457948945, 5048318.595913079567254 ], [ 291884.963514701463282, 5048322.58635623101145 ], [ 291896.95414813485695, 5048346.566225407645106 ], [ 291911.982317696383689, 5048367.539291276596487 ], [ 291912.218515217420645, 5048368.538996389135718 ], [ 291928.420469734468497, 5048391.06553927063942 ], [ 291942.996127212361898, 5048419.818876396864653 ], [ 291984.613050270592794, 5048505.083223056979477 ], [ 292005.287671621481422, 5048539.71424425765872 ], [ 292014.93589056521887, 5048563.587998978793621 ], [ 292020.957514643552713, 5048569.57685483340174 ], [ 292028.476238932926208, 5048582.564003230072558 ], [ 292034.18905664171325, 5048590.22048772033304 ], [ 292042.321432565164287, 5048597.98317916225642 ], [ 292045.986529780726414, 5048596.530990904197097 ], [ 292052.004019566287752, 5048600.519501993432641 ], [ 292066.945110375992954, 5048617.603487103246152 ], [ 292090.00439141417155, 5048635.560081521049142 ], [ 292106.976208428153768, 5048653.52909938339144 ], [ 292128.946920917835087, 5048673.599559949710965 ], [ 292134.818540303385817, 5048682.700536401942372 ], [ 292141.071141081920359, 5048687.244319492951035 ], [ 292148.190955842845142, 5048696.120520097203553 ], [ 292151.406626199663151, 5048704.004423493519425 ], [ 292153.216490835649893, 5048750.009585226885974 ], [ 292162.838477328885347, 5048761.325662171468139 ], [ 292164.009546469547786, 5048761.545563300140202 ], [ 292165.95048870285973, 5048756.540687473490834 ], [ 292170.953210506238975, 5048760.531360879540443 ], [ 292180.966698962263763, 5048772.513470449484885 ], [ 292183.946374348714016, 5048779.508807537145913 ], [ 292197.013697385322303, 5048796.596880994737148 ], [ 292199.684535188658629, 5048805.259833758696914 ], [ 292211.582269997685216, 5048822.905954148620367 ], [ 292212.194919028377626, 5048855.911052848212421 ], [ 292252.160915816959459, 5048938.40221955999732 ], [ 292257.948059125221334, 5048944.502907019108534 ], [ 292263.979322438535746, 5048955.604070909321308 ], [ 292268.607868056453299, 5048967.708240441046655 ], [ 292280.655845360539388, 5048982.687015202827752 ], [ 292285.267010236100759, 5048986.122901209630072 ], [ 292285.970023764413781, 5048986.454893201589584 ], [ 292327.95598066248931, 5048947.808148018084466 ], [ 292318.010677849000785, 5048930.602441810071468 ], [ 292310.945243115362246, 5048909.612503129057586 ], [ 292299.985538768116385, 5048892.519982350990176 ], [ 292286.976967149879783, 5048865.540789877064526 ], [ 292265.992143194598611, 5048830.576054804958403 ], [ 292259.946963089285418, 5048812.584708630107343 ], [ 292265.988084030163009, 5048789.568200975656509 ], [ 292264.949519819812849, 5048777.567979753948748 ], [ 292249.989523497642949, 5048750.592774949967861 ], [ 292235.995785565755796, 5048738.507409702055156 ], [ 292211.954547196161002, 5048697.547844626009464 ], [ 292205.997187523113098, 5048684.557334600947797 ], [ 292203.991798655479215, 5048657.55619640648365 ], [ 292187.992519117542543, 5048618.580935559235513 ], [ 292183.99417986755725, 5048609.587267619557679 ], [ 292184.996650772925932, 5048603.584098788909614 ], [ 292194.972102126397658, 5048596.562667251564562 ], [ 292198.940238603856415, 5048590.553530856966972 ], [ 292200.959306106960867, 5048585.548510319553316 ], [ 292200.94320464489283, 5048577.547011247836053 ], [ 292195.986184834153391, 5048557.553159946575761 ], [ 292186.962777968146838, 5048533.566738066263497 ], [ 292179.95434773148736, 5048502.57492879871279 ], [ 292177.981053609983064, 5048491.576802036724985 ], [ 292178.658813981746789, 5048479.350875486619771 ], [ 292176.917853170249145, 5048467.463222190737724 ], [ 292168.518832226400264, 5048443.586703106760979 ], [ 292164.624416242237203, 5048408.810133247636259 ], [ 292136.966323693864979, 5048394.085405195131898 ], [ 292148.197978970187251, 5048390.617597390897572 ], [ 292144.663447752944194, 5048379.511505207978189 ], [ 292178.905089713924099, 5048369.218214843422174 ], [ 292177.018313062493689, 5048362.442945229820907 ], [ 292203.93334616656648, 5048356.943257876671851 ], [ 292206.204738840169739, 5048360.939453268423676 ], [ 292231.476367113529705, 5048353.22054329700768 ], [ 292221.12476566521218, 5048367.466270158067346 ], [ 292220.972915069316514, 5048369.578089728020132 ], [ 292218.017206651275046, 5048374.584983823820949 ], [ 292216.856563886220101, 5048379.588271687738597 ], [ 292221.477359581098426, 5048387.580516124144197 ], [ 292240.294230848434381, 5048430.328697235323489 ], [ 292246.655798910243902, 5048450.20863090083003 ], [ 292251.863578710821457, 5048478.53694299608469 ], [ 292256.009977120382246, 5048483.529590735211968 ], [ 292261.012858343776315, 5048487.520334685221314 ], [ 292266.009948964812793, 5048488.621652843430638 ], [ 292265.953706425381824, 5048499.512736869044602 ], [ 292264.008598343003541, 5048502.51720483135432 ], [ 292257.951173104695044, 5048517.532205119729042 ], [ 292260.00236301595578, 5048528.530200934968889 ], [ 292259.962380144163035, 5048547.533916248008609 ], [ 292255.716716604772955, 5048570.880219648592174 ], [ 292255.372812410991173, 5048593.996443290263414 ], [ 292257.800494695198722, 5048637.110944427549839 ], [ 292262.966236955951899, 5048644.546468203887343 ], [ 292272.973729242978152, 5048653.528160254471004 ], [ 292296.969016441667918, 5048671.594774750061333 ], [ 292308.995541001204401, 5048675.571535065770149 ], [ 292310.956577726930846, 5048680.568580481223762 ], [ 292298.977994270331692, 5048700.596317693591118 ], [ 292300.964989553554915, 5048718.595798860304058 ], [ 292309.959761497448198, 5048728.579763909801841 ], [ 292320.945418471877929, 5048758.563605768606067 ], [ 292332.536487874982413, 5048779.100007576867938 ], [ 292344.959621628804598, 5048786.410019178874791 ], [ 292353.001606110541616, 5048788.283276276662946 ], [ 292380.522753973375075, 5048813.78907439019531 ], [ 292380.993643656896893, 5048815.121729193255305 ], [ 292387.007624655263498, 5048817.554715196602046 ], [ 292389.983083026134409, 5048822.549774823710322 ], [ 292385.860814272367861, 5048829.559289544820786 ], [ 292387.901985805656295, 5048835.667525085620582 ], [ 292386.594469209725503, 5048845.338637550361454 ], [ 292393.94853761815466, 5048854.548050560057163 ], [ 292403.949566003691871, 5048860.529390475712717 ], [ 292415.991707508743275, 5048872.618991371244192 ], [ 292426.958816304570064, 5048893.601333681493998 ], [ 292431.330796806199942, 5048894.481753782369196 ], [ 292431.85994951298926, 5048885.812379607930779 ], [ 292439.55407542642206, 5048869.682983226142824 ], [ 292444.938616932486184, 5048869.561222023330629 ], [ 292444.938616932486184, 5048869.561222023330629 ], [ 292444.938616932486184, 5048869.561222023330629 ], [ 292445.56293703900883, 5048869.55998994782567 ], [ 292449.002178843482397, 5048872.331514226272702 ], [ 292449.937123964074999, 5048871.551742865704 ], [ 292450.877988133463077, 5048873.772535187192261 ], [ 292451.659702950681094, 5048874.437787742353976 ], [ 292451.505595885915682, 5048875.438283453695476 ], [ 292451.976027486904059, 5048876.548679721541703 ], [ 292451.353461735590827, 5048877.438967027701437 ], [ 292449.051948385545984, 5048897.558474871329963 ], [ 292455.496342935948633, 5048920.43904304690659 ], [ 292469.187381794850808, 5048937.748719378374517 ], [ 292501.006087250891142, 5048966.580558239482343 ], [ 292539.963432706135791, 5049014.513352955691516 ], [ 292551.999145456939004, 5049023.602653100155294 ], [ 292573.949336035584565, 5049034.561856887303293 ], [ 292584.958542331936769, 5049037.540941242128611 ], [ 292600.973856705357321, 5049046.511439060792327 ], [ 292610.968754398752935, 5049049.603678188286722 ], [ 292643.960899894475006, 5049080.545475694350898 ], [ 292653.963268719497137, 5049087.527404210530221 ], [ 292658.959595191641711, 5049088.517903989180923 ], [ 292663.948163955006748, 5049085.507654990069568 ], [ 292664.997548697632737, 5049103.509075957350433 ], [ 292671.964380574354436, 5049114.608818794600666 ], [ 292681.960855276323855, 5049118.590227545239031 ], [ 292686.964893962314818, 5049123.581502641551197 ], [ 292695.993281118921004, 5049151.569415409117937 ], [ 292709.935933481028769, 5049178.547656851820648 ], [ 292710.971650840481743, 5049189.547769396565855 ], [ 292718.991164334467612, 5049220.538242309354246 ], [ 292723.001856462622527, 5049236.533577350899577 ], [ 292725.1203892242047, 5049242.530643299221992 ], [ 292766.091034094861243, 5049284.126419173553586 ], [ 292757.08667224313831, 5049308.926276904530823 ], [ 292759.047796647355426, 5049314.256862819194794 ], [ 292775.727531632874161, 5049304.000612475909293 ], [ 292901.8451258042478, 5049228.856344532221556 ], [ 292895.096661349234637, 5049209.198732239194214 ], [ 293031.50632301758742, 5049127.591855153441429 ], [ 293274.480581461568363, 5048982.445409867912531 ], [ 293297.477053088368848, 5048968.844963807612658 ], [ 293313.298937246378046, 5048957.924940075725317 ], [ 293336.529293241444975, 5048944.101944745518267 ], [ 293503.199538901040796, 5048845.5579688930884 ], [ 293526.352689512947109, 5048831.735822672955692 ], [ 293543.659089029417373, 5048821.369374753907323 ], [ 293732.246939299046062, 5048712.23460182826966 ], [ 293755.479717493057251, 5048698.746565494686365 ], [ 293833.365145418094471, 5048653.712207729928195 ], [ 293835.085003679036163, 5048655.376179746352136 ], [ 293855.184844593866728, 5048635.226066693663597 ], [ 293872.80042932194192, 5048622.526217235252261 ], [ 293901.567754088435322, 5048604.917175940237939 ], [ 294032.394223821174819, 5048529.00974400434643 ], [ 294111.530948369589169, 5048483.087662850506604 ], [ 294145.524817200144753, 5048463.248186039738357 ], [ 294160.728681897046044, 5048454.442886248230934 ], [ 294167.277869242359884, 5048450.542132998816669 ], [ 294127.358888580987696, 5048382.59712599683553 ], [ 294032.334458907600492, 5048221.951504222117364 ], [ 293688.355338262568694, 5047638.664043097756803 ], [ 293564.414769299561158, 5047427.623031093738973 ], [ 293528.710145702236332, 5047366.453403849154711 ], [ 293511.246967506653164, 5047335.367872155271471 ], [ 293489.237702803104185, 5047294.066447336226702 ], [ 293467.848005790903699, 5047250.207943111658096 ], [ 293452.642927034525201, 5047216.340191943570971 ], [ 293507.382561326841824, 5047183.568440891802311 ], [ 293666.923532962042373, 5047086.597976964898407 ], [ 294032.411609061062336, 5046859.360939953476191 ], [ 294413.600859329802915, 5046621.895212570205331 ], [ 294592.975622993544675, 5046510.135126241482794 ], [ 294797.394251776044257, 5046383.781912602484226 ], [ 294943.946378540480509, 5046292.532697907648981 ], [ 295115.697744055476505, 5046186.578543299809098 ], [ 295279.177810643450357, 5046079.863772128708661 ], [ 295212.563265940349083, 5046017.953827512450516 ], [ 295118.292610071483068, 5045945.863143088296056 ], [ 294933.261457949352916, 5045803.680877030827105 ], [ 294807.090180134109687, 5045707.863000725395977 ], [ 294766.522506758279633, 5045680.144893827848136 ], [ 294727.914870554232039, 5045657.647089390084147 ], [ 294685.327732698409818, 5045636.934051742777228 ], [ 294651.965690236538649, 5045623.541050668805838 ], [ 294609.85649129038211, 5045608.939995399676263 ], [ 294565.565370644326322, 5045597.121078382246196 ], [ 294523.465267541760113, 5045588.299436936154962 ], [ 294460.585972462897189, 5045573.733477185480297 ], [ 294420.667049207899254, 5045562.01950300578028 ], [ 294402.308012873167172, 5045556.048823935911059 ], [ 294369.491501025622711, 5045542.656419930979609 ], [ 294333.93475439370377, 5045524.934626659378409 ], [ 294293.134955403103959, 5045500.44278880674392 ], [ 294266.167166074039415, 5045482.929249493405223 ], [ 294233.09437087085098, 5045456.868975730612874 ], [ 294207.678489172190893, 5045433.796486728824675 ], [ 294172.55467819259502, 5045395.737776496447623 ], [ 294148.530231327575166, 5045364.661686987616122 ], [ 294126.059467586514074, 5045329.02664493676275 ], [ 294074.379806132172234, 5045244.877059091813862 ], [ 293938.593466581660323, 5045021.958522806875408 ], [ 293878.605974977719598, 5044923.26673277001828 ], [ 293859.259955174580682, 5044890.072113774716854 ], [ 293849.076275799539872, 5044871.753179063089192 ], [ 293837.399886174767744, 5044848.324817181564867 ], [ 293825.487776532536373, 5044824.118969009257853 ], [ 293811.065568268706556, 5044793.583042140118778 ], [ 293796.091509902849793, 5044760.158696417696774 ], [ 293732.671268625825178, 5044621.800377398729324 ], [ 293677.086493649752811, 5044499.654022073373199 ], [ 293647.214878509461414, 5044433.583813799545169 ], [ 293508.829352443746757, 5044129.886770429089665 ], [ 293421.716651952476241, 5043940.120522157289088 ], [ 293414.345050974923652, 5043923.575312663801014 ], [ 293395.999052473460324, 5043927.942780912853777 ], [ 292651.717404666589573, 5044104.150562318973243 ], [ 292639.773801920004189, 5044107.063136129640043 ], [ 292256.721249119727872, 5044198.27888666279614 ], [ 292214.333989444596227, 5044208.365676765330136 ], [ 291969.927771755959839, 5044266.982909122481942 ], [ 291919.111037382739596, 5044279.089325597509742 ], [ 291907.948389660974499, 5044281.668297556228936 ], [ 290975.948415535094682, 5044501.583400804549456 ], [ 290961.742579258629121, 5044504.948695359751582 ], [ 289874.959406774665695, 5044761.044782642275095 ], [ 289671.969731433724519, 5044845.99163066688925 ], [ 289648.888869598216843, 5044860.049998628906906 ], [ 289508.05234769906383, 5044971.968468001112342 ], [ 289373.000964453269262, 5045147.999062862247229 ], [ 289367.010470634617377, 5045157.015502129681408 ], [ 289318.001358326524496, 5045232.1504749013111 ], [ 289314.656040754634887, 5045237.159680056385696 ] ] ] ] } },
{ "type": "Feature", "properties": { "id": 11, "nom": "Pointe-aux-Trembles" }, "geometry": { "type": "MultiPolygon", "coordinates": [ [ [ [ 301323.893140226486139, 5056487.705472477711737 ], [ 301409.439073104178533, 5056562.117803473956883 ], [ 301618.624116427497938, 5056682.69859613571316 ], [ 301676.555846746487077, 5056723.677576778456569 ], [ 301744.154867411125451, 5056771.431496592238545 ], [ 301868.745776911033317, 5056858.055835507810116 ], [ 301934.39297391747823, 5056904.923671089112759 ], [ 301974.85571767919464, 5056931.577257454395294 ], [ 301984.600937868759502, 5056937.796328421682119 ], [ 302008.535487059678417, 5056953.899931281805038 ], [ 302286.621906415384728, 5057147.265146158635616 ], [ 302582.85482129920274, 5057354.86140881665051 ], [ 302712.021349773742259, 5057444.057082348503172 ], [ 302812.186728472879622, 5057511.815834083594382 ], [ 302940.254904895089567, 5057598.34939222317189 ], [ 303019.758931134478189, 5057648.891976861283183 ], [ 303088.42742718628142, 5057692.103724 ], [ 303270.82267068134388, 5057853.200052515603602 ], [ 303399.112936939636711, 5057947.188959550112486 ], [ 303400.986364053096622, 5057961.413639617152512 ], [ 303404.735378599609248, 5057999.642758908681571 ], [ 303406.298016887390986, 5058018.090588237158954 ], [ 303407.863421794725582, 5058048.985382282175124 ], [ 303408.80454463820206, 5058075.990640728734434 ], [ 303408.730879882816225, 5058095.105639489367604 ], [ 303408.503695214050822, 5058124.667233727872372 ], [ 303407.886223370966036, 5058151.228308374993503 ], [ 303404.702166783332359, 5058199.683283755555749 ], [ 303400.658317550492939, 5058236.13602343108505 ], [ 303386.345373455435038, 5058346.050432898104191 ], [ 303381.600486541748978, 5058382.725619602948427 ], [ 303370.709816879127175, 5058462.63321830611676 ], [ 303358.419833025836851, 5058555.321544797159731 ], [ 303331.118219699186739, 5058759.147151732817292 ], [ 303324.273866392148193, 5058811.159357596188784 ], [ 303318.75210201338632, 5058854.391694603487849 ], [ 303313.462543867412023, 5058890.844824741594493 ], [ 303308.408464267093223, 5058934.29933256842196 ], [ 303305.842906345031224, 5058957.749171843752265 ], [ 303303.280886083957739, 5058995.868670884519815 ], [ 303303.203159130585846, 5058996.646625979803503 ], [ 303302.351337741070893, 5059018.429051470011473 ], [ 303301.734488680202048, 5059045.323575629852712 ], [ 303301.506247251178138, 5059068.217191151343286 ], [ 303301.824407884967513, 5059095.333760567009449 ], [ 303303.15587449236773, 5059124.339362647384405 ], [ 303305.656987112888601, 5059157.456637002527714 ], [ 303307.531594860425685, 5059177.238006428815424 ], [ 303309.483862887136638, 5059196.019154150038958 ], [ 303311.903610548528377, 5059214.911325355060399 ], [ 303314.63480070058722, 5059233.025487170554698 ], [ 303317.209626165975351, 5059248.917011369951069 ], [ 303319.394281138957012, 5059262.25255159009248 ], [ 303325.322785053926054, 5059293.257485888898373 ], [ 303330.392315629345831, 5059316.149859534576535 ], [ 303340.374095608887728, 5059356.155698578804731 ], [ 303346.300076192885172, 5059377.158611709252 ], [ 303351.991904530266766, 5059396.494577740319073 ], [ 303365.635785441379994, 5059439.500227519311011 ], [ 303390.194106772716623, 5059516.065862199291587 ], [ 303843.750099074561149, 5060917.712885214015841 ], [ 303955.101154937583487, 5061263.879662714898586 ], [ 303963.048713644267991, 5061288.216975506395102 ], [ 304047.273616932099685, 5061547.593463983386755 ], [ 304057.713597872992977, 5061579.821137985214591 ], [ 304061.920725647301879, 5061592.823343478143215 ], [ 304073.919437590637244, 5061635.942017860710621 ], [ 304079.841133450099733, 5061659.946327100507915 ], [ 304083.035706886381377, 5061672.837531253695488 ], [ 304089.659048577828798, 5061703.843228303827345 ], [ 304094.958199815184344, 5061733.29320390895009 ], [ 304097.29620868281927, 5061747.740393368527293 ], [ 304100.257725090370513, 5061766.521750213578343 ], [ 304102.128399372624699, 5061780.635591913945973 ], [ 304106.103877252025995, 5061813.53089118655771 ], [ 304108.053056076401845, 5061833.534843422472477 ], [ 304108.911168748571072, 5061846.648592620156705 ], [ 304109.535435274301562, 5061857.87308538146317 ], [ 304110.70603493769886, 5061879.877543179318309 ], [ 304112.820327802968677, 5061985.121482946909964 ], [ 304113.525117146840785, 5062020.573247936554253 ], [ 304114.464184392534662, 5062062.026242117397487 ], [ 304115.562160879781004, 5062132.37414572481066 ], [ 304115.875280316220596, 5062147.154976849444211 ], [ 304139.860305863490794, 5062145.040838791057467 ], [ 304193.98346646752907, 5062151.03659653570503 ], [ 304239.22960954636801, 5062165.146422442048788 ], [ 304271.626910231891088, 5062185.592309760861099 ], [ 304307.839078028628137, 5062196.925048084929585 ], [ 304404.947616062418092, 5062200.141034020110965 ], [ 304434.072574716701638, 5062204.584629956632853 ], [ 304449.958574952557683, 5062201.249687642790377 ], [ 304497.072296581696719, 5062206.359399850480258 ], [ 304556.72257097059628, 5062186.241472005844116 ], [ 304586.859843638900202, 5062190.685742201283574 ], [ 304599.786796720756683, 5062188.462626964785159 ], [ 304612.557710903463885, 5062176.237453253939748 ], [ 304613.258095943136141, 5062160.234088601544499 ], [ 304647.289100595982745, 5062162.566983051598072 ], [ 304664.187618983502034, 5062156.231935260817409 ], [ 304679.061404986656271, 5062147.896554398350418 ], [ 304691.754596557759214, 5062130.67050061840564 ], [ 304700.398348573187832, 5062111.555253077298403 ], [ 304722.357668287702836, 5062005.08827062882483 ], [ 304732.014077625761274, 5061985.861923896707594 ], [ 304735.907825921371114, 5061979.860630555078387 ], [ 304750.704220579355024, 5061967.524589098058641 ], [ 304782.633543687872589, 5061962.967912306077778 ], [ 304792.368106713693123, 5061964.857175803743303 ], [ 304806.541623516182881, 5061964.190368796698749 ], [ 304819.624870197672863, 5061964.301530544646084 ], [ 304853.423374890000559, 5061950.632210425101221 ], [ 304857.161564658861607, 5061938.518605818040669 ], [ 304840.028732693463098, 5061928.849789098836482 ], [ 304823.752470394363627, 5061925.626811485737562 ], [ 304808.566468397330027, 5061922.959549220278859 ], [ 304794.782237604260445, 5061917.736234025098383 ], [ 304789.642344136140309, 5061912.846331848762929 ], [ 304795.249494150164537, 5061910.179102204740047 ], [ 304805.76290945278015, 5061909.401163061149418 ], [ 304812.616097049904056, 5061910.401381726376712 ], [ 304834.733185648394283, 5061913.957762849517167 ], [ 304880.057449691812508, 5061930.072651760652661 ], [ 304966.966795457236003, 5061977.528716571629047 ], [ 304998.039267720945645, 5061982.975206713192165 ], [ 305044.297237958875485, 5061996.090694984421134 ], [ 305062.519789586542174, 5062006.760328583419323 ], [ 305083.857042895455379, 5062023.320274822413921 ], [ 305099.899219149083365, 5062027.988666689954698 ], [ 305148.883123582869302, 5062026.101932137273252 ], [ 305175.204293291491922, 5062039.661846087314188 ], [ 305230.960205955430865, 5062082.563295408152044 ], [ 305266.081652891531121, 5062084.899642735719681 ], [ 305297.308520144491922, 5062097.349098996259272 ], [ 305315.530260158644523, 5062109.019682715646923 ], [ 305348.00167890737066, 5062135.36128699593246 ], [ 305360.149645438301377, 5062140.141142656095326 ], [ 305380.162992304482032, 5062143.810405723750591 ], [ 305402.511198515363503, 5062161.371749433688819 ], [ 305426.651381327246781, 5062168.931263682432473 ], [ 305458.032515647646505, 5062188.383005357347429 ], [ 305479.1356750264531, 5062193.94198530819267 ], [ 305528.660466618137434, 5062218.063728522509336 ], [ 305590.331583468825556, 5062253.856500538997352 ], [ 305672.873104075784795, 5062280.317486390471458 ], [ 305709.468179811898153, 5062314.663233562372625 ], [ 305728.77827342733508, 5062329.335816085338593 ], [ 305741.78261380654294, 5062331.115916880778968 ], [ 305778.695249596727081, 5062322.453122409060597 ], [ 305808.830525186553132, 5062329.792794068343937 ], [ 305841.067248054663651, 5062343.245352108962834 ], [ 305869.178182581672445, 5062347.695484547875822 ], [ 305898.455565230513457, 5062361.14783295430243 ], [ 305906.552979543979745, 5062368.039595864713192 ], [ 305929.910862461663783, 5062387.603435038588941 ], [ 305938.944143009663094, 5062386.382600779645145 ], [ 305970.717950193211436, 5062373.830302835442126 ], [ 305989.718242647824809, 5062375.500915545970201 ], [ 306002.876825472631026, 5062384.171921684406698 ], [ 306019.303589299204759, 5062404.957241022028029 ], [ 306032.384593404072803, 5062411.627875917591155 ], [ 306062.442461620958056, 5062413.078637463971972 ], [ 306083.93223382573342, 5062425.641211331821978 ], [ 306090.784050724934787, 5062429.532329637557268 ], [ 306098.727089512511156, 5062428.422635571099818 ], [ 306106.670550436538178, 5062425.3125328598544 ], [ 306113.524671782681253, 5062418.201372986659408 ], [ 306154.562970272032544, 5062416.432005068287253 ], [ 306214.754216112429276, 5062429.225828451104462 ], [ 306244.965612098923884, 5062439.67939006537199 ], [ 306324.696095070918091, 5062476.261594660580158 ], [ 306337.777363185072318, 5062479.932242818176746 ], [ 306363.158339188317768, 5062498.49799938686192 ], [ 306386.360852428420912, 5062509.061628475785255 ], [ 306392.35710065276362, 5062507.951813316904008 ], [ 306418.288598674582317, 5062504.513324954546988 ], [ 306443.053953560010996, 5062493.962035644799471 ], [ 306465.244813923840411, 5062501.636197440326214 ], [ 306489.842318735143635, 5062536.094480912201107 ], [ 306513.198566603299696, 5062552.659882512874901 ], [ 306576.425475405179895, 5062562.56854225602001 ], [ 306594.643749593000393, 5062573.242664 ], [ 306605.546324294584338, 5062570.022914470173419 ], [ 306613.566886272106785, 5062569.802973949350417 ], [ 306628.825149360229261, 5062583.588098850101233 ], [ 306647.825252856127918, 5062583.149164472706616 ], [ 306663.712037915829569, 5062577.930576667189598 ], [ 306663.405346562736668, 5062561.92712980043143 ], [ 306647.994037131196819, 5062539.139988445676863 ], [ 306641.61433671467239, 5062520.245251791551709 ], [ 306615.775184693804476, 5062473.783493470400572 ], [ 306573.893937571148854, 5062428.539738580584526 ], [ 306563.542734263057355, 5062408.754881418310106 ], [ 306547.04073305655038, 5062385.078612111508846 ], [ 306536.919116095406935, 5062379.185661815106869 ], [ 306511.706821864761878, 5062313.609409702010453 ], [ 306487.569025329954457, 5062304.156407979317009 ], [ 306476.280720033391844, 5062292.373120155185461 ], [ 306467.569151112111285, 5062254.473968100734055 ], [ 306470.927364195173141, 5062218.356203391216695 ], [ 306456.219319476105738, 5062180.677736094221473 ], [ 306442.829980415990576, 5062161.892490207217634 ], [ 306440.816341680416372, 5062119.772047575563192 ], [ 306439.654478525684681, 5062095.988995803520083 ], [ 306427.353591888095252, 5062083.205325563438237 ], [ 306426.265168391691986, 5062076.203579241409898 ], [ 306426.110722627665382, 5062071.20249448902905 ], [ 306402.753724277717993, 5062049.636388359591365 ], [ 306399.256258277979214, 5062022.629851792939007 ], [ 306385.9434922701912, 5062006.956513325683773 ], [ 306376.449175123416353, 5061981.059811923652887 ], [ 306376.218327846494503, 5061970.057457485236228 ], [ 306375.988491045311093, 5061955.054268693551421 ], [ 306375.296952145406976, 5061918.046373078599572 ], [ 306365.097764739883132, 5061907.263778118416667 ], [ 306349.529453822993673, 5061878.587243002839386 ], [ 306346.812920944648795, 5061841.578852175734937 ], [ 306340.20116951293312, 5061809.681677891872823 ], [ 306319.815204614191316, 5061735.105581928044558 ], [ 306314.459237784612924, 5061662.200207769870758 ], [ 306305.97678669274319, 5061635.303665853105485 ], [ 306281.066298786958214, 5061587.732244974933565 ], [ 306264.88173933577491, 5061525.048716596327722 ], [ 306246.352484020462725, 5061496.371762217022479 ], [ 306206.575652683386579, 5061403.121060860343277 ], [ 306191.159583001339342, 5061381.33529950119555 ], [ 306161.801655569754075, 5061361.880334928631783 ], [ 306144.594252910057548, 5061338.871823202818632 ], [ 306136.107318683993071, 5061327.42317758873105 ], [ 306116.718672547722235, 5061305.747887356206775 ], [ 306115.321389239863493, 5061283.743024458177388 ], [ 306117.973494636593387, 5061264.739639912731946 ], [ 306086.66703450580826, 5061248.285244142636657 ], [ 306067.981585300702136, 5061213.607555738650262 ], [ 306043.375751100364141, 5061183.04070607572794 ], [ 306020.013904697727412, 5061162.476272447034717 ], [ 305994.241416165314149, 5061121.018244322389364 ], [ 305979.913571821933147, 5061103.23405325319618 ], [ 305960.060432941536419, 5061059.665744517929852 ], [ 305931.71283436997328, 5061040.100927769206464 ], [ 305923.072988525498658, 5061008.315003882162273 ], [ 305937.719719722750597, 5060987.980113088153303 ], [ 305942.627275679144077, 5060984.86925473343581 ], [ 305933.515711311192717, 5060977.088203264400363 ], [ 305914.202088294434361, 5060961.414811540395021 ], [ 305914.828776028938591, 5060941.410781896673143 ], [ 305898.706524419656489, 5060936.740287910215557 ], [ 305865.603456239798106, 5060937.401348838582635 ], [ 305843.716508326004259, 5060937.731050034053624 ], [ 305802.755138900480233, 5060885.491296811029315 ], [ 305795.050080552173313, 5060847.593333099968731 ], [ 305773.401626518927515, 5060815.027626058086753 ], [ 305762.187319515040144, 5060802.245465106330812 ], [ 305758.91772644437151, 5060790.353613714687526 ], [ 305742.563427050830796, 5060771.569459678605199 ], [ 305722.313528780883644, 5060759.008280583657324 ], [ 305718.263611330650747, 5060756.007062721997499 ], [ 305712.265944890212268, 5060756.117316680960357 ], [ 305687.425146870489698, 5060709.659687181934714 ], [ 305687.038815575360786, 5060687.655085472390056 ], [ 305681.511972402862739, 5060662.760270157828927 ], [ 305681.202662426920142, 5060646.756920838728547 ], [ 305677.075743848225102, 5060636.754273357801139 ], [ 305664.693213943159208, 5060618.97109454870224 ], [ 305655.039627904887311, 5060581.184184351935983 ], [ 305649.822230912395753, 5060570.292334160767496 ], [ 305647.178457799600437, 5060536.284955606795847 ], [ 305647.881545929587446, 5060521.281955136917531 ], [ 305641.496746347052976, 5060502.388303464278579 ], [ 305615.719273907598108, 5060458.931471168063581 ], [ 305611.050239450240042, 5060422.923436990007758 ], [ 305610.121596043987665, 5060375.91362520866096 ], [ 305606.774627674487419, 5060356.020202631130815 ], [ 305604.447318906430155, 5060281.671251152642071 ], [ 305604.214486100536305, 5060275.003181120380759 ], [ 305603.124678481428418, 5060269.112938764505088 ], [ 305596.971645142766647, 5060262.221841750666499 ], [ 305595.185352312109899, 5060220.212964190170169 ], [ 305583.737674243515357, 5060193.428224449977279 ], [ 305583.118629042408429, 5060160.421353963203728 ], [ 305585.846619941701647, 5060148.308093377389014 ], [ 305586.472713356895838, 5060125.303439398296177 ], [ 305578.997101288638078, 5060103.409109081141651 ], [ 305577.836573146516457, 5060039.506935129873455 ], [ 305571.302809397573583, 5059959.600813093595207 ], [ 305570.058113710954785, 5059945.597782537341118 ], [ 305580.735122204408981, 5059909.813981371000409 ], [ 305583.229050632100552, 5059901.368114938028157 ], [ 305578.404852643841878, 5059855.35806423611939 ], [ 305570.851960265543312, 5059825.573235069401562 ], [ 305561.505884717334993, 5059806.679321127012372 ], [ 305559.951227678568102, 5059778.673385074362159 ], [ 305554.346133891260251, 5059745.777067720890045 ], [ 305544.844902497367002, 5059719.992860455065966 ], [ 305518.759864644263871, 5059607.411168501712382 ], [ 305517.133612096833531, 5059522.393567441962659 ], [ 305523.912923461175524, 5059510.28075891174376 ], [ 305527.421658818610013, 5059485.276047881692648 ], [ 305521.816129401791841, 5059452.37977506686002 ], [ 305509.508485260710586, 5059436.597356280311942 ], [ 305503.283157433033921, 5059371.694485387764871 ], [ 305501.103108260489535, 5059359.247250057756901 ], [ 305499.935208727256395, 5059352.69022252317518 ], [ 305492.536275604157709, 5059330.796031449921429 ], [ 305485.303642701823264, 5059212.99338078033179 ], [ 305476.033867505204398, 5059198.100438955239952 ], [ 305471.595295959967189, 5059176.206599538214505 ], [ 305470.505075293127447, 5059171.205461051315069 ], [ 305481.883981907682028, 5059135.977278855629265 ], [ 305473.865103956777602, 5059080.076109429821372 ], [ 305474.568046236701775, 5059064.072919960133731 ], [ 305481.037867732346058, 5059035.956775384955108 ], [ 305468.186904728994705, 5058992.168677879497409 ], [ 305467.799691473483108, 5058970.164149650372565 ], [ 305477.617610085464548, 5058963.05264675244689 ], [ 305480.191507884650491, 5058937.936695587821305 ], [ 305477.932549622724764, 5058932.824296660721302 ], [ 305471.778789319039788, 5058919.154178492724895 ], [ 305470.456391953979619, 5058899.149959670379758 ], [ 305470.461872068815865, 5058848.139567765407264 ], [ 305476.151657635520678, 5058830.025380915030837 ], [ 305468.519451640720945, 5058797.128971020691097 ], [ 305467.280067201470956, 5058729.114993624389172 ], [ 305474.065544349025004, 5058666.991972282528877 ], [ 305464.717533826071303, 5058647.20916847512126 ], [ 305464.097702725150157, 5058614.202390628866851 ], [ 305473.45148461923236, 5058580.974415360018611 ], [ 305475.401737540785689, 5058559.859223210252821 ], [ 305475.947808311553672, 5058553.969196383841336 ], [ 305468.315370285592508, 5058520.072597933001816 ], [ 305450.708974395296536, 5058487.397433388978243 ], [ 305458.197955769719556, 5058405.159297269769013 ], [ 305462.720023661735468, 5058380.154700437560678 ], [ 305459.061633600853384, 5058343.146803420037031 ], [ 305476.441783031390514, 5058309.808565784245729 ], [ 305476.60239760496188, 5058265.799657895229757 ], [ 305473.098886166000739, 5058237.904734624549747 ], [ 305480.582135809236206, 5058213.678412782028317 ], [ 305485.962580856459681, 5058179.67210980784148 ], [ 305482.536670915491413, 5058154.666667844168842 ], [ 305491.888418038201053, 5058146.888343591243029 ], [ 305512.072683958569542, 5058130.109436276368797 ], [ 305508.87902252888307, 5058119.217977910302579 ], [ 305512.859351735853124, 5058065.096360451541841 ], [ 305523.614440708828624, 5058052.8729008436203 ], [ 305543.021811583079398, 5058019.535098965279758 ], [ 305542.479662455618382, 5057991.529367162846029 ], [ 305552.151079022325575, 5057920.293892694637179 ], [ 305573.82363333174726, 5057848.837650092318654 ], [ 305579.204539478989318, 5057817.720919728279114 ], [ 305593.470521865936462, 5057777.492366459220648 ], [ 305603.136288768786471, 5057757.267294752411544 ], [ 305608.672371659195051, 5057733.152027991600335 ], [ 305616.311942671658471, 5057714.038051442243159 ], [ 305627.068103835103102, 5057699.814372947439551 ], [ 305640.940432041708846, 5057693.592747520655394 ], [ 305666.89140913146548, 5057691.040225464850664 ], [ 305668.685326053702738, 5057680.038253892213106 ], [ 305658.478120420069899, 5057668.25668646581471 ], [ 305647.806146993476432, 5057635.470834218896925 ], [ 305647.338609112193808, 5057635.137370138429105 ], [ 305639.779960984829813, 5057630.579873898997903 ], [ 305633.476381604967173, 5057564.676846464164555 ], [ 305636.283400801941752, 5057553.563869594596326 ], [ 305657.873507850978058, 5057531.228961443528533 ], [ 305668.784689896798227, 5057526.007194911129773 ], [ 305678.605687363888137, 5057514.784084157086909 ], [ 305682.193669842497911, 5057492.780154571868479 ], [ 305675.574037232610863, 5057459.883704398758709 ], [ 305693.274541530408897, 5057391.5391097785905 ], [ 305704.974611571466085, 5057322.304632199928164 ], [ 305719.319750193972141, 5057286.96628185082227 ], [ 305720.489461377961561, 5057282.298848257400095 ], [ 305730.471177200612146, 5057241.736611017026007 ], [ 305755.496785322495271, 5057187.284993913024664 ], [ 305769.069673659221735, 5057109.938203889876604 ], [ 305781.775340028223582, 5057097.715509925037622 ], [ 305790.507183721871115, 5057079.602138140238822 ], [ 305801.418945027515292, 5057076.381008835509419 ], [ 305803.367543257947545, 5057075.381120696663857 ], [ 305804.30329388770042, 5057072.269534869119525 ], [ 305805.239671624032781, 5057065.268279012292624 ], [ 305802.200246385124046, 5057064.378722964785993 ], [ 305792.146730928972829, 5057061.598781599663198 ], [ 305780.92572939657839, 5057048.705530422739685 ], [ 305782.333330974972341, 5057018.699725423939526 ], [ 305790.910362083173823, 5056994.585127162747085 ], [ 305797.383750201726798, 5056966.469402140006423 ], [ 305806.125652657123283, 5056887.343815176747739 ], [ 305806.750156946305651, 5056881.231578576378524 ], [ 305806.132277648081072, 5056846.224457710050046 ], [ 305817.362245396128856, 5056805.995988376438618 ], [ 305823.535329985548742, 5056709.866621322929859 ], [ 305831.331868313136511, 5056695.75396566838026 ], [ 305828.068831431795843, 5056631.740608915686607 ], [ 305833.375100677018054, 5056594.62294343393296 ], [ 305820.126954361447133, 5056580.840229674242437 ], [ 305791.054506422602572, 5056577.390414686873555 ], [ 305791.212087152060121, 5056566.721638139337301 ], [ 305791.766959317727014, 5056508.376720908097923 ], [ 305785.859256743453443, 5056406.466522553935647 ], [ 305776.12255468085641, 5056364.678866161033511 ], [ 305766.694276083610021, 5056343.784337278455496 ], [ 305764.985013062658254, 5056307.776881785131991 ], [ 305759.532540903892368, 5056282.882182396017015 ], [ 305743.329400513204746, 5056217.1999382218346 ], [ 305733.823422421293799, 5056192.415787298232317 ], [ 305726.112153062887955, 5056154.407057723961771 ], [ 305721.75022306520259, 5056132.624290836974978 ], [ 305696.426835123740602, 5056062.050981554202735 ], [ 305693.781109431700315, 5056030.044224534183741 ], [ 305693.324849318130873, 5055950.028221643529832 ], [ 305692.158353635983076, 5055930.579738290049136 ], [ 305688.892269276198931, 5055875.123790231533349 ], [ 305685.774878722033463, 5055870.122352238744497 ], [ 305685.311116698430851, 5055842.227847493253648 ], [ 305688.745186945365276, 5055813.111431975848973 ], [ 305694.592843706079293, 5055804.999541986733675 ], [ 305697.400474062073044, 5055795.887021188624203 ], [ 305702.087937690375838, 5055724.87357746809721 ], [ 305706.845202935102861, 5055710.760349985212088 ], [ 305714.642300669685937, 5055699.537033848464489 ], [ 305736.238795907294843, 5055679.202858662232757 ], [ 305738.96918976638699, 5055666.08955190423876 ], [ 305753.08342040842399, 5055637.530460090376437 ], [ 305755.267243808368221, 5055630.529403022490442 ], [ 305759.948077225417364, 5055607.747818257659674 ], [ 305762.131833137245849, 5055601.302429798990488 ], [ 305764.005501623440068, 5055583.632543473504484 ], [ 305777.027303769253194, 5055563.630595115013421 ], [ 305780.06788151798537, 5055561.852940624579787 ], [ 305784.902299722540192, 5055554.741177951917052 ], [ 305788.7233637557365, 5055547.184725957922637 ], [ 305787.403511740267277, 5055512.955501988530159 ], [ 305787.248405562597327, 5055507.843351985327899 ], [ 305787.014727469475474, 5055506.620850276201963 ], [ 305787.170641651784535, 5055506.620874911546707 ], [ 305786.937788644281682, 5055500.175114750862122 ], [ 305785.846861742495093, 5055497.174347159452736 ], [ 305785.847177405958064, 5055495.17395032569766 ], [ 305776.185915628098883, 5055460.387755084782839 ], [ 305779.304623003932647, 5055457.832180630415678 ], [ 305778.992983766132966, 5055456.60966709908098 ], [ 305781.020512581628282, 5055452.609191639348865 ], [ 305799.030515587655827, 5055441.609863601624966 ], [ 305803.552663008042146, 5055437.94319439958781 ], [ 305801.136536496924236, 5055434.386545961722732 ], [ 305793.652463191305287, 5055435.052150059491396 ], [ 305774.862976339762099, 5055445.384572901763022 ], [ 305759.972377146361396, 5055449.605326883494854 ], [ 305751.942537245631684, 5055450.826562877744436 ], [ 305745.940073702600785, 5055448.93638757430017 ], [ 305738.846798068203498, 5055443.04526059050113 ], [ 305724.583416351408232, 5055423.372566078789532 ], [ 305723.959866364952177, 5055422.594541802071035 ], [ 305723.803982951503713, 5055422.372252454049885 ], [ 305705.955146014050115, 5055397.698080574162304 ], [ 305695.667052315839101, 5055380.804359746165574 ], [ 305683.042241612391081, 5055349.018485493026674 ], [ 305671.740240648796316, 5055334.236191676929593 ], [ 305635.181397095322609, 5055304.002986690029502 ], [ 305617.799384134530555, 5055281.218396949581802 ], [ 305584.596043360128533, 5055220.868856966495514 ], [ 305582.336200160265435, 5055212.755856542848051 ], [ 305577.971297203795984, 5055205.531659445725381 ], [ 305577.972348873503506, 5055197.085543406195939 ], [ 305577.11516542226309, 5055193.973709752783179 ], [ 305576.025243677140679, 5055181.637799615971744 ], [ 305572.985515192733146, 5055175.525102125480771 ], [ 305570.180020824656822, 5055166.522974397055805 ], [ 305552.79959750152193, 5055125.401610012166202 ], [ 305552.565952898468822, 5055123.401186177507043 ], [ 305551.475502512475941, 5055114.954939868301153 ], [ 305546.955062948050909, 5055103.618822523392737 ], [ 305544.151431167614646, 5055078.391277020797133 ], [ 305527.625543514091987, 5055059.941238732077181 ], [ 305488.023740814358462, 5055030.597619480453432 ], [ 305472.66703383642016, 5055011.925590709783137 ], [ 305446.788050499744713, 5054965.358102154918015 ], [ 305444.528543399646878, 5054951.355102585628629 ], [ 305445.154527477337979, 5054929.350821090862155 ], [ 305484.84116639662534, 5054903.683308546431363 ], [ 305484.997107806440908, 5054903.572192584164441 ], [ 305494.978803392965347, 5054883.569345244206488 ], [ 305494.979260724969208, 5054879.457422411069274 ], [ 305492.095112740411423, 5054874.456115048378706 ], [ 305485.0009332196787, 5054868.676414771936834 ], [ 305459.044009979523253, 5054817.107890775427222 ], [ 305448.831623403006233, 5054806.326917306520045 ], [ 305440.725034655246418, 5054788.211395978927612 ], [ 305434.956325814535376, 5054780.542627826333046 ], [ 305433.007476023514755, 5054777.541838217526674 ], [ 305431.44853409670759, 5054773.763157402165234 ], [ 305367.904699500766583, 5054788.648885758593678 ], [ 305282.764228761545382, 5054808.645674465224147 ], [ 305260.699530685960781, 5054813.756128498353064 ], [ 305148.583346248080488, 5054839.865132841281593 ], [ 305051.281598934554495, 5054862.642736557871103 ], [ 305038.729103365563788, 5054865.531703599728644 ], [ 305013.624143254302908, 5054871.420846413820982 ], [ 304791.501883862598334, 5054923.316336042247713 ], [ 304574.37295223493129, 5054974.108212934806943 ], [ 304556.597385264234617, 5054978.33193660248071 ], [ 304369.175705509143881, 5055022.01734518725425 ], [ 304351.32244242815068, 5055026.130525457672775 ], [ 304300.803295234974939, 5055037.803330391645432 ], [ 304192.437272474751808, 5055063.151270078495145 ], [ 303907.571337206813041, 5055129.643050781451166 ], [ 303547.404689857794438, 5055213.7215017369017 ], [ 303517.781088745337911, 5055220.951163261197507 ], [ 303406.147230746457353, 5055246.980219607241452 ], [ 303213.596498975413851, 5055291.479392844252288 ], [ 303130.574503537791315, 5055310.83818959724158 ], [ 303132.758171251625754, 5055313.838201090693474 ], [ 303019.660347394936252, 5055388.995408572256565 ], [ 302641.879318326944485, 5055632.60726597905159 ], [ 302228.357073711173143, 5055899.372409127652645 ], [ 302221.732926034834236, 5055903.709336343221366 ], [ 301785.726059385051485, 5056184.404909188859165 ], [ 301438.511327190266456, 5056415.739448166452348 ], [ 301337.762396397360135, 5056478.80709938518703 ], [ 301323.893140226486139, 5056487.705472477711737 ] ] ], [ [ [ 305417.028712492494378, 5062615.245938212610781 ], [ 305405.584280081850011, 5062592.462262181565166 ], [ 305407.691510726290289, 5062543.452195978723466 ], [ 305400.141073047241662, 5062513.556312225759029 ], [ 305385.034619312442373, 5062510.887650766409934 ], [ 305368.059017133084126, 5062511.108349496498704 ], [ 305343.842480462451931, 5062500.5484226224944 ], [ 305283.184625099878758, 5062465.758362784050405 ], [ 305258.812837616540492, 5062444.196451310999691 ], [ 305234.595855991181452, 5062433.636949980631471 ], [ 305209.990885835839435, 5062401.072911334224045 ], [ 305162.335692385560833, 5062368.952126618474722 ], [ 305148.085930916946381, 5062356.281997037120163 ], [ 305133.68096291605616, 5062332.498455892316997 ], [ 305119.353398495353758, 5062315.716417352668941 ], [ 305098.327915727393702, 5062316.1599131654948 ], [ 305094.511800830485299, 5062324.27253982052207 ], [ 305094.900125026702881, 5062346.166027153842151 ], [ 305090.149341014679521, 5062359.279659103602171 ], [ 305077.06709099910222, 5062355.500495560467243 ], [ 305072.551802489964757, 5062326.605362585745752 ], [ 305056.279225215839688, 5062261.924478927627206 ], [ 305042.808282354206312, 5062235.140562574379146 ], [ 304986.974566206568852, 5062192.240783243440092 ], [ 304966.727790079428814, 5062178.570685842074454 ], [ 304942.664846641127951, 5062176.01399911288172 ], [ 304885.816815483209211, 5062186.126181704923511 ], [ 304800.0, 5062215.465055876411498 ], [ 304799.377013367484324, 5062215.687324584461749 ], [ 304794.626753325283062, 5062230.801597158424556 ], [ 304787.85181568126427, 5062243.915459133684635 ], [ 304786.138639357464854, 5062257.029315432533622 ], [ 304788.474858663859777, 5062275.922149830497801 ], [ 304791.745524096535519, 5062288.924863681197166 ], [ 304795.09405198704917, 5062306.81749105360359 ], [ 304795.405553281423636, 5062323.821047368459404 ], [ 304787.774142782203853, 5062345.936795298010111 ], [ 304781.155102871183772, 5062364.051713047549129 ], [ 304776.560772717639338, 5062387.167676995508373 ], [ 304782.011818979866803, 5062409.061129990965128 ], [ 304800.0, 5062416.72937582153827 ], [ 304800.155741635069717, 5062416.72937582526356 ], [ 304844.541956064640544, 5062437.956200814805925 ], [ 304862.919207927887328, 5062457.627144442871213 ], [ 304860.193592658615671, 5062473.630468676798046 ], [ 304872.496874392090831, 5062490.411891887895763 ], [ 304898.583217931096442, 5062494.968759745359421 ], [ 304933.624638958717696, 5062495.302815559320152 ], [ 304968.743763619160745, 5062501.638327453285456 ], [ 305000.98147757985862, 5062512.974991289898753 ], [ 305024.2639288653736, 5062528.645734809339046 ], [ 305094.579416186606977, 5062541.317982151173055 ], [ 305168.086489682435058, 5062566.882800973951817 ], [ 305205.22949827829143, 5062574.219975414685905 ], [ 305229.523438646865543, 5062590.780628243461251 ], [ 305230.535731014912017, 5062590.780698076821864 ], [ 305235.596921044343617, 5062594.670753899030387 ], [ 305285.351751644164324, 5062635.794160987250507 ], [ 305344.685850726382341, 5062651.580150216817856 ], [ 305359.714372352813371, 5062651.359212715178728 ], [ 305369.526477516395971, 5062643.136154719628394 ], [ 305377.314583677507471, 5062629.022800595499575 ], [ 305392.265303249820136, 5062628.69079995341599 ], [ 305407.216500758368056, 5062623.468921079300344 ], [ 305417.028712492494378, 5062615.245938212610781 ] ] ] ] } },
{ "type": "Feature", "properties": { "id": 12, "nom": "Lachine" }, "geometry": { "type": "MultiPolygon", "coordinates": [ [ [ [ 294684.944634540588595, 5034291.378294049762189 ], [ 294678.362404394312762, 5034284.165452747605741 ], [ 294624.685871939524077, 5034225.686711691319942 ], [ 294538.594452744349837, 5034149.147093437612057 ], [ 294430.905376784270629, 5034069.19920517783612 ], [ 294325.981610731163528, 5034007.362694299779832 ], [ 294115.434790977858938, 5033890.14163017179817 ], [ 293821.501980058383197, 5033735.621896495111287 ], [ 293359.016450241790153, 5033478.847512992098927 ], [ 293343.511005915410351, 5033470.318749096244574 ], [ 293311.948511456255801, 5033451.150879899971187 ], [ 293255.771968846209347, 5033405.357175472192466 ], [ 293217.54743230692111, 5033379.867619107477367 ], [ 293088.72616027953336, 5033269.198737730272114 ], [ 293052.839892814168707, 5033239.816292942501605 ], [ 292967.903379580995534, 5033170.74170708283782 ], [ 292938.754952485440299, 5033147.014855750836432 ], [ 292861.285105259856209, 5033097.264190087094903 ], [ 292814.207246749429032, 5033067.015316962264478 ], [ 292704.069849239604082, 5032996.214278471656144 ], [ 292620.018678406078834, 5032943.589867901988328 ], [ 292527.599517753929831, 5032893.53887624759227 ], [ 292428.771762986376416, 5032847.835891953669488 ], [ 292318.573731608747039, 5032790.043876464478672 ], [ 292242.656505875347648, 5032738.853056174702942 ], [ 292113.312821193074342, 5032655.765322893857956 ], [ 292046.319833128596656, 5032608.448418186977506 ], [ 291934.625645070977043, 5032549.777114307507873 ], [ 291878.309904202760663, 5032521.221074129454792 ], [ 291862.64359903242439, 5032512.696286348626018 ], [ 291822.066992800566368, 5032528.226852635852993 ], [ 291822.381203594792169, 5032490.886665724217892 ], [ 291812.119778990047053, 5032485.351357752457261 ], [ 291779.776030760956928, 5032471.415870415046811 ], [ 291732.082397913269233, 5032450.844632279127836 ], [ 291629.672149777819868, 5032419.275076786987484 ], [ 291550.761812820273917, 5032400.659824693575501 ], [ 291453.892530958459247, 5032399.975486155599356 ], [ 291395.677007295773365, 5032399.543572947382927 ], [ 291331.281775877519976, 5032399.903328936547041 ], [ 291248.655444931820966, 5032400.302977233193815 ], [ 291228.710138914000709, 5032403.67984816711396 ], [ 291086.43472050287528, 5032427.992288025096059 ], [ 291084.0881049001473, 5032428.330791177228093 ], [ 290916.37233248987468, 5032447.25723163690418 ], [ 290903.465179177583195, 5032448.730407009832561 ], [ 290786.464343674830161, 5032507.888587240129709 ], [ 290656.306386658048723, 5032560.632996243424714 ], [ 290654.430300877022091, 5032561.415121119469404 ], [ 290580.676946068240795, 5032574.805782506242394 ], [ 290469.91861647675978, 5032589.837289540097117 ], [ 290426.344318959570955, 5032558.709228839725256 ], [ 290381.043717921711504, 5032491.46827604714781 ], [ 290345.31991864356678, 5032506.21935352217406 ], [ 290343.458151916449424, 5032513.224801001138985 ], [ 290345.770869684056379, 5032532.222665910609066 ], [ 290349.94048554886831, 5032542.103632554411888 ], [ 290376.537320816540159, 5032573.603446853347123 ], [ 290377.644183923664968, 5032578.601746377535164 ], [ 290374.765246802882757, 5032585.609516762197018 ], [ 290359.246191068203188, 5032607.982183472253382 ], [ 290343.20698435488157, 5032608.241272252984345 ], [ 290323.265112653025426, 5032612.621178699657321 ], [ 290319.277304241026286, 5032613.741651656106114 ], [ 290315.286939130746759, 5032613.750835909508169 ], [ 290305.272417104395572, 5032613.996155974455178 ], [ 290294.321035864006262, 5032615.132689326070249 ], [ 290279.420637592033017, 5032566.381112988106906 ], [ 290266.524908909457736, 5032572.634147930890322 ], [ 290240.733528200304136, 5032585.14029745478183 ], [ 290251.466791246086359, 5032625.011040543206036 ], [ 290234.576226246077567, 5032629.273044867441058 ], [ 290231.03986376314424, 5032656.396884420886636 ], [ 290206.083782536792569, 5032657.788272556848824 ], [ 290204.227114389068447, 5032666.90521686989814 ], [ 290191.322120251948945, 5032669.046629593707621 ], [ 290191.057207950390875, 5032656.045066119171679 ], [ 290187.067127562826499, 5032656.165460870601237 ], [ 290182.057578748848755, 5032655.28805885836482 ], [ 290181.612927121517714, 5032632.285238074138761 ], [ 290170.578706253611017, 5032631.421844426542521 ], [ 290165.08192082401365, 5032656.549945420585573 ], [ 290146.069909418816678, 5032656.927581974305212 ], [ 290145.802574015047867, 5032642.925858278758824 ], [ 290135.702869130123872, 5032640.171144094318151 ], [ 290135.525406914122868, 5032631.170049481093884 ], [ 290129.57899655320216, 5032631.183910429477692 ], [ 290106.493902295653243, 5032629.681958260014653 ], [ 290107.331213592842687, 5032619.678327303379774 ], [ 290097.31411099206889, 5032618.812687130644917 ], [ 290097.221846845757682, 5032612.811897275969386 ], [ 289975.377597510174382, 5032571.090735374949872 ], [ 289921.392034344142303, 5032572.107190036214888 ], [ 289880.394292669487186, 5032572.871040835045278 ], [ 289881.231252855679486, 5032562.867379900999367 ], [ 289879.858433929213788, 5032544.867617404088378 ], [ 289879.232469975366257, 5032511.863571022637188 ], [ 289911.142765814380255, 5032506.231501622125506 ], [ 289910.9626134383725, 5032496.230252598412335 ], [ 289871.071657238469925, 5032501.992380862124264 ], [ 289865.220248114899732, 5032509.118568387813866 ], [ 289865.677930503734387, 5032537.122174845077097 ], [ 289866.386954222805798, 5032572.126359735615551 ], [ 289851.364829409052618, 5032572.38428814522922 ], [ 289844.230719482526183, 5032566.511363754048944 ], [ 289824.431524196232203, 5032565.002636214718223 ], [ 289803.145170664181933, 5032563.27525557205081 ], [ 289804.455825717479456, 5032522.26525747589767 ], [ 289817.984031845291611, 5032518.899141708388925 ], [ 289830.339125735103153, 5032515.758105208165944 ], [ 289836.192867649660911, 5032509.632047012448311 ], [ 289838.988241779909004, 5032500.623891989700496 ], [ 289815.35568111523753, 5032499.457696507684886 ], [ 289792.97554378642235, 5032498.510862243361771 ], [ 289789.07527800637763, 5032503.521003067493439 ], [ 289786.287400601489935, 5032515.640795414336026 ], [ 289786.740661504969466, 5032541.644073236733675 ], [ 289784.211137162463274, 5032563.65379832778126 ], [ 289733.198504361789674, 5032564.553644061088562 ], [ 289708.822796492837369, 5032547.053555537946522 ], [ 289705.671472264803015, 5032538.059604287147522 ], [ 289729.603576471155975, 5032533.668182615190744 ], [ 289726.454671250423416, 5032525.674383163452148 ], [ 289682.576316920109093, 5032532.558558606542647 ], [ 289678.3151168890181, 5032517.566281133331358 ], [ 289639.358606025518384, 5032521.327299094758928 ], [ 289547.734647330013104, 5032488.987694712355733 ], [ 289544.947227599332109, 5032501.107594756409526 ], [ 289603.375128113897517, 5032524.970248150639236 ], [ 289534.206551913754083, 5032621.376050227321684 ], [ 289507.492490812612232, 5032639.888460589572787 ], [ 289479.663718674099073, 5032650.402354860678315 ], [ 289450.810575270210393, 5032657.918367157690227 ], [ 289422.886625540850218, 5032661.431568761356175 ], [ 289398.023930826864671, 5032668.938073267228901 ], [ 289350.435525858367328, 5032693.836683449335396 ], [ 289297.074898953607772, 5032725.751053787767887 ], [ 289277.136580499238335, 5032731.134441195055842 ], [ 289231.492766167677473, 5032751.028318726457655 ], [ 289184.655774333630688, 5032762.924142424017191 ], [ 289157.744588751695119, 5032764.435673869214952 ], [ 289139.840487801877316, 5032769.703311250545084 ], [ 289123.799514256184921, 5032769.076476215384901 ], [ 289071.859729617834091, 5032773.984676495194435 ], [ 289058.965616354253143, 5032780.240191912278533 ], [ 289055.162146614049561, 5032792.36286164354533 ], [ 289041.334215149632655, 5032800.621087752282619 ], [ 289016.378947226796299, 5032802.017196650616825 ], [ 288992.539432529127225, 5032811.523080945946276 ], [ 288964.354002188891172, 5032804.037123646587133 ], [ 288930.669224637560546, 5032818.680002539418638 ], [ 288917.603714790020604, 5032818.935228751040995 ], [ 288884.85294227785198, 5032831.575658957473934 ], [ 288866.853288843529299, 5032829.843135469593108 ], [ 288823.459336422500201, 5032810.616572727449238 ], [ 288814.378973386716098, 5032808.861557829193771 ], [ 288774.485594461730216, 5032812.519193641841412 ], [ 288748.159806436626241, 5032798.028285097330809 ], [ 288658.91582510835724, 5032839.708038432523608 ], [ 288574.859733304125257, 5032890.266078573651612 ], [ 288496.56094304745784, 5032927.808130430988967 ], [ 288470.688481290475465, 5032937.321268291212618 ], [ 288459.654546108853538, 5032936.4608752746135 ], [ 288421.629769524792209, 5032936.226353945210576 ], [ 288408.554096633801237, 5032932.481987523846328 ], [ 288374.417430502478965, 5032923.124968772754073 ], [ 288336.397510898124892, 5032924.780158341862261 ], [ 288310.51216938853031, 5032929.293142402544618 ], [ 288281.664303401834331, 5032937.814688154496253 ], [ 288240.943292298237793, 5032953.591050557792187 ], [ 288195.877157879294828, 5032953.376429843716323 ], [ 288184.004013657628093, 5032960.631221648305655 ], [ 288170.080844447482377, 5032961.89043649751693 ], [ 288106.461301387287676, 5032987.063155110925436 ], [ 288086.877616173645947, 5033007.451931018382311 ], [ 288054.778291699360125, 5033058.101422498002648 ], [ 288030.09627825563075, 5033073.503101426176727 ], [ 288007.095844092371408, 5033074.008970438502729 ], [ 287953.300468482426368, 5033085.932566986419261 ], [ 287940.416137968248222, 5033095.190870520658791 ], [ 287922.595199726114515, 5033101.573061564005911 ], [ 287827.909006269357633, 5033123.387000598013401 ], [ 287646.858210823498666, 5033176.775916178710759 ], [ 287598.919882327085361, 5033184.241384629160166 ], [ 287560.053312072937842, 5033190.348792660050094 ], [ 287522.205400807317346, 5033197.009293933399022 ], [ 287521.188342093548272, 5033197.012087170034647 ], [ 287521.511965484183747, 5033200.900750455446541 ], [ 287526.994587722991128, 5033260.118019920773804 ], [ 287529.268879613257013, 5033262.1121173100546 ], [ 287525.433747424220201, 5033290.016295189969242 ], [ 287585.643400222994387, 5033250.066691641695797 ], [ 287581.614672514551785, 5033293.085052546113729 ], [ 287643.518445066176355, 5033300.472774479538202 ], [ 287642.289129354874603, 5033308.699752044863999 ], [ 287641.595026507915463, 5033312.368937369436026 ], [ 287629.846036508213729, 5033364.63212773296982 ], [ 287625.904987634625286, 5033382.534828430972993 ], [ 287622.198356404900551, 5033400.325762039981782 ], [ 287619.725864487350918, 5033411.667782754637301 ], [ 287618.179119925596751, 5033418.228682324290276 ], [ 287617.098434402083512, 5033423.565878343768418 ], [ 287614.237835439969786, 5033436.020262760110199 ], [ 287611.608604432956781, 5033447.251585559919477 ], [ 287610.062181045534089, 5033453.923616809770465 ], [ 287606.120942674751859, 5033471.715203450992703 ], [ 287603.726436758879572, 5033482.945888790301979 ], [ 287602.806187755661085, 5033489.727340716868639 ], [ 287601.490529484988656, 5033494.954052415676415 ], [ 287598.395604607125279, 5033507.520216535776854 ], [ 287597.854062420665286, 5033509.744299527257681 ], [ 287594.611200354062021, 5033525.422513509169221 ], [ 287578.548729773261584, 5033602.035117943771183 ], [ 287574.295365159865469, 5033620.049844458699226 ], [ 287567.181620397779625, 5033650.518984960392118 ], [ 287560.082565185322892, 5033686.322341891936958 ], [ 287556.533068491087761, 5033704.22402419988066 ], [ 287551.262559811177198, 5033722.130428143776953 ], [ 287548.948612719774246, 5033734.138829985633492 ], [ 287538.297009065165184, 5033786.621485400013626 ], [ 287526.554676949686836, 5033840.662981813773513 ], [ 287525.472618577128742, 5033845.444550856947899 ], [ 287520.52866048848955, 5033868.239816666580737 ], [ 287517.636706494376995, 5033869.136803383938968 ], [ 287495.774257723474875, 5033969.436341563239694 ], [ 287465.719657096837182, 5034105.653609607368708 ], [ 287456.217009678424802, 5034148.798335833474994 ], [ 287439.685167460993398, 5034224.190249887295067 ], [ 287429.797299063473474, 5034269.336434048600495 ], [ 287411.643432417302392, 5034351.956387598998845 ], [ 287531.859841269731987, 5034348.291244976222515 ], [ 287528.704053843510337, 5034366.969795043580234 ], [ 287484.746614045812748, 5034566.902923637069762 ], [ 287464.042691815877333, 5034660.753950265236199 ], [ 287351.323759624385275, 5035165.48649203684181 ], [ 287235.421251039835624, 5035699.791170784272254 ], [ 287236.832962268788833, 5035701.231923371553421 ], [ 287216.011827132664621, 5035722.51606070715934 ], [ 287223.226470745401457, 5035729.608238290064037 ], [ 287222.134103553544264, 5035730.500336967408657 ], [ 287297.18243773560971, 5035804.748390911146998 ], [ 287308.632523325737566, 5035816.385227059014142 ], [ 287318.984640236129053, 5035826.913831863552332 ], [ 287329.181244205567054, 5035837.776277549564838 ], [ 287339.221408379089553, 5035848.639174303039908 ], [ 287344.241786075232085, 5035854.181758420541883 ], [ 287349.262154936790466, 5035859.724346570670605 ], [ 287354.20462128269719, 5035865.37828548066318 ], [ 287384.404181710851844, 5035898.411446888931096 ], [ 287415.773371162358671, 5035930.330213045701385 ], [ 287448.311574730905704, 5035960.912341888993979 ], [ 287453.329006805608515, 5035965.45484625082463 ], [ 287458.190030041558202, 5035969.997786123305559 ], [ 287463.129246997297741, 5035974.540514079853892 ], [ 287469.166636791313067, 5035980.302654107101262 ], [ 287475.204015527619049, 5035986.064799952320755 ], [ 287481.163488871534355, 5035991.938296794891357 ], [ 287486.338803908030968, 5035997.036045242100954 ], [ 287491.514110561169218, 5036002.133797970600426 ], [ 287496.611514414777048, 5036007.342899959534407 ], [ 287504.061339329346083, 5036014.879274385981262 ], [ 287517.079245549160987, 5036028.179134449921548 ], [ 287530.097402093640994, 5036041.590151332318783 ], [ 287542.959103704371955, 5036055.001624695025384 ], [ 287587.112459068885073, 5036101.222002129070461 ], [ 287604.287631052022334, 5036119.289273790083826 ], [ 287635.971040709060617, 5036152.541845229454339 ], [ 287711.962637839373201, 5036232.237669639289379 ], [ 287717.687668926722836, 5036238.334289126098156 ], [ 287723.334491554764099, 5036244.431126310490072 ], [ 287728.903407784469891, 5036250.639310747385025 ], [ 287736.746971392771229, 5036259.397327777929604 ], [ 287744.434722156438511, 5036268.378038574010134 ], [ 287752.044555468368344, 5036277.470100708305836 ], [ 287753.456621817022096, 5036279.133229493163526 ], [ 287754.790490500570741, 5036280.796570665203035 ], [ 287756.124358480155934, 5036282.459912125021219 ], [ 287770.481062072445638, 5036299.646236843429506 ], [ 287785.30566281080246, 5036316.386805390939116 ], [ 287800.520264366292395, 5036332.792962320148945 ], [ 287816.830432450980879, 5036349.529587366618216 ], [ 287833.608788950776216, 5036365.931599073112011 ], [ 287850.698342136805877, 5036381.777163345366716 ], [ 287859.477822900749743, 5036389.754895555786788 ], [ 287868.023293783888221, 5036397.955531623214483 ], [ 287876.568742389499675, 5036406.156179354526103 ], [ 287883.782456508779433, 5036413.471378249116242 ], [ 287890.996452845283784, 5036420.89771524630487 ], [ 287898.054041999275796, 5036428.324481144547462 ], [ 287991.999827730644029, 5036528.312331197783351 ], [ 288091.588745851884596, 5036634.398763611912727 ], [ 288100.057752175605856, 5036643.488963208161294 ], [ 288108.527029204415157, 5036652.690304117277265 ], [ 288116.91808931279229, 5036661.891864081844687 ], [ 288126.485838646825869, 5036672.535011212341487 ], [ 288135.975658416224178, 5036683.289510181173682 ], [ 288145.309356755809858, 5036694.155567856505513 ], [ 288154.250298617465887, 5036704.355896005406976 ], [ 288163.112725808168761, 5036714.445314126089215 ], [ 288166.092827670625411, 5036717.771344028413296 ], [ 288169.07292638416402, 5036721.097375355660915 ], [ 288172.053315993282013, 5036724.534537941217422 ], [ 288180.67934914532816, 5036733.957822626456618 ], [ 288189.305650218389928, 5036743.492249073460698 ], [ 288198.087720060138963, 5036752.804014608263969 ], [ 288212.044738076103386, 5036767.547531018964946 ], [ 288226.235969620931428, 5036782.179330099374056 ], [ 288240.504739992669784, 5036796.588695642538369 ], [ 288245.522104937350377, 5036801.576354555785656 ], [ 288250.461271565000061, 5036806.564223410561681 ], [ 288255.478328089637216, 5036811.440760453231633 ], [ 288266.296658686595038, 5036822.080828234553337 ], [ 288276.958572621049825, 5036832.721325897611678 ], [ 288287.54255260550417, 5036843.473177058622241 ], [ 288295.696484386920929, 5036851.897684518247843 ], [ 288303.7722046453855, 5036860.322407870553434 ], [ 288311.770005284168292, 5036868.858476677909493 ], [ 288312.946056278655306, 5036870.077827996574342 ], [ 288315.298156898585148, 5036872.516531297937036 ], [ 288328.470702305901796, 5036886.484449788928032 ], [ 288437.456025258696172, 5037002.220107169821858 ], [ 288461.68312918045558, 5037027.939377755858004 ], [ 288501.197775063919835, 5037069.510752781294286 ], [ 288525.503985424758866, 5037095.785717595368624 ], [ 288538.37373953795759, 5037083.750287867151201 ], [ 288529.434822235954925, 5037073.882799739018083 ], [ 288536.456122728588525, 5037067.863568060100079 ], [ 288563.441954090085346, 5037041.900340754538774 ], [ 288719.443979794625193, 5036895.806947137229145 ], [ 288789.437591498135589, 5036839.840669421479106 ], [ 289007.449521767441183, 5036628.807747333310544 ], [ 289227.436220186122227, 5036419.889116385951638 ], [ 289568.493176707357634, 5036083.883984087966383 ], [ 289685.474332035286352, 5036731.82540694065392 ], [ 290504.356950351037085, 5035932.88236737344414 ], [ 290622.809168799314648, 5035818.594445240683854 ], [ 290580.068621493235696, 5035731.00921851862222 ], [ 290504.278506760660093, 5035692.063271407037973 ], [ 290473.234080029593315, 5035590.338652493432164 ], [ 290486.590255760005675, 5035582.862503753043711 ], [ 290416.048045048024505, 5035480.116929583251476 ], [ 290381.919515711604618, 5035432.853638781234622 ], [ 290279.850881380145438, 5035294.175798532553017 ], [ 290213.982229870627634, 5035219.759912312030792 ], [ 290156.069186124601401, 5035069.424281491898 ], [ 290300.797726025106385, 5035017.079965450800955 ], [ 290324.007668805948924, 5035008.691726944409311 ], [ 290573.146740935684647, 5034918.441083027049899 ], [ 290916.259826098103076, 5034771.093577217310667 ], [ 291138.559204730438069, 5034775.496410711668432 ], [ 291196.754456151917111, 5034776.703807521611452 ], [ 291269.578614239115268, 5034779.102678595110774 ], [ 291363.40847917238716, 5034765.45475085452199 ], [ 291404.441601174941752, 5034861.383538954891264 ], [ 291408.971650600840803, 5034858.373379417695105 ], [ 291460.307832376798615, 5034944.945683998987079 ], [ 291499.503706650226377, 5035023.98723956476897 ], [ 291549.390619545825757, 5035092.115760003216565 ], [ 291620.919867248740047, 5035150.197571850381792 ], [ 291647.524481762317009, 5035193.704846202395856 ], [ 291748.537174634286202, 5035138.92949362564832 ], [ 291960.177284595614765, 5035024.140940769575536 ], [ 291986.426541646651458, 5035009.307101715356112 ], [ 292088.381000569846947, 5034953.20176968164742 ], [ 292264.325075702625327, 5034856.387723881751299 ], [ 292326.281946610077284, 5034822.369876743294299 ], [ 292358.549753638508264, 5034804.636287868022919 ], [ 292400.584145581931807, 5034781.549362641759217 ], [ 292428.63331656641094, 5034766.158184755593538 ], [ 292456.604408770683222, 5034750.767286157235503 ], [ 292478.871094681206159, 5034738.054805673658848 ], [ 292497.624449343013112, 5034728.57204491365701 ], [ 292562.632767151284497, 5034693.772664682939649 ], [ 292632.786060572194401, 5034649.629092505201697 ], [ 292901.739048516203184, 5034506.312574504874647 ], [ 293009.495543866185471, 5034448.877751403488219 ], [ 293088.497708455193788, 5034406.945314772427082 ], [ 293470.534933174727485, 5034194.876618984155357 ], [ 293586.513103043602314, 5034223.895894467830658 ], [ 293591.540929714101367, 5034279.896335484459996 ], [ 293911.408366247604135, 5034109.63929331023246 ], [ 293941.966614690609276, 5034093.806043557822704 ], [ 294026.171399826242123, 5034160.227941016666591 ], [ 294073.712541904300451, 5034195.152545661665499 ], [ 294123.594352753832936, 5034226.850773719139397 ], [ 294175.425200384284835, 5034254.989952926523983 ], [ 294477.61035766225541, 5034405.845411905087531 ], [ 294684.944634540588595, 5034291.378294049762189 ] ] ], [ [ [ 291823.487334985518828, 5032344.304490002803504 ], [ 291823.137686219473835, 5032326.52448311727494 ], [ 291817.824434566893615, 5032140.504605679772794 ], [ 291817.147554379189387, 5032115.835250058211386 ], [ 291816.950937834742945, 5032096.387991518713534 ], [ 291810.089844357280526, 5032070.508974432945251 ], [ 291794.850776111707091, 5032079.98645456135273 ], [ 291755.487193369364832, 5032115.740493826568127 ], [ 291646.843310478609055, 5032136.74784149415791 ], [ 291621.971737832005601, 5032142.245219162665308 ], [ 291557.968852887686808, 5032144.379895433783531 ], [ 291512.711328472360037, 5032130.250705006532371 ], [ 291467.457837357535027, 5032118.122162624262273 ], [ 291447.160330444050487, 5032103.496096552349627 ], [ 291442.065905017370824, 5032099.617373736575246 ], [ 291357.402740891557187, 5032064.125060033984482 ], [ 291321.700373167230282, 5032054.533149757422507 ], [ 291319.194964793976396, 5032053.871738640591502 ], [ 291274.864256611093879, 5032034.63031180202961 ], [ 291190.651316064584535, 5032027.255043109878898 ], [ 291165.690617781190667, 5032027.753586119972169 ], [ 291132.4072175353067, 5032015.26814004406333 ], [ 291106.429227061395068, 5032015.7691271873191 ], [ 291089.360588121518958, 5032011.138847102411091 ], [ 291072.300407725968398, 5032010.398128933273256 ], [ 291044.946248290361837, 5031989.898887134157121 ], [ 291001.818942533573136, 5031984.770202508196235 ], [ 290948.849878767505288, 5031987.775922494009137 ], [ 290917.561802309355699, 5031993.290207480080426 ], [ 290817.206115120905451, 5032011.181971173733473 ], [ 290651.595478869101498, 5032031.333159266971052 ], [ 290647.609243033919483, 5032033.342454363591969 ], [ 290426.909587890782859, 5032052.512385142035782 ], [ 290224.032756364962552, 5032063.314036595635116 ], [ 290161.138930584012996, 5032071.461347882635891 ], [ 290133.38947024178924, 5032083.972473878413439 ], [ 290097.576070673123468, 5032094.613352474756539 ], [ 290082.728267679864075, 5032102.982779607176781 ], [ 290071.028658241149969, 5032119.123948427848518 ], [ 290065.27364646474598, 5032134.251051931641996 ], [ 290064.611563013284467, 5032152.255605367012322 ], [ 290059.779175582400057, 5032160.3793865153566 ], [ 289799.349854127212893, 5032251.232053941115737 ], [ 289800.608427489933092, 5032254.007296342402697 ], [ 289804.620999876351561, 5032263.221498244442046 ], [ 289808.373670723347459, 5032261.879001133143902 ], [ 290080.83883022639202, 5032164.99754128139466 ], [ 290126.577140307170339, 5032149.110322383232415 ], [ 290220.367683314194437, 5032136.33469268027693 ], [ 290278.435170010605361, 5032139.312067519873381 ], [ 290334.64073196076788, 5032149.295423867180943 ], [ 290430.831400974362623, 5032159.410118305124342 ], [ 290483.041591264191084, 5032167.514718539081514 ], [ 290579.227464302501176, 5032175.742486553266644 ], [ 290658.0848578637233, 5032168.230234968475997 ], [ 290777.668083986151032, 5032141.958326450549066 ], [ 290838.344393629580736, 5032121.820099716074765 ], [ 290926.717491544375662, 5032099.954400906339288 ], [ 291030.498003517393954, 5032074.277812671847641 ], [ 291118.442549392057117, 5032070.640997746959329 ], [ 291214.715673504804727, 5032082.767824286594987 ], [ 291300.30551097705029, 5032112.255238426849246 ], [ 291326.93360895710066, 5032123.200001401826739 ], [ 291346.669816772220656, 5032131.381367122754455 ], [ 291417.325987636577338, 5032167.014436377212405 ], [ 291529.3286273292033, 5032218.007981021888554 ], [ 291546.565509988111444, 5032228.640093521215022 ], [ 291565.851481262827292, 5032246.269105480052531 ], [ 291586.414493231684901, 5032275.897487004287541 ], [ 291618.213114712852985, 5032290.388771673664451 ], [ 291715.565631510282401, 5032334.52629688102752 ], [ 291790.020433619676623, 5032355.153156709857285 ], [ 291815.945646798354574, 5032367.657252206467092 ], [ 291823.308054442110006, 5032371.198211576789618 ], [ 291823.487334985518828, 5032344.304490002803504 ] ] ], [ [ [ 291823.044572699174751, 5032395.202739384025335 ], [ 291814.344686688971706, 5032388.108394203707576 ], [ 291800.55057179776486, 5032377.023918204940856 ], [ 291787.312859030207619, 5032370.161245061084628 ], [ 291787.234843385405838, 5032370.272535939700902 ], [ 291756.425718457205221, 5032379.782332504168153 ], [ 291696.725727051903959, 5032342.900214107707143 ], [ 291612.91936985013308, 5032303.290891136042774 ], [ 291582.686197080882266, 5032289.018604154698551 ], [ 291581.757743514841422, 5032294.021384404972196 ], [ 291542.794550473219715, 5032295.770288520492613 ], [ 291327.234277125855442, 5032190.543867481872439 ], [ 291282.351089521136601, 5032168.636461243964732 ], [ 291227.081904203630984, 5032156.642296404577792 ], [ 291179.119659761025105, 5032158.523992964066565 ], [ 291185.905367195839062, 5032148.396519755013287 ], [ 291182.849358613428194, 5032146.402799271978438 ], [ 291139.897104800038505, 5032149.274122242815793 ], [ 291059.927923448383808, 5032149.670467419549823 ], [ 291011.974678842991125, 5032155.6652124626562 ], [ 290963.254192122374661, 5032168.552044318988919 ], [ 290944.332129169662949, 5032174.928061978891492 ], [ 290927.685170038545039, 5032183.966231459751725 ], [ 290921.589195273234509, 5032187.313559483736753 ], [ 290899.035984348563943, 5032214.701216087676585 ], [ 290840.921970279421657, 5032260.837507669813931 ], [ 290812.067663942056242, 5032269.347427355125546 ], [ 290707.417847153265029, 5032289.361979177221656 ], [ 290619.483332315227017, 5032296.00503087323159 ], [ 290605.475472872960381, 5032295.258703728206456 ], [ 290561.245132827432826, 5032286.023734892718494 ], [ 290518.202232277020812, 5032282.898511609062552 ], [ 290473.209700512234122, 5032282.667391427792609 ], [ 290459.210909333021846, 5032285.922036160714924 ], [ 290451.405007001827471, 5032294.163422930054367 ], [ 290449.637269357219338, 5032308.169789218343794 ], [ 290452.117631283588707, 5032332.168137974105775 ], [ 290517.139764013176318, 5032331.909095241688192 ], [ 290532.261137358145788, 5032340.654035326093435 ], [ 290542.455253373947926, 5032350.41033994499594 ], [ 290545.4263252542587, 5032349.403442449867725 ], [ 290551.271857718122192, 5032339.277406270615757 ], [ 290551.094984457886312, 5032330.276305538602173 ], [ 290577.914265268831514, 5032321.769784468226135 ], [ 290779.585113773297053, 5032299.980356257408857 ], [ 290833.474892879952677, 5032289.9699891731143 ], [ 290928.636173371225595, 5032260.421296979300678 ], [ 290942.867308391956612, 5032255.944760682992637 ], [ 291243.393419481348246, 5032173.276572558097541 ], [ 291327.35986819001846, 5032212.658381434157491 ], [ 291559.280535064521246, 5032321.51763888541609 ], [ 291561.321010831918102, 5032324.402714700438082 ], [ 291561.321244615595788, 5032324.513843774795532 ], [ 291585.672557190468069, 5032332.463991416618228 ], [ 291634.703323981026188, 5032355.698433763347566 ], [ 291676.141380668035708, 5032377.726662292145193 ], [ 291709.35416655021254, 5032395.327085673809052 ], [ 291761.900167048443109, 5032416.221484975889325 ], [ 291783.350985055672936, 5032421.844685514457524 ], [ 291808.164681825612206, 5032426.683108351193368 ], [ 291819.827961796254385, 5032428.992760571651161 ], [ 291822.799198240158148, 5032427.986466404981911 ], [ 291822.86506766511593, 5032421.985334052704275 ], [ 291823.044572699174751, 5032395.202739384025335 ] ] ], [ [ [ 291417.394401162629947, 5032383.161300999112427 ], [ 291413.388998132606503, 5032376.168656281195581 ], [ 291411.189852205396164, 5032372.283799297176301 ], [ 291329.644559080770705, 5032366.123436838388443 ], [ 291315.010268301644828, 5032365.043483452871442 ], [ 291262.798753072507679, 5032355.042789976112545 ], [ 291196.666049379040487, 5032348.184235523454845 ], [ 291148.625098883057944, 5032349.177304622717202 ], [ 291077.832592576742172, 5032358.443901490420103 ], [ 291056.954849031637423, 5032364.82384919654578 ], [ 290954.266149628499988, 5032386.719223635271192 ], [ 290925.323244554630946, 5032390.339118969626725 ], [ 290922.117396451823879, 5032391.346354748122394 ], [ 290853.782317140430678, 5032414.612391047179699 ], [ 290796.336850611085538, 5032443.744800942018628 ], [ 290714.873932173533831, 5032474.265007765032351 ], [ 290664.129160113458056, 5032490.270337224937975 ], [ 290520.613494278048165, 5032517.932267748750746 ], [ 290500.58388031431241, 5032518.311140378005803 ], [ 290428.335563991218805, 5032505.584689314477146 ], [ 290426.651006772997789, 5032521.702341329306364 ], [ 290447.041488247807138, 5032542.325921123847365 ], [ 290479.317450103582814, 5032559.699745612218976 ], [ 290539.506809551327024, 5032568.564558019861579 ], [ 290561.490077519265469, 5032567.181220427155495 ], [ 290653.366421550803352, 5032540.636263634078205 ], [ 290694.808744743815623, 5032528.652357217855752 ], [ 290790.092811891983729, 5032485.876836191862822 ], [ 290844.475488708354533, 5032451.86145291198045 ], [ 290918.681916050671134, 5032430.138172762468457 ], [ 290964.816737424640451, 5032416.589887817390263 ], [ 291010.816451578808483, 5032412.710515415295959 ], [ 291051.908880771079566, 5032418.95499406568706 ], [ 291078.90456739300862, 5032419.451721877790987 ], [ 291085.396225660981145, 5032418.215144772082567 ], [ 291260.357298168237321, 5032384.052867111749947 ], [ 291330.464596720586997, 5032383.680157120339572 ], [ 291417.394401162629947, 5032383.161300999112427 ] ] ], [ [ [ 291541.990450826182496, 5032359.78261386230588 ], [ 291526.79018183395965, 5032350.035253738984466 ], [ 291391.697487144032493, 5032294.534595234319568 ], [ 291381.678157527523581, 5032292.77787768188864 ], [ 291376.755270490655676, 5032295.900004465132952 ], [ 291373.959739090001676, 5032305.907629848457873 ], [ 291375.514692680735607, 5032337.909631486982107 ], [ 291397.850262074032798, 5032354.531461142934859 ], [ 291413.900548125791829, 5032359.164741642773151 ], [ 291424.093497430265415, 5032369.033600760623813 ], [ 291424.17197910475079, 5032369.144563528709114 ], [ 291429.27658774505835, 5032377.912952753715217 ], [ 291444.392328431014903, 5032384.659758698195219 ], [ 291454.407251826662105, 5032384.416252487339079 ], [ 291474.437336066446733, 5032384.04041697550565 ], [ 291481.485526272037532, 5032386.914865118451416 ], [ 291511.537096739688423, 5032389.407314873300493 ], [ 291530.549979948962573, 5032389.033805980347097 ], [ 291541.990450826182496, 5032359.78261386230588 ] ] ] ] } },
{ "type": "Feature", "properties": { "id": 15, "nom": "Beaconsfield" }, "geometry": { "type": "MultiPolygon", "coordinates": [ [ [ [ 278844.452148295880761, 5032104.966437863186002 ], [ 278844.452148295880761, 5032104.952149081975222 ], [ 278801.45214829093311, 5032088.95312565099448 ], [ 278796.452148293028586, 5032085.953125651925802 ], [ 278791.452148293727078, 5032084.953125651925802 ], [ 278780.452148290059995, 5032082.953125650063157 ], [ 278773.452148296637461, 5032081.95312565099448 ], [ 278762.452148288954049, 5032077.95312565099448 ], [ 278755.452148290700279, 5032074.953125649131835 ], [ 278747.452148293552455, 5032071.953125650063157 ], [ 278733.452148293028586, 5032063.953125648200512 ], [ 278728.452148293959908, 5032062.953125653788447 ], [ 278721.452148295822553, 5032059.953125647269189 ], [ 278715.452148289885372, 5032057.953125645406544 ], [ 278705.452148292446509, 5032049.953125650063157 ], [ 278702.452148289419711, 5032042.953125652857125 ], [ 278702.452148290642072, 5032036.953125648200512 ], [ 278706.451171730062924, 5032007.953125653788447 ], [ 278705.655761575442739, 5032000.000000647269189 ], [ 278695.451171728200279, 5032000.000000646337867 ], [ 278665.45117172593018, 5031955.953125648200512 ], [ 278686.451171729713678, 5031932.953125651925802 ], [ 278666.451171727792826, 5031910.953125649131835 ], [ 278653.451171729771886, 5031924.95312565099448 ], [ 278625.451171728083864, 5031898.953125648200512 ], [ 278617.451171729539055, 5031904.95312565099448 ], [ 278613.451171729713678, 5031901.953125648200512 ], [ 278619.45117172866594, 5031896.95312565099448 ], [ 278598.450195167097263, 5031853.953125653788447 ], [ 278599.450195170240477, 5031849.953125650063157 ], [ 278605.450195171753876, 5031842.95312565099448 ], [ 278596.450195168901701, 5031834.953125648200512 ], [ 278588.450195166806225, 5031841.953125648200512 ], [ 278568.45019516343018, 5031824.953125648200512 ], [ 278528.450195165525656, 5031820.953125647269189 ], [ 278505.450195166398771, 5031785.953125648200512 ], [ 278505.450195168261416, 5031781.953125653788447 ], [ 278483.449218602734618, 5031781.953125648200512 ], [ 278468.449218601570465, 5031783.954102214425802 ], [ 278456.449218603898771, 5031788.954102211631835 ], [ 278456.450195165758487, 5031804.954102214425802 ], [ 278455.450195165583864, 5031814.954102210700512 ], [ 278455.450195168843493, 5031836.95410221721977 ], [ 278456.450195169134531, 5031845.954102212563157 ], [ 278456.450195167621132, 5031861.954102209769189 ], [ 278451.450195165292826, 5031868.954102216288447 ], [ 278448.450195165001787, 5031873.954102214425802 ], [ 278446.450195167446509, 5031879.954102218151093 ], [ 278443.450195166456979, 5031884.954102211631835 ], [ 278439.450195165525656, 5031889.95410221349448 ], [ 278434.450195163895842, 5031893.954102209769189 ], [ 278428.450195171113592, 5031893.954102212563157 ], [ 278423.450195168436039, 5031892.954102211631835 ], [ 278419.45019516593311, 5031888.954102212563157 ], [ 278414.450195167970378, 5031890.955078772269189 ], [ 278409.450195169833023, 5031894.95507877599448 ], [ 278406.450195165758487, 5031900.955078773200512 ], [ 278402.450195168319624, 5031904.955078769475222 ], [ 278397.450195169076324, 5031906.955078777857125 ], [ 278392.450195166748017, 5031905.955078777857125 ], [ 278386.450195168436039, 5031905.955078772269189 ], [ 278381.450195167271886, 5031909.955078771337867 ], [ 278379.450195167388301, 5031914.955078774131835 ], [ 278372.45019516517641, 5031915.955078782513738 ], [ 278366.450195166049525, 5031916.955078777857125 ], [ 278359.450195165758487, 5031915.955078778788447 ], [ 278347.450195168436039, 5031915.955078767612576 ], [ 278337.450195167388301, 5031919.955078776925802 ], [ 278331.450195164710749, 5031923.955078770406544 ], [ 278327.450195168028586, 5031928.95507877599448 ], [ 278321.450195167388301, 5031934.955078776925802 ], [ 278316.450195167213678, 5031937.95507877599448 ], [ 278310.450195165118203, 5031940.95605533849448 ], [ 278305.450195168086793, 5031942.956055340357125 ], [ 278300.45019516616594, 5031943.95605533849448 ], [ 278281.450195166689809, 5031945.956055331975222 ], [ 278276.450195163779426, 5031941.956055333837867 ], [ 278269.45019517064793, 5031949.956055337563157 ], [ 278267.450195166515186, 5031954.956055336631835 ], [ 278243.450195165351033, 5031962.95605533849448 ], [ 278243.450195165758487, 5031968.956055335700512 ], [ 278214.450195167271886, 5031979.956055340357125 ], [ 278207.450195166689809, 5031976.956055337563157 ], [ 278203.45019516692264, 5031979.956055340357125 ], [ 278192.450195169483777, 5031997.957031899131835 ], [ 278192.330077978083864, 5032000.000000650063157 ], [ 278189.451171728491317, 5032048.957031902857125 ], [ 278181.451171726803295, 5032068.957031903788447 ], [ 278165.451171729888301, 5032083.95703190099448 ], [ 278160.451171729306225, 5032082.957031897269189 ], [ 278148.451171728607733, 5032082.957031896337867 ], [ 278141.451171727036126, 5032089.957031895406544 ], [ 278136.451171729015186, 5032093.957031899131835 ], [ 278129.451171730528586, 5032094.958008459769189 ], [ 278117.451171728898771, 5032094.958008460700512 ], [ 278111.451171730353963, 5032095.958008457906544 ], [ 278103.451171731925569, 5032100.95800846349448 ], [ 278098.451171730470378, 5032103.958008462563157 ], [ 278092.451171729248017, 5032106.958008461631835 ], [ 278085.451171730295755, 5032109.958008457906544 ], [ 278079.451171727152541, 5032112.958008462563157 ], [ 278074.451171731809154, 5032113.958008458837867 ], [ 278069.451171731052455, 5032116.958008462563157 ], [ 278063.451171730703209, 5032119.958008459769189 ], [ 278057.451171729830094, 5032123.958008466288447 ], [ 278052.451171730703209, 5032126.958008459769189 ], [ 278050.451171726221219, 5032133.958008466288447 ], [ 278044.451171729073394, 5032135.95800846349448 ], [ 278037.451171730936039, 5032135.958008460700512 ], [ 278032.386230319738388, 5032138.20898502599448 ], [ 278028.451171728142072, 5032139.958008461631835 ], [ 278023.451171729713678, 5032141.958008461631835 ], [ 278014.451171728258487, 5032145.958985022269189 ], [ 278008.451171729306225, 5032148.958985024131835 ], [ 278003.45117173041217, 5032151.958985021337867 ], [ 277994.451171729480848, 5032157.958985025063157 ], [ 277989.451171729073394, 5032161.958985025063157 ], [ 277986.451171729248017, 5032166.958985025063157 ], [ 277980.451171732740477, 5032171.958985021337867 ], [ 277973.451171728025656, 5032174.958985023200512 ], [ 277966.451171732507646, 5032176.95898502971977 ], [ 277960.451171727851033, 5032176.958985023200512 ], [ 277953.451171731459908, 5032178.95898502971977 ], [ 277939.451171731343493, 5032184.958985024131835 ], [ 277924.451171730586793, 5032190.958985027857125 ], [ 277918.451171727501787, 5032192.958985022269189 ], [ 277913.451171729248017, 5032194.958985025063157 ], [ 277902.451171727559995, 5032199.959961593151093 ], [ 277896.451171728782356, 5032202.959961590357125 ], [ 277889.451171731110662, 5032205.959961590357125 ], [ 277883.451171728083864, 5032208.959961589425802 ], [ 277873.451171731867362, 5032211.95996158849448 ], [ 277865.451171729888301, 5032214.959961582906544 ], [ 277858.451171729364432, 5032216.959961584769189 ], [ 277849.451171728956979, 5032219.959961589425802 ], [ 277842.451171728491317, 5032222.959961591288447 ], [ 277835.45117173017934, 5032224.95996158849448 ], [ 277822.451171731343493, 5032228.959961591288447 ], [ 277815.451171727559995, 5032230.95996158849448 ], [ 277809.451171730528586, 5032233.959961587563157 ], [ 277799.45117173041217, 5032237.959961591288447 ], [ 277791.451171731459908, 5032240.959961584769189 ], [ 277787.451171729015186, 5032244.960938144475222 ], [ 277785.452148292446509, 5032250.960938153788447 ], [ 277782.452148291806225, 5032255.960938149131835 ], [ 277777.452148287789896, 5032254.960938147269189 ], [ 277772.452148294425569, 5032251.960938150063157 ], [ 277738.451171728549525, 5032251.960938150063157 ], [ 277733.451171728782356, 5032250.960938150063157 ], [ 277718.451171726919711, 5032245.96093815099448 ], [ 277709.451171727792826, 5032243.96093815099448 ], [ 277704.451171729830094, 5032241.960938153788447 ], [ 277699.451171729480848, 5032238.960938148200512 ], [ 277693.451171729131602, 5032236.96093815471977 ], [ 277686.451171730877832, 5032234.960938147269189 ], [ 277680.451171728374902, 5032231.960938145406544 ], [ 277675.451171729248017, 5032229.96093815099448 ], [ 277669.451171730121132, 5032228.960938148200512 ], [ 277669.451171728898771, 5032221.960938150063157 ], [ 277665.451171728258487, 5032216.960938149131835 ], [ 277660.451171728083864, 5032215.96093815099448 ], [ 277654.45117173041217, 5032216.96093815099448 ], [ 277648.451171726745088, 5032218.960938152857125 ], [ 277648.451171726454049, 5032211.960938146337867 ], [ 277643.451171728083864, 5032208.960938147269189 ], [ 277636.451171729597263, 5032208.960938155651093 ], [ 277631.451171731867362, 5032203.960938153788447 ], [ 277626.451171729364432, 5032200.960938146337867 ], [ 277620.451171728491317, 5032198.96191471349448 ], [ 277618.451171729946509, 5032193.960938155651093 ], [ 277612.451171729655471, 5032190.961914711631835 ], [ 277606.451171730877832, 5032189.961914706975222 ], [ 277599.45117172744358, 5032186.961914716288447 ], [ 277594.451171730994247, 5032184.961914716288447 ], [ 277587.451171728549525, 5032180.961914711631835 ], [ 277582.451171729131602, 5032174.961914714425802 ], [ 277576.45117173390463, 5032170.961914712563157 ], [ 277569.451171729655471, 5032167.961914712563157 ], [ 277564.45117172942264, 5032168.961914708837867 ], [ 277555.4511717321584, 5032170.961914711631835 ], [ 277549.451171727268957, 5032170.961914716288447 ], [ 277543.451171727618203, 5032168.96191471349448 ], [ 277538.450195165583864, 5032167.961914715357125 ], [ 277533.450195168028586, 5032164.961914715357125 ], [ 277528.450195166573394, 5032156.961914708837867 ], [ 277521.450195167970378, 5032151.961914707906544 ], [ 277515.450195168203209, 5032149.961914708837867 ], [ 277499.450195166748017, 5032147.961914712563157 ], [ 277492.450195165118203, 5032145.961914707906544 ], [ 277487.450195168261416, 5032144.961914709769189 ], [ 277482.450195173500106, 5032141.961914716288447 ], [ 277479.450195165874902, 5032140.961914708837867 ], [ 277479.450195168086793, 5032129.961914712563157 ], [ 277471.450195169309154, 5032120.961914706975222 ], [ 277451.450195167271886, 5032115.961914714425802 ], [ 277425.450195166748017, 5032102.961914709769189 ], [ 277342.449218605936039, 5032048.96289127599448 ], [ 277336.449218604306225, 5032054.962891274131835 ], [ 277331.449218603898771, 5032049.962891275063157 ], [ 277334.449218601745088, 5032043.962891275063157 ], [ 277295.448242042330094, 5032015.962891275063157 ], [ 277287.465820163779426, 5032000.000000649131835 ], [ 277285.448242039303295, 5031995.962891275063157 ], [ 277293.448242040059995, 5031981.96289127599448 ], [ 277299.448242041282356, 5031977.962891277857125 ], [ 277304.448242041340563, 5031966.962891275063157 ], [ 277314.448242043319624, 5031966.961914710700512 ], [ 277321.448242044076324, 5031968.96191471349448 ], [ 277324.448242040583864, 5031961.961914712563157 ], [ 277307.448242041980848, 5031946.961914708837867 ], [ 277298.448242042621132, 5031951.96191471349448 ], [ 277284.448242044483777, 5031969.962891275063157 ], [ 277275.448242040642072, 5031975.962891273200512 ], [ 277270.448242038837634, 5031978.962891278788447 ], [ 277265.448242044250946, 5031979.962891276925802 ], [ 277256.448242040642072, 5031979.962891272269189 ], [ 277204.446777197590563, 5031942.96289127971977 ], [ 277205.446777197532356, 5031934.962891276925802 ], [ 277198.446777196251787, 5031929.962891276925802 ], [ 277184.446777196135372, 5031917.962891278788447 ], [ 277179.446777199103963, 5031913.96289127599448 ], [ 277172.446777198754717, 5031909.96289127599448 ], [ 277167.446777195786126, 5031907.962891273200512 ], [ 277163.446777197590563, 5031903.962891273200512 ], [ 277162.446777197532356, 5031896.962891272269189 ], [ 277157.446777199336793, 5031891.962891277857125 ], [ 277155.44677719741594, 5031886.962891273200512 ], [ 277151.446777199336793, 5031881.96289127599448 ], [ 277144.446777198580094, 5031877.962891270406544 ], [ 277139.445800635789055, 5031874.962891281582415 ], [ 277128.445800636895001, 5031869.962891273200512 ], [ 277124.445800633635372, 5031865.962891272269189 ], [ 277114.445800637069624, 5031860.962891277857125 ], [ 277107.44580063468311, 5031852.96289127599448 ], [ 277100.445800637477078, 5031845.962891281582415 ], [ 277094.44580063642934, 5031844.96289127971977 ], [ 277089.445800637477078, 5031841.962891270406544 ], [ 277083.445800635905471, 5031837.962891276925802 ], [ 277078.445800638641231, 5031834.962891274131835 ], [ 277072.445800636487547, 5031829.962891272269189 ], [ 277062.445800637186039, 5031821.962891278788447 ], [ 277052.444824071309995, 5031811.962891274131835 ], [ 277052.44482407218311, 5031805.962891271337867 ], [ 277051.444824072881602, 5031800.962891275063157 ], [ 277048.444824070087634, 5031795.962891272269189 ], [ 277035.444824078003876, 5031782.962891280651093 ], [ 277030.444824076374061, 5031775.962891273200512 ], [ 277024.444824074744247, 5031769.962891278788447 ], [ 277019.444824071077164, 5031763.962891276925802 ], [ 277012.444824074744247, 5031757.962891275063157 ], [ 277004.444824072648771, 5031753.962891269475222 ], [ 277000.444824071077164, 5031749.962891271337867 ], [ 276995.444824074511416, 5031746.96289127599448 ], [ 276990.444824069330934, 5031741.962891272269189 ], [ 276987.444824072474148, 5031735.962891272269189 ], [ 276986.443847512069624, 5031730.96289127599448 ], [ 276985.443847508402541, 5031722.96289127599448 ], [ 276981.443847511080094, 5031716.96289127599448 ], [ 276976.443847506714519, 5031715.962891274131835 ], [ 276970.443847508286126, 5031716.962891274131835 ], [ 276965.443847510905471, 5031717.96289127599448 ], [ 276954.443847511836793, 5031715.962891272269189 ], [ 276951.443847508460749, 5031707.962891276925802 ], [ 276944.443847507471219, 5031704.962891272269189 ], [ 276936.443847510032356, 5031701.962891275063157 ], [ 276930.443847509450279, 5031697.962891275063157 ], [ 276924.443847509450279, 5031692.962891276925802 ], [ 276918.443847513000946, 5031692.962891278788447 ], [ 276913.443847510498017, 5031693.962891275063157 ], [ 276882.443847506772727, 5031693.962891273200512 ], [ 276865.442870947881602, 5031686.962891276925802 ], [ 276864.442870947648771, 5031692.962891274131835 ], [ 276857.442870948812924, 5031692.962891275063157 ], [ 276857.442870948405471, 5031688.962891281582415 ], [ 276823.442870950675569, 5031691.963867835700512 ], [ 276758.443359229306225, 5031691.96386784221977 ], [ 276751.443359230470378, 5031690.963867839425802 ], [ 276738.443359230470378, 5031690.963867837563157 ], [ 276733.443359228083864, 5031689.96386783849448 ], [ 276724.443359228607733, 5031686.96386783849448 ], [ 276716.443359229946509, 5031684.963867834769189 ], [ 276707.44238266517641, 5031683.963867833837867 ], [ 276700.442382666282356, 5031683.963867839425802 ], [ 276690.4423826704151, 5031680.963867837563157 ], [ 276684.442382667562924, 5031680.963867832906544 ], [ 276674.442382665758487, 5031681.963867837563157 ], [ 276662.442382660636213, 5031679.963867839425802 ], [ 276655.442382664012257, 5031679.963867844082415 ], [ 276649.442382666282356, 5031677.963867831975222 ], [ 276635.44238266593311, 5031677.963867834769189 ], [ 276538.441406099533197, 5031634.964844405651093 ], [ 276528.441406100522727, 5031636.964844399131835 ], [ 276527.441406106518116, 5031632.964844399131835 ], [ 276522.441406104189809, 5031629.964844398200512 ], [ 276555.441406105121132, 5031560.963867840357125 ], [ 276539.440429542155471, 5031553.963867839425802 ], [ 276523.441406102734618, 5031588.96386784221977 ], [ 276516.441406105295755, 5031585.96386783849448 ], [ 276530.440429536625743, 5031550.963867837563157 ], [ 276527.440429542970378, 5031549.963867840357125 ], [ 276525.440429542155471, 5031555.963867833837867 ], [ 276495.440429542097263, 5031555.963867834769189 ], [ 276482.440429542388301, 5031555.964844395406544 ], [ 276422.439452979830094, 5031524.964844398200512 ], [ 276426.439452979713678, 5031517.964844398200512 ], [ 276423.439452983089723, 5031515.964844401925802 ], [ 276448.439452979539055, 5031466.963867839425802 ], [ 276431.439452977385372, 5031459.964844398200512 ], [ 276410.439452978374902, 5031490.964844397269189 ], [ 276404.439452979946509, 5031492.964844399131835 ], [ 276399.439452978374902, 5031494.964844406582415 ], [ 276392.439452979248017, 5031496.96484440099448 ], [ 276387.439452979655471, 5031495.96484440099448 ], [ 276378.439452978374902, 5031489.96484440099448 ], [ 276373.43945297767641, 5031484.964844397269189 ], [ 276368.439452980295755, 5031476.96484440099448 ], [ 276364.439452981227078, 5031471.964844394475222 ], [ 276360.43945297744358, 5031467.964844401925802 ], [ 276351.43847641244065, 5031456.964844398200512 ], [ 276346.438476416748017, 5031447.964844399131835 ], [ 276340.43847641767934, 5031439.964844402857125 ], [ 276335.438476416515186, 5031433.964844400063157 ], [ 276330.438476412964519, 5031428.964844400063157 ], [ 276322.438476418785285, 5031418.964844399131835 ], [ 276318.438476417271886, 5031412.964844399131835 ], [ 276316.438476415351033, 5031406.96484440099448 ], [ 276310.43847641767934, 5031398.964844400063157 ], [ 276305.438476417388301, 5031394.964844399131835 ], [ 276299.43847641767934, 5031390.964844401925802 ], [ 276293.438476415758487, 5031387.964844401925802 ], [ 276288.436523289594334, 5031383.964844401925802 ], [ 276283.436523291689809, 5031380.964844402857125 ], [ 276274.43652329366887, 5031374.964844399131835 ], [ 276222.436523292097263, 5031352.964844398200512 ], [ 276220.436523290351033, 5031358.964844399131835 ], [ 276214.436523291049525, 5031356.96484440099448 ], [ 276207.436523288895842, 5031354.964844397269189 ], [ 276200.436523290059995, 5031353.96484440099448 ], [ 276184.43652329116594, 5031353.964844396337867 ], [ 276180.436523287498858, 5031352.964844398200512 ], [ 276181.436523289536126, 5031348.964844396337867 ], [ 276154.435546729946509, 5031347.964844400063157 ], [ 276149.435546729597263, 5031361.964844399131835 ], [ 276143.435546728840563, 5031362.96484440099448 ], [ 276125.435546729248017, 5031362.96484440099448 ], [ 276115.435546728258487, 5031361.96484440471977 ], [ 276115.435546729830094, 5031351.964844401925802 ], [ 276085.435546730645001, 5031344.964844398200512 ], [ 276085.435546728200279, 5031357.964844401925802 ], [ 276075.435546730004717, 5031354.964844401925802 ], [ 276078.43554672942264, 5031334.964844402857125 ], [ 276046.434570165700279, 5031328.964844398200512 ], [ 276043.434570168145001, 5031340.964844403788447 ], [ 276036.434570169076324, 5031339.96484440099448 ], [ 276039.434570164710749, 5031319.964844396337867 ], [ 276009.434570167155471, 5031311.964844390749931 ], [ 276003.434570166515186, 5031328.96484440471977 ], [ 275991.434570168086793, 5031334.964844400063157 ], [ 275932.433593607100192, 5031321.964844401925802 ], [ 275911.433593599591404, 5031316.964844401925802 ], [ 275891.432617038954049, 5031299.96484440099448 ], [ 275890.43261704291217, 5031306.96484440099448 ], [ 275883.432617045473307, 5031304.964844400063157 ], [ 275886.432617043552455, 5031296.964844398200512 ], [ 275861.432617042330094, 5031290.964844399131835 ], [ 275831.432617040700279, 5031273.964844399131835 ], [ 275829.431640480121132, 5031268.964844403788447 ], [ 275825.431640481692739, 5031264.96484440471977 ], [ 275818.431640478200279, 5031258.964844401925802 ], [ 275814.431640477792826, 5031252.964844396337867 ], [ 275811.431640476570465, 5031247.964844397269189 ], [ 275806.431640479597263, 5031240.964844399131835 ], [ 275803.431640478491317, 5031236.964844401925802 ], [ 275808.431640479015186, 5031230.964844396337867 ], [ 275810.431640478025656, 5031225.964844399131835 ], [ 275811.431640478549525, 5031220.964844394475222 ], [ 275810.431640478200279, 5031213.964844402857125 ], [ 275807.4316404821584, 5031208.964844401925802 ], [ 275796.431640478898771, 5031205.964844396337867 ], [ 275791.431640481110662, 5031203.96484440471977 ], [ 275786.430663916689809, 5031205.964844398200512 ], [ 275782.431640480994247, 5031211.96484440099448 ], [ 275778.431640476279426, 5031215.964844402857125 ], [ 275773.430663915001787, 5031214.964844397269189 ], [ 275757.430663916631602, 5031212.964844403788447 ], [ 275728.430663916689809, 5031212.964844400063157 ], [ 275721.430663915816694, 5031211.964844402857125 ], [ 275716.430663916980848, 5031209.96484440099448 ], [ 275713.430663915758487, 5031204.96484440099448 ], [ 275713.430663916573394, 5031190.964844394475222 ], [ 275706.430663915816694, 5031187.964844397269189 ], [ 275701.429687352501787, 5031188.964844398200512 ], [ 275699.430663918203209, 5031193.96484440099448 ], [ 275691.429687352036126, 5031194.964844407513738 ], [ 275685.429687355586793, 5031193.964844396337867 ], [ 275680.429687355062924, 5031191.96484440471977 ], [ 275674.429687355004717, 5031192.964844399131835 ], [ 275667.429687350988388, 5031194.964844405651093 ], [ 275652.429687351570465, 5031194.964844397269189 ], [ 275648.429687354597263, 5031202.964844398200512 ], [ 275644.429687356285285, 5031207.964844403788447 ], [ 275639.429687354946509, 5031209.964844400063157 ], [ 275619.429687355004717, 5031209.96484440099448 ], [ 275556.428710794541985, 5031171.964844403788447 ], [ 275546.428710791107733, 5031145.964844403788447 ], [ 275540.427734230004717, 5031133.964844401925802 ], [ 275483.426757667097263, 5031096.964844401925802 ], [ 275408.425781105877832, 5031050.964844401925802 ], [ 275404.425781105237547, 5031042.964844398200512 ], [ 275403.425781103607733, 5031037.96484440099448 ], [ 275399.425781103898771, 5031027.964844397269189 ], [ 275389.425781107041985, 5031007.964844398200512 ], [ 275388.425781103200279, 5031001.963867835700512 ], [ 275385.424804543552455, 5030994.96386784221977 ], [ 275382.424804538663011, 5030986.963867834769189 ], [ 275381.424804543901701, 5030979.963867831975222 ], [ 275380.424804542155471, 5030974.963867839425802 ], [ 275379.42480454192264, 5030967.963867839425802 ], [ 275375.424804542621132, 5030960.963867836631835 ], [ 275370.424804542271886, 5030953.963867832906544 ], [ 275367.42480454116594, 5030947.963867839425802 ], [ 275363.424804541456979, 5030942.96386783849448 ], [ 275360.424804540583864, 5030937.963867836631835 ], [ 275355.424804541049525, 5030932.96386784221977 ], [ 275350.423827980353963, 5030928.963867834769189 ], [ 275343.423827977909241, 5030921.963867834769189 ], [ 275338.423827979539055, 5030913.963867832906544 ], [ 275333.423827980703209, 5030907.963867833837867 ], [ 275330.423827978491317, 5030899.963867834769189 ], [ 275329.423827980470378, 5030892.963867835700512 ], [ 275327.423827979539055, 5030885.96386783849448 ], [ 275319.423827980645001, 5030878.963867837563157 ], [ 275312.423827980761416, 5030873.96386783849448 ], [ 275307.42285141593311, 5030871.963867839425802 ], [ 275301.422851416049525, 5030869.96386783849448 ], [ 275296.422851414594334, 5030868.963867841288447 ], [ 275290.422851413954049, 5030868.963867837563157 ], [ 275272.422851417970378, 5030871.96386783849448 ], [ 275265.422851414070465, 5030872.963867836631835 ], [ 275259.422851418145001, 5030871.963867832906544 ], [ 275252.42285141692264, 5030869.96386783849448 ], [ 275243.42285141517641, 5030865.963867836631835 ], [ 275237.422851417097263, 5030863.963867836631835 ], [ 275220.42187485366594, 5030846.96386783849448 ], [ 275214.421874856576324, 5030838.963867839425802 ], [ 275209.421874855703209, 5030834.963867836631835 ], [ 275204.421874852734618, 5030828.963867837563157 ], [ 275197.421874854015186, 5030823.963867837563157 ], [ 275191.42187485093018, 5030818.963867833837867 ], [ 275186.421874859195668, 5030813.96386784221977 ], [ 275179.420898292795755, 5030807.963867835700512 ], [ 275165.420898292039055, 5030793.963867840357125 ], [ 275166.420898289128672, 5030788.963867839425802 ], [ 275166.420898290874902, 5030774.962891278788447 ], [ 275167.420898288954049, 5030769.962891278788447 ], [ 275165.420898290467449, 5030764.962891271337867 ], [ 275166.420898291980848, 5030759.962891280651093 ], [ 275171.420898296113592, 5030757.962891274131835 ], [ 275179.42089828918688, 5030752.962891271337867 ], [ 275184.42089829267934, 5030747.962891274131835 ], [ 275185.420898290816694, 5030742.96289127971977 ], [ 275184.42089829093311, 5030737.962891272269189 ], [ 275184.420898292155471, 5030731.962891276925802 ], [ 275188.419921727967449, 5030725.962891273200512 ], [ 275192.419921726803295, 5030720.962891271337867 ], [ 275193.419921726454049, 5030708.96289127599448 ], [ 275193.419921727559995, 5030702.96289127971977 ], [ 275192.419921729364432, 5030694.961914711631835 ], [ 275189.419921728491317, 5030683.961914714425802 ], [ 275187.419921729364432, 5030677.961914708837867 ], [ 275189.419921729655471, 5030668.961914710700512 ], [ 275189.419921732507646, 5030662.961914710700512 ], [ 275190.419921729480848, 5030655.961914712563157 ], [ 275189.418945169134531, 5030650.961914712563157 ], [ 275189.418945163139142, 5030641.961914715357125 ], [ 275188.418945165583864, 5030634.961914711631835 ], [ 275184.418945168436039, 5030630.96191471721977 ], [ 275180.418945167039055, 5030625.961914710700512 ], [ 275178.418945165700279, 5030619.961914709769189 ], [ 275173.418945166224148, 5030611.960938147269189 ], [ 275171.418945168028586, 5030605.960938144475222 ], [ 275168.418945165642072, 5030599.96093815099448 ], [ 275165.41894516767934, 5030594.960938153788447 ], [ 275160.417968603840563, 5030586.960938147269189 ], [ 275146.417968604655471, 5030578.960938151925802 ], [ 275140.417968605004717, 5030574.960938152857125 ], [ 275136.417968604364432, 5030570.960938147269189 ], [ 275133.417968605004717, 5030564.96093815099448 ], [ 275128.417968604131602, 5030562.96093815099448 ], [ 275122.417968601628672, 5030563.96093815099448 ], [ 275115.417968603258487, 5030564.96093815099448 ], [ 275109.417968604946509, 5030564.960938148200512 ], [ 275104.416992036742158, 5030563.960938150063157 ], [ 275090.41699204116594, 5030561.96093815099448 ], [ 275082.416992042562924, 5030560.960938151925802 ], [ 275075.41699204093311, 5030558.96093815099448 ], [ 275068.416992041631602, 5030558.960938142612576 ], [ 275056.416992041456979, 5030560.96093815471977 ], [ 275049.416992043319624, 5030556.960938153788447 ], [ 275043.416992038837634, 5030555.960938151925802 ], [ 275027.416015479946509, 5030548.960938149131835 ], [ 275020.416015479364432, 5030547.960938151925802 ], [ 275004.416015476512257, 5030549.960938150063157 ], [ 274999.416015479480848, 5030550.960938150063157 ], [ 274993.416015478898771, 5030552.960938151925802 ], [ 274988.416015479713678, 5030555.96093815099448 ], [ 274983.41601548116887, 5030560.960938148200512 ], [ 274975.416015477501787, 5030572.960938147269189 ], [ 274972.416015478374902, 5030592.960938151925802 ], [ 274968.416992043028586, 5030605.960938150063157 ], [ 274960.41699204366887, 5030619.96093815099448 ], [ 274945.416992042388301, 5030634.96191471721977 ], [ 274907.416992040118203, 5030661.961914711631835 ], [ 274903.41699204267934, 5030677.96191471349448 ], [ 274889.416992039477918, 5030705.96191471349448 ], [ 274892.416992039419711, 5030710.962891276925802 ], [ 274885.416992037731688, 5030727.962891278788447 ], [ 274873.416992039768957, 5030725.96289127599448 ], [ 274848.416992042097263, 5030713.962891275063157 ], [ 274839.416992042213678, 5030706.961914712563157 ], [ 274827.416015479131602, 5030698.96191471721977 ], [ 274823.416015478142072, 5030694.961914711631835 ], [ 274815.416015481459908, 5030690.96191471349448 ], [ 274808.416015478782356, 5030689.961914708837867 ], [ 274803.416015476512257, 5030690.961914710700512 ], [ 274795.416015475522727, 5030691.961914711631835 ], [ 274771.415038916980848, 5030691.961914710700512 ], [ 274765.415038917330094, 5030690.96191471721977 ], [ 274757.415038917504717, 5030688.961914714425802 ], [ 274747.415038918203209, 5030682.961914709769189 ], [ 274742.415038916282356, 5030681.961914711631835 ], [ 274737.415038916456979, 5030681.961914711631835 ], [ 274720.415038915351033, 5030672.961914715357125 ], [ 274704.414062355877832, 5030672.961914719082415 ], [ 274693.414062354248017, 5030661.960938153788447 ], [ 274690.414062358438969, 5030653.960938148200512 ], [ 274680.414062354830094, 5030646.96093815099448 ], [ 274661.413085790351033, 5030629.96093815099448 ], [ 274643.41308579267934, 5030603.959961589425802 ], [ 274639.412109229771886, 5030594.95996159221977 ], [ 274634.412109229539055, 5030588.959961589425802 ], [ 274628.412109227967449, 5030584.959961591288447 ], [ 274619.412109230470378, 5030579.959961585700512 ], [ 274613.412109226395842, 5030575.959961583837867 ], [ 274606.412109229131602, 5030572.95996158849448 ], [ 274591.411132665758487, 5030566.959961590357125 ], [ 274584.411132667155471, 5030563.959961585700512 ], [ 274578.411132667039055, 5030560.95996158849448 ], [ 274573.411132666748017, 5030557.959961591288447 ], [ 274560.411132666689809, 5030557.959961591288447 ], [ 274555.411132666398771, 5030555.959961585700512 ], [ 274548.411132666515186, 5030568.959961590357125 ], [ 274541.411132667271886, 5030568.959961590357125 ], [ 274542.411132662964519, 5030555.958985027857125 ], [ 274512.410156103840563, 5030568.959961593151093 ], [ 274466.410156105528586, 5030598.959961590357125 ], [ 274458.410156104713678, 5030601.959961587563157 ], [ 274420.410156103258487, 5030615.959961585700512 ], [ 274362.409179542853963, 5030625.959961587563157 ], [ 274340.409179543727078, 5030625.959961591288447 ], [ 274323.409179541980848, 5030622.958985027857125 ], [ 274320.409179542213678, 5030626.959961587563157 ], [ 274314.409179542562924, 5030626.958985028788447 ], [ 274309.408202982740477, 5030625.95898503344506 ], [ 274305.408202977909241, 5030619.958985021337867 ], [ 274301.408202977909241, 5030614.958985026925802 ], [ 274295.408202975348104, 5030610.95898502971977 ], [ 274289.408202977327164, 5030608.95898502599448 ], [ 274278.408202980121132, 5030604.95898502971977 ], [ 274271.40820297744358, 5030602.95898502971977 ], [ 274266.408202980586793, 5030601.95898502971977 ], [ 274261.407226415700279, 5030598.958985026925802 ], [ 274253.407226419774815, 5030595.958985026925802 ], [ 274245.407226416980848, 5030593.958985026925802 ], [ 274242.407226418377832, 5030592.958985023200512 ], [ 274193.4062498571584, 5030578.958008462563157 ], [ 274194.406249854888301, 5030575.958008459769189 ], [ 274170.406249853374902, 5030566.958008461631835 ], [ 274160.40624985244358, 5030563.958008464425802 ], [ 274154.406249854189809, 5030559.95800846349448 ], [ 274144.405273288721219, 5030555.958008464425802 ], [ 274137.405273293785285, 5030553.958008462563157 ], [ 274132.405273290351033, 5030552.958008458837867 ], [ 274126.405273291689809, 5030551.958008464425802 ], [ 274119.405273291049525, 5030547.958008465357125 ], [ 274112.405273291107733, 5030545.958008459769189 ], [ 274073.404296729306225, 5030545.958008465357125 ], [ 274063.404296726104803, 5030549.958008461631835 ], [ 274058.404296728898771, 5030548.958008462563157 ], [ 274052.404296732041985, 5030548.958008465357125 ], [ 274032.385742043785285, 5030552.293945965357125 ], [ 274022.404296730295755, 5030553.957031901925802 ], [ 274021.404296730994247, 5030562.958008462563157 ], [ 274006.40429672866594, 5030566.958008459769189 ], [ 274005.403320165642072, 5030556.95703190099448 ], [ 273978.403320169600192, 5030557.95703190099448 ], [ 273953.81054673116887, 5030563.251953772269189 ], [ 273909.211913916748017, 5030563.25195377599448 ], [ 273902.83984360267641, 5030558.992188146337867 ], [ 273879.47851547942264, 5030554.73144596349448 ], [ 273862.489257668552455, 5030548.339844396337867 ], [ 273837.401367037673481, 5030532.956055339425802 ], [ 273837.316837146237958, 5030532.882091683335602 ], [ 273644.523559693305288, 5031568.819359322078526 ], [ 273648.540517885936424, 5031573.799854518845677 ], [ 273410.487327020324301, 5032879.784939894452691 ], [ 273408.524097309855279, 5032892.796223458833992 ], [ 273407.550706018635537, 5032901.807178998365998 ], [ 273488.499149669427425, 5032927.739418867975473 ], [ 273497.556076422333717, 5032892.795746454037726 ], [ 273974.512442488921806, 5033051.811186096630991 ], [ 274019.558357606525533, 5032871.772013958543539 ], [ 274615.508616205013823, 5033047.806220572441816 ], [ 274601.485610444273334, 5033110.772371180355549 ], [ 274670.529956525133457, 5033134.78401389438659 ], [ 274724.489251010701992, 5033129.743029144592583 ], [ 274775.487282979709562, 5033127.722373215481639 ], [ 274820.502357051416766, 5032983.81952918227762 ], [ 274985.567637479107361, 5033045.815310935489833 ], [ 274928.551628045446705, 5033281.797227660194039 ], [ 275085.56661132798763, 5033396.748336426913738 ], [ 275125.49873205285985, 5033236.753161257132888 ], [ 275131.5200895309099, 5033236.723171401768923 ], [ 275136.493939704319928, 5033228.802496201358736 ], [ 275153.502277838299051, 5033219.721636633388698 ], [ 275174.552240949415136, 5033220.741760363802314 ], [ 275187.560183662571944, 5033206.780410474166274 ], [ 275189.548010969127063, 5033214.781193487346172 ], [ 275209.517435285320971, 5033217.791511089541018 ], [ 275219.498039059457369, 5033211.750939503312111 ], [ 275243.542205199366435, 5033215.741359330713749 ], [ 275284.512198927230202, 5033210.770926089026034 ], [ 275297.520118137996178, 5033197.819783271290362 ], [ 275301.553466964513063, 5033206.800560547038913 ], [ 275329.523729386681225, 5033215.791467460803688 ], [ 275351.522094064508565, 5033235.793326060287654 ], [ 275377.512905128009152, 5033238.783644681796432 ], [ 275385.546680929837748, 5033250.754809794016182 ], [ 275389.571847735787742, 5033258.735484570264816 ], [ 275316.536739687493537, 5033567.804315569810569 ], [ 275453.551427992410026, 5033607.717884126119316 ], [ 275559.552502131264191, 5033655.792256006971002 ], [ 275636.535214083502069, 5033689.775279123336077 ], [ 275736.532212359306868, 5033558.732706672511995 ], [ 275979.53567550360458, 5033730.756908394396305 ], [ 276239.543146439245902, 5033291.833726993761957 ], [ 276971.563938298262656, 5033798.736687979660928 ], [ 277259.56433116592234, 5034002.726449832320213 ], [ 278141.54399083025055, 5033998.704599014483392 ], [ 278337.573284749989398, 5033995.766253578476608 ], [ 278562.543110312195495, 5033222.808324125595391 ], [ 278589.515574710560031, 5033123.788775390014052 ], [ 278581.589043749903794, 5033117.818141720257699 ], [ 278694.534090332861524, 5032714.718276216648519 ], [ 278823.540914566721767, 5032254.776714628562331 ], [ 278795.571105039096437, 5032247.776024638675153 ], [ 278844.452148295880761, 5032104.966437863186002 ] ] ] ] } },
{ "type": "Feature", "properties": { "id": 27, "nom": "Baie-d'Urfé" }, "geometry": { "type": "MultiPolygon", "coordinates": [ [ [ [ 273837.316837146237958, 5030532.882091683335602 ], [ 273829.401367042737547, 5030525.956055335700512 ], [ 273820.401367041224148, 5030517.956055336631835 ], [ 273811.400390478549525, 5030508.956055340357125 ], [ 273806.400390476279426, 5030502.956055334769189 ], [ 273801.400390481110662, 5030497.956055333837867 ], [ 273799.400390475522727, 5030492.95605533849448 ], [ 273797.400390480062924, 5030486.956055341288447 ], [ 273788.400390480295755, 5030476.956055331975222 ], [ 273783.399413914012257, 5030470.956055336631835 ], [ 273778.399413919192739, 5030463.955078771337867 ], [ 273775.399413917562924, 5030457.955078777857125 ], [ 273769.399413912789896, 5030446.955078775063157 ], [ 273760.399413916456979, 5030435.95507877971977 ], [ 273758.399413919891231, 5030430.955078774131835 ], [ 273755.398437353898771, 5030424.95507878344506 ], [ 273753.398437355761416, 5030419.955078769475222 ], [ 273748.398437350755557, 5030409.955078770406544 ], [ 273743.39843735541217, 5030402.95507877971977 ], [ 273737.398437354713678, 5030397.954102212563157 ], [ 273733.398437353083864, 5030393.954102209769189 ], [ 273731.398437355470378, 5030386.954102212563157 ], [ 273728.39746078994358, 5030378.954102218151093 ], [ 273723.397460791573394, 5030375.954102215357125 ], [ 273717.397460793203209, 5030376.954102208837867 ], [ 273712.397460789070465, 5030378.954102212563157 ], [ 273706.397460791398771, 5030377.954102212563157 ], [ 273697.397460791748017, 5030373.954102216288447 ], [ 273691.397460789710749, 5030370.95410221721977 ], [ 273682.397460790351033, 5030366.954102219082415 ], [ 273676.397460791689809, 5030365.95410221349448 ], [ 273669.396484230470378, 5030360.954102212563157 ], [ 273662.396484229655471, 5030353.954102215357125 ], [ 273653.396484228607733, 5030345.953125649131835 ], [ 273648.396484229131602, 5030343.953125646337867 ], [ 273644.396484228840563, 5030339.953125647269189 ], [ 273635.396484227851033, 5030332.953125650063157 ], [ 273629.396484227734618, 5030328.95312565099448 ], [ 273621.394531105645001, 5030321.953125649131835 ], [ 273609.39453110244358, 5030309.953125649131835 ], [ 273603.394531101512257, 5030302.953125650063157 ], [ 273598.394531106925569, 5030299.953125649131835 ], [ 273593.394531104597263, 5030295.953125649131835 ], [ 273585.393554540059995, 5030291.953125647269189 ], [ 273575.393554543319624, 5030287.952149084769189 ], [ 273570.393554542737547, 5030288.952149081975222 ], [ 273564.393554541980848, 5030288.952149090357125 ], [ 273560.393554540351033, 5030285.952149082906544 ], [ 273533.392577976977918, 5030266.952149091288447 ], [ 273534.392577980004717, 5030257.952149086631835 ], [ 273507.392577980761416, 5030243.952149086631835 ], [ 273504.392577979189809, 5030249.952149087563157 ], [ 273484.391601419192739, 5030238.951172522269189 ], [ 273472.391601416340563, 5030235.951172531582415 ], [ 273461.391601416748017, 5030224.951172525063157 ], [ 273456.391601418843493, 5030222.951172522269189 ], [ 273448.391601413488388, 5030222.951172527857125 ], [ 273439.390624856227078, 5030223.951172526925802 ], [ 273432.39062485343311, 5030224.951172530651093 ], [ 273423.390624853549525, 5030225.951172525063157 ], [ 273417.390624855121132, 5030226.951172527857125 ], [ 273403.390624851512257, 5030226.951172531582415 ], [ 273398.390624852909241, 5030228.951172524131835 ], [ 273388.390624851977918, 5030229.951172523200512 ], [ 273384.390624853840563, 5030233.951172522269189 ], [ 273378.390624854189809, 5030237.951172519475222 ], [ 273373.390624852501787, 5030239.951172526925802 ], [ 273366.390624852967449, 5030239.951172525063157 ], [ 273356.38964829116594, 5030241.951172523200512 ], [ 273350.389648292562924, 5030245.951172528788447 ], [ 273344.389648292562924, 5030248.951172518543899 ], [ 273338.389648292504717, 5030247.95117252599448 ], [ 273332.389648290409241, 5030247.951172524131835 ], [ 273326.389648292155471, 5030245.951172525063157 ], [ 273324.389648289419711, 5030239.951172523200512 ], [ 273326.389648291049525, 5030233.951172528788447 ], [ 273326.389648291689809, 5030227.950195970013738 ], [ 273325.389648291398771, 5030221.950195961631835 ], [ 273319.389648292039055, 5030224.950195961631835 ], [ 273317.389648291689809, 5030230.950195965357125 ], [ 273317.389648291864432, 5030244.95117252599448 ], [ 273312.389648293261416, 5030248.951172524131835 ], [ 273298.389648292097263, 5030248.951172525063157 ], [ 273293.389648290991317, 5030244.950195965357125 ], [ 273287.388671732041985, 5030243.950195962563157 ], [ 273269.388671730295755, 5030246.950195965357125 ], [ 273260.388671727559995, 5030246.950195964425802 ], [ 273255.388671727385372, 5030247.950195961631835 ], [ 273229.388671729713678, 5030247.950195965357125 ], [ 273223.38867173017934, 5030248.95019596349448 ], [ 273210.387695166282356, 5030248.950195957906544 ], [ 273205.387695167039055, 5030247.950195961631835 ], [ 273199.387695167737547, 5030244.950195958837867 ], [ 273192.387695166398771, 5030240.950195962563157 ], [ 273187.387695168610662, 5030241.95019596349448 ], [ 273180.387695165583864, 5030246.950195961631835 ], [ 273175.387695168261416, 5030247.950195968151093 ], [ 273169.387695166456979, 5030246.95019596721977 ], [ 273160.387695167213678, 5030246.950195965357125 ], [ 273155.387695165583864, 5030247.950195962563157 ], [ 273148.386718602268957, 5030247.950195961631835 ], [ 273143.386718602851033, 5030248.950195962563157 ], [ 273133.386718603607733, 5030249.950195961631835 ], [ 273128.386718602268957, 5030251.950195970013738 ], [ 273118.386718603782356, 5030253.95019596349448 ], [ 273099.386718603316694, 5030255.950195965357125 ], [ 273071.385742040525656, 5030260.950195964425802 ], [ 273059.385742038546596, 5030261.949219402857125 ], [ 273050.385742042621132, 5030261.949219402857125 ], [ 273040.385742040292826, 5030259.949219402857125 ], [ 273034.385742043377832, 5030261.949219399131835 ], [ 273034.385742040292826, 5030262.949219400063157 ], [ 273027.385742043552455, 5030261.949219402857125 ], [ 273021.385742041340563, 5030259.949219400063157 ], [ 273015.385742042562924, 5030258.949219400063157 ], [ 273008.38476548116887, 5030255.949219403788447 ], [ 273001.384765478491317, 5030255.94921940099448 ], [ 272995.384765479771886, 5030254.949219403788447 ], [ 272990.384765478840563, 5030250.94921940099448 ], [ 272984.384765480528586, 5030247.94921940099448 ], [ 272977.384765478025656, 5030246.949219400063157 ], [ 272965.384765482100192, 5030245.949219398200512 ], [ 272924.383788914827164, 5030232.948242840357125 ], [ 272911.38378891517641, 5030233.948242835700512 ], [ 272904.383788916282356, 5030231.948242837563157 ], [ 272863.382812349416781, 5030211.94824283849448 ], [ 272814.381835790234618, 5030200.94726627971977 ], [ 272779.380859229830094, 5030177.947266277857125 ], [ 272777.380859232449438, 5030180.947266274131835 ], [ 272740.379882666864432, 5030159.947266275063157 ], [ 272732.379882664070465, 5030143.946289711631835 ], [ 272672.378906101395842, 5030116.946289715357125 ], [ 272661.37890610168688, 5030124.946289718151093 ], [ 272650.377929540118203, 5030121.946289709769189 ], [ 272608.376952981518116, 5030098.945313148200512 ], [ 272581.376952979364432, 5030080.945313153788447 ], [ 272581.376952976337634, 5030075.945313151925802 ], [ 272567.375976417504717, 5030071.945313151925802 ], [ 272521.37499985541217, 5030033.944336589425802 ], [ 272514.374999854189809, 5030031.944336583837867 ], [ 272510.374999856634531, 5030026.944336585700512 ], [ 272502.374999854830094, 5030020.944336587563157 ], [ 272497.374999851861503, 5030016.944336584769189 ], [ 272492.374999851919711, 5030014.944336584769189 ], [ 272487.374999854015186, 5030011.944336581043899 ], [ 272479.374023294018116, 5030005.943360026925802 ], [ 272472.374023292039055, 5030000.943360025063157 ], [ 272460.374023288954049, 5029992.94336002599448 ], [ 272453.374023289827164, 5029987.943360023200512 ], [ 272448.374023292853963, 5029984.943360021337867 ], [ 272442.37304672767641, 5029977.943360025063157 ], [ 272437.373046727501787, 5029974.943360025063157 ], [ 272403.373046727734618, 5029964.943360022269189 ], [ 272375.372070165816694, 5029958.942383458837867 ], [ 272371.37207016616594, 5029961.94238346349448 ], [ 272359.372070166107733, 5029955.942383460700512 ], [ 272353.37207016418688, 5029943.942383458837867 ], [ 272346.372070168843493, 5029939.942383462563157 ], [ 272342.372070166049525, 5029936.942383464425802 ], [ 272338.371093605295755, 5029932.942383457906544 ], [ 272335.371093605295755, 5029927.942383460700512 ], [ 272334.371093602327164, 5029922.942383462563157 ], [ 272332.371093605994247, 5029917.942383457906544 ], [ 272329.371093601570465, 5029911.942383460700512 ], [ 272328.371093606925569, 5029906.941406903788447 ], [ 272326.371093605936039, 5029898.941406902857125 ], [ 272323.371093603083864, 5029892.941406897269189 ], [ 272319.371093604713678, 5029885.941406902857125 ], [ 272315.370117041689809, 5029879.941406898200512 ], [ 272311.37011704366887, 5029874.94140690471977 ], [ 272306.37011704116594, 5029865.941406900063157 ], [ 272302.370117042562924, 5029860.941406902857125 ], [ 272297.370117040758487, 5029856.94140690471977 ], [ 272290.370117041282356, 5029851.941406896337867 ], [ 272285.370117042970378, 5029849.94140690471977 ], [ 272278.369140478025656, 5029843.94140690099448 ], [ 272272.369140477967449, 5029838.940430341288447 ], [ 272264.369140478491317, 5029835.940430339425802 ], [ 272258.369140479830094, 5029834.94043033849448 ], [ 272253.369140479830094, 5029833.940430336631835 ], [ 272245.369140478142072, 5029831.940430336631835 ], [ 272240.36914048041217, 5029830.940430333837867 ], [ 272235.369140479946509, 5029828.940430333837867 ], [ 272228.369140478491317, 5029826.940430339425802 ], [ 272222.368163915700279, 5029824.940430336631835 ], [ 272215.368163915118203, 5029823.940430337563157 ], [ 272207.368163917970378, 5029820.940430335700512 ], [ 272202.368163914768957, 5029818.940430340357125 ], [ 272196.368163917504717, 5029816.940430340357125 ], [ 272191.368163916282356, 5029814.940430337563157 ], [ 272186.368163917388301, 5029811.940430337563157 ], [ 272180.368163918028586, 5029808.94043033849448 ], [ 272179.368163916224148, 5029802.940430336631835 ], [ 272179.367187352385372, 5029780.939453775063157 ], [ 272175.367187353549525, 5029776.939453781582415 ], [ 272172.367187356227078, 5029781.939453777857125 ], [ 272172.367187355703209, 5029787.939453774131835 ], [ 272170.367187350988388, 5029792.939453775063157 ], [ 272169.367187352152541, 5029797.93945377599448 ], [ 272169.367187356518116, 5029803.940430332906544 ], [ 272168.367187352501787, 5029811.94043033849448 ], [ 272162.367187356285285, 5029812.940430335700512 ], [ 272158.367187352501787, 5029816.940430341288447 ], [ 272153.367187354946509, 5029818.940430340357125 ], [ 272147.36718735069735, 5029821.940430336631835 ], [ 272142.367187354946509, 5029824.940430340357125 ], [ 272132.367187355877832, 5029832.940430336631835 ], [ 272127.367187353840563, 5029835.940430339425802 ], [ 272113.367187353200279, 5029835.940430337563157 ], [ 272102.367187355004717, 5029832.940430334769189 ], [ 272090.367187352327164, 5029832.940430331043899 ], [ 272085.36718735244358, 5029834.940430333837867 ], [ 272080.367187351279426, 5029832.939453772269189 ], [ 272071.366210792213678, 5029830.939453773200512 ], [ 272065.366210791456979, 5029829.939453774131835 ], [ 272055.366210791456979, 5029827.939453778788447 ], [ 272050.366210792388301, 5029825.939453775063157 ], [ 272043.366210791398771, 5029824.939453771337867 ], [ 272036.366210793552455, 5029824.939453774131835 ], [ 272031.366210790758487, 5029823.93945377599448 ], [ 272024.366210788255557, 5029821.939453776925802 ], [ 272018.366210791573394, 5029819.939453776925802 ], [ 272013.36523422866594, 5029817.939453771337867 ], [ 272009.365234229015186, 5029813.939453777857125 ], [ 272005.365234224533197, 5029808.939453776925802 ], [ 272002.36523423041217, 5029802.939453774131835 ], [ 271998.365234226570465, 5029797.93945377599448 ], [ 271994.365234229131602, 5029791.939453778788447 ], [ 271990.36523422942264, 5029787.939453777857125 ], [ 271987.365234225813765, 5029781.938477206043899 ], [ 271985.365234228840563, 5029773.938477214425802 ], [ 271982.364257670240477, 5029767.938477215357125 ], [ 271979.364257667155471, 5029759.938477215357125 ], [ 271976.364257664303295, 5029753.93847721349448 ], [ 271972.364257668145001, 5029746.938477214425802 ], [ 271969.364257665700279, 5029740.938477215357125 ], [ 271963.364257667562924, 5029730.938477206975222 ], [ 271961.364257667097263, 5029725.938477214425802 ], [ 271958.36425766866887, 5029718.938477215357125 ], [ 271958.364257667446509, 5029715.938477214425802 ], [ 271957.363281105470378, 5029711.938477212563157 ], [ 271956.363281103607733, 5029706.93652408849448 ], [ 271954.36328110366594, 5029701.936524086631835 ], [ 271951.363281100406311, 5029696.936524089425802 ], [ 271949.363281099998858, 5029691.936524089425802 ], [ 271946.363281102734618, 5029686.936524090357125 ], [ 271942.363281100755557, 5029679.936524091288447 ], [ 271940.363281104830094, 5029674.936524085700512 ], [ 271936.36328110366594, 5029667.936524091288447 ], [ 271935.363281103607733, 5029662.936524077318609 ], [ 271933.36328110366594, 5029656.936524091288447 ], [ 271930.36230453918688, 5029651.93652409221977 ], [ 271923.362304541748017, 5029645.936524082906544 ], [ 271922.362304539768957, 5029640.936524087563157 ], [ 271924.362304539070465, 5029632.936524086631835 ], [ 271925.362304542213678, 5029620.935547521337867 ], [ 271925.362304538837634, 5029613.935547522269189 ], [ 271926.362304540292826, 5029608.935547522269189 ], [ 271926.362304541224148, 5029602.935547526925802 ], [ 271927.362304542853963, 5029595.93554752971977 ], [ 271933.362304543319624, 5029595.935547526925802 ], [ 271938.362304541864432, 5029594.935547526925802 ], [ 271934.36230454017641, 5029590.935547528788447 ], [ 271928.362304543785285, 5029587.935547526925802 ], [ 271921.362304541631602, 5029582.935547520406544 ], [ 271921.361327975639142, 5029575.935547519475222 ], [ 271922.361327977909241, 5029570.935547524131835 ], [ 271925.361327979015186, 5029564.93554752971977 ], [ 271925.361327979655471, 5029539.934570965357125 ], [ 271924.361327979131602, 5029534.934570966288447 ], [ 271924.361327979131602, 5029513.934570964425802 ], [ 271923.361327976570465, 5029508.934570959769189 ], [ 271921.361327978374902, 5029501.934570962563157 ], [ 271918.360351415234618, 5029496.93457096349448 ], [ 271915.360351415991317, 5029489.934570960700512 ], [ 271911.360351412848104, 5029480.93457096349448 ], [ 271906.360351416107733, 5029471.934570961631835 ], [ 271902.360351416398771, 5029466.93457096349448 ], [ 271893.360351416573394, 5029457.933594402857125 ], [ 271888.360351415816694, 5029453.93359440099448 ], [ 271881.359374855237547, 5029448.933594398200512 ], [ 271875.359374854480848, 5029445.933594400063157 ], [ 271869.359374852851033, 5029440.933594403788447 ], [ 271866.359374856343493, 5029428.933594403788447 ], [ 271865.359374857391231, 5029421.933594400063157 ], [ 271862.359374854597263, 5029416.933594399131835 ], [ 271852.359374856983777, 5029404.933594399131835 ], [ 271827.358398289652541, 5029379.932617837563157 ], [ 271821.358398291573394, 5029376.932617834769189 ], [ 271816.35839829093311, 5029373.932617831975222 ], [ 271810.358398290583864, 5029373.932617839425802 ], [ 271804.358398291515186, 5029374.932617835700512 ], [ 271798.358398290700279, 5029377.932617836631835 ], [ 271793.358398288837634, 5029382.932617840357125 ], [ 271783.358398289594334, 5029386.932617841288447 ], [ 271777.357421729946509, 5029389.932617836631835 ], [ 271765.357421730645001, 5029391.932617837563157 ], [ 271758.357421731518116, 5029393.932617834769189 ], [ 271752.357421726104803, 5029394.932617835700512 ], [ 271747.357421730586793, 5029395.932617837563157 ], [ 271740.35742172668688, 5029397.932617835700512 ], [ 271736.357421728898771, 5029401.932617839425802 ], [ 271731.35742172744358, 5029402.932617839425802 ], [ 271727.357421725115273, 5029398.932617836631835 ], [ 271720.357421723892912, 5029396.932617835700512 ], [ 271715.357421728724148, 5029395.932617837563157 ], [ 271714.357421727618203, 5029388.932617834769189 ], [ 271714.357421731110662, 5029382.93261783849448 ], [ 271713.357421727851033, 5029377.93261783849448 ], [ 271712.356445166049525, 5029371.932617836631835 ], [ 271711.356445169949438, 5029366.932617839425802 ], [ 271710.356445168203209, 5029356.932617836631835 ], [ 271709.356445169716608, 5029348.932617835700512 ], [ 271709.356445165816694, 5029341.931641281582415 ], [ 271708.356445168494247, 5029336.931641273200512 ], [ 271706.356445165001787, 5029322.931641274131835 ], [ 271704.35644516494358, 5029317.931641275063157 ], [ 271699.356445165118203, 5029313.93164127599448 ], [ 271694.35644516494358, 5029312.931641275063157 ], [ 271687.355468606285285, 5029312.931641278788447 ], [ 271680.355468604306225, 5029316.931641277857125 ], [ 271679.356445164885372, 5029324.93164127971977 ], [ 271682.356445168552455, 5029332.931641276925802 ], [ 271696.356445164652541, 5029328.931641276925802 ], [ 271704.35742172744358, 5029428.932617836631835 ], [ 271650.356445163721219, 5029440.932617846876383 ], [ 271632.355468603258487, 5029340.93164127599448 ], [ 271659.355468601977918, 5029336.931641272269189 ], [ 271657.355468604015186, 5029328.931641272269189 ], [ 271655.355468602909241, 5029321.931641276925802 ], [ 271649.355468606401701, 5029318.931641273200512 ], [ 271641.355468604189809, 5029319.931641275063157 ], [ 271633.355468601570465, 5029321.931641275063157 ], [ 271626.355468604131602, 5029323.931641274131835 ], [ 271620.355468603142072, 5029325.931641271337867 ], [ 271614.355468604888301, 5029328.931641276925802 ], [ 271608.355468601628672, 5029334.931641276925802 ], [ 271608.355468604946509, 5029341.931641275063157 ], [ 271611.355468604655471, 5029348.931641277857125 ], [ 271614.355468600871973, 5029353.931641272269189 ], [ 271606.35546860267641, 5029360.931641274131835 ], [ 271602.355468605528586, 5029365.93164127599448 ], [ 271599.355468600464519, 5029372.931641273200512 ], [ 271594.355468602559995, 5029377.931641278788447 ], [ 271587.355468605528586, 5029376.931641272269189 ], [ 271579.35546860366594, 5029374.931641271337867 ], [ 271573.355468602967449, 5029373.931641275063157 ], [ 271566.355468604364432, 5029372.931641273200512 ], [ 271535.353515479364432, 5029372.931641278788447 ], [ 271530.353515479131602, 5029373.931641276925802 ], [ 271526.353515478956979, 5029377.931641275063157 ], [ 271521.353515477559995, 5029384.931641275063157 ], [ 271516.353515478840563, 5029392.931641276925802 ], [ 271513.353515479597263, 5029397.931641275063157 ], [ 271508.353515480121132, 5029403.931641278788447 ], [ 271499.353515479946509, 5029403.931641273200512 ], [ 271492.353515477210749, 5029404.93164127599448 ], [ 271488.353515481459908, 5029409.931641272269189 ], [ 271481.353515478956979, 5029409.931641277857125 ], [ 271476.353515474882443, 5029407.931641269475222 ], [ 271471.353515477909241, 5029404.93164127599448 ], [ 271458.353515479946509, 5029403.931641269475222 ], [ 271452.352538915234618, 5029402.93164127599448 ], [ 271444.352538916864432, 5029398.931641277857125 ], [ 271439.352538918377832, 5029397.931641271337867 ], [ 271433.352538920124061, 5029398.931641274131835 ], [ 271427.352538916864432, 5029398.931641272269189 ], [ 271418.352538917737547, 5029397.931641274131835 ], [ 271412.35253891593311, 5029392.931641276925802 ], [ 271404.352538914536126, 5029382.931641275063157 ], [ 271399.351562353025656, 5029372.93164127599448 ], [ 271395.351562353491317, 5029368.931641271337867 ], [ 271395.351562353956979, 5029362.930664716288447 ], [ 271394.351562351977918, 5029355.930664710700512 ], [ 271391.351562354248017, 5029350.930664714425802 ], [ 271387.351562353898771, 5029346.930664708837867 ], [ 271383.35156235168688, 5029339.930664708837867 ], [ 271378.351562352792826, 5029337.930664712563157 ], [ 271373.351562355062924, 5029341.930664718151093 ], [ 271369.351562350813765, 5029346.930664710700512 ], [ 271362.351562356227078, 5029353.930664712563157 ], [ 271357.351562354131602, 5029356.930664706043899 ], [ 271349.351562355004717, 5029358.930664718151093 ], [ 271343.351562356459908, 5029357.930664714425802 ], [ 271339.350585790583864, 5029352.930664720013738 ], [ 271341.350585789827164, 5029344.930664714425802 ], [ 271348.350585789594334, 5029341.930664709769189 ], [ 271354.351562358380761, 5029341.930664715357125 ], [ 271359.351562353316694, 5029340.930664709769189 ], [ 271357.351562354073394, 5029335.930664711631835 ], [ 271351.350585792155471, 5029333.93066471349448 ], [ 271345.350585791456979, 5029333.930664715357125 ], [ 271338.350585792795755, 5029332.930664711631835 ], [ 271331.350585793901701, 5029333.93066471349448 ], [ 271325.350585793203209, 5029336.930664714425802 ], [ 271322.35058578918688, 5029342.930664711631835 ], [ 271322.350585790467449, 5029348.93066471349448 ], [ 271325.350585790118203, 5029370.930664711631835 ], [ 271325.351562355295755, 5029376.930664709769189 ], [ 271322.351562351745088, 5029381.93066471721977 ], [ 271311.350585790351033, 5029381.930664714425802 ], [ 271307.350585793086793, 5029376.93066471721977 ], [ 271305.350585791282356, 5029371.930664715357125 ], [ 271303.350585793086793, 5029365.930664714425802 ], [ 271302.350585789885372, 5029360.93066471349448 ], [ 271301.350585789419711, 5029353.930664711631835 ], [ 271299.35058579116594, 5029346.930664711631835 ], [ 271297.350585790118203, 5029340.930664715357125 ], [ 271294.350585791806225, 5029334.930664714425802 ], [ 271293.350585794192739, 5029343.930664706975222 ], [ 271293.350585791456979, 5029358.93066471349448 ], [ 271287.350585792562924, 5029355.930664715357125 ], [ 271280.35058578843018, 5029354.930664710700512 ], [ 271285.350585790234618, 5029360.930664707906544 ], [ 271294.350585788604803, 5029369.930664708837867 ], [ 271297.350585790642072, 5029376.930664715357125 ], [ 271298.350585793319624, 5029387.930664707906544 ], [ 271297.350585789128672, 5029392.930664710700512 ], [ 271287.350585790583864, 5029395.93066471349448 ], [ 271281.350585790234618, 5029394.930664710700512 ], [ 271279.350585791049525, 5029388.930664712563157 ], [ 271283.350585792039055, 5029382.93066471349448 ], [ 271282.350585791515186, 5029376.930664715357125 ], [ 271275.350585788663011, 5029372.930664706975222 ], [ 271270.350585790642072, 5029370.93066471349448 ], [ 271262.350585793901701, 5029368.930664715357125 ], [ 271257.35058578918688, 5029367.930664714425802 ], [ 271250.34960923017934, 5029366.930664712563157 ], [ 271244.349609226163011, 5029365.930664709769189 ], [ 271235.349609230353963, 5029365.930664710700512 ], [ 271230.349609227792826, 5029364.93066471349448 ], [ 271223.349609231343493, 5029362.930664710700512 ], [ 271219.349609232100192, 5029357.930664710700512 ], [ 271216.349609229364432, 5029355.930664708837867 ], [ 271211.34960922767641, 5029351.930664710700512 ], [ 271207.349609228898771, 5029359.930664719082415 ], [ 271202.349609229597263, 5029364.930664714425802 ], [ 271196.349609232682269, 5029366.93066471349448 ], [ 271185.349609230819624, 5029363.93066471349448 ], [ 271177.34960923017934, 5029364.930664710700512 ], [ 271167.348632666515186, 5029367.930664715357125 ], [ 271161.348632665234618, 5029369.930664712563157 ], [ 271153.348632666456979, 5029372.930664712563157 ], [ 271142.348632666049525, 5029377.930664711631835 ], [ 271136.348632670124061, 5029382.930664716288447 ], [ 271132.348632667504717, 5029389.930664709769189 ], [ 271128.348632666282356, 5029394.930664716288447 ], [ 271124.348632671637461, 5029401.930664712563157 ], [ 271120.348632668552455, 5029407.930664714425802 ], [ 271118.348632666515186, 5029413.93066471721977 ], [ 271113.348632668610662, 5029420.930664712563157 ], [ 271105.348632667330094, 5029423.930664710700512 ], [ 271093.348632665001787, 5029427.930664709769189 ], [ 271086.348632663954049, 5029429.93066471349448 ], [ 271081.348632666049525, 5029431.930664707906544 ], [ 271071.348632661858574, 5029437.930664715357125 ], [ 271060.348632668436039, 5029441.930664714425802 ], [ 271037.34765610541217, 5029441.93066471349448 ], [ 271032.347656104306225, 5029445.930664718151093 ], [ 271030.347656105761416, 5029450.93066471349448 ], [ 271034.348632666748017, 5029455.93066471349448 ], [ 271038.348632666398771, 5029462.930664715357125 ], [ 271039.348632666456979, 5029468.930664714425802 ], [ 271038.348632667271886, 5029473.930664712563157 ], [ 271034.348632667097263, 5029477.930664714425802 ], [ 271029.348632667795755, 5029479.930664716288447 ], [ 271024.348632668028586, 5029482.930664716288447 ], [ 271018.348632665874902, 5029485.930664714425802 ], [ 271006.347656104655471, 5029488.930664712563157 ], [ 271000.347656103316694, 5029488.930664709769189 ], [ 270995.347656102094334, 5029489.93066471349448 ], [ 270986.347656102152541, 5029485.930664712563157 ], [ 270984.347656102385372, 5029480.930664716288447 ], [ 270978.347656102851033, 5029481.930664706975222 ], [ 270974.34765610267641, 5029485.93066471349448 ], [ 270967.347656102036126, 5029488.930664714425802 ], [ 270957.347656105062924, 5029494.930664708837867 ], [ 270951.347656103607733, 5029496.930664706043899 ], [ 270946.347656106750946, 5029497.930664712563157 ], [ 270939.347656102734618, 5029497.93066471349448 ], [ 270934.347656105062924, 5029498.930664715357125 ], [ 270928.347656103956979, 5029499.930664707906544 ], [ 270924.346679542853963, 5029495.930664708837867 ], [ 270918.346679541398771, 5029495.930664708837867 ], [ 270917.346679540467449, 5029500.930664715357125 ], [ 270912.346679542621132, 5029501.930664715357125 ], [ 270906.346679543610662, 5029501.930664715357125 ], [ 270902.346679540234618, 5029497.930664711631835 ], [ 270901.346679542097263, 5029491.930664706975222 ], [ 270895.346679540118203, 5029491.93066471349448 ], [ 270890.346679543086793, 5029494.930664715357125 ], [ 270888.346679541282356, 5029499.930664711631835 ], [ 270885.346679540991317, 5029504.930664716288447 ], [ 270882.346679543901701, 5029499.930664710700512 ], [ 270877.346679539128672, 5029501.930664712563157 ], [ 270870.346679540351033, 5029502.930664710700512 ], [ 270865.346679540758487, 5029501.930664707906544 ], [ 270852.346679542970378, 5029501.930664712563157 ], [ 270850.531657749146689, 5029500.115642916411161 ], [ 270853.443784681265242, 5029546.771337315440178 ], [ 270859.036969629290979, 5029597.305067321285605 ], [ 270869.497353368613403, 5029692.711949206888676 ], [ 270930.517625004402362, 5030222.80179528426379 ], [ 270964.484530283429194, 5030468.772763004526496 ], [ 271058.479099156102166, 5031229.755228000693023 ], [ 271155.504776809830219, 5031269.798322590067983 ], [ 271229.534260968037415, 5031312.741874971427023 ], [ 272216.480902766517829, 5032039.816245704889297 ], [ 273134.559035937010776, 5032728.811355163343251 ], [ 273195.546359290776309, 5032767.734839303418994 ], [ 273288.528723307361361, 5032819.829548586159945 ], [ 273375.514724850188941, 5032863.733447708189487 ], [ 273410.487327020324301, 5032879.784939894452691 ], [ 273648.540517885936424, 5031573.799854518845677 ], [ 273644.523559693305288, 5031568.819359322078526 ], [ 273837.316837146237958, 5030532.882091683335602 ] ] ] ] } },
{ "type": "Feature", "properties": { "id": 29, "nom": "Rivière-des-Prairies" }, "geometry": { "type": "MultiPolygon", "coordinates": [ [ [ [ 304115.875280316220596, 5062147.154976849444211 ], [ 304115.562160879781004, 5062132.37414572481066 ], [ 304114.464184392534662, 5062062.026242117397487 ], [ 304113.525117146840785, 5062020.573247936554253 ], [ 304112.820327802968677, 5061985.121482946909964 ], [ 304110.70603493769886, 5061879.877543179318309 ], [ 304109.535435274301562, 5061857.87308538146317 ], [ 304108.911168748571072, 5061846.648592620156705 ], [ 304108.053056076401845, 5061833.534843422472477 ], [ 304106.103877252025995, 5061813.53089118655771 ], [ 304102.128399372624699, 5061780.635591913945973 ], [ 304100.257725090370513, 5061766.521750213578343 ], [ 304097.29620868281927, 5061747.740393368527293 ], [ 304094.958199815184344, 5061733.29320390895009 ], [ 304089.659048577828798, 5061703.843228303827345 ], [ 304083.035706886381377, 5061672.837531253695488 ], [ 304079.841133450099733, 5061659.946327100507915 ], [ 304073.919437590637244, 5061635.942017860710621 ], [ 304061.920725647301879, 5061592.823343478143215 ], [ 304057.713597872992977, 5061579.821137985214591 ], [ 304047.273616932099685, 5061547.593463983386755 ], [ 303963.048713644267991, 5061288.216975506395102 ], [ 303955.101154937583487, 5061263.879662714898586 ], [ 303843.750099074561149, 5060917.712885214015841 ], [ 303390.194106772716623, 5059516.065862199291587 ], [ 303365.635785441379994, 5059439.500227519311011 ], [ 303351.991904530266766, 5059396.494577740319073 ], [ 303346.300076192885172, 5059377.158611709252 ], [ 303340.374095608887728, 5059356.155698578804731 ], [ 303330.392315629345831, 5059316.149859534576535 ], [ 303325.322785053926054, 5059293.257485888898373 ], [ 303319.394281138957012, 5059262.25255159009248 ], [ 303317.209626165975351, 5059248.917011369951069 ], [ 303314.63480070058722, 5059233.025487170554698 ], [ 303311.903610548528377, 5059214.911325355060399 ], [ 303309.483862887136638, 5059196.019154150038958 ], [ 303307.531594860425685, 5059177.238006428815424 ], [ 303305.656987112888601, 5059157.456637002527714 ], [ 303303.15587449236773, 5059124.339362647384405 ], [ 303301.824407884967513, 5059095.333760567009449 ], [ 303301.506247251178138, 5059068.217191151343286 ], [ 303301.734488680202048, 5059045.323575629852712 ], [ 303302.351337741070893, 5059018.429051470011473 ], [ 303303.203159130585846, 5058996.646625979803503 ], [ 303303.280886083957739, 5058995.868670884519815 ], [ 303305.842906345031224, 5058957.749171843752265 ], [ 303308.408464267093223, 5058934.29933256842196 ], [ 303313.462543867412023, 5058890.844824741594493 ], [ 303318.75210201338632, 5058854.391694603487849 ], [ 303324.273866392148193, 5058811.159357596188784 ], [ 303331.118219699186739, 5058759.147151732817292 ], [ 303358.419833025836851, 5058555.321544797159731 ], [ 303370.709816879127175, 5058462.63321830611676 ], [ 303381.600486541748978, 5058382.725619602948427 ], [ 303386.345373455435038, 5058346.050432898104191 ], [ 303400.658317550492939, 5058236.13602343108505 ], [ 303404.702166783332359, 5058199.683283755555749 ], [ 303407.886223370966036, 5058151.228308374993503 ], [ 303408.503695214050822, 5058124.667233727872372 ], [ 303408.730879882816225, 5058095.105639489367604 ], [ 303408.80454463820206, 5058075.990640728734434 ], [ 303407.863421794725582, 5058048.985382282175124 ], [ 303406.298016887390986, 5058018.090588237158954 ], [ 303404.735378599609248, 5057999.642758908681571 ], [ 303400.986364053096622, 5057961.413639617152512 ], [ 303399.112936939636711, 5057947.188959550112486 ], [ 303270.82267068134388, 5057853.200052515603602 ], [ 303088.42742718628142, 5057692.103724 ], [ 303019.758931134478189, 5057648.891976861283183 ], [ 302940.254904895089567, 5057598.34939222317189 ], [ 302812.186728472879622, 5057511.815834083594382 ], [ 302712.021349773742259, 5057444.057082348503172 ], [ 302582.85482129920274, 5057354.86140881665051 ], [ 302286.621906415384728, 5057147.265146158635616 ], [ 302008.535487059678417, 5056953.899931281805038 ], [ 301984.600937868759502, 5056937.796328421682119 ], [ 301974.85571767919464, 5056931.577257454395294 ], [ 301934.39297391747823, 5056904.923671089112759 ], [ 301868.745776911033317, 5056858.055835507810116 ], [ 301744.154867411125451, 5056771.431496592238545 ], [ 301676.555846746487077, 5056723.677576778456569 ], [ 301618.624116427497938, 5056682.69859613571316 ], [ 301409.439073104178533, 5056562.117803473956883 ], [ 301323.893140226486139, 5056487.705472477711737 ], [ 301175.738192532036919, 5056384.880198842845857 ], [ 300984.688883798022289, 5056251.967372205108404 ], [ 300972.133906996110454, 5056243.195520872250199 ], [ 300807.044717437180225, 5056128.387022057548165 ], [ 300785.209042940463405, 5056113.064621866680682 ], [ 300763.607038662186824, 5056097.631013929843903 ], [ 300742.082733138871845, 5056081.975163855589926 ], [ 300720.714074785530102, 5056066.097019945271313 ], [ 300710.497588103229646, 5056058.435502440668643 ], [ 300629.230939920176752, 5055994.80985632352531 ], [ 300550.221348358667456, 5055928.405403668992221 ], [ 300473.468857260653749, 5055859.333192846737802 ], [ 300469.256637430808041, 5055855.335313850082457 ], [ 300297.645154096011538, 5055695.313614279963076 ], [ 300018.055582471366506, 5055434.580544496886432 ], [ 299798.127711045905016, 5055229.600866698659956 ], [ 299471.758887770934962, 5054925.254669866524637 ], [ 299029.631841500173323, 5054513.121203385293484 ], [ 298893.293680196511559, 5054380.555693388916552 ], [ 298796.98726576496847, 5054286.962293677031994 ], [ 298556.676855650206562, 5054053.373834161087871 ], [ 298391.438241967989597, 5053892.620484108105302 ], [ 298220.414817633572966, 5053726.320964111015201 ], [ 298032.364421323640272, 5053543.485750229097903 ], [ 297549.893469530798029, 5053074.49011096637696 ], [ 297495.864721529302187, 5053021.987146851606667 ], [ 297354.151878151053097, 5052884.127289322204888 ], [ 297240.241862967784982, 5052782.688553535379469 ], [ 297117.917671764269471, 5052691.597585008479655 ], [ 296988.194286980491597, 5052611.520402299240232 ], [ 296889.936238738999236, 5052560.633961129002273 ], [ 296816.967249440029263, 5052525.719853310845792 ], [ 296736.070863803150132, 5052634.17815515678376 ], [ 296443.646969892841298, 5053021.971330305561423 ], [ 296032.340773252770305, 5053580.977831430733204 ], [ 295711.064822449174244, 5054014.966873203404248 ], [ 295685.694631467631552, 5054049.23282104358077 ], [ 295467.875720376672689, 5054340.278619676828384 ], [ 295459.549521135981195, 5054351.515510948374867 ], [ 295389.360390196496155, 5054445.417235764674842 ], [ 295386.870191236375831, 5054448.643849413841963 ], [ 295389.762290748534724, 5054453.418222373351455 ], [ 295395.155622100981418, 5054462.300761261023581 ], [ 295424.840650737925898, 5054499.819188007153571 ], [ 295430.163420878699981, 5054513.70285861287266 ], [ 295430.421322959417012, 5054529.705657045356929 ], [ 295439.720317765430082, 5054543.472242811694741 ], [ 295466.017679880023934, 5054557.991363178007305 ], [ 295481.24069451057585, 5054570.748966459184885 ], [ 295490.457077780971304, 5054581.51515388675034 ], [ 295512.19431997690117, 5054623.157774426974356 ], [ 295523.356804905808531, 5054631.920720384456217 ], [ 295591.847992457449436, 5054655.713069860823452 ], [ 295611.042285572097171, 5054665.353408463299274 ], [ 295627.106072084512562, 5054666.996806731447577 ], [ 295861.755789889313746, 5054752.673902251757681 ], [ 295878.159711207845248, 5054774.321443755179644 ], [ 295892.533709127630573, 5054794.082656673155725 ], [ 295904.787668732053135, 5054803.400394471362233 ], [ 295906.738873374648392, 5054804.842349540442228 ], [ 295949.266032816085499, 5054830.009218742139637 ], [ 295987.743199161894154, 5054858.404952202923596 ], [ 296021.140899610938504, 5054878.695328870788217 ], [ 296057.494201809691731, 5054894.091884547844529 ], [ 296083.876379982510116, 5054915.614881950430572 ], [ 296123.696932738355827, 5054957.790105110034347 ], [ 296157.434720725635998, 5054999.196060948073864 ], [ 296154.80902524915291, 5055017.314417787827551 ], [ 296137.222915556107182, 5055041.565830398350954 ], [ 296137.389934812788852, 5055049.567195485346019 ], [ 296143.642052405921277, 5055060.449592947028577 ], [ 296156.583557951438706, 5055060.209410654380918 ], [ 296183.219991936930455, 5055040.724295633845031 ], [ 296234.96169650106458, 5055078.771871840581298 ], [ 296247.387549311155453, 5055100.536975642666221 ], [ 296259.727151161700021, 5055116.30102470330894 ], [ 296292.362189653737005, 5055150.707824361510575 ], [ 296361.51977031538263, 5055212.515287885442376 ], [ 296425.769862045301124, 5055278.330894376151264 ], [ 296445.045600423123688, 5055292.974685646593571 ], [ 296467.279564608703367, 5055304.502857519313693 ], [ 296489.678234946681187, 5055322.698888524435461 ], [ 296513.013317348842975, 5055341.671691135503352 ], [ 296604.734057438385207, 5055432.013232566416264 ], [ 296627.053040338098072, 5055449.543062061071396 ], [ 296712.769319360435475, 5055541.005388275720179 ], [ 296764.751676531683188, 5055590.05925330799073 ], [ 296805.247164221131243, 5055618.34630430676043 ], [ 296843.875176784757059, 5055649.636596947908401 ], [ 296864.247644400573336, 5055670.170356347225606 ], [ 296937.864772248256486, 5055753.871832274831831 ], [ 296981.982950566336513, 5055813.050553061068058 ], [ 297012.833669652463868, 5055860.465974675491452 ], [ 297028.213724872155581, 5055879.228363894857466 ], [ 297042.580308390839491, 5055897.992049821652472 ], [ 297055.001725352427457, 5055919.75878234859556 ], [ 297069.869127894111443, 5055965.416194569319487 ], [ 297075.176421438867692, 5055970.744032488204539 ], [ 297103.507407076074742, 5055998.825813055969775 ], [ 297110.610661680228077, 5056006.70753706805408 ], [ 297150.417477401671931, 5056049.000492092221975 ], [ 297190.056887781538535, 5056082.292099083773792 ], [ 297278.628185891488101, 5056163.645619737915695 ], [ 297283.779904037772212, 5056169.52949025016278 ], [ 297293.926211829355452, 5056180.297232034616172 ], [ 297310.236421053006779, 5056196.058600752614439 ], [ 297360.098091558436863, 5056240.118984737433493 ], [ 297361.696359053312335, 5056273.123714314773679 ], [ 297381.216122240992263, 5056300.772727498784661 ], [ 297424.491271920676809, 5056312.946155131794512 ], [ 297443.509966712736059, 5056312.590325151570141 ], [ 297467.854766732139979, 5056334.121588466688991 ], [ 297475.199231949751265, 5056349.004853868857026 ], [ 297505.792209161387291, 5056381.420020250603557 ], [ 297568.073080089408904, 5056450.250342393293977 ], [ 297578.29651610791916, 5056461.129592904821038 ], [ 297587.671632449608296, 5056479.900316523388028 ], [ 297612.259606090607122, 5056510.544810234569013 ], [ 297647.340790402842686, 5056515.838941594585776 ], [ 297706.574541235109791, 5056580.784471492283046 ], [ 297780.333300257741939, 5056671.386062170378864 ], [ 297793.436385155830067, 5056679.150692843832076 ], [ 297799.601566595665645, 5056686.03405614476651 ], [ 297815.909180430870038, 5056701.796755060553551 ], [ 297832.466036921308842, 5056731.450907246209681 ], [ 297849.625118035590276, 5056742.100603451952338 ], [ 297874.889942176640034, 5056752.630219548009336 ], [ 297957.196738353639375, 5056824.109474680386484 ], [ 297982.713432758930139, 5056851.642680373974144 ], [ 298093.319977581850253, 5056932.650388564914465 ], [ 298113.363358117290772, 5056944.742449629120529 ], [ 298152.981779649620876, 5056968.482729316689074 ], [ 298183.481908741232473, 5056993.010850285179913 ], [ 298222.947509181394707, 5057020.196876334957778 ], [ 298237.224690615897998, 5057033.962414764799178 ], [ 298259.615498661180027, 5057055.498831007629633 ], [ 298277.876739972853102, 5057078.262108962982893 ], [ 298291.377306030481122, 5057094.918055631220341 ], [ 298322.975576769851614, 5057127.33619870711118 ], [ 298348.650460522796493, 5057159.871753359213471 ], [ 298392.331165152427275, 5057195.167250537313521 ], [ 298406.77459655381972, 5057219.82409845571965 ], [ 298413.955824173346628, 5057230.707840139046311 ], [ 298471.830678329279181, 5057276.658218467608094 ], [ 298534.197667814034503, 5057295.488030505366623 ], [ 298586.150135926727671, 5057343.556954492814839 ], [ 298631.446925315773115, 5057360.737745776772499 ], [ 298728.691123465832788, 5057422.877242705784738 ], [ 298763.324844185146503, 5057455.294672396034002 ], [ 298796.780457204731647, 5057478.600472055375576 ], [ 298806.153376672766171, 5057500.484787715598941 ], [ 298819.25152881606482, 5057506.251174773089588 ], [ 298843.334053226339165, 5057507.784022696316242 ], [ 298855.746003211126663, 5057529.554381113499403 ], [ 298881.338527347194031, 5057562.092216757126153 ], [ 298914.710586900298949, 5057580.508850295096636 ], [ 298942.331507856259122, 5057615.9345001289621 ], [ 299010.252621720952448, 5057662.658400761894882 ], [ 299029.758902434143238, 5057688.312210975214839 ], [ 299057.542015538900159, 5057731.850980442948639 ], [ 299065.045182327681687, 5057755.737816917710006 ], [ 299085.535531888075639, 5057835.401856611482799 ], [ 299104.96202347765211, 5057859.944643692113459 ], [ 299134.357628831348848, 5057878.477218450978398 ], [ 299205.432605050271377, 5057884.080935577861965 ], [ 299225.539375132648274, 5057885.729953835718334 ], [ 299236.919849533354864, 5057889.16494560893625 ], [ 299301.928220577188767, 5057908.333477225154638 ], [ 299344.010820925992448, 5057910.519229399971664 ], [ 299439.245773463393562, 5057919.771950171329081 ], [ 299478.210410250234418, 5057921.072215779684484 ], [ 299555.687943562516011, 5057942.566578641533852 ], [ 299598.86702835210599, 5057951.75454820599407 ], [ 299602.375113258254714, 5057953.418631345964968 ], [ 299627.08769221988041, 5057965.289406643249094 ], [ 299655.548514861147851, 5057986.714685285463929 ], [ 299685.187045243335888, 5058019.141362647525966 ], [ 299696.257318351650611, 5058025.022386713884771 ], [ 299729.544854657899123, 5058041.331910387612879 ], [ 299765.787731010583229, 5058050.637805968523026 ], [ 299839.782347830012441, 5058105.256341992877424 ], [ 299846.024965580494609, 5058116.142485840246081 ], [ 299863.256397337187082, 5058128.909208534285426 ], [ 299881.582550611463375, 5058146.564998673275113 ], [ 299891.799878774792887, 5058158.337127857841551 ], [ 299910.042456475901417, 5058168.991645067930222 ], [ 299935.218540089670569, 5058177.529268056154251 ], [ 299954.395294776419178, 5058187.182983772829175 ], [ 299979.896840587607585, 5058213.724193505011499 ], [ 300007.669455055962317, 5058255.266814392991364 ], [ 300029.803014118981082, 5058259.806342501193285 ], [ 300060.12897229171358, 5058278.2314362982288 ], [ 300075.570668912841938, 5058295.44545479118824 ], [ 300111.211131711839698, 5058335.315584312193096 ], [ 300144.576087198685855, 5058354.627877346239984 ], [ 300172.955519081093371, 5058376.166717261075974 ], [ 300176.155396446236409, 5058383.054636896587908 ], [ 300191.44034378125798, 5058399.824525259435177 ], [ 300217.711143018736038, 5058415.363905532285571 ], [ 300246.777387098933104, 5058417.787576558068395 ], [ 300271.181507410248742, 5058438.329561936669052 ], [ 300310.786952158552594, 5058468.640460009686649 ], [ 300340.339727771701291, 5058498.069715037941933 ], [ 300384.771136117749847, 5058522.265282125212252 ], [ 300455.793134152307175, 5058575.893045083619654 ], [ 300481.370955194870476, 5058605.436872974969447 ], [ 300503.058216569246724, 5058643.096248657442629 ], [ 300554.374501621350646, 5058711.074995158240199 ], [ 300580.88292288640514, 5058735.617582864128053 ], [ 300598.031802970916033, 5058746.274856000207365 ], [ 300613.232785559957847, 5058757.04461656883359 ], [ 300636.091396513220388, 5058800.59376678802073 ], [ 300670.8693555991631, 5058842.023563697002828 ], [ 300698.796252599102445, 5058892.459892870858312 ], [ 300787.035376536485273, 5058953.859523384831846 ], [ 300863.644823636917863, 5058985.372733454219997 ], [ 300943.742906623519957, 5058989.879210676066577 ], [ 301010.668755578808486, 5058986.615333409979939 ], [ 301088.739836725406349, 5058989.23562790080905 ], [ 301136.893463493557647, 5058994.319332098588347 ], [ 301195.262796370137949, 5059015.178499728441238 ], [ 301246.777225291822106, 5059039.264993484131992 ], [ 301280.907823311106768, 5059047.580689655616879 ], [ 301293.067732333438471, 5059057.353620258159935 ], [ 301291.523035151767544, 5059081.470527477562428 ], [ 301297.601830405241344, 5059084.356592203490436 ], [ 301306.48092506051762, 5059079.128325541503727 ], [ 301318.479327677458059, 5059078.899352463893592 ], [ 301347.942184255050961, 5059100.442946291528642 ], [ 301396.738219803723041, 5059142.53586452268064 ], [ 301437.267524749971926, 5059170.741886192932725 ], [ 301472.036975157738198, 5059210.064625147730112 ], [ 301507.499851234199014, 5059235.495463105849922 ], [ 301600.019291358999908, 5059312.68535843770951 ], [ 301625.589694175869226, 5059344.23431386705488 ], [ 301659.024040578107815, 5059366.666434889659286 ], [ 301698.696692566853017, 5059400.875822147354484 ], [ 301747.328771845146548, 5059435.97014441061765 ], [ 301840.935870899818838, 5059519.275462397374213 ], [ 301935.314938191499095, 5059592.579787748865783 ], [ 301971.945008343027439, 5059623.902837993577123 ], [ 302014.758650029543787, 5059721.125753401778638 ], [ 302035.338977990904823, 5059751.678429221734405 ], [ 302058.184075645462144, 5059795.343982666730881 ], [ 302074.017582220840268, 5059839.01268214546144 ], [ 302120.721103502262849, 5059931.233628591522574 ], [ 302135.540257049025968, 5059972.902517285197973 ], [ 302147.321553314279299, 5060015.68407445307821 ], [ 302193.623143913340755, 5060083.900820538401604 ], [ 302231.980072277889121, 5060157.122211969457567 ], [ 302266.898519932874478, 5060205.562359046190977 ], [ 302313.971942440024577, 5060262.666301932185888 ], [ 302348.649139418383129, 5060294.992577063851058 ], [ 302371.173408594331704, 5060325.656756045296788 ], [ 302448.949823129980359, 5060419.201811308041215 ], [ 302491.569996858306695, 5060449.414352241903543 ], [ 302514.012504711921792, 5060472.966504759155214 ], [ 302522.275188414030708, 5060488.855651053600013 ], [ 302550.714922499959357, 5060511.294409306719899 ], [ 302575.182236992171966, 5060534.846054072491825 ], [ 302591.705277099797968, 5060561.512356770224869 ], [ 302603.402369701478165, 5060598.404736098833382 ], [ 302647.827605653437786, 5060673.515883506275713 ], [ 302671.758568750810809, 5060726.074094315990806 ], [ 302672.312683563039172, 5060752.079282796010375 ], [ 302681.447368374560028, 5060814.978073792532086 ], [ 302696.02228818036383, 5060842.64553286973387 ], [ 302733.038277589017525, 5060896.977737619541585 ], [ 302825.077868475287687, 5061060.315088440664113 ], [ 302855.935591894725803, 5061105.75926059205085 ], [ 302889.671607213909738, 5061141.200631571002305 ], [ 302898.090629593410995, 5061164.98076906055212 ], [ 302930.972636436519679, 5061211.424909907393157 ], [ 302947.888625299907289, 5061261.096839894540608 ], [ 302963.474447719170712, 5061290.876191536895931 ], [ 302970.801429300103337, 5061310.65592341683805 ], [ 303003.603090678574517, 5061353.099649663083255 ], [ 303020.122134039411321, 5061379.76712054386735 ], [ 303035.944926797121298, 5061423.54950101301074 ], [ 303040.786071188806091, 5061467.44614721275866 ], [ 303054.583561468520202, 5061511.229152555577457 ], [ 303094.945710915955715, 5061581.454818454571068 ], [ 303116.290455930109601, 5061601.008644167333841 ], [ 303163.424013654352166, 5061660.230647104792297 ], [ 303172.458327979547903, 5061661.006222182884812 ], [ 303224.890720905561466, 5061736.119513222016394 ], [ 303268.116966197208967, 5061749.222586416639388 ], [ 303293.589384623628575, 5061773.777052965015173 ], [ 303340.246804073103704, 5061807.884176068939269 ], [ 303372.491550678794738, 5061821.323957491666079 ], [ 303394.767787888646126, 5061834.877278880216181 ], [ 303423.27683645952493, 5061860.54293735511601 ], [ 303426.314681493618991, 5061863.320624370127916 ], [ 303493.918792110227514, 5061893.090084594674408 ], [ 303525.07125874835765, 5061900.529633899219334 ], [ 303555.289723931753542, 5061910.970151121728122 ], [ 303582.549738160450943, 5061926.41243505012244 ], [ 303658.095258592336904, 5061953.070371881127357 ], [ 303678.11000745347701, 5061955.622827120125294 ], [ 303726.631267765362281, 5061979.730427787639201 ], [ 303779.281362567213364, 5062014.728891493752599 ], [ 303820.636610949935857, 5062034.948702192865312 ], [ 303881.926596674136817, 5062047.830955793149769 ], [ 303922.189913384674583, 5062060.0499312505126 ], [ 303961.519123775593471, 5062076.381262178532779 ], [ 304017.981797365471721, 5062102.26822043210268 ], [ 304078.572040833416395, 5062134.156465577892959 ], [ 304095.861802923784126, 5062148.824220054782927 ], [ 304109.022413580096327, 5062147.711404249072075 ], [ 304115.875280316220596, 5062147.154976849444211 ] ] ], [ [ [ 296342.054177355137654, 5055345.901589927263558 ], [ 296340.787871513108257, 5055331.900504932738841 ], [ 296311.031759299919941, 5055292.488533898256719 ], [ 296275.190273011627141, 5055250.084406582638621 ], [ 296235.457263845892157, 5055212.797951879911125 ], [ 296190.396379551617429, 5055156.626428226940334 ], [ 296167.990253530966584, 5055134.097282589413226 ], [ 296148.711990001203958, 5055118.454150522127748 ], [ 296137.384233639691956, 5055101.688717323355377 ], [ 296134.090399645152502, 5055087.690489589236677 ], [ 296138.743032652069815, 5055069.569311737082899 ], [ 296119.463107686606236, 5055052.926073482260108 ], [ 296106.610683875856921, 5055061.167805574834347 ], [ 296077.02169872605009, 5055031.758721707388759 ], [ 296061.883183045778424, 5055022.000144860707223 ], [ 296045.736857720592525, 5055016.354948183521628 ], [ 295978.514309546269942, 5055003.558030288666487 ], [ 295944.442238022922538, 5055002.161493361927569 ], [ 295925.500431988737546, 5055004.522166460752487 ], [ 295912.649585723818745, 5055013.764494699425995 ], [ 295905.884020033583511, 5055025.887650313787162 ], [ 295905.107868887716904, 5055028.333687647245824 ], [ 295898.275295271538198, 5055048.125144826248288 ], [ 295896.747391810524277, 5055070.131715313531458 ], [ 295899.033954632584937, 5055088.132052857428789 ], [ 295905.202950236445758, 5055095.124666098505259 ], [ 295946.044005437695887, 5055142.187182295136154 ], [ 295994.061255246750079, 5055192.351581989787519 ], [ 296025.598892552719917, 5055221.757542539387941 ], [ 296139.993281768576708, 5055296.61293263733387 ], [ 296159.264102940098383, 5055307.255051135085523 ], [ 296202.470723751699552, 5055319.531245321035385 ], [ 296209.572983599908184, 5055325.300409243442118 ], [ 296237.81013416062342, 5055336.819514658302069 ], [ 296323.286826812080108, 5055361.26342448964715 ], [ 296337.237117407377809, 5055358.021646033041179 ], [ 296342.054177355137654, 5055345.901589927263558 ] ] ], [ [ [ 296966.530126217112411, 5056109.462715555913746 ], [ 296960.026551094721071, 5056082.576584184542298 ], [ 296921.147754359175451, 5056035.282662871293724 ], [ 296856.996230506629217, 5055975.462995032779872 ], [ 296815.077143261441961, 5055929.173805754631758 ], [ 296766.473104580945801, 5055898.118769861757755 ], [ 296728.938864361552987, 5055867.82773373555392 ], [ 296695.132884004327934, 5055827.418946007266641 ], [ 296606.78776915720664, 5055809.086049262434244 ], [ 296574.242430123558734, 5055779.678469453938305 ], [ 296543.978604175208602, 5055766.271252675913274 ], [ 296503.909849025425501, 5055765.990936581976712 ], [ 296465.781931306817569, 5055759.707084391266108 ], [ 296429.00885990349343, 5055717.414429383352399 ], [ 296430.448306157020852, 5055686.29515197686851 ], [ 296459.113754469377454, 5055669.80907232593745 ], [ 296511.358430222200695, 5055680.852873624302447 ], [ 296554.897206510649994, 5055711.023537668399513 ], [ 296596.40101721760584, 5055735.307108018547297 ], [ 296636.725900549266953, 5055752.47995784226805 ], [ 296651.69018584897276, 5055750.237753216177225 ], [ 296647.465145136520732, 5055738.351993379183114 ], [ 296660.566239554435015, 5055742.002311344258487 ], [ 296651.269102758320514, 5055726.233491419814527 ], [ 296634.792251130973455, 5055704.472863268107176 ], [ 296612.472887093550526, 5055685.94280153978616 ], [ 296556.678370401030406, 5055643.007559678517282 ], [ 296470.873290302406531, 5055602.557690726593137 ], [ 296458.614469348569401, 5055587.793308888562024 ], [ 296438.330253626161721, 5055576.151421957649291 ], [ 296384.302353368839249, 5055573.112234939821064 ], [ 296324.526283793908078, 5055585.306582612916827 ], [ 296278.873674629838206, 5055607.150826832279563 ], [ 296270.161884217697661, 5055621.276654987595975 ], [ 296259.426175631233491, 5055637.516796620562673 ], [ 296257.983314139884897, 5055665.524382993578911 ], [ 296271.342021378572099, 5055686.288075303658843 ], [ 296321.466757197165862, 5055743.453543494455516 ], [ 296366.01806830894202, 5055772.621320573613048 ], [ 296414.879078707424924, 5055818.675907262600958 ], [ 296433.556347881793045, 5055853.324489019811153 ], [ 296454.598707403289154, 5055907.973983716219664 ], [ 296482.749495017051231, 5055915.493510855361819 ], [ 296516.224528188467957, 5055940.787449839524925 ], [ 296535.071332002466079, 5055986.438324403949082 ], [ 296622.805706789484248, 5056075.896406572312117 ], [ 296718.156865910976194, 5056150.120583928190172 ], [ 296734.799634776660241, 5056180.771905990317464 ], [ 296764.384098562120926, 5056213.295879245735705 ], [ 296800.897649756283499, 5056239.587641592137516 ], [ 296821.269762016716413, 5056261.232610705308616 ], [ 296832.257557138393167, 5056258.995914889499545 ], [ 296838.771880825457629, 5056232.871243797242641 ], [ 296824.402896063460503, 5056212.107617854140699 ], [ 296763.296128330577631, 5056155.28561398293823 ], [ 296716.303197795874439, 5056103.113533338531852 ], [ 296645.308791704825126, 5055997.406781 ], [ 296634.411130058288109, 5055949.633643840439618 ], [ 296652.164096362539567, 5055934.274050087668002 ], [ 296668.225642808887642, 5055936.92032260261476 ], [ 296673.218460741569288, 5055939.914427263662219 ], [ 296685.470888477982953, 5055950.678440545685589 ], [ 296728.410476689634379, 5056001.855315715074539 ], [ 296770.245342703128699, 5056043.143032869324088 ], [ 296817.754379587597214, 5056072.199099753983319 ], [ 296855.961797764059156, 5056081.485599311999977 ], [ 296900.939215416263323, 5056081.650825749151409 ], [ 296930.349738380347844, 5056100.172985907644033 ], [ 296966.530126217112411, 5056109.462715555913746 ] ] ], [ [ [ 296057.635616515646689, 5055385.189770675264299 ], [ 296047.068067171087023, 5055354.420629407279193 ], [ 296025.511097821581643, 5055325.778464802540839 ], [ 295960.238121052680071, 5055255.96760655939579 ], [ 295924.561486052407417, 5055221.677985724061728 ], [ 295905.349133799609262, 5055197.811641734093428 ], [ 295903.084308028337546, 5055195.036533226259053 ], [ 295880.680136022565421, 5055174.508811082690954 ], [ 295859.20833414955996, 5055151.868302212096751 ], [ 295858.869293255091179, 5055132.864990113303065 ], [ 295834.855282840435393, 5055077.332744466140866 ], [ 295822.173777197720483, 5055041.454895692877471 ], [ 295813.468420944816899, 5055005.682487763464451 ], [ 295778.970404143561609, 5054979.282474346458912 ], [ 295761.892485373769887, 5054976.639954442158341 ], [ 295752.926811446726788, 5054976.764062613248825 ], [ 295742.106117294926662, 5054988.004201957024634 ], [ 295715.894090198911726, 5055030.495175609365106 ], [ 295706.504546634852886, 5055060.737093326635659 ], [ 295702.027855697844643, 5055091.749804596416652 ], [ 295704.732445851375815, 5055128.753262410871685 ], [ 295746.162878564966377, 5055205.041686439886689 ], [ 295780.659631709975656, 5055231.330393520183861 ], [ 295853.28789864119608, 5055264.010306009091437 ], [ 295905.519367811095435, 5055317.390868144109845 ], [ 295951.270073191786651, 5055364.224176667630672 ], [ 296006.056379774119705, 5055406.155229298397899 ], [ 296043.424318581703119, 5055424.550880229100585 ], [ 296055.180293911136687, 5055413.30994517263025 ], [ 296057.635616515646689, 5055385.189770675264299 ] ] ] ] } },
{ "type": "Feature", "properties": { "id": 34, "nom": "Vieux-Montréal" }, "geometry": { "type": "MultiPolygon", "coordinates": [ [ [ [ 301745.41416554764146, 5038713.288022973574698 ], [ 301680.129504210897721, 5038681.647998846136034 ], [ 301653.716483037860598, 5038696.330365609377623 ], [ 301626.129853616992477, 5038708.568571756593883 ], [ 301597.604146187251899, 5038718.473643225617707 ], [ 301575.095214195433073, 5038724.263933274894953 ], [ 300945.494006403547246, 5038897.426346972584724 ], [ 300931.974150670634117, 5038901.546480012126267 ], [ 300917.75138631882146, 5038906.556118956767023 ], [ 300899.621691069973167, 5038913.568560584448278 ], [ 300884.852594963740557, 5038919.80104667507112 ], [ 300870.943537852726877, 5038926.36642031557858 ], [ 300854.221805307490285, 5038934.822806379757822 ], [ 300837.969449470518157, 5038943.83459244389087 ], [ 300825.233719776093494, 5038951.621760769747198 ], [ 300816.170287902350537, 5038957.184018492698669 ], [ 300802.888247574679554, 5038966.194012203253806 ], [ 300786.715985136455856, 5038977.984138010069728 ], [ 300773.356794394378085, 5038988.43893778976053 ], [ 300753.748416526068468, 5039004.787695654667914 ], [ 300736.407142526935786, 5039021.579569096677005 ], [ 300676.965790803777054, 5039083.073377614840865 ], [ 300622.702417043445166, 5039171.902371603064239 ], [ 300593.278201906941831, 5039235.155178873799741 ], [ 300557.644949461158831, 5039362.201152487657964 ], [ 300529.330020016117487, 5039445.345869882963598 ], [ 300493.730010538303759, 5039503.269118495285511 ], [ 300451.557179284049198, 5039549.08390945661813 ], [ 300417.888547045760788, 5039572.889224925078452 ], [ 300215.780834491888527, 5039684.052830559201539 ], [ 300146.254142345103901, 5039725.444504244253039 ], [ 300002.838500210957136, 5039823.347248354926705 ], [ 299979.412352950079367, 5039848.925199626013637 ], [ 299950.670176264946349, 5039872.062473116442561 ], [ 299935.83292556804372, 5039887.076565627008677 ], [ 299911.390627970278729, 5039911.766517584212124 ], [ 299844.619535843550693, 5039973.162897125817835 ], [ 299853.53817380341934, 5039985.157957342453301 ], [ 299893.522011374414433, 5040047.693053597584367 ], [ 299949.864469034015201, 5040144.221688677556813 ], [ 299960.975788091833238, 5040162.660780876874924 ], [ 299983.590845972648822, 5040201.9835962112993 ], [ 300015.752305154630449, 5040257.968793119303882 ], [ 300039.851380201696884, 5040297.179554619826376 ], [ 300056.049578773556277, 5040326.06123520899564 ], [ 300079.210642193327658, 5040365.606251926161349 ], [ 300143.211591489496641, 5040470.243439255282283 ], [ 300162.929297321359627, 5040504.457059963606298 ], [ 300176.856135403737426, 5040527.784209291450679 ], [ 300206.117299534322228, 5040576.104531394317746 ], [ 300247.507205193396658, 5040647.975871830247343 ], [ 300299.060843936051242, 5040728.619513927027583 ], [ 300325.817492095113266, 5040773.941676448099315 ], [ 300405.404747651366051, 5040942.581753566861153 ], [ 300421.903319128556177, 5040958.795297970063984 ], [ 300439.426713769149501, 5040988.1215915735811 ], [ 300498.424629139131866, 5041107.435214411467314 ], [ 300507.663824759190902, 5041135.322689312510192 ], [ 300535.683644124888815, 5041204.538006434217095 ], [ 300547.656354409758933, 5041231.090118793770671 ], [ 300596.729430300125387, 5041354.078752970322967 ], [ 300636.332016720203683, 5041455.070182918570936 ], [ 300670.282666348910425, 5041517.725485629402101 ], [ 300700.634924217592925, 5041574.715658609755337 ], [ 300728.714370332076214, 5041621.705688294954598 ], [ 300756.011384203680791, 5041667.585043111816049 ], [ 300761.174018732097466, 5041677.027833535335958 ], [ 300738.838838230993133, 5041692.267166197299957 ], [ 300743.609395569830667, 5041699.487580779008567 ], [ 300759.954429398232605, 5041724.370329768396914 ], [ 300805.309876034327317, 5041788.241491886787117 ], [ 300845.267661606078036, 5041842.670268977992237 ], [ 300858.795434510277119, 5041861.331731508485973 ], [ 300872.401045272010379, 5041879.659782512113452 ], [ 300886.711519439297263, 5041900.876824821345508 ], [ 300899.92750503384741, 5041921.094403307884932 ], [ 300911.344505454995669, 5041938.090331267565489 ], [ 300918.617533309618011, 5041949.865694211795926 ], [ 300929.096920265816152, 5041966.862235246226192 ], [ 300952.011182408896275, 5042004.966011888347566 ], [ 300976.024469910713378, 5042052.18193257600069 ], [ 300992.608850314689334, 5042088.28936817497015 ], [ 301001.449352005554829, 5042108.843215071596205 ], [ 301013.575290499953553, 5042136.507465525530279 ], [ 301035.323574296548031, 5042186.280999011360109 ], [ 301253.986294794303831, 5042040.905586214736104 ], [ 301278.653416839952115, 5042143.798846129328012 ], [ 301187.654947591538075, 5041763.894334274344146 ], [ 301192.6539517006604, 5041761.779973398894072 ], [ 301185.919287640310358, 5041734.667939503677189 ], [ 301154.751276056806091, 5041609.44159889779985 ], [ 300983.241461743949912, 5041201.582705713808537 ], [ 300956.949649362126365, 5041139.032178826630116 ], [ 301057.98159757826943, 5041142.082781246863306 ], [ 301163.687914584297687, 5041391.175653197802603 ], [ 301176.737160337797832, 5041392.9461964154616 ], [ 301187.705083867360372, 5041443.83774218801409 ], [ 301240.647076213441323, 5041387.797607451677322 ], [ 301154.92981386120664, 5040975.218607429414988 ], [ 301184.854706512298435, 5040971.645117907784879 ], [ 301145.363396981556434, 5040783.41271289717406 ], [ 300797.858828401193023, 5040762.843256615102291 ], [ 300730.867934548994526, 5040605.080880384892225 ], [ 300730.786549611890223, 5040600.080056831240654 ], [ 301114.486400039342698, 5040630.848461374640465 ], [ 301087.624690984899644, 5040531.402428423054516 ], [ 300706.886076816008426, 5040497.52207566332072 ], [ 300692.29642558528576, 5040413.739164354279637 ], [ 300903.770569622691255, 5040434.830272938124835 ], [ 300904.383866593940184, 5040415.715437726117671 ], [ 300690.956826499372255, 5040396.737066835165024 ], [ 300677.787160518579185, 5040333.956944153644145 ], [ 301054.711550303443801, 5040375.950339276343584 ], [ 301031.751487470697612, 5040270.390077892690897 ], [ 300677.874491124472115, 5040228.938536452129483 ], [ 300703.165244823787361, 5040064.671093266457319 ], [ 300706.190177645883523, 5040029.551885843276978 ], [ 300721.450037086324301, 5039940.970963620580733 ], [ 300746.458749933110084, 5039941.510418634861708 ], [ 300747.151133354636841, 5039924.507010220550001 ], [ 300763.091928524780087, 5039921.273956215940416 ], [ 300781.42266655707499, 5039988.940651989541948 ], [ 300824.485004426445812, 5039991.135844292119145 ], [ 300810.75224824459292, 5039902.35131202917546 ], [ 300823.802788971108384, 5039901.120597874745727 ], [ 300832.259456468280405, 5039926.897514606826007 ], [ 300838.27710509125609, 5039926.893714300356805 ], [ 300854.173665788606741, 5039977.559196193702519 ], [ 300943.103848398954142, 5039968.946885057725012 ], [ 300942.295913580222987, 5039925.939891546033323 ], [ 300949.250628754787613, 5039924.713186806067824 ], [ 300921.116152030881494, 5039545.220095067285001 ], [ 300926.117452379374299, 5039544.105703419074416 ], [ 300925.40849317231914, 5039535.10457899235189 ], [ 300891.763507336727343, 5039097.605223477818072 ], [ 300898.474772328219842, 5039080.486981703899801 ], [ 300909.496070345630869, 5039081.25805610511452 ], [ 300908.155542364635039, 5039062.255603462457657 ], [ 300934.183844727696851, 5039062.795177947729826 ], [ 300938.009410451340955, 5039055.680484315380454 ], [ 300950.982960833760444, 5039053.449912913143635 ], [ 300954.438020172063261, 5039079.452288643456995 ], [ 300975.382682889990974, 5039074.994284997694194 ], [ 301005.137354417762253, 5039421.591766002587974 ], [ 301056.128597804694436, 5040000.328387558460236 ], [ 301057.22787076322129, 5040008.995908950455487 ], [ 301090.439431724895258, 5040005.086629969999194 ], [ 301205.788137533643749, 5040003.019182146526873 ], [ 301162.243404884182382, 5039437.612684346735477 ], [ 301250.088015271001495, 5039430.005540563724935 ], [ 301296.655700611649081, 5039964.850066925399005 ], [ 301307.516865645477083, 5040102.090149038471282 ], [ 301321.83297905913787, 5040269.889254563488066 ], [ 301321.219997167761903, 5040291.893436379730701 ], [ 301341.316308912704699, 5040456.577779750339687 ], [ 301353.461563606397249, 5040516.359335973858833 ], [ 301393.139929652854335, 5040769.715392752550542 ], [ 301402.878049500868656, 5040859.614776384085417 ], [ 301410.315842677140608, 5040886.504364550113678 ], [ 301421.49395450996235, 5040894.277480776421726 ], [ 301430.559597148327157, 5040897.050872722640634 ], [ 301444.46504723362159, 5040890.820107934996486 ], [ 301462.194506880245171, 5040875.474628453142941 ], [ 301456.700716779567301, 5040536.973781211301684 ], [ 301455.731315664306749, 5040477.519451705738902 ], [ 301456.601704847940709, 5040204.360160340555012 ], [ 301460.879027593589853, 5040165.239948970265687 ], [ 301455.686664621869568, 5040100.342508433386683 ], [ 301450.333626180654392, 5040027.443770667538047 ], [ 301450.461643425107468, 5039974.434470936655998 ], [ 301449.565452320268378, 5039905.978589775972068 ], [ 301450.003644729498774, 5039848.412786743603647 ], [ 301479.311893147649243, 5039702.816360919736326 ], [ 301482.414743308734614, 5039658.695948879234493 ], [ 301483.271626178408042, 5039653.36123681627214 ], [ 301511.388320503814612, 5039467.869833086617291 ], [ 301567.938392292475328, 5039094.998193602077663 ], [ 301580.349568168923724, 5039062.764031065627933 ], [ 301602.203643058484886, 5039001.297813393175602 ], [ 301630.932950936432462, 5038932.715867429040372 ], [ 301690.907122277887538, 5038820.555454407818615 ], [ 301745.41416554764146, 5038713.288022973574698 ] ] ], [ [ [ 302466.029773977177683, 5041654.936089326627553 ], [ 302462.105439986044075, 5041607.040203535929322 ], [ 302456.70626979554072, 5041585.149463949725032 ], [ 302445.131384551117662, 5041554.370586590841413 ], [ 302443.717139226966538, 5041533.367411450482905 ], [ 302427.221355664602015, 5041506.702255688607693 ], [ 302422.996565970533993, 5041491.701208506710827 ], [ 302419.70255282294238, 5041458.807767577469349 ], [ 302409.427650414116215, 5041354.904472617432475 ], [ 302384.920844342675991, 5041222.334960305131972 ], [ 302330.466366773296613, 5041038.323798928409815 ], [ 302312.154982023639604, 5040969.65230387263 ], [ 302300.887624234135728, 5040930.872194993309677 ], [ 302263.015765459684189, 5040800.531192424707115 ], [ 302258.630993636557832, 5040778.529109596274793 ], [ 302254.327622519340366, 5040764.639530232176185 ], [ 302247.135048875759821, 5040755.752004858106375 ], [ 302215.632164315378759, 5040726.426423854194582 ], [ 302205.470944698376115, 5040719.540520151145756 ], [ 302196.405389308347367, 5040716.766009722836316 ], [ 302169.366960927844048, 5040713.221105528995395 ], [ 302146.315411308431067, 5040713.675331689417362 ], [ 302129.438270661863498, 5040717.016407383605838 ], [ 302110.610613033990376, 5040727.359590518288314 ], [ 302093.97571384330513, 5040748.703812399879098 ], [ 302035.643904774507973, 5040838.522752539254725 ], [ 302026.898174683563411, 5040851.973413636907935 ], [ 301927.115586552768946, 5041026.826762140728533 ], [ 301895.664868590771221, 5041110.522613226436079 ], [ 301823.297125946206506, 5041411.942923958413303 ], [ 301788.587396126822568, 5041535.647973447106779 ], [ 301789.147371301078238, 5041725.681278379634023 ], [ 301815.029616447805893, 5041935.261562155559659 ], [ 301820.321975932514761, 5042057.169543492607772 ], [ 301818.52938443707535, 5042066.171991549432278 ], [ 301814.625585018133279, 5042071.285865732468665 ], [ 301817.058860005927272, 5042095.288966310210526 ], [ 301801.790583365247585, 5042187.534836978651583 ], [ 301790.23998322035186, 5042211.766891961917281 ], [ 301773.316443548595998, 5042272.119086914695799 ], [ 301764.359131571662147, 5042327.355453738942742 ], [ 301751.649862360325642, 5042377.815032687038183 ], [ 301750.402253266540356, 5042382.594266789034009 ], [ 301745.66957247722894, 5042449.71962302364409 ], [ 301739.814540282415692, 5042457.835031556896865 ], [ 301726.392751925741322, 5042488.069196656346321 ], [ 301722.036769814381842, 5042526.189231217838824 ], [ 301723.479210364399478, 5042600.201709607616067 ], [ 301741.552100591652561, 5042656.869641401804984 ], [ 301759.893917760928161, 5042785.55035014078021 ], [ 301783.205850973492488, 5042855.107071883045137 ], [ 301811.595151353278197, 5042925.661644970066845 ], [ 301884.469250315218233, 5043080.321677298285067 ], [ 302020.10289477877086, 5043326.859821101650596 ], [ 302029.324953828006983, 5043338.635630275122821 ], [ 302042.529199797892943, 5043347.409162817522883 ], [ 302064.260284199379385, 5043386.073249258100986 ], [ 302065.59723335999297, 5043406.965303747914732 ], [ 302083.105015160981566, 5043433.740278522484004 ], [ 302090.453948478680104, 5043449.517709285952151 ], [ 302106.866717861965299, 5043473.29268650431186 ], [ 302128.277252251340542, 5043494.842954855412245 ], [ 302139.450255858711898, 5043503.617558975704014 ], [ 302216.463359932415187, 5043503.251964755356312 ], [ 302247.152567933371756, 5043486.680867636576295 ], [ 302259.877833184611518, 5043471.450744673609734 ], [ 302273.458266475703567, 5043446.107377120293677 ], [ 302280.627231238118839, 5043403.985823910683393 ], [ 302290.55852815619437, 5043237.729814572259784 ], [ 302279.22502251068363, 5043218.953217652626336 ], [ 302255.782786494411994, 5043196.403087780810893 ], [ 302032.083898818236776, 5043218.612898803316057 ], [ 301968.142767485056538, 5043114.733948678709567 ], [ 301960.791273707058281, 5043094.844823158346117 ], [ 301961.942584640812129, 5043049.83624888304621 ], [ 301980.923295616987161, 5043048.494116824120283 ], [ 301997.952544658910483, 5043050.153450504876673 ], [ 302010.917767280596308, 5043046.92487277649343 ], [ 302040.753828853077721, 5043040.354947369545698 ], [ 302073.636343740625307, 5043033.783839001320302 ], [ 302109.565702871070243, 5043028.100643306039274 ], [ 302125.49883700319333, 5043023.759720364585519 ], [ 302137.289091389044188, 5043012.530474474653602 ], [ 302148.063919105159584, 5043001.301680247299373 ], [ 302150.790691951056942, 5042984.297488152980804 ], [ 302155.76796362787718, 5042932.174961676821113 ], [ 302164.726216588634998, 5042873.049519284628332 ], [ 302165.662704830698203, 5042870.937637701630592 ], [ 302243.894647118460853, 5042775.443784181028605 ], [ 302250.845282616617624, 5042771.329110807739198 ], [ 302262.796109456859995, 5042769.101646532304585 ], [ 302272.795703688578214, 5042770.986835590563715 ], [ 302275.922305762884207, 5042775.875337922014296 ], [ 302281.401612149842549, 5042803.767001608386636 ], [ 302286.64011218980886, 5042815.655911398120224 ], [ 302290.166106723016128, 5042842.659319845028222 ], [ 302295.405356519506313, 5042856.548594490624964 ], [ 302305.563373472134117, 5042864.323713202960789 ], [ 302309.547223023662809, 5042864.322130108252168 ], [ 302312.514744123676792, 5042862.209464408457279 ], [ 302316.338009054772556, 5042851.205985032953322 ], [ 302343.652062646055128, 5042385.445584528148174 ], [ 302348.634067077073269, 5042340.102242767810822 ], [ 302365.060191863565706, 5042192.069556148722768 ], [ 302375.198322386771906, 5042145.835203894414008 ], [ 302414.916573395195883, 5042023.020427390001714 ], [ 302421.689156254229601, 5041958.895385494455695 ], [ 302466.029773977177683, 5041654.936089326627553 ] ] ], [ [ [ 303264.098080584604759, 5039627.668710488826036 ], [ 303249.559358389407862, 5039620.004288082011044 ], [ 303247.974005927448161, 5039529.989084135740995 ], [ 303203.74002152250614, 5039539.557384759187698 ], [ 303021.269164217344951, 5039622.954202105291188 ], [ 302953.910161475185305, 5039659.202149912714958 ], [ 302873.976277240377385, 5039718.792050144635141 ], [ 302755.92002315010177, 5039823.95873861759901 ], [ 302704.983584066329058, 5039880.985434355214238 ], [ 302666.861684354837053, 5039928.673225451260805 ], [ 302635.225986952718813, 5039973.803011917509139 ], [ 302585.626564537349623, 5040048.277711416594684 ], [ 302553.134680437040515, 5040099.742659425362945 ], [ 302539.786425617116038, 5040142.088159612379968 ], [ 302507.14686042041285, 5040214.779329407028854 ], [ 302462.972159147378989, 5040367.600056355819106 ], [ 302451.355464937689248, 5040439.83922961819917 ], [ 302444.74062942690216, 5040513.076728845015168 ], [ 302441.176076217263471, 5040593.092060262337327 ], [ 302444.643642697134055, 5040671.10441087372601 ], [ 302450.761139149544761, 5040731.001496255397797 ], [ 302465.40621128003113, 5040818.78919340390712 ], [ 302481.528045836428646, 5040886.350620698183775 ], [ 302491.467151032353286, 5040928.243195903487504 ], [ 302495.771027908136602, 5040945.244597976095974 ], [ 302511.649451625882648, 5040989.913296611048281 ], [ 302534.80089330393821, 5041052.471440623514354 ], [ 302577.355855582107324, 5041188.813524895347655 ], [ 302599.129300941305701, 5041336.387378715910017 ], [ 302600.419095978839323, 5041449.517970274202526 ], [ 302600.58198243600782, 5041468.410132680088282 ], [ 302588.705398187972605, 5041688.675401945598423 ], [ 302557.186606365023181, 5042034.414427816867828 ], [ 302530.664562370744534, 5042362.259924887679517 ], [ 302528.720149211701937, 5042386.042633639648557 ], [ 302529.038787137251347, 5042403.045541134662926 ], [ 302530.293780494132079, 5042417.047576688230038 ], [ 302543.66018058732152, 5042438.824406072497368 ], [ 302555.690938134095632, 5042439.598006434738636 ], [ 302597.559465592668857, 5042428.803472069092095 ], [ 302612.558412298036274, 5042428.464831349439919 ], [ 302632.796246711572167, 5042442.12690454069525 ], [ 302678.26987793808803, 5042465.22658162470907 ], [ 302684.285392044170294, 5042466.113596907816827 ], [ 302609.884069990133867, 5042823.647273495793343 ], [ 302610.748806415009312, 5042839.31643474008888 ], [ 303246.898432490066625, 5039921.168328045867383 ], [ 303217.121119068062399, 5039914.619070080108941 ], [ 303196.592102381226141, 5040011.752278653904796 ], [ 303196.592130764736794, 5040011.863409095443785 ], [ 302789.261989161546808, 5041927.983588132075965 ], [ 302684.799633805698249, 5041906.014041325077415 ], [ 303083.50880661298288, 5040012.004440343007445 ], [ 303129.480760724516585, 5039792.064930816181004 ], [ 303223.738460008462425, 5039812.933074533939362 ], [ 303264.098080584604759, 5039627.668710488826036 ] ], [ [ 302959.452965496224351, 5040171.289532554335892 ], [ 302957.816842389758676, 5040188.292974997311831 ], [ 302933.461890007951297, 5040279.871688086539507 ], [ 302918.728467546636239, 5040401.119464755058289 ], [ 302918.951599765685387, 5040624.158377546817064 ], [ 302906.315534860710613, 5040700.508871492929757 ], [ 302880.644998843257781, 5040824.982915694825351 ], [ 302875.882167014060542, 5040837.097608279436827 ], [ 302863.149129603523761, 5040849.325889884494245 ], [ 302851.972725735104177, 5040841.550207450985909 ], [ 302847.828512087115087, 5040832.549917259253561 ], [ 302847.352515191130806, 5040809.546033625490963 ], [ 302838.74683993688086, 5040776.765194860287011 ], [ 302832.55338149209274, 5040711.866877692751586 ], [ 302812.549263777851593, 5040712.206571849063039 ], [ 302807.070819953922182, 5040685.31471181102097 ], [ 302806.75412349763792, 5040672.312536461278796 ], [ 302801.75307153450558, 5040672.425257201306522 ], [ 302800.339505516923964, 5040650.42185643594712 ], [ 302812.373026799003128, 5040649.195598065853119 ], [ 302819.787357303488534, 5040620.077048992738128 ], [ 302827.835665126680396, 5040618.852078919298947 ], [ 302821.961132455791812, 5040574.957360703498125 ], [ 302688.104370521672536, 5040582.557848589494824 ], [ 302693.381211621861439, 5040705.466473093256354 ], [ 302705.433965813892428, 5040762.250162731856108 ], [ 302714.517840883228928, 5040821.035216888412833 ], [ 302724.298552812600974, 5040860.927857381291687 ], [ 302733.522909156396054, 5040872.704656723886728 ], [ 302745.018875670619309, 5040901.594838290475309 ], [ 302741.351585474796593, 5040917.598847220651805 ], [ 302741.828619078733027, 5040942.603077624924481 ], [ 302778.901543561310973, 5041051.943559110164642 ], [ 302802.924234776408412, 5041160.510502555407584 ], [ 302758.891003497992642, 5041269.432714739814401 ], [ 302679.04068036476383, 5041278.905301570892334 ], [ 302664.081334494461771, 5041174.114161777310073 ], [ 302647.963878161506727, 5041111.441983353346586 ], [ 302607.601291464117821, 5040985.100427108816803 ], [ 302571.840576107788365, 5040839.754187226295471 ], [ 302560.484316634188872, 5040766.967693908140063 ], [ 302546.598174340208061, 5040613.167957406491041 ], [ 302546.260105664783623, 5040542.155658192932606 ], [ 302545.143818875774741, 5040480.145219472236931 ], [ 302660.093145803955849, 5040476.993323971517384 ], [ 302658.103700403124094, 5040371.975660775788128 ], [ 302659.039743496861774, 5040366.974468469619751 ], [ 302679.044953511736821, 5040366.634285594336689 ], [ 302677.213777410506736, 5040266.617453533224761 ], [ 302673.069988584611565, 5040260.728940119966865 ], [ 302660.556640637572855, 5040231.950395785272121 ], [ 302635.549602683749981, 5040232.403490344062448 ], [ 302624.45135288144229, 5040228.628890283405781 ], [ 302616.242771147168241, 5040219.741301626898348 ], [ 302616.602548833587207, 5040130.725664376281202 ], [ 302620.268902336189058, 5040111.609949858859181 ], [ 302626.04842409666162, 5040101.495073445141315 ], [ 302633.001583837845828, 5040095.380493939854205 ], [ 302640.972417265351396, 5040094.266442914493382 ], [ 302645.038196826470084, 5040100.154960458166897 ], [ 302645.436151108820923, 5040121.158481813035905 ], [ 302652.708403817610815, 5040134.047124407254159 ], [ 302661.855131599702872, 5040143.823483745567501 ], [ 302703.89880232984433, 5040143.031391174532473 ], [ 302708.90131089935312, 5040146.030245521105826 ], [ 302717.110484487260692, 5040156.80717211868614 ], [ 302724.002391936199274, 5040201.701601664535701 ], [ 302730.10019605490379, 5040208.589677867479622 ], [ 302738.150036176433787, 5040210.476246900856495 ], [ 302748.073418737447355, 5040206.250037085264921 ], [ 302754.789530647569336, 5040192.134274456650019 ], [ 302756.963025900884531, 5040147.125724570825696 ], [ 302759.772761159983929, 5040136.011763825081289 ], [ 302766.170546658337116, 5040103.892983246594667 ], [ 302773.425136027624831, 5040062.772367260418832 ], [ 302771.233715603186283, 5040052.771334162913263 ], [ 302765.136129647900816, 5040046.883393642492592 ], [ 302749.036077670985833, 5040043.221327982842922 ], [ 302715.041754134406801, 5040045.788526455871761 ], [ 302705.975451791309752, 5040043.013282753527164 ], [ 302698.860507442324888, 5040033.125049831345677 ], [ 302708.781478703545872, 5040020.897387699224055 ], [ 302712.765545013127849, 5040016.117452546022832 ], [ 302716.437164049420971, 5040011.782145437784493 ], [ 302734.950429965334479, 5039986.438286953605711 ], [ 302747.525398582860362, 5039964.208075072616339 ], [ 302757.448200671409722, 5039956.981360358186066 ], [ 302756.910258337273262, 5039984.986406150273979 ], [ 302762.309138848097064, 5040004.988131307065487 ], [ 302765.828278826666065, 5040012.321599473245442 ], [ 302765.984651251113974, 5040012.543809700757265 ], [ 302776.695455497479998, 5040025.6537413764745 ], [ 302782.792087067035027, 5040028.541171104647219 ], [ 302787.714860525564291, 5040026.428112701512873 ], [ 302803.105997915088665, 5040012.531892169266939 ], [ 302803.496642905811314, 5040012.19837658572942 ], [ 302811.22995774645824, 5040000.971747010014951 ], [ 302809.117078972572926, 5039992.081981237046421 ], [ 302798.955642047920264, 5039986.195298482663929 ], [ 302791.602523867506534, 5039964.416080343537033 ], [ 302793.079680021619424, 5039940.30030338652432 ], [ 302803.621138152549975, 5039912.180943320505321 ], [ 302806.59022291743895, 5039910.06852173153311 ], [ 302814.403121354989707, 5039902.953698474913836 ], [ 302842.601943262910936, 5039858.381543722935021 ], [ 302838.378638324968051, 5039848.4922546884045 ], [ 302838.219208530848846, 5039838.490567049942911 ], [ 302843.062438520253636, 5039831.376708989962935 ], [ 302858.765412996697705, 5039813.035315942950547 ], [ 302879.788995563576464, 5039814.695806793868542 ], [ 302881.582839457085356, 5039802.693174162879586 ], [ 302891.348833189869765, 5039792.466200118884444 ], [ 302906.353795947157778, 5039791.128091534599662 ], [ 302930.505012753477786, 5039797.677547514438629 ], [ 302937.539628883416299, 5039800.564847328700125 ], [ 302954.895079276524484, 5039819.340761909261346 ], [ 302958.260890116798691, 5039837.231770005077124 ], [ 302956.483356454991736, 5039905.244108621962368 ], [ 302958.055190644401591, 5039935.248862928710878 ], [ 302948.687144444673322, 5039969.479792188853025 ], [ 302943.463500511134043, 5040011.599771878682077 ], [ 302943.541847905260511, 5040012.2665313789621 ], [ 302943.939203027228359, 5040034.60363366920501 ], [ 302953.640612792456523, 5040071.384952439926565 ], [ 302959.356635262840427, 5040109.278760166838765 ], [ 302959.452965496224351, 5040171.289532554335892 ] ], [ [ 302708.777578692359384, 5042119.599399204365909 ], [ 302707.778978349349927, 5042170.6087795952335 ], [ 302702.938377713842783, 5042179.723123654723167 ], [ 302708.09747479762882, 5042188.61186758428812 ], [ 302703.734314932837151, 5042223.730667250230908 ], [ 302677.260016806132626, 5042251.188886621966958 ], [ 302663.43554345559096, 5042260.528570390306413 ], [ 302640.38960484706331, 5042260.869854104705155 ], [ 302635.310664142074529, 5042257.982202649116516 ], [ 302601.547366336279083, 5042216.653271366842091 ], [ 302602.941316539887339, 5042181.646570613607764 ], [ 302608.797722839226481, 5042173.531971853226423 ], [ 302603.559960142360069, 5042163.532028965651989 ], [ 302608.62012650858378, 5042112.410081167705357 ], [ 302612.603756101161707, 5042110.408336251974106 ], [ 302617.604006773908623, 5042111.295641394332051 ], [ 302628.77878764847992, 5042120.071098675951362 ], [ 302638.001513215829618, 5042131.958911336958408 ], [ 302679.017268034338485, 5042134.167527198791504 ], [ 302698.777115052216686, 5042117.824647562578321 ], [ 302708.777578692359384, 5042119.599399204365909 ] ], [ [ 302579.598492712189909, 5040239.424252387136221 ], [ 302578.661785928765312, 5040242.425106985494494 ], [ 302571.70706692506792, 5040243.538876755163074 ], [ 302568.818143723357935, 5040250.652254278771579 ], [ 302552.099767947627697, 5040264.994052304886281 ], [ 302536.079339751158841, 5040264.221896161325276 ], [ 302533.030199310742319, 5040260.333429305814207 ], [ 302533.647793225885835, 5040239.329543472267687 ], [ 302538.410779738042038, 5040228.21477685123682 ], [ 302547.2381393268588, 5040218.987772423774004 ], [ 302562.242762446578126, 5040219.76031909417361 ], [ 302575.374320211645681, 5040227.534785764291883 ], [ 302578.501597798371222, 5040231.42324532661587 ], [ 302579.598492712189909, 5040239.424252387136221 ] ] ], [ [ [ 302786.129614268022124, 5041174.851723367348313 ], [ 302776.269102069840301, 5041127.068717323243618 ], [ 302724.873639828001615, 5040945.942579119466245 ], [ 302706.26575725863222, 5040913.276360364630818 ], [ 302711.028203811962157, 5040901.161537487991154 ], [ 302709.61470359103987, 5040880.158324396237731 ], [ 302701.246503753529396, 5040858.379519943147898 ], [ 302692.242004705243744, 5040803.484025340527296 ], [ 302677.998216803651303, 5040737.699521033093333 ], [ 302667.083987859426998, 5040582.898348050191998 ], [ 302564.092763030086644, 5040586.823760093189776 ], [ 302567.638014384021517, 5040667.836674339137971 ], [ 302590.509558448102325, 5040821.411039417609572 ], [ 302631.374506386986468, 5040814.617820381186903 ], [ 302637.011594011681154, 5040846.510355046950281 ], [ 302599.11615770147182, 5040853.302495836280286 ], [ 302604.675235384900589, 5040885.19503085501492 ], [ 302612.026183453155681, 5040901.973184985108674 ], [ 302609.376822995895054, 5040923.088924452662468 ], [ 302618.600956216047052, 5040933.865380712784827 ], [ 302623.840759846323635, 5040946.865843212231994 ], [ 302621.428532630437985, 5040975.87177066411823 ], [ 302663.664098707085941, 5041096.100590834394097 ], [ 302688.545075795205776, 5041195.665229916572571 ], [ 302698.643939749686979, 5041253.560914349742234 ], [ 302756.460038380813785, 5041242.428754203952849 ], [ 302786.129614268022124, 5041174.851723367348313 ] ] ], [ [ [ 302777.6930536791333, 5040453.839184439741075 ], [ 302766.957138160476461, 5040360.937541040591896 ], [ 302762.574188424856402, 5040340.046426964923739 ], [ 302698.572585255140439, 5040340.289787615649402 ], [ 302695.304197574965656, 5040381.2980403508991 ], [ 302675.377517587156035, 5040382.638319480232894 ], [ 302677.76550814305665, 5040511.660050166770816 ], [ 302629.78575127874501, 5040513.565674829296768 ], [ 302628.45072945964057, 5040494.562815118581057 ], [ 302559.45094494021032, 5040498.921156311407685 ], [ 302559.789223156869411, 5040570.933626122772694 ], [ 302715.761200158041902, 5040564.989977711811662 ], [ 302711.740286586165894, 5040457.972608934156597 ], [ 302777.6930536791333, 5040453.839184439741075 ] ] ], [ [ [ 302310.432387804146856, 5043126.368622140027583 ], [ 302307.442688638169784, 5043072.360145956277847 ], [ 302301.028772917808965, 5043050.469893508590758 ], [ 302308.632491746684536, 5042921.332675272598863 ], [ 302293.315443782077637, 5042904.558002755045891 ], [ 302287.301095888891723, 5042905.671718905679882 ], [ 302284.49223895726027, 5042913.785405034199357 ], [ 302280.073134128586389, 5042996.91314466483891 ], [ 302273.327307892497629, 5043121.049172827042639 ], [ 302278.884035217168275, 5043147.940639089792967 ], [ 302285.058382339659147, 5043156.828640525229275 ], [ 302293.961799158598296, 5043153.713408417068422 ], [ 302306.767114559712354, 5043141.372763318940997 ], [ 302310.432387804146856, 5043126.368622140027583 ] ] ], [ [ [ 303276.500105311220977, 5039526.203665581531823 ], [ 303254.538771864667069, 5039528.542770213447511 ], [ 303264.073586862068623, 5039527.540257345885038 ], [ 303276.500105311220977, 5039526.203665581531823 ] ] ] ] } },
{ "type": "Feature", "properties": { "id": 23, "nom": "Pointe Saint-Charles" }, "geometry": { "type": "MultiPolygon", "coordinates": [ [ [ [ 300581.724048993783072, 5039138.924056156538427 ], [ 300622.702417043445166, 5039171.902371603064239 ], [ 300676.965790803777054, 5039083.073377614840865 ], [ 300736.407142526935786, 5039021.579569096677005 ], [ 300753.748416526068468, 5039004.787695654667914 ], [ 300773.356794394378085, 5038988.43893778976053 ], [ 300786.715985136455856, 5038977.984138010069728 ], [ 300802.888247574679554, 5038966.194012203253806 ], [ 300816.170287902350537, 5038957.184018492698669 ], [ 300825.233719776093494, 5038951.621760769747198 ], [ 300837.969449470518157, 5038943.83459244389087 ], [ 300854.221805307490285, 5038934.822806379757822 ], [ 300870.943537852726877, 5038926.36642031557858 ], [ 300884.852594963740557, 5038919.80104667507112 ], [ 300899.621691069973167, 5038913.568560584448278 ], [ 300917.75138631882146, 5038906.556118956767023 ], [ 300931.974150670634117, 5038901.546480012126267 ], [ 300945.494006403547246, 5038897.426346972584724 ], [ 301575.095214195433073, 5038724.263933274894953 ], [ 301597.604146187251899, 5038718.473643225617707 ], [ 301626.129853616992477, 5038708.568571756593883 ], [ 301653.716483037860598, 5038696.330365609377623 ], [ 301680.129504210897721, 5038681.647998846136034 ], [ 301745.41416554764146, 5038713.288022973574698 ], [ 301745.492277878918685, 5038713.176854749210179 ], [ 301778.681608870567288, 5038647.927357823587954 ], [ 301794.385875711159315, 5038632.583852536976337 ], [ 301818.757747119874693, 5038598.121870081871748 ], [ 301856.560189213021658, 5038532.426089086569846 ], [ 301879.435951997467782, 5038472.960756726562977 ], [ 301892.305551303550601, 5038411.72205507196486 ], [ 301890.302185844746418, 5038305.704802708700299 ], [ 301718.215567094332073, 5037604.667078039608896 ], [ 301674.921124552958645, 5037482.445433459244668 ], [ 301638.091672007984016, 5037470.795208599418402 ], [ 301600.4019110337249, 5037458.812247727066278 ], [ 301577.175417490885593, 5037446.266427357681096 ], [ 301524.138717409630772, 5037390.284332093782723 ], [ 301464.225699699018151, 5037343.307865128852427 ], [ 301418.306665190204512, 5037296.213294722139835 ], [ 301387.80053474981105, 5037269.780850545503199 ], [ 301337.197562414570712, 5037237.691969766281545 ], [ 301207.434932932839729, 5037143.082084937952459 ], [ 300976.540081821149215, 5036995.304366273805499 ], [ 300737.493092817487195, 5036832.760138444602489 ], [ 300734.199415096605662, 5036817.759729321114719 ], [ 300720.744823873275891, 5036808.655795444734395 ], [ 300660.198314770008437, 5036767.132801468484104 ], [ 300557.18609744287096, 5036715.081578410230577 ], [ 300433.54363991500577, 5036683.383117886260152 ], [ 300410.473221921594813, 5036677.842694630846381 ], [ 300386.467193298391066, 5036676.192559638991952 ], [ 300352.455673781223595, 5036678.883655578829348 ], [ 300276.494610342371743, 5036736.280906982719898 ], [ 300148.092208283371292, 5036824.722935911267996 ], [ 300139.179466976725962, 5036825.951969295740128 ], [ 300135.030948579660617, 5036819.954031083732843 ], [ 300134.949046233086847, 5036814.953244875185192 ], [ 300309.61146198597271, 5036685.693047156557441 ], [ 300312.658237320894841, 5036681.912454094737768 ], [ 300128.820321908860933, 5036774.728762993589044 ], [ 300032.527965938148554, 5036825.365196214057505 ], [ 299867.461841706186533, 5036915.841241450048983 ], [ 299875.918332450848538, 5036931.281673582270741 ], [ 299708.668174097023439, 5037021.985884713009 ], [ 299482.497912483464461, 5037145.305245257914066 ], [ 299459.755256928212475, 5037156.437533817254007 ], [ 299436.228928231517784, 5037165.347973661497235 ], [ 299411.919095318240579, 5037172.258833349682391 ], [ 299387.138479600020219, 5037177.169852475635707 ], [ 299362.043140926165506, 5037179.747511399909854 ], [ 299336.789422675792594, 5037179.991677888669074 ], [ 299311.612241524388082, 5037178.346668681129813 ], [ 299286.667555882013403, 5037174.367825906723738 ], [ 299262.190091188298538, 5037168.277199955657125 ], [ 299161.695831298537087, 5037139.695027255453169 ], [ 299143.628966496617068, 5037133.154593912884593 ], [ 299143.628966496617068, 5037133.154593912884593 ], [ 299094.076180942356586, 5037238.217272836714983 ], [ 299086.749448311980814, 5037263.117059467360377 ], [ 299072.794038584455848, 5037306.581612406298518 ], [ 299047.40441377874231, 5037328.608557162806392 ], [ 299014.044664617977105, 5037355.421532637439668 ], [ 298901.827126737800427, 5037495.994290146976709 ], [ 298901.98369849397568, 5037496.216403341852129 ], [ 298905.114609959127847, 5037500.10301807615906 ], [ 298908.245517555449624, 5037503.989634391851723 ], [ 298911.376421280961949, 5037507.876252285204828 ], [ 298914.507321137702093, 5037511.7628717655316 ], [ 298917.638217124622315, 5037515.649492820724845 ], [ 298920.769109241780825, 5037519.536115458235145 ], [ 298923.90010142524261, 5037523.533869674429297 ], [ 298927.030985747522209, 5037527.420495477505028 ], [ 298930.161866198934149, 5037531.307122855447233 ], [ 298933.292742780584376, 5037535.193751819431782 ], [ 298936.423615493346006, 5037539.080382357351482 ], [ 298939.554484335298184, 5037542.967014481313527 ], [ 298942.685349308419973, 5037546.85364818572998 ], [ 298945.816210411721841, 5037550.740283468738198 ], [ 298948.947171140287537, 5037554.738050335086882 ], [ 298952.078024447662756, 5037558.624688781797886 ], [ 298955.208873886149377, 5037562.511328808031976 ], [ 298958.339719453826547, 5037566.397970414720476 ], [ 298961.470561152615119, 5037570.284613601863384 ], [ 298964.60139898059424, 5037574.171258370392025 ], [ 298967.732232939684764, 5037578.057904721237719 ], [ 298970.863063027907629, 5037581.944552652537823 ], [ 298973.993889246252365, 5037585.831202161498368 ], [ 298977.124814594630152, 5037589.828983256593347 ], [ 298980.255633017979562, 5037593.715635931119323 ], [ 298982.368868949997704, 5037596.269671124406159 ], [ 298983.386447572440375, 5037597.602290185168386 ], [ 298986.517258256033529, 5037601.488946017809212 ], [ 298987.534732339903712, 5037602.710435749962926 ], [ 298990.665537916589528, 5037606.5970936762169 ], [ 298993.796339624444954, 5037610.483753185719252 ], [ 298996.927137462364044, 5037614.370414276607335 ], [ 299000.057931430405006, 5037618.257076947018504 ], [ 299003.188824065437075, 5037622.254871209152043 ], [ 299006.319610238424502, 5037626.141537041403353 ], [ 299009.450392540486064, 5037630.02820445317775 ], [ 299012.581170973659027, 5037633.914873445406556 ], [ 299015.711945535906125, 5037637.801544019021094 ], [ 299018.842716229206417, 5037641.688216173090041 ], [ 299021.97348305163905, 5037645.574889908544719 ], [ 299025.104246004135348, 5037649.461565222591162 ], [ 299028.23500508867437, 5037653.348242119885981 ], [ 299031.365862342878245, 5037657.34605061262846 ], [ 299034.496613630326465, 5037661.23273067548871 ], [ 299037.627361047780141, 5037665.119412312284112 ], [ 299040.75810459634522, 5037669.006095533259213 ], [ 299043.888844273926225, 5037672.892780331894755 ], [ 299047.019580082618631, 5037676.779466712847352 ], [ 299050.150312020268757, 5037680.666154672391713 ], [ 299053.281040089030284, 5037684.552844213321805 ], [ 299056.411764287797268, 5037688.439535337500274 ], [ 299059.542586159950588, 5037692.437358064576983 ], [ 299062.673302562499885, 5037696.324052349664271 ], [ 299065.804015096160583, 5037700.210748215205967 ], [ 299068.934723758779, 5037704.097445659339428 ], [ 299072.065428551461082, 5037707.984144685789943 ], [ 299075.19612947513815, 5037711.870845292694867 ], [ 299078.326826527831145, 5037715.757547479122877 ], [ 299081.457519711519126, 5037719.644251247867942 ], [ 299084.588209025270771, 5037723.530956597998738 ], [ 299087.718995514966082, 5037727.52879355661571 ], [ 299090.849677032441832, 5037731.415502068586648 ], [ 299093.980354680912569, 5037735.302212161943316 ], [ 299097.111028458341025, 5037739.188923832029104 ], [ 299100.241698366822675, 5037743.075637085363269 ], [ 299103.372364404203836, 5037746.962351919151843 ], [ 299106.503026572638191, 5037750.849068333394825 ], [ 299109.633684870030265, 5037754.735786324366927 ], [ 299112.764339297369588, 5037758.622505904175341 ], [ 299115.895090405421797, 5037762.620357093401253 ], [ 299119.025737037474755, 5037766.50707983225584 ], [ 299122.1563798005227, 5037770.393804149702191 ], [ 299125.287018692470156, 5037774.280530050396919 ], [ 299125.991424457053654, 5037775.168934850022197 ], [ 299129.278314347204287, 5037778.944391505792737 ], [ 299132.487122562597506, 5037782.831050468608737 ], [ 299135.695826612820383, 5037786.606581046245992 ], [ 299138.982704697176814, 5037790.382042842917144 ], [ 299142.191501076857094, 5037794.268706824630499 ], [ 299145.400193462730385, 5037798.044242416508496 ], [ 299146.808893780165818, 5037799.709926622919738 ], [ 299148.687159709108528, 5037801.930839389562607 ], [ 299151.113167965493631, 5037804.706910849548876 ], [ 299154.243771875451785, 5037808.593651358038187 ], [ 299157.452549527806696, 5037812.480323229916394 ], [ 299160.661223454808351, 5037816.255866713821888 ], [ 299163.791815712000243, 5037820.142612042836845 ], [ 299167.000581569736823, 5037824.029288849793375 ], [ 299170.209343459573574, 5037827.915967321023345 ], [ 299173.33982447499875, 5037831.691587417386472 ], [ 299176.548578536079731, 5037835.578269163146615 ], [ 299179.757328631298151, 5037839.464952568523586 ], [ 299182.887798164389096, 5037843.240577485412359 ], [ 299186.096540429804008, 5037847.127264170907438 ], [ 299189.305278728308622, 5037851.013952514156699 ], [ 299192.435835974698421, 5037854.900712300091982 ], [ 299195.644467247766443, 5037858.67627386469394 ], [ 299198.853193750546779, 5037862.562967148609459 ], [ 299201.98373934609117, 5037866.449731755070388 ], [ 299205.192457963363267, 5037870.336428314447403 ], [ 299208.401073698943947, 5037874.111996479332447 ], [ 299211.531607641547453, 5037877.998765898868442 ], [ 299214.740314463095274, 5037881.88546740077436 ], [ 299217.948918570415117, 5037885.661040498875082 ], [ 299221.079440861009061, 5037889.54781474173069 ], [ 299224.288135887763929, 5037893.434521179646254 ], [ 299227.496826946560759, 5037897.32122927159071 ], [ 299230.705514038389083, 5037901.207939030602574 ], [ 299233.914098698762245, 5037904.983520380221307 ], [ 299237.12277791328961, 5037908.870233453810215 ], [ 299240.253276797186118, 5037912.757017374038696 ], [ 299243.461849829298444, 5037916.532603659667075 ], [ 299246.670517247926909, 5037920.41932167019695 ], [ 299249.879180700634606, 5037924.306041344068944 ], [ 299253.009565884480253, 5037928.081701634451747 ], [ 299256.218221507209819, 5037931.968424580991268 ], [ 299259.426873162970878, 5037935.855149189941585 ], [ 299262.635520852752961, 5037939.74187545850873 ], [ 299265.765890692127869, 5037943.517542185261846 ], [ 299268.974530550884083, 5037947.404271731153131 ], [ 299272.183166443661321, 5037951.291002937592566 ], [ 299275.391700637177564, 5037955.066605728119612 ], [ 299278.522152864257805, 5037958.953408969566226 ], [ 299281.730776961019728, 5037962.840145109221339 ], [ 299284.939299526100513, 5037966.615752837620676 ], [ 299288.147915746434592, 5037970.502492295578122 ], [ 299291.356527998810634, 5037974.389233418740332 ], [ 299294.486863339261618, 5037978.164914636872709 ], [ 299297.695467762590852, 5037982.051659034565091 ], [ 299300.904068219882902, 5037985.938405093736947 ], [ 299304.112567482865416, 5037989.714022732339799 ], [ 299307.242984704847913, 5037993.600840461440384 ], [ 299310.451573365018703, 5037997.487591461278498 ], [ 299313.660061001486611, 5038001.263214037753642 ], [ 299316.868641784240026, 5038005.149968351237476 ], [ 299319.999043434218038, 5038009.036792520433664 ], [ 299323.207519442134071, 5038012.812420032918453 ], [ 299326.416088428697549, 5038016.699179284274578 ], [ 299329.624653449165635, 5038020.585940195247531 ], [ 299332.754942807601765, 5038024.361640722490847 ], [ 299335.963499998033512, 5038028.248404907993972 ], [ 299339.17205322132213, 5038032.135170755907893 ], [ 299342.380505927896593, 5038035.910808181390166 ], [ 299345.589051273709629, 5038039.797577350400388 ], [ 299348.719417919171974, 5038043.684416012838483 ], [ 299351.927955379185732, 5038047.57118846103549 ], [ 299355.136392547632568, 5038051.346832477487624 ], [ 299358.344922130054329, 5038055.233608239330351 ], [ 299361.47527320345398, 5038059.12045334558934 ], [ 299364.683698743174318, 5038062.896102300845087 ], [ 299367.892216530279256, 5038066.78288300242275 ], [ 299371.100730349309742, 5038070.669665360823274 ], [ 299374.230969864176586, 5038074.445386813953519 ], [ 299377.439475852996111, 5038078.332172453403473 ], [ 299380.647977877699304, 5038082.218959751538932 ], [ 299383.856380113807973, 5038085.99461861513555 ], [ 299386.986700101057068, 5038089.881476596929133 ], [ 299390.195190327358432, 5038093.768268836662173 ], [ 299391.134236547863111, 5038094.878761973232031 ], [ 299394.655130968370941, 5038098.431896981783211 ], [ 299398.176021407591179, 5038101.985033976845443 ], [ 299401.696907865465619, 5038105.538172965869308 ], [ 299405.139616423461121, 5038109.091381082311273 ], [ 299408.6604949629982, 5038112.644524005241692 ], [ 299412.181369521247689, 5038116.197668917477131 ], [ 299415.702240098151378, 5038119.750815824605525 ], [ 299419.223106693709269, 5038123.303964716382325 ], [ 299422.743969307921361, 5038126.857115602120757 ], [ 299424.543581059027929, 5038128.744788443669677 ], [ 299428.064342579280492, 5038132.186812232248485 ], [ 299431.663368805777282, 5038135.739901305176318 ], [ 299435.26239096338395, 5038139.292992456816137 ], [ 299438.783140702580567, 5038142.735022300854325 ], [ 299442.382154826307669, 5038146.288117564283311 ], [ 299445.902896746527404, 5038149.730151429772377 ], [ 299449.501902839343529, 5038153.283250805921853 ], [ 299453.10081026586704, 5038156.725222151726484 ], [ 299456.621635000454262, 5038160.278392180800438 ], [ 299460.220534521795344, 5038163.720367641188204 ], [ 299463.74135131156072, 5038167.273541695438325 ], [ 299467.340337269706652, 5038170.826651374809444 ], [ 299470.939224879490212, 5038174.268633018247783 ], [ 299474.460029698908329, 5038177.821813128888607 ], [ 299478.058909400482662, 5038181.263798886910081 ], [ 299481.579706275020726, 5038184.81698302179575 ], [ 299485.17857807141263, 5038188.2589728878811 ], [ 299488.699367001128849, 5038191.812161047011614 ], [ 299492.298324793460779, 5038195.365285136736929 ], [ 299495.897184677247424, 5038198.807281195186079 ], [ 299499.41796163644176, 5038202.360475411638618 ], [ 299503.016813613008708, 5038205.802475580014288 ], [ 299506.53758262732299, 5038209.355673817917705 ], [ 299510.136426699638832, 5038212.79767809715122 ], [ 299513.735360352671705, 5038216.35081457067281 ], [ 299517.256023934110999, 5038219.792888743802905 ], [ 299520.85494955413742, 5038223.346029332838953 ], [ 299524.375698652933352, 5038226.899237650446594 ], [ 299527.974522905307822, 5038230.341252230107784 ], [ 299531.573436423379462, 5038233.894399006851017 ], [ 299535.094080404320266, 5038237.336483261547983 ], [ 299538.692985892295837, 5038240.889634150080383 ], [ 299542.213622053037398, 5038244.33172242809087 ], [ 299543.934806085133459, 5038245.997234957292676 ], [ 299547.533701613836456, 5038249.550390953198075 ], [ 299551.054420945758466, 5038253.103614347055554 ], [ 299554.575043493066914, 5038256.545709609985352 ], [ 299558.173926961957477, 5038260.098871751688421 ], [ 299561.694634367479011, 5038263.652101160958409 ], [ 299565.293417127861176, 5038267.094137285836041 ], [ 299568.814116588328034, 5038270.647370722144842 ], [ 299572.412983929447364, 5038274.200541086494923 ], [ 299575.933582956844475, 5038277.642648415639997 ], [ 299579.45427049085265, 5038281.195887861773372 ], [ 299583.05312577506993, 5038284.749064375646412 ], [ 299586.573713063902687, 5038288.191177713684738 ], [ 299590.172560314938892, 5038291.744358335621655 ], [ 299593.69323189673014, 5038295.29760583397001 ], [ 299597.292071054049302, 5038298.850790568627417 ], [ 299600.81264264206402, 5038302.29291195422411 ], [ 299604.33330229728017, 5038305.846165461465716 ], [ 299607.932129395660013, 5038309.399356343783438 ], [ 299611.452689245110378, 5038312.841483742929995 ], [ 299615.051508310250938, 5038316.394678735174239 ], [ 299618.572152013133746, 5038319.94794029276818 ], [ 299622.17087137431372, 5038323.390009262599051 ], [ 299625.691507132025436, 5038326.943274840712547 ], [ 299629.290310069220141, 5038330.496478059329093 ], [ 299632.810846398409922, 5038333.938617524690926 ], [ 299636.331470229546539, 5038337.491889119148254 ], [ 299639.930261109606363, 5038341.045098482631147 ], [ 299643.450785700115375, 5038344.487243960611522 ], [ 299647.049568547983654, 5038348.040457436814904 ], [ 299648.223135332576931, 5038349.261927141807973 ], [ 299650.570176426612306, 5038351.593737077899277 ], [ 299654.168860134610441, 5038355.035824520513415 ], [ 299657.689460068126209, 5038358.589108188636601 ], [ 299661.522920917137526, 5038362.364398318342865 ], [ 299665.277843051822856, 5038365.695234139449894 ], [ 299669.110841107787564, 5038368.91487821098417 ], [ 299672.865755302889738, 5038372.245718594640493 ], [ 299676.620574870845303, 5038375.465431088581681 ], [ 299680.453651729039848, 5038378.796212272718549 ], [ 299684.208463491464499, 5038382.015929331071675 ], [ 299687.963361851696391, 5038385.346778793260455 ], [ 299691.796336288156454, 5038388.566436793655157 ], [ 299695.551226709736511, 5038391.897290822118521 ], [ 299699.306022903008852, 5038395.117016960866749 ], [ 299703.060905428312253, 5038398.4478755062446 ], [ 299706.893864131474402, 5038401.667542774230242 ], [ 299710.648738717078231, 5038404.998405884951353 ], [ 299714.403519342187792, 5038408.218141102232039 ], [ 299718.236556181916967, 5038411.54894548561424 ], [ 299721.991329001320992, 5038414.768685265444219 ], [ 299725.746187751006801, 5038418.099557456560433 ], [ 299729.579122836468741, 5038421.319238650612533 ], [ 299733.333884003164712, 5038424.538985254243016 ], [ 299737.088730897638015, 5038427.869864271953702 ], [ 299740.921654207573738, 5038431.089552423916757 ], [ 299744.676493164268322, 5038434.420436004176736 ], [ 299748.43123876064783, 5038437.640191686339676 ], [ 299752.264239605865441, 5038440.971016963012516 ], [ 299756.01897739758715, 5038444.19077721145004 ], [ 299759.773800518189091, 5038447.521669870242476 ], [ 299763.60670020832913, 5038450.741371952928603 ], [ 299767.361515391152352, 5038454.072269178926945 ], [ 299771.11623761348892, 5038457.292038504965603 ], [ 299774.949214439024217, 5038460.622877708636224 ], [ 299778.703928856528364, 5038463.842651597224176 ], [ 299782.458728202269413, 5038467.173557907342911 ], [ 299786.291604274418205, 5038470.39327391050756 ], [ 299790.046395680343267, 5038473.724184785969555 ], [ 299793.801094529451802, 5038476.943967753089964 ], [ 299797.634047335130163, 5038480.274820886552334 ], [ 299801.388738378474955, 5038483.494608419947326 ], [ 299805.14351394912228, 5038486.825528376735747 ], [ 299808.898197227797937, 5038490.045320422388613 ], [ 299812.731134034052957, 5038493.37618282623589 ], [ 299816.485809506906662, 5038496.595979439094663 ], [ 299820.240569242276251, 5038499.926908477209508 ], [ 299824.07340596272843, 5038503.146647675894201 ], [ 299827.828157757176086, 5038506.477581279352307 ], [ 299831.582817662507296, 5038509.697386969812214 ], [ 299835.415730447741225, 5038513.028263301588595 ], [ 299839.170382548181806, 5038516.248073555529118 ], [ 299842.925118506362196, 5038519.579016240313649 ], [ 299846.75793160754256, 5038522.7987693650648 ], [ 299850.512659628759138, 5038526.129716613329947 ], [ 299854.267296157602686, 5038529.349535947665572 ], [ 299858.100184923736379, 5038532.680426208302379 ], [ 299861.854813648678828, 5038535.900250107049942 ], [ 299865.609525833453517, 5038539.231206435710192 ], [ 299869.442315315303858, 5038542.450973488390446 ], [ 299873.197019559156615, 5038545.781934382393956 ], [ 299876.951632715412416, 5038549.001767361536622 ], [ 299880.784497460350394, 5038552.332671549171209 ], [ 299884.539102810667828, 5038555.552509091794491 ], [ 299888.293791219010018, 5038558.883479067124426 ], [ 299892.126557081413921, 5038562.103260044939816 ], [ 299895.881237551744562, 5038565.434234585613012 ], [ 299899.635827331338078, 5038568.654081207700074 ], [ 299903.390499904111493, 5038571.985060267150402 ], [ 299906.832149727153592, 5038574.871764451265335 ], [ 299910.821059466979932, 5038577.869174740277231 ], [ 299914.731883796746843, 5038580.977778557687998 ], [ 299918.72078588756267, 5038583.975193889811635 ], [ 299922.709770469460636, 5038587.083741948008537 ], [ 299926.620496946503408, 5038590.081223024055362 ], [ 299930.609473739808891, 5038593.189776122570038 ], [ 299934.598360495176166, 5038596.187201581895351 ], [ 299938.587243442656472, 5038599.184629587456584 ], [ 299942.498040753882378, 5038602.293250777758658 ], [ 299946.486916052293964, 5038605.290683823637664 ], [ 299950.475873352086637, 5038608.399249603040516 ], [ 299954.386573301337194, 5038611.396748044528067 ], [ 299958.375522811431438, 5038614.505318865180016 ], [ 299962.364382774394471, 5038617.502762040123343 ], [ 299966.35323892935412, 5038620.500207764096558 ], [ 299970.264009223959874, 5038623.608846326358616 ], [ 299974.252857729850803, 5038626.606297091580927 ], [ 299978.241787745384499, 5038629.714880588464439 ], [ 299982.230628564837389, 5038632.71233643963933 ], [ 299986.141383395413868, 5038635.820984940975904 ], [ 299990.130216565739829, 5038638.818445835262537 ], [ 299994.119045928120613, 5038641.815909271128476 ], [ 299998.029789204883855, 5038644.924565209075809 ], [ 300002.018610918137711, 5038647.922033687122166 ], [ 300006.007513650285546, 5038651.030634905211627 ], [ 300009.996327677043155, 5038654.028108470141888 ], [ 300013.906970801472198, 5038657.025644150562584 ], [ 300017.895861867349595, 5038660.134252953343093 ], [ 300021.884664436976891, 5038663.131734107621014 ], [ 300025.795380694791675, 5038666.240407421253622 ], [ 300029.784175615292042, 5038669.237893616780639 ], [ 300031.504860852728598, 5038670.570150080136955 ], [ 300035.415567716525402, 5038673.678829418495297 ], [ 300039.404437556862831, 5038676.787451945245266 ], [ 300043.315136639750563, 5038679.896136221475899 ], [ 300047.225831849093083, 5038683.004822948947549 ], [ 300051.136439159628935, 5038686.002381918020546 ], [ 300055.047126695921179, 5038689.111073541454971 ], [ 300059.035977017600089, 5038692.219708601944149 ], [ 300062.946656772051938, 5038695.328405166044831 ], [ 300066.857332655927166, 5038698.43710417766124 ], [ 300070.768004667246714, 5038701.54580563493073 ], [ 300074.756839307956398, 5038704.654450731351972 ], [ 300078.667503538366873, 5038707.76315713301301 ], [ 300082.578163897211198, 5038710.871865983121097 ], [ 300086.48873697896488, 5038713.869447073899209 ], [ 300090.39938966371119, 5038716.978160819038749 ], [ 300094.388204784598202, 5038720.086818444542587 ], [ 300098.298849686456379, 5038723.195537133142352 ], [ 300102.20949071663199, 5038726.304258271120489 ], [ 300106.120127875299659, 5038729.412981853820384 ], [ 300110.030761163274292, 5038732.521707884036005 ], [ 300114.019556693790946, 5038735.630378039553761 ], [ 300117.930182199866977, 5038738.739109012298286 ], [ 300121.840721053653397, 5038741.736712226644158 ], [ 300125.751338885573205, 5038744.845448094420135 ], [ 300129.740118806483224, 5038747.954128285869956 ], [ 300133.650728856446221, 5038751.062869097106159 ], [ 300137.561335033795331, 5038754.171612361446023 ], [ 300141.471937340509612, 5038757.280358068645 ], [ 300145.382535773562267, 5038760.389106224291027 ], [ 300149.371296104975045, 5038763.497798944823444 ], [ 300153.281804533093236, 5038766.495421829633415 ], [ 300157.192391383636277, 5038769.60417737532407 ], [ 300161.10297436156543, 5038772.712935372255743 ], [ 300165.013553468801547, 5038775.821695813909173 ], [ 300169.002294279111084, 5038778.930401063524187 ], [ 300172.912865603342652, 5038782.039166451431811 ], [ 300176.823433056881186, 5038785.147934286855161 ], [ 300180.733996638795361, 5038788.25670456327498 ], [ 300184.64455634803744, 5038791.36547729279846 ], [ 300188.633195968519431, 5038794.36306485440582 ], [ 300192.543747965828516, 5038797.471842523664236 ], [ 300196.454296089475974, 5038800.580622645094991 ], [ 300200.364840343419928, 5038803.689405210316181 ], [ 300204.353545953228604, 5038806.7981330268085 ], [ 300208.264082425099332, 5038809.906920539215207 ], [ 300212.174615024297964, 5038813.01571049541235 ], [ 300216.08514375280356, 5038816.124502900987864 ], [ 300219.995587563840672, 5038819.122167530469596 ], [ 300223.984273653361015, 5038822.230907876044512 ], [ 300227.894790797203314, 5038825.339707671664655 ], [ 300231.805304069304839, 5038828.448509918525815 ], [ 300235.715813468734268, 5038831.557314606383443 ], [ 300239.70448387786746, 5038834.666064988821745 ], [ 300243.614985496154986, 5038837.774874624796212 ], [ 300247.525483240722679, 5038840.883686705492437 ], [ 300251.435977115586866, 5038843.992501235567033 ], [ 300255.346386697783601, 5038846.990187985822558 ], [ 300259.335037587501574, 5038850.098950895480812 ], [ 300263.245519876596518, 5038853.20777281653136 ], [ 300267.155998294998426, 5038856.316597185097635 ], [ 300271.066472840670031, 5038859.425424002110958 ], [ 300274.976943515590392, 5038862.534253269433975 ], [ 300278.965574813308194, 5038865.643028709106147 ], [ 300282.876037706038915, 5038868.7518629161641 ], [ 300286.786416861810721, 5038871.749569338746369 ], [ 300290.696872080210596, 5038874.858408439904451 ], [ 300294.685487767797895, 5038877.967193915508687 ], [ 300298.595935203018598, 5038881.076037961058319 ], [ 300302.506378766440321, 5038884.184884455054998 ], [ 300306.4168184591108, 5038887.293733396567404 ], [ 300310.327254278992768, 5038890.402584783732891 ], [ 300314.315850375511218, 5038893.511382789351046 ], [ 300318.226278414193075, 5038896.620239121839404 ], [ 300322.136623340717051, 5038899.617967661470175 ], [ 300326.047043705009855, 5038902.726828889921308 ], [ 300329.957460197503679, 5038905.835692564956844 ], [ 300333.946036773326341, 5038908.944503102451563 ], [ 300334.884557340410538, 5038909.721747814677656 ], [ 300336.44870511139743, 5038910.943069156259298 ], [ 300340.359190255403519, 5038914.163069578818977 ], [ 300344.269592540280428, 5038917.271942214109004 ], [ 300348.101827140781097, 5038920.380872703157365 ], [ 300352.012300433067139, 5038923.600880427286029 ], [ 300355.922691072220914, 5038926.709760354831815 ], [ 300359.754992717935238, 5038929.929828238673508 ], [ 300363.665375584096182, 5038933.038713012821972 ], [ 300367.497590961225796, 5038936.14765540510416 ], [ 300371.408044490963221, 5038939.367675270885229 ], [ 300375.318415710295085, 5038942.476567339152098 ], [ 300379.150697790842969, 5038945.696647129021585 ], [ 300383.061061236192472, 5038948.805544045753777 ], [ 300386.971420809742995, 5038951.91444340813905 ], [ 300390.803691157023422, 5038955.134530348703265 ], [ 300394.714042956533376, 5038958.243434558622539 ], [ 300398.624390885233879, 5038961.352341217920184 ], [ 300402.45664949627826, 5038964.572435306385159 ], [ 300406.366989649890456, 5038967.681346813216805 ], [ 300410.199240429850761, 5038970.901445654220879 ], [ 300414.109572810470127, 5038974.010362006723881 ], [ 300418.019901319232304, 5038977.119280805811286 ], [ 300421.852140364877414, 5038980.339386800304055 ], [ 300425.762461097619962, 5038983.448310447856784 ], [ 300429.672855299024377, 5038986.668366795405746 ], [ 300433.505005271814298, 5038989.777349685318768 ], [ 300437.415314359590411, 5038992.886280627921224 ], [ 300441.325696709100157, 5038996.106344272382557 ], [ 300445.15783515246585, 5038999.215334315784276 ], [ 300449.068209591030609, 5039002.435402804985642 ], [ 300452.900340340158436, 5039005.544397595338523 ], [ 300456.810630007879809, 5039008.653340680524707 ], [ 300460.720992594433483, 5039011.873416470363736 ], [ 300464.553111815126613, 5039014.982418408617377 ], [ 300467.133935615187511, 5039017.092113121412694 ], [ 300471.044211045489646, 5039020.201065111905336 ], [ 300474.954482604982331, 5039023.310019553638995 ], [ 300478.86475029255962, 5039026.418976444751024 ], [ 300482.696851654327475, 5039029.5279895151034 ], [ 300486.607187967980281, 5039032.74808151088655 ], [ 300490.517444008553866, 5039035.857045696116984 ], [ 300494.427696177212056, 5039038.966012327000499 ], [ 300498.337944474944379, 5039042.074981408193707 ], [ 300502.248188899829984, 5039045.183952932246029 ], [ 300506.158429453789722, 5039048.292926906608045 ], [ 300510.068742053234018, 5039051.513033593073487 ], [ 300513.900812652893364, 5039054.622065806761384 ], [ 300517.811041559791192, 5039057.731047077104449 ], [ 300521.721266594715416, 5039060.840030794031918 ], [ 300525.631487757782452, 5039063.949016954749823 ], [ 300529.541780623025261, 5039067.169135835021734 ], [ 300533.451993974100333, 5039070.278126890771091 ], [ 300537.362203452270478, 5039073.387120399624109 ], [ 300541.272409059514757, 5039076.496116354130208 ], [ 300545.18261079385411, 5039079.605114757083356 ], [ 300549.01464686478721, 5039082.714168516919017 ], [ 300552.924916054762434, 5039085.934302034787834 ], [ 300556.835106143902522, 5039089.043307731859386 ], [ 300560.745292360079475, 5039092.152315875515342 ], [ 300564.655474705330562, 5039095.261326468549669 ], [ 300568.565653177618515, 5039098.370339507237077 ], [ 300572.475827778922394, 5039101.479354991577566 ], [ 300576.38607325241901, 5039104.699503200128675 ], [ 300580.296240039751865, 5039107.808523583225906 ], [ 300582.329558080877177, 5039109.474112467840314 ], [ 300586.484791695722379, 5039128.363478622399271 ], [ 300581.724048993783072, 5039138.924056156538427 ] ] ], [ [ [ 300389.9624264605809, 5036642.851136110723019 ], [ 300387.226637413783465, 5036644.186615260317922 ], [ 300345.25250495725777, 5036665.442039244808257 ], [ 300362.058264547900762, 5036657.651055860333145 ], [ 300394.973890751367435, 5036653.071571932174265 ], [ 300389.9624264605809, 5036642.851136110723019 ] ] ] ] } },
{ "type": "Feature", "properties": { "id": 37, "nom": "Nord-Ouest de l'Île" }, "geometry": { "type": "MultiPolygon", "coordinates": [ [ [ [ 285132.451888932322618, 5040530.889664265327156 ], [ 285067.412351705774199, 5040473.861020484007895 ], [ 285036.453469354717527, 5040444.841943618841469 ], [ 285023.441036415693816, 5040456.88513954449445 ], [ 284895.464301858097315, 5040415.837565050460398 ], [ 284743.456390534411184, 5040313.85807858966291 ], [ 284619.44432046811562, 5040267.802522706799209 ], [ 284526.400473049667198, 5040349.8952053533867 ], [ 284425.471136467007454, 5040240.868464791215956 ], [ 284403.469009240798187, 5040227.826383842155337 ], [ 284180.474052598234266, 5040430.814526395872235 ], [ 284122.445114216650836, 5040369.882988112047315 ], [ 284061.447592348209582, 5040427.87269545905292 ], [ 284040.434782950964291, 5040406.82713183760643 ], [ 283919.427447535737883, 5040348.884348761290312 ], [ 283763.44905623147497, 5040489.875641112215817 ], [ 283625.45242871058872, 5040422.882667972706258 ], [ 283575.452796740981285, 5040380.821467799134552 ], [ 283504.482068562356289, 5040330.830288177356124 ], [ 283628.866280800546519, 5040207.053340052254498 ], [ 283396.247953905316535, 5040101.71136945206672 ], [ 283567.963334502885118, 5039945.543900175951421 ], [ 283513.253315504989587, 5039921.502461862750351 ], [ 283415.770955486688763, 5039845.041760971769691 ], [ 283372.364675989432726, 5039881.75207938067615 ], [ 283326.730892605963163, 5039929.694622928276658 ], [ 283275.164041080279276, 5039979.324821718968451 ], [ 283241.425382515299134, 5040008.779363396577537 ], [ 283170.35909503971925, 5040069.146078361198306 ], [ 283153.831521474407054, 5040058.20100281573832 ], [ 283117.565580564609263, 5040102.334326092153788 ], [ 283069.251358635898214, 5040142.508817098103464 ], [ 283060.355838367133401, 5040146.429228111170232 ], [ 282869.611950030375738, 5040017.957557776942849 ], [ 282824.194479646044783, 5040059.346266611479223 ], [ 282746.559972289425787, 5040006.164124676957726 ], [ 282689.063073727651499, 5039968.248166787438095 ], [ 282554.99129295500461, 5040089.077543468214571 ], [ 282485.347052077297121, 5040151.669669628143311 ], [ 282470.234383008151781, 5040165.281492326408625 ], [ 282425.130025871330872, 5040205.782954858615994 ], [ 282427.30803007184295, 5040246.782846795395017 ], [ 282427.647553472139407, 5040254.338603197596967 ], [ 282432.469602603581734, 5040269.768748157657683 ], [ 282438.949509422585834, 5040267.967552479356527 ], [ 282445.509546188288368, 5040266.721737466752529 ], [ 282452.149315569200553, 5040265.920172912999988 ], [ 282498.057079182239249, 5040297.651748884469271 ], [ 282513.48915118095465, 5040308.043335637077689 ], [ 282557.355427272559609, 5040337.226558702066541 ], [ 282564.401614800153766, 5040340.868946618400514 ], [ 282571.836165690445341, 5040343.843176020309329 ], [ 282579.425035569991451, 5040346.26120862737298 ], [ 282587.245586265518796, 5040347.900507537648082 ], [ 282595.141920625406783, 5040348.872756955213845 ], [ 282603.113648158905562, 5040349.066826703026891 ], [ 282611.083018159668427, 5040348.594123776070774 ], [ 282630.124345296411775, 5040407.426728906109929 ], [ 282321.100694327673409, 5040507.766562629491091 ], [ 282085.924318501725793, 5040584.071782326325774 ], [ 281961.743047259922605, 5040624.418774802237749 ], [ 281962.747585788485594, 5040621.303424240089953 ], [ 281971.543807077803649, 5040611.936339520849288 ], [ 282055.586935382394586, 5040536.172632624395192 ], [ 282110.037378659471869, 5040488.2999605871737 ], [ 282094.448379978828598, 5040477.798796829767525 ], [ 281903.224017997621559, 5040348.913565136492252 ], [ 281860.450024540245067, 5040320.064295788295567 ], [ 281846.270086205680855, 5040310.447651674039662 ], [ 281832.011957238195464, 5040300.831325515173376 ], [ 281823.081220155989286, 5040294.862883539870381 ], [ 281776.938807555590756, 5040264.026135687716305 ], [ 281774.823523861181457, 5040262.589178843423724 ], [ 281730.873680410557427, 5040233.078309285454452 ], [ 281631.925484853039961, 5040166.430150366388261 ], [ 281608.108718688949011, 5040150.403961789794266 ], [ 281363.979531512944959, 5039986.057389379478991 ], [ 281355.908807576342952, 5039980.41979391220957 ], [ 281299.341421959805302, 5039942.624164535664022 ], [ 281193.988407787284814, 5040087.268722901120782 ], [ 281087.588550251733977, 5040015.545053243637085 ], [ 280987.689279302256182, 5039948.132664679549634 ], [ 280873.057515496679116, 5039870.887240217067301 ], [ 280778.168627508857753, 5039806.904165551066399 ], [ 280713.362313599674962, 5039761.921737857162952 ], [ 280659.77046524384059, 5039727.120989843271673 ], [ 280645.479001194238663, 5039750.291411653161049 ], [ 280569.784499445988331, 5039699.351228726096451 ], [ 280563.336271955631673, 5039709.377997611649334 ], [ 280502.801387834362686, 5039799.406643540598452 ], [ 280457.731795778730884, 5039866.482714293524623 ], [ 280445.838683464564383, 5039883.087513958103955 ], [ 280364.936224066768773, 5040000.090548102743924 ], [ 280291.127574007376097, 5040111.732628897763789 ], [ 280233.093005631119013, 5040199.642720205709338 ], [ 280274.179127061739564, 5040234.377554478123784 ], [ 280245.743875119660515, 5040277.163457893766463 ], [ 280228.33671460323967, 5040302.236305355094373 ], [ 280184.454022646066733, 5040271.735756299458444 ], [ 280169.767418440780602, 5040293.019606588408351 ], [ 280213.571452794654761, 5040323.40922933910042 ], [ 280196.242261495965067, 5040348.370732054114342 ], [ 280187.384094664361328, 5040361.29678977932781 ], [ 280174.639140979445074, 5040379.461319438181818 ], [ 280160.457597781089135, 5040370.070734920911491 ], [ 280142.125519461347722, 5040358.473841383121908 ], [ 280124.578334256191738, 5040347.762973055243492 ], [ 280091.861020258569624, 5040394.233789470046759 ], [ 279853.653504973626696, 5040744.464615834876895 ], [ 279758.04574980441248, 5040675.94332714471966 ], [ 279738.06171570281731, 5040661.575893160887063 ], [ 279628.374892536783591, 5040590.44562513474375 ], [ 279595.158104747184552, 5040569.686051939614117 ], [ 279536.926793309627101, 5040527.578750510700047 ], [ 279480.809991974150762, 5040486.797043795697391 ], [ 279443.979980086558498, 5040461.718682053498924 ], [ 279407.228268506471068, 5040436.751350603997707 ], [ 279395.474054523860104, 5040428.797386405989528 ], [ 279363.655058658914641, 5040406.255257112905383 ], [ 279354.171922178531531, 5040399.514622428454459 ], [ 279337.474982573068701, 5040386.802116096951067 ], [ 279328.774603831465356, 5040380.391741287894547 ], [ 279315.688538563379552, 5040371.66540399286896 ], [ 279317.852275248849764, 5040365.655476200394332 ], [ 279318.081752115860581, 5040364.432089444249868 ], [ 279317.99909437156748, 5040363.321102085523307 ], [ 279317.681546056061052, 5040362.099935974925756 ], [ 279316.974167480366305, 5040361.102617010474205 ], [ 279316.11139801342506, 5040360.328193556517363 ], [ 279315.09323768899776, 5040359.776665675453842 ], [ 279290.675852096697781, 5040351.096394688822329 ], [ 279277.762232325912919, 5040346.370197718031704 ], [ 279177.538663515471853, 5040279.654581867158413 ], [ 279149.717740805353969, 5040260.542313541285694 ], [ 279099.961526422179304, 5040228.406322158873081 ], [ 279063.366106389730703, 5040204.107145238667727 ], [ 279050.279303242627066, 5040195.381360788829625 ], [ 279025.907115980342496, 5040178.922667466104031 ], [ 279024.26142884849105, 5040177.818101478740573 ], [ 278955.044680125720333, 5040126.759563508443534 ], [ 278942.115694724838249, 5040118.477882572449744 ], [ 278879.193226605944801, 5040077.951820939779282 ], [ 278877.234428029274568, 5040076.737453791312873 ], [ 278853.483771027356852, 5040059.610065311193466 ], [ 278850.661633827316109, 5040057.510216276161373 ], [ 278814.136879569443408, 5040031.878603207878768 ], [ 278771.128985651943367, 5040007.163136213086545 ], [ 278725.37161198555259, 5039979.125411858782172 ], [ 278697.541507119545713, 5039958.459320462308824 ], [ 278654.816098789742682, 5039926.742135364562273 ], [ 278656.05634831165662, 5039924.29205964691937 ], [ 278628.389951986260712, 5039905.514840242452919 ], [ 278577.993740152916871, 5039871.162981201894581 ], [ 278554.997973201679997, 5039922.824465070851147 ], [ 278545.747690868098289, 5039916.084070417098701 ], [ 278524.417307327617891, 5039898.72553339600563 ], [ 278509.282725810771808, 5039886.564338478259742 ], [ 278494.774703224073164, 5039874.733951476402581 ], [ 278480.031701890518889, 5039862.793450542725623 ], [ 278465.367263505060691, 5039850.96378677804023 ], [ 278436.115907450206578, 5039827.193103455938399 ], [ 278421.843470517604146, 5039815.695291524752975 ], [ 278412.354223270143848, 5039807.955905198119581 ], [ 278435.564827833208255, 5039770.40680346544832 ], [ 278449.44383190717781, 5039744.01018029730767 ], [ 278480.845657738216687, 5039684.089289845898747 ], [ 278553.57710623415187, 5039545.536284803412855 ], [ 278601.814977435744368, 5039455.317712934687734 ], [ 278597.504704886989202, 5039452.557392627932131 ], [ 278530.628252168360632, 5039403.160717126913369 ], [ 278455.533786789921578, 5039351.354313476011157 ], [ 278424.414533291012049, 5039330.036430297419429 ], [ 278395.331424313830212, 5039309.710328012704849 ], [ 278362.328903772053309, 5039286.733686447143555 ], [ 278333.717163978260942, 5039267.072676468640566 ], [ 278028.622428906091955, 5039058.326025759801269 ], [ 277869.61509751790436, 5038943.984017632901669 ], [ 277866.754478849179577, 5038933.105325021781027 ], [ 277755.415599816769827, 5038853.346324229612947 ], [ 277728.681701763533056, 5038835.013552658259869 ], [ 277702.809389018861111, 5038817.121705589815974 ], [ 277675.053264733112883, 5038797.459984347224236 ], [ 277619.465694229351357, 5038758.915159050375223 ], [ 277548.112830671132542, 5038708.214662647806108 ], [ 277524.979681128636003, 5038691.311848235316575 ], [ 277503.730156528414227, 5038676.179047670215368 ], [ 277498.306644188822247, 5038669.312421638518572 ], [ 277491.181792267016135, 5038666.676223507151008 ], [ 277486.994568316382356, 5038674.473689780570567 ], [ 277417.848409770289436, 5038610.429195513948798 ], [ 277401.443349298555404, 5038594.942222859710455 ], [ 277427.222600416338537, 5038537.26331221498549 ], [ 277443.247781942947768, 5038501.408911222591996 ], [ 277450.913032476673834, 5038484.483429918065667 ], [ 277454.474013609346002, 5038476.466404661536217 ], [ 277459.506691760616377, 5038465.331272858195007 ], [ 277467.170580413076095, 5038448.072422373108566 ], [ 277469.726025371346623, 5038442.504691294394433 ], [ 277484.513045170111582, 5038409.434098083525896 ], [ 277487.145726056012791, 5038403.643774385564029 ], [ 277489.623036225209944, 5038398.07639186270535 ], [ 277495.73912609758554, 5038384.380540161393583 ], [ 277506.733197675435804, 5038359.88367320690304 ], [ 277523.069571741099935, 5038323.47248053457588 ], [ 277525.546946167014539, 5038317.905113152228296 ], [ 277529.107636899396311, 5038309.777003014460206 ], [ 277537.701779609196819, 5038290.624960215762258 ], [ 277540.334560547024012, 5038284.834660314023495 ], [ 277542.966864160553087, 5038278.933231494389474 ], [ 277553.573819438752253, 5038255.216058842837811 ], [ 277562.250141400902066, 5038236.952753461897373 ], [ 277576.109214429394342, 5038205.997929887846112 ], [ 277592.884441316709854, 5038180.475983764976263 ], [ 277589.121993510460015, 5038178.158505955711007 ], [ 277595.079284209758043, 5038163.796654408797622 ], [ 277611.307963984785601, 5038138.388260027393699 ], [ 277607.466842721507419, 5038135.959979604929686 ], [ 277623.77333949477179, 5038110.440150585025549 ], [ 277620.010380779160187, 5038108.011524342931807 ], [ 277626.281951817800291, 5038093.981741707772017 ], [ 277621.499826739367563, 5038090.890730621293187 ], [ 277637.570532532932702, 5038065.038564505986869 ], [ 277638.903354121139273, 5038065.921858496963978 ], [ 277651.292265256517567, 5038038.307536120526493 ], [ 277662.44583616493037, 5038014.254804596304893 ], [ 277677.082390128285624, 5037982.074411239475012 ], [ 277697.075378070934676, 5037959.206039193086326 ], [ 277694.566059159580618, 5037957.438752342946827 ], [ 277692.057218384405132, 5037955.782596533186734 ], [ 277689.470199759060051, 5037954.126779100857675 ], [ 277695.428897095436696, 5037939.987289697863162 ], [ 277719.587686122278683, 5037885.984035309404135 ], [ 277726.015582894091494, 5037871.842554991133511 ], [ 277738.714629804191645, 5037843.449158906005323 ], [ 277751.491971182113048, 5037815.055453632026911 ], [ 277757.841835683211684, 5037800.914344663731754 ], [ 277762.719727357616648, 5037789.891275224275887 ], [ 277665.634191651130095, 5037720.74118142388761 ], [ 277653.165245812560897, 5037711.90448334440589 ], [ 277485.647591623361222, 5037591.607740550301969 ], [ 277469.176876899029594, 5037579.565974352881312 ], [ 277376.707294551248197, 5037512.622876482084394 ], [ 277361.883813301508781, 5037501.907784730195999 ], [ 277332.236698931606952, 5037480.477706056088209 ], [ 277317.491248388192616, 5037469.762377148494124 ], [ 277291.765136497153435, 5037451.093639908358455 ], [ 277258.118027130374685, 5037426.903120867908001 ], [ 277243.294140904792584, 5037416.188308660872281 ], [ 277183.920394465792924, 5037373.440882823430002 ], [ 277169.09625526209129, 5037362.726245514117181 ], [ 277154.272065438795835, 5037352.011643145233393 ], [ 277145.644429351261351, 5037345.826214324682951 ], [ 277145.112303602683824, 5037349.273650816641748 ], [ 277136.795434184838086, 5037342.642337943427265 ], [ 277096.937254196905997, 5037310.923043447546661 ], [ 277092.936120175174437, 5037307.828987796790898 ], [ 277078.031524658435956, 5037296.670390239916742 ], [ 277049.241034006583504, 5037274.904461525380611 ], [ 277048.378053878957871, 5037274.241480555385351 ], [ 277030.574063615466002, 5037261.651084262877703 ], [ 277018.103311115060933, 5037252.815645433031023 ], [ 277013.632497807266191, 5037249.612584544345737 ], [ 277002.887185138766654, 5037241.991998500190675 ], [ 276972.5339457304799, 5037220.566728600300848 ], [ 276971.601131425530184, 5037221.793312754482031 ], [ 276964.699130471912213, 5037216.934073140844703 ], [ 276964.15576881240122, 5037217.825536902062595 ], [ 276951.607142302556895, 5037209.101706161163747 ], [ 276946.590933232277166, 5037206.345638207159936 ], [ 276945.023274619481526, 5037205.463530934415758 ], [ 276928.868675426114351, 5037194.644222361966968 ], [ 276918.984692139900289, 5037187.353354507125914 ], [ 276855.068780253524892, 5037143.962377140298486 ], [ 276859.559132521273568, 5037133.940521104261279 ], [ 276868.461693551042117, 5037113.897166869603097 ], [ 276877.363818281213753, 5037093.742696247063577 ], [ 276890.989043079782277, 5037063.120845607481897 ], [ 276897.419676192745101, 5037067.426437794230878 ], [ 276908.449311244708952, 5037050.929925333708525 ], [ 276919.479497685097158, 5037034.544562776573002 ], [ 276996.689965971803758, 5036919.291936499997973 ], [ 277006.944126884394791, 5036904.132620654068887 ], [ 277017.896641519560944, 5036887.747782660648227 ], [ 277028.92445701273391, 5036870.695839829742908 ], [ 277076.475740448571742, 5036802.250830847769976 ], [ 277042.059271652193274, 5036764.1733517665416 ], [ 277016.128377059532795, 5036735.393625398166478 ], [ 277003.870500435703434, 5036721.889728295616806 ], [ 276964.345054702018388, 5036678.056407823227346 ], [ 276951.065034723957069, 5036663.334688590839505 ], [ 276910.203159697644878, 5036618.062912791967392 ], [ 276899.987722609541379, 5036606.772792919538915 ], [ 276848.987688281922601, 5036550.210965733975172 ], [ 276834.685659904847853, 5036534.382716295309365 ], [ 276797.908544378005899, 5036493.649901936762035 ], [ 276785.649730533710681, 5036480.146431622095406 ], [ 276761.130953775777016, 5036452.917303374037147 ], [ 276663.055222107330337, 5036344.3351387437433 ], [ 276650.795829271839466, 5036330.831932145170867 ], [ 276638.535886005556677, 5036317.217619783245027 ], [ 276616.688003020943142, 5036292.977647522464395 ], [ 276654.407647405867465, 5036246.799990806728601 ], [ 276630.782444335112814, 5036227.346603890880942 ], [ 276620.029947723611258, 5036218.61537810601294 ], [ 276606.058829266694374, 5036207.120308361016214 ], [ 276560.142551410768647, 5036169.430440603755414 ], [ 276550.959329662029631, 5036161.914733226411045 ], [ 276523.486731957294978, 5036139.145080356858671 ], [ 276482.042863498150837, 5036104.991883032023907 ], [ 276468.463741643936373, 5036093.828746597282588 ], [ 276424.82164419372566, 5036057.907720847986639 ], [ 276409.357480132428464, 5036044.975109581835568 ], [ 276393.579948196129408, 5036031.932820259593427 ], [ 276391.696104389382526, 5036030.385486541315913 ], [ 276379.608000816893764, 5036020.438253660686314 ], [ 276376.467914139211643, 5036017.785284959711134 ], [ 276366.106715244590305, 5036009.274984684772789 ], [ 276361.161462005402427, 5036005.185474058613181 ], [ 276345.932646471133921, 5035992.474216734990478 ], [ 276341.92980457021622, 5035989.269510852172971 ], [ 276338.710982172400691, 5035986.505785365588963 ], [ 276330.782977169030346, 5035979.98490147665143 ], [ 276315.476341452915221, 5035967.385201773606241 ], [ 276300.169644384412095, 5035954.785539327189326 ], [ 276298.12834369315533, 5035953.016683408990502 ], [ 276271.046943930501584, 5035930.690879240632057 ], [ 276269.634267988440115, 5035929.585971266031265 ], [ 276257.545777487801388, 5035919.638973013497889 ], [ 276244.436583523231093, 5035908.807578839361668 ], [ 276242.552161250030622, 5035907.149160128086805 ], [ 276206.521935383963864, 5035877.529583418741822 ], [ 276094.342844749917276, 5035784.356604071334004 ], [ 276107.022569954977371, 5035769.51816473621875 ], [ 276119.231103310652543, 5035754.237373813055456 ], [ 276130.96895083686104, 5035738.625358222052455 ], [ 276139.205393626180012, 5035726.918946298770607 ], [ 276147.128542898979504, 5035715.102841682732105 ], [ 276154.816095553105697, 5035703.065557201392949 ], [ 276193.324418083007913, 5035641.100851343944669 ], [ 276165.630853483336978, 5035622.112240449525416 ], [ 276158.256740843877196, 5035617.14489627815783 ], [ 276084.589625283726491, 5035566.693665192462504 ], [ 276031.008415162214078, 5035530.598493531346321 ], [ 276007.630016834591515, 5035514.813653909601271 ], [ 275992.488714345614426, 5035504.547747371718287 ], [ 275990.448709484597202, 5035503.112380399368703 ], [ 275977.190438367892057, 5035494.17146476265043 ], [ 275963.93161973945098, 5035485.119447451084852 ], [ 275961.656470195506699, 5035483.574036372825503 ], [ 275945.965524529688992, 5035472.86623459495604 ], [ 275936.629751243803184, 5035466.574568752199411 ], [ 275915.133479778363835, 5035452.003881021402776 ], [ 275910.190560546412598, 5035448.581503098830581 ], [ 275869.080804268771317, 5035420.765298816375434 ], [ 275853.389543559693266, 5035410.057727761566639 ], [ 275838.247735920595005, 5035399.792192173190415 ], [ 275829.068674955691677, 5035393.611094849184155 ], [ 275776.502771943807602, 5035357.846792919561267 ], [ 275745.908334564417601, 5035337.87322149053216 ], [ 275720.961229291337077, 5035321.42989756911993 ], [ 275714.685456341772806, 5035317.347045326605439 ], [ 275707.15472370875068, 5035312.492082718759775 ], [ 275693.425873910658993, 5035303.442806500010192 ], [ 275682.678218131361064, 5035296.380127751268446 ], [ 275679.932643111154903, 5035294.614732610061765 ], [ 275664.870542811288033, 5035284.793769960291684 ], [ 275630.742018562275916, 5035261.836570217274129 ], [ 275611.441962903307285, 5035248.923703205771744 ], [ 275598.495972298260313, 5035240.093262206763029 ], [ 275585.472251113620587, 5035231.374340790323913 ], [ 275552.912531308655161, 5035209.521590319462121 ], [ 275537.69205435848562, 5035199.368270860984921 ], [ 275533.376487096888013, 5035196.387794933281839 ], [ 275494.382882562407758, 5035170.231150989420712 ], [ 275468.33430614619283, 5035152.682636213488877 ], [ 275460.017439467774238, 5035147.053711103275418 ], [ 275454.917608570365701, 5035143.632420539855957 ], [ 275439.774505995505024, 5035133.367843190208077 ], [ 275424.631353877659421, 5035123.10330225713551 ], [ 275411.293261439015623, 5035114.163943652994931 ], [ 275398.03334308572812, 5035105.22424755897373 ], [ 275385.636320660356432, 5035096.836202162317932 ], [ 275383.282675664522685, 5035095.291365964338183 ], [ 275368.061126892105676, 5035085.027326985262334 ], [ 275359.038607752008829, 5035079.068441688083112 ], [ 275352.918261254555546, 5035074.874088020063937 ], [ 275337.696613279171288, 5035064.61012243013829 ], [ 275333.381379156722687, 5035061.740913089364767 ], [ 275319.964292469492648, 5035052.690984937362373 ], [ 275307.567061887239106, 5035044.30309322103858 ], [ 275268.021990697481669, 5035017.705900891683996 ], [ 275255.624621558992658, 5035009.31811142526567 ], [ 275250.053720419527963, 5035005.565803274512291 ], [ 275229.262377914274111, 5034991.883185074664652 ], [ 275202.663777240901254, 5034974.11608502548188 ], [ 275190.110330231604166, 5034965.840290346182883 ], [ 275177.321161177940667, 5034957.343367105349898 ], [ 275121.455015845829621, 5034919.933067790232599 ], [ 275108.194798818381969, 5034911.105111454613507 ], [ 275054.918386939971242, 5034875.683545766398311 ], [ 275051.544628144765738, 5034873.476866609416902 ], [ 275035.773440625867806, 5034862.99396204855293 ], [ 275025.730331655824557, 5034856.37359041441232 ], [ 275009.408391649485566, 5034845.226567474193871 ], [ 275005.013587974885013, 5034842.135694714263082 ], [ 274994.734186489658896, 5034835.183095901273191 ], [ 274985.00385194492992, 5034828.561306258663535 ], [ 274968.603551565669477, 5034817.414759927429259 ], [ 274939.105149941926356, 5034815.221000450663269 ], [ 274889.10626839910401, 5034811.457880977541208 ], [ 274835.510983838292304, 5034808.045691168867052 ], [ 274816.498179558548145, 5034806.802736427634954 ], [ 274797.798230658983812, 5034805.558346390724182 ], [ 274774.012650030956138, 5034804.004897762089968 ], [ 274759.068638942029793, 5034803.076085248962045 ], [ 274757.582006069016643, 5034802.972055637277663 ], [ 274741.623307829489931, 5034802.49266045447439 ], [ 274728.087705517653376, 5034801.668321243487298 ], [ 274725.818381111486815, 5034801.456910238601267 ], [ 274712.748879369231872, 5034799.963582729920745 ], [ 274685.008262818446383, 5034772.869031582027674 ], [ 274645.227257900813129, 5034730.607242646627128 ], [ 274631.940909871947952, 5034716.557203904725611 ], [ 274607.411290988733526, 5034690.447776303626597 ], [ 274592.473665846977383, 5034674.627636558376253 ], [ 274588.778223155881278, 5034670.644636919721961 ], [ 274578.164377763168886, 5034659.36017226241529 ], [ 274542.084398444334511, 5034622.526712860912085 ], [ 274534.771067131252494, 5034614.449269178323448 ], [ 274523.3684261739254, 5034601.835108390077949 ], [ 274494.114261357986834, 5034569.414342584088445 ], [ 274489.47096284723375, 5034563.546724560670555 ], [ 274468.376444850582629, 5034536.309958550147712 ], [ 274454.434045286208857, 5034516.151195398531854 ], [ 274431.746380183962174, 5034483.032242741435766 ], [ 274422.15255677519599, 5034472.521037587895989 ], [ 274393.870306211640127, 5034447.208487746305764 ], [ 274381.073626086232252, 5034437.60188711155206 ], [ 274372.124232686124742, 5034430.977260757237673 ], [ 274351.880382134113461, 5034418.072795257903636 ], [ 274336.658194555551745, 5034408.366895919665694 ], [ 274326.53593746793922, 5034401.859147310256958 ], [ 274293.432917055266444, 5034382.68266686797142 ], [ 274275.229514661128633, 5034371.213264799676836 ], [ 274268.246239395462908, 5034366.801882682368159 ], [ 274259.928873238095548, 5034361.507930475287139 ], [ 274249.336052213911898, 5034354.780326211825013 ], [ 274197.330817847396247, 5034325.36092107091099 ], [ 274185.873640390636865, 5034317.859704734757543 ], [ 274183.754614560399204, 5034316.425303844735026 ], [ 274171.670004361774772, 5034308.593771572224796 ], [ 274155.8742669649655, 5034293.667894632555544 ], [ 274128.841158729046583, 5034268.239307572133839 ], [ 274115.639040298061445, 5034255.856919175945222 ], [ 274109.589317354082596, 5034250.440968954004347 ], [ 274107.939045997220092, 5034248.893173942342401 ], [ 274103.303288186783902, 5034244.692781806923449 ], [ 274094.189285097294487, 5034236.513502718880773 ], [ 274081.37597658165032, 5034223.684759249910712 ], [ 274077.918958824593574, 5034220.589948665350676 ], [ 274044.68654635589337, 5034191.302384810522199 ], [ 274012.946062793489546, 5034163.230143900029361 ], [ 274007.682210691506043, 5034158.588368103839457 ], [ 274011.355358934612013, 5034141.900583210401237 ], [ 273998.984513037663419, 5034139.627381704747677 ], [ 273979.601796077098697, 5034143.16742604970932 ], [ 273900.049726420314983, 5034175.786051412113011 ], [ 273806.412248775654007, 5034207.252636498771608 ], [ 273769.551135989837348, 5034219.658922390080988 ], [ 273661.389713439217303, 5034256.089169868268073 ], [ 273481.3381078664097, 5034213.308275513350964 ], [ 273500.182359209517017, 5034164.53860077355057 ], [ 273464.825863285979722, 5034149.156159012578428 ], [ 273446.254065602668561, 5034142.69191980548203 ], [ 273395.395568935142364, 5034124.719993660226464 ], [ 273385.003420233784709, 5034142.775295937433839 ], [ 273369.576756056922022, 5034170.857665430754423 ], [ 273360.274334630230442, 5034187.796244310215116 ], [ 273351.442971391894389, 5034205.065878867171705 ], [ 273337.66263309068745, 5034233.806893298402429 ], [ 273328.139070632343646, 5034253.413801102899015 ], [ 273307.747719198057894, 5034242.847187123261392 ], [ 273282.258433011069428, 5034229.639012405648828 ], [ 273266.02334513142705, 5034221.163216593675315 ], [ 273233.553595135512296, 5034204.322879763320088 ], [ 273217.241268106969073, 5034196.06986091285944 ], [ 273201.084228620515205, 5034187.593839529901743 ], [ 273184.38348951691296, 5034179.898517548106611 ], [ 273170.116590115299914, 5034173.969113832339644 ], [ 273155.636349953885656, 5034203.38084611017257 ], [ 273139.142027120396961, 5034236.69237959291786 ], [ 273102.582015254127327, 5034308.556799037382007 ], [ 273091.029451559181325, 5034328.952228602953255 ], [ 273076.076693958137184, 5034357.588615393266082 ], [ 272975.063617779000197, 5034305.977953751571476 ], [ 272888.022879419615492, 5034279.63613922894001 ], [ 272709.63288924243534, 5034195.527659579180181 ], [ 272698.65946808247827, 5034191.249501280486584 ], [ 272688.151402143295854, 5034186.191060232929885 ], [ 272633.54971196257975, 5034155.575310224667192 ], [ 272578.724200743658002, 5034127.183822247199714 ], [ 272557.282907606568187, 5034110.512731234543025 ], [ 272517.378155457729008, 5034093.491924417205155 ], [ 272477.842609321873169, 5034072.246445395983756 ], [ 272367.915717855212279, 5034008.1333287358284 ], [ 272269.256337605416775, 5033960.078013639897108 ], [ 271934.662141807668377, 5033778.449073808267713 ], [ 271706.357998260704335, 5033654.511051872745156 ], [ 271724.428422004042659, 5033609.629681743681431 ], [ 271566.029739636695012, 5033540.006628754548728 ], [ 271580.787745425186586, 5033505.033125123009086 ], [ 271558.985161449993029, 5033494.92412019148469 ], [ 271314.829735337989405, 5033791.608938679099083 ], [ 271031.771645614411682, 5034137.855207536369562 ], [ 270785.594016809016466, 5034441.907007589936256 ], [ 270753.504883738583885, 5034481.977271838113666 ], [ 270729.264567128615454, 5034512.447769301012158 ], [ 270640.373958076583222, 5034622.062289953231812 ], [ 270633.53602287301328, 5034630.434390732087195 ], [ 270616.758063639514148, 5034652.08531666919589 ], [ 270615.432585963746533, 5034652.870450929738581 ], [ 270617.029566636832897, 5034658.862936437129974 ], [ 270617.205937105463818, 5034662.52935734577477 ], [ 270618.711421795189381, 5034694.860795159824193 ], [ 270615.060891681408975, 5034713.995467668399215 ], [ 270596.377001350745559, 5034730.322444210760295 ], [ 270597.610096650547348, 5034741.317877787165344 ], [ 270613.992192014062312, 5034762.010616895742714 ], [ 270636.174599876860157, 5034770.558414571918547 ], [ 270679.060106392367743, 5034817.779239566996694 ], [ 270688.619039762648754, 5034849.622472153045237 ], [ 270688.23430388426641, 5034879.630398686043918 ], [ 270682.544663541659247, 5034897.775904160924256 ], [ 270682.070895032433327, 5034925.783927276730537 ], [ 270676.15432619448984, 5034930.928139628842473 ], [ 270671.370769883331377, 5034943.067571546882391 ], [ 270529.337655144860037, 5034944.61801481526345 ], [ 270502.467061485513113, 5034951.21022583078593 ], [ 270471.939919360273052, 5034975.714894281700253 ], [ 270485.377608886046801, 5035001.535488402470946 ], [ 270508.476101410982665, 5035006.077051656320691 ], [ 270508.00312403292628, 5035034.085096759721637 ], [ 270497.608629560680129, 5035064.258785710670054 ], [ 270471.899086973862723, 5035082.847144620493054 ], [ 270444.022702915186528, 5035091.334363153204322 ], [ 270423.607123040244915, 5035119.673687872476876 ], [ 270394.136786858551204, 5035151.285476782359183 ], [ 270366.894401765544899, 5035189.775443878024817 ], [ 270347.090831339126453, 5035201.219481606967747 ], [ 270326.153380763425957, 5035205.557296150363982 ], [ 270229.100663822668139, 5035207.423782559111714 ], [ 270216.23494649870554, 5035214.607042348012328 ], [ 270180.811070419906173, 5035244.25221036747098 ], [ 270154.651958694739733, 5035237.728327974677086 ], [ 270133.476227780571207, 5035227.176290273666382 ], [ 270107.639926897245459, 5035236.653961956501007 ], [ 270079.293669529259205, 5035273.150901706889272 ], [ 270049.338303676107898, 5035329.771930854767561 ], [ 270023.360460104478989, 5035384.259584569372237 ], [ 270020.046392415650189, 5035421.396326071582735 ], [ 270008.43196559388889, 5035442.575852756388485 ], [ 269989.551107166043948, 5035450.904207326471806 ], [ 269978.486214204633143, 5035444.186371672898531 ], [ 269974.296856324188411, 5035436.208002541214228 ], [ 269970.778755514533259, 5035408.221982307732105 ], [ 269962.378410467703361, 5035388.375723189674318 ], [ 269942.113634925335646, 5035372.818298041820526 ], [ 269888.074846071074717, 5035373.784940727055073 ], [ 269858.139908690005541, 5035377.396363141015172 ], [ 269817.04867561836727, 5035428.190387633629143 ], [ 269795.642588248476386, 5035460.53810908831656 ], [ 269789.363594407273922, 5035498.691698119975626 ], [ 269787.977686668687966, 5035530.705727517604828 ], [ 269789.658568838611245, 5035565.703271285630763 ], [ 269795.104714191518724, 5035588.677482363767922 ], [ 269826.853124017303344, 5035630.064537258818746 ], [ 269830.841007391107269, 5035629.931220177561045 ], [ 269841.543817596277222, 5035613.757404528558254 ], [ 269816.967265677754767, 5035582.221203429624438 ], [ 269810.616731626680121, 5035565.3643245017156 ], [ 269816.509733202750795, 5035556.218620603904128 ], [ 269831.429312083986588, 5035552.912757699377835 ], [ 269848.622107641189359, 5035564.597249684855342 ], [ 269858.643068712088279, 5035566.430806460790336 ], [ 269874.551550011965446, 5035558.11856381688267 ], [ 269884.137479764642194, 5035537.950241544283926 ], [ 269900.046066750655882, 5035529.638064350001514 ], [ 269916.093949851696379, 5035532.327322308905423 ], [ 269951.596340606862213, 5035559.691410184837878 ], [ 269964.102034897950944, 5035586.516287256032228 ], [ 270013.919207432423718, 5035628.582106409594417 ], [ 270029.983382176491432, 5035634.272153059020638 ], [ 270045.457443930383306, 5035603.958412602543831 ], [ 270075.391398318868596, 5035600.347875609993935 ], [ 270100.544067477341741, 5035608.988498302176595 ], [ 270111.887308716308326, 5035623.706584750674665 ], [ 270135.799953181704041, 5035620.240695033222437 ], [ 270143.887641943641938, 5035626.086152289062738 ], [ 270145.460752348357346, 5035656.083384619094431 ], [ 270158.982098356354982, 5035682.903043607249856 ], [ 270187.750341065402608, 5035723.308122083544731 ], [ 270210.17504857032327, 5035747.967348388396204 ], [ 270229.839235381688923, 5035782.643802953884006 ], [ 270242.431897980161011, 5035811.358008089475334 ], [ 270242.258379819744732, 5035822.472261134535074 ], [ 270242.071418349223677, 5035845.366685814224184 ], [ 270237.511817234568298, 5035869.50761478766799 ], [ 270225.903015917516313, 5035891.686921993270516 ], [ 270212.250641224556603, 5035911.988235220313072 ], [ 270193.582406719215214, 5035930.316797475330532 ], [ 270170.598320439166855, 5035931.776971546001732 ], [ 270157.712116432841867, 5035934.959699925035238 ], [ 270144.160315237357281, 5035959.261400805786252 ], [ 270121.192897978238761, 5035963.722257032059133 ], [ 270083.072437378636096, 5035957.375831014476717 ], [ 270019.367183965689037, 5035920.609556728042662 ], [ 269989.322736496687867, 5035918.108672901056707 ], [ 269953.274548123183195, 5035918.864070549607277 ], [ 269935.51776934217196, 5035932.187366873957217 ], [ 269932.098004413885064, 5035964.212660590186715 ], [ 269950.623898954538163, 5035990.892995634116232 ], [ 269976.209283331874758, 5036021.423928226344287 ], [ 269980.637768292508554, 5036044.403943032026291 ], [ 269973.224084856978152, 5036075.451146017760038 ], [ 269949.082513452216517, 5036121.92745450604707 ], [ 269948.506881308217999, 5036145.046331745572388 ], [ 269957.028852787800133, 5036172.893495295196772 ], [ 269974.297933762311004, 5036184.577898627147079 ], [ 269999.341919704456814, 5036188.10657998546958 ], [ 270022.313966886489652, 5036184.645439411513507 ], [ 270034.048869338817894, 5036171.355682237073779 ], [ 270041.473793184501119, 5036142.30888169631362 ], [ 270064.212249585078098, 5036124.846420069225132 ], [ 270086.184535602689721, 5036124.391634225845337 ], [ 270118.266052899125498, 5036127.770795028656721 ], [ 270148.632261527294759, 5036146.273672243580222 ], [ 270186.285030316794291, 5036181.517656805925071 ], [ 270186.941490333352704, 5036215.520761018618941 ], [ 270191.59156068804441, 5036250.502073748968542 ], [ 270213.08092429197859, 5036276.055525590665638 ], [ 270231.832626204064582, 5036315.73800759203732 ], [ 270231.02746535470942, 5036325.744413429871202 ], [ 270226.12916012230562, 5036330.883478360250592 ], [ 270226.379084725747816, 5036347.885465857572854 ], [ 270239.55894867493771, 5036355.592295067384839 ], [ 270251.516959376400337, 5036354.415221096016467 ], [ 270261.186529269791208, 5036335.247186115011573 ], [ 270269.140044144296553, 5036331.091560273431242 ], [ 270290.100544499931857, 5036331.643235965631902 ], [ 270299.393080437555909, 5036343.483459084294736 ], [ 270354.101035964500625, 5036380.524102349765599 ], [ 270395.072981696808711, 5036379.744019686244428 ], [ 270422.143575759720989, 5036382.263084723614156 ], [ 270435.223052935907617, 5036385.970080361701548 ], [ 270448.430517070693895, 5036398.789314008317888 ], [ 270441.593590658158064, 5036406.939398976974189 ], [ 270422.7150896875537, 5036415.266477534547448 ], [ 270404.242474146478344, 5036440.594751768745482 ], [ 270391.851292645151261, 5036476.891960484907031 ], [ 270378.388336502655875, 5036503.081956252455711 ], [ 270375.667056163656525, 5036520.211356852203608 ], [ 270389.057527448341716, 5036537.919320332817733 ], [ 270412.155939783144277, 5036543.460679261013865 ], [ 270424.330187320942059, 5036553.284922571852803 ], [ 270436.731878454273101, 5036576.110516849905252 ], [ 270445.362124833744019, 5036609.95892689190805 ], [ 270434.9815964626614, 5036642.133145664818585 ], [ 270421.108178936177865, 5036650.43287305533886 ], [ 270401.769860503845848, 5036631.757196145132184 ], [ 270378.565569447819144, 5036621.104334926232696 ], [ 270356.40025222976692, 5036614.557789484038949 ], [ 270359.688406828849111, 5036629.54273921623826 ], [ 270360.868616294697858, 5036630.86986896302551 ], [ 270380.148343894572463, 5036653.102001843042672 ], [ 270395.254771560488734, 5036712.920032499358058 ], [ 270411.516004280536436, 5036726.611536149866879 ], [ 270417.069352088787127, 5036755.475761984474957 ], [ 270428.648867769399658, 5036785.307229033671319 ], [ 270449.813420292339288, 5036794.860088333487511 ], [ 270467.318227001174819, 5036821.547512871213257 ], [ 270507.098789839947131, 5036860.89369544479996 ], [ 270518.471597641822882, 5036881.613537868484855 ], [ 270533.232543663238175, 5036921.429822689853609 ], [ 270546.627182847179938, 5036940.138294740580022 ], [ 270565.853249889274593, 5036952.813834208063781 ], [ 270597.835741326620337, 5036953.195344181731343 ], [ 270620.126760373474099, 5036968.743828392587602 ], [ 270642.618144209438469, 5036992.404019707813859 ], [ 270676.154472142166924, 5037019.782828090712428 ], [ 270708.036716404778417, 5037016.164647457189858 ], [ 270711.010897870350163, 5037016.704177704639733 ], [ 270722.125732748128939, 5037018.866552948951721 ], [ 270749.525552488281392, 5037039.388778263702989 ], [ 270787.591272530262358, 5037094.749177462421358 ], [ 270839.235133024922106, 5037130.810375807806849 ], [ 270845.950344476965256, 5037114.65978507976979 ], [ 270870.515339972800575, 5037088.188549253158271 ], [ 270894.212444548029453, 5037074.724667166359723 ], [ 270918.303296026075259, 5037076.261719215661287 ], [ 270941.868467104330193, 5037052.796752939932048 ], [ 270945.856062118371483, 5037052.775268160738051 ], [ 270968.135087716858834, 5037066.324645617976785 ], [ 271000.343269386794418, 5037079.709551881067455 ], [ 271005.541317457624245, 5037086.682977438904345 ], [ 271026.598898547992576, 5037091.237350875511765 ], [ 271074.553423747769557, 5037139.433803826570511 ], [ 271096.627207126410212, 5037143.982955775223672 ], [ 271144.641163425229024, 5037145.059201222844422 ], [ 271215.574035712634213, 5037191.800089681521058 ], [ 271251.536808475968428, 5037191.05231006257236 ], [ 271268.690467473352328, 5037196.739665329456329 ], [ 271303.637385183479637, 5037196.108737824484706 ], [ 271319.438745716179255, 5037182.799691582098603 ], [ 271344.357161548745353, 5037178.332778886891901 ], [ 271378.481371706526261, 5037184.708029475994408 ], [ 271399.853239143500105, 5037204.376066948287189 ], [ 271430.105123669898603, 5037217.773561017587781 ], [ 271461.352067668281961, 5037227.165131491608918 ], [ 271513.347480134398211, 5037227.222866230644286 ], [ 271515.334073934296612, 5037174.201902429573238 ], [ 271541.40532216936117, 5037121.609084545634687 ], [ 271550.868288961239159, 5037092.442165485583246 ], [ 271556.34963852528017, 5037064.407655893824995 ], [ 271565.927393796329852, 5037042.130400024354458 ], [ 271598.051880152896047, 5036995.507005881518126 ], [ 271602.940788419626188, 5036988.479800721630454 ], [ 271619.467102099966723, 5036964.165534652769566 ], [ 271651.90082253923174, 5036931.543545434251428 ], [ 271682.52157255646307, 5036910.93363787420094 ], [ 271700.295007140084635, 5036900.615766979753971 ], [ 271717.224204985483084, 5036893.302980077452958 ], [ 271786.925218905264046, 5036824.923093524761498 ], [ 271772.261318728676997, 5036787.214965866878629 ], [ 271753.959743306913879, 5036771.530310007743537 ], [ 271736.481351113528945, 5036748.840004522353411 ], [ 271723.761256930301897, 5036709.121371463872492 ], [ 271759.980387027200777, 5036667.367155843414366 ], [ 271775.569849745428655, 5036643.058253117837012 ], [ 271799.469536670367233, 5036637.709464969113469 ], [ 271824.614468165091239, 5036646.134706604294479 ], [ 271837.907213949481957, 5036660.956773511134088 ], [ 271859.642665297724307, 5036645.506477371789515 ], [ 271869.33761401969241, 5036630.341603404842317 ], [ 271868.241226005367935, 5036570.335621762089431 ], [ 271861.771798883215524, 5036544.475577669218183 ], [ 271833.746974691341165, 5036493.945952508598566 ], [ 271828.502732438326348, 5036478.081470238976181 ], [ 271828.415792091167532, 5036476.414934153668582 ], [ 271827.954343041579705, 5036448.078488417901099 ], [ 271836.100368522398639, 5036405.916425748728216 ], [ 271863.298537180875428, 5036358.320133120752871 ], [ 271866.050728635687847, 5036346.303370363079011 ], [ 271901.042957605270203, 5036293.665440683253109 ], [ 271908.610278352163732, 5036215.499505908228457 ], [ 271961.722625522001181, 5036113.424209701828659 ], [ 271971.298670133401174, 5036090.25858220551163 ], [ 272016.875161836855114, 5036012.338949950411916 ], [ 272030.23592579230899, 5035980.04080141056329 ], [ 272040.229490123689175, 5035976.876995033584535 ], [ 272052.287566930346657, 5035979.703613659366965 ], [ 272061.269732797634788, 5035977.545304206199944 ], [ 272083.602612066199072, 5035941.088642287999392 ], [ 272082.257677810441237, 5035923.092149822972715 ], [ 272095.942041091737337, 5035907.795763914473355 ], [ 272120.756646371330135, 5035897.331372857093811 ], [ 272149.976373840472661, 5035906.848076087422669 ], [ 272182.673371903947555, 5035893.231279488652945 ], [ 272209.31318393262336, 5035872.755832409486175 ], [ 272260.281810600135941, 5035868.713277626782656 ], [ 272287.3485961863189, 5035870.240214343182743 ], [ 272305.448477200290654, 5035876.925714285112917 ], [ 272334.355345374962781, 5035871.330853878520429 ], [ 272374.069971206015907, 5035853.566913168877363 ], [ 272387.750607969297562, 5035837.382131348364055 ], [ 272393.340275943628512, 5035814.237732700072229 ], [ 272410.899739635235164, 5035791.920716383494437 ], [ 272458.061359539686237, 5035747.002602763473988 ], [ 272476.622473860508762, 5035721.680044219829142 ], [ 272498.58083619363606, 5035718.233199533075094 ], [ 272510.415998119104188, 5035708.05933512467891 ], [ 272514.289709130942356, 5035700.926955866627395 ], [ 272520.103145494649652, 5035690.784039786085486 ], [ 272559.046947256138083, 5035690.139658912084997 ], [ 272580.201594830083195, 5035697.699344426393509 ], [ 272604.51511681714328, 5035711.244078859686852 ], [ 272626.691985277051572, 5035719.910009942948818 ], [ 272653.76896667300025, 5035723.327730312943459 ], [ 272661.96814569470007, 5035736.177181438542902 ], [ 272675.157029999885708, 5035746.000563967972994 ], [ 272692.323500922415406, 5035753.692138739861548 ], [ 272717.843910445575602, 5035835.244254495948553 ], [ 272733.998547883355059, 5035843.941298177465796 ], [ 272755.966811060498003, 5035842.495684066787362 ], [ 272818.983794560539536, 5035839.285319418646395 ], [ 272861.297043531318195, 5035855.517802944406867 ], [ 272878.473142565053422, 5035865.210218480788171 ], [ 272891.764439404243603, 5035879.923362019471824 ], [ 272901.887538856477477, 5035886.762200786732137 ], [ 272902.707165331346914, 5035878.756500573828816 ], [ 272888.482535648159683, 5035865.048264821060002 ], [ 272883.27544743695762, 5035856.07296730671078 ], [ 272878.157269882794935, 5035849.208740334026515 ], [ 272880.906556243542582, 5035836.192275675944984 ], [ 272890.377182320458815, 5035806.916344449855387 ], [ 272903.831785411515739, 5035776.731153926812112 ], [ 272940.400145465508103, 5035754.986010969616473 ], [ 272990.348984669835772, 5035750.065498941577971 ], [ 273095.463298482878599, 5035751.09033683873713 ], [ 273114.748500097950455, 5035713.763731312938035 ], [ 273125.463098533975426, 5035713.820867937989533 ], [ 273156.746640379540622, 5035713.996717511676252 ], [ 273182.895500337413978, 5035719.532902375794947 ], [ 273204.750893752090633, 5035711.088086547330022 ], [ 273243.075549880508333, 5035727.343183073215187 ], [ 273324.470431129971985, 5035801.838365610688925 ], [ 273350.050046193238813, 5035834.383271355181932 ], [ 273339.84535776352277, 5035873.664083653129637 ], [ 273336.609693314065225, 5035914.688149173744023 ], [ 273359.217128422402311, 5035947.247970560565591 ], [ 273387.546253774256911, 5035966.776780540123582 ], [ 273409.302870263170917, 5035954.332392558455467 ], [ 273428.981956659234129, 5035933.007854257710278 ], [ 273449.619001701998059, 5035915.568236733786762 ], [ 273461.671548203448765, 5035917.397389077581465 ], [ 273483.742812323267572, 5035920.954762572422624 ], [ 273513.077776788559277, 5035938.367607869207859 ], [ 273547.839686967548914, 5035977.757823673076928 ], [ 273601.661155695735943, 5036075.842653715051711 ], [ 273613.000270651187748, 5036091.56718778423965 ], [ 273635.822098842589185, 5036136.240364198572934 ], [ 273676.022946178505663, 5036200.497983845882118 ], [ 273692.802893062238581, 5036241.200520208105445 ], [ 273710.19240569131216, 5036262.89643872808665 ], [ 273746.351631429453846, 5036269.163364326581359 ], [ 273786.508732702815905, 5036277.411152978427708 ], [ 273804.703736640396528, 5036288.101244851015508 ], [ 273801.136978527531028, 5036310.12305691652 ], [ 273795.429874831519555, 5036326.265410679392517 ], [ 273798.607087989686988, 5036336.25165787152946 ], [ 273846.011429499834776, 5036355.355058423243463 ], [ 273859.909641933918465, 5036351.06359289586544 ], [ 273880.235296045662835, 5036365.744180558249354 ], [ 273894.123671716486569, 5036359.452455303631723 ], [ 273909.141238569398411, 5036360.156553830951452 ], [ 273915.701559322769754, 5036358.457327268086374 ], [ 273926.010953779856209, 5036355.850630691275001 ], [ 273945.310062343021855, 5036368.536086442880332 ], [ 274022.162456666410435, 5036413.056766544468701 ], [ 274032.083000135375187, 5036410.896677169017494 ], [ 274040.864753005967941, 5036399.740451454184949 ], [ 274059.7333046355634, 5036388.423763172701001 ], [ 274105.406447427638341, 5036373.531064203940332 ], [ 274141.447395302820951, 5036371.799299505539238 ], [ 274157.403256088378839, 5036372.499413729645312 ], [ 274175.997851505235303, 5036401.192071630619466 ], [ 274192.891192672133911, 5036449.896899406798184 ], [ 274198.423035242361948, 5036477.875325594097376 ], [ 274196.516049409459811, 5036535.895725378766656 ], [ 274207.658057000080589, 5036543.731880212202668 ], [ 274235.649443591304589, 5036543.151158408261836 ], [ 274280.514241399010643, 5036587.386088179424405 ], [ 274310.753088158147875, 5036598.797084356658161 ], [ 274399.7411430645152, 5036599.143923498690128 ], [ 274433.034087965323124, 5036611.540924298577011 ], [ 274455.009656377369538, 5036612.101571636274457 ], [ 274467.876704712631181, 5036604.815852183848619 ], [ 274482.791290479828604, 5036600.520855730399489 ], [ 274506.071556356619112, 5036612.188624969683588 ], [ 274497.406060100416653, 5036631.345169744454324 ], [ 274497.610671922098845, 5036641.346096903085709 ], [ 274503.339657482341863, 5036645.652638451196253 ], [ 274539.20441745541757, 5036672.596141371876001 ], [ 274562.41520897753071, 5036686.153702010400593 ], [ 274601.834669694944751, 5036704.412132032215595 ], [ 274625.235208122059703, 5036724.970350421965122 ], [ 274645.139362065354362, 5036750.21299087908119 ], [ 274661.031080957327504, 5036770.362846902571619 ], [ 274676.042768766405061, 5036770.068605035543442 ], [ 274685.019871431519277, 5036766.91387302801013 ], [ 274689.396301844681147, 5036733.775458004325628 ], [ 274706.139438120648265, 5036719.470316244289279 ], [ 274723.09647646418307, 5036717.166490267962217 ], [ 274739.552378888824023, 5036740.870077347382903 ], [ 274772.891274545516353, 5036812.279928584583104 ], [ 274780.053893841919489, 5036822.136488290503621 ], [ 274835.352137932903133, 5036891.108026746660471 ], [ 274835.760280309477821, 5036911.10990637075156 ], [ 274850.284357836062554, 5036939.823950559832156 ], [ 274866.622902930481359, 5036955.526897460222244 ], [ 274871.539289657433983, 5036953.503097554668784 ], [ 274890.203123638930265, 5036932.076820983551443 ], [ 274955.210485429561231, 5036987.889581031166017 ], [ 274990.236914047622122, 5036987.278793085366488 ], [ 275018.937149507866707, 5036971.695311876013875 ], [ 275037.625638772849925, 5036955.381447549909353 ], [ 275067.333132650179323, 5036937.793038026429713 ], [ 275072.438570089347195, 5036942.658706242218614 ], [ 275094.820744890603237, 5036963.33460829500109 ], [ 275096.461826799903065, 5036996.222022388130426 ], [ 275094.628378759487532, 5037005.343541246838868 ], [ 275101.693178019777406, 5037011.200161946937442 ], [ 275105.691289434791543, 5037013.403914273716509 ], [ 275114.627863594563678, 5037018.251513469032943 ], [ 275115.882026409672108, 5037018.912382815033197 ], [ 275124.567741849052254, 5037003.757360272109509 ], [ 275137.332950173818972, 5036991.472532680258155 ], [ 275148.352305139706004, 5036990.30920251365751 ], [ 275169.591737047303468, 5037000.877719017677009 ], [ 275176.642325536347926, 5037003.733917493373156 ], [ 275191.978096937411465, 5037022.554135363548994 ], [ 275197.092792606679723, 5037029.420242269523442 ], [ 275233.551209366123658, 5037050.697130528278649 ], [ 275260.529170071473345, 5037051.237044460140169 ], [ 275277.596581861900631, 5037055.935524300672114 ], [ 275299.057686627435032, 5037080.506106266751885 ], [ 275317.848290985624772, 5037119.203095230273902 ], [ 275306.524321397591848, 5037155.37424395326525 ], [ 275316.250287604343612, 5037195.22510817181319 ], [ 275321.263582527230028, 5037197.201968385837972 ], [ 275332.393105885188561, 5037202.928645576350391 ], [ 275359.365714565676171, 5037202.468811964616179 ], [ 275378.464955073257443, 5037207.046910401433706 ], [ 275388.678545146598481, 5037217.556665788404644 ], [ 275393.785587449325249, 5037222.867114666849375 ], [ 275397.254700737423263, 5037245.744140642695129 ], [ 275387.474079931271262, 5037260.903914343565702 ], [ 275393.817838512244634, 5037279.877852058038116 ], [ 275391.974165711959358, 5037286.887818397022784 ], [ 275391.290137866337318, 5037357.904590874910355 ], [ 275418.261388281011023, 5037407.454570047557354 ], [ 275437.794223222415894, 5037438.035788672044873 ], [ 275445.454004319268279, 5037471.0063087483868 ], [ 275443.549961224256549, 5037532.026877233758569 ], [ 275459.178407463652547, 5037563.737732282839715 ], [ 275472.376124832662754, 5037627.466100014746189 ], [ 275495.479106326820329, 5037686.14733071718365 ], [ 275514.953343204862904, 5037754.736346146091819 ], [ 275515.827300028235186, 5037757.732847208157182 ], [ 275526.350434492516797, 5037784.577846241183579 ], [ 275560.38693090970628, 5037840.985733567737043 ], [ 275591.147795108205173, 5037882.406157938763499 ], [ 275618.610078332014382, 5037903.838218804448843 ], [ 275655.293125935422722, 5037941.230680771172047 ], [ 275683.69768746488262, 5037963.658843975514174 ], [ 275705.853037510998547, 5037970.335271540097892 ], [ 275752.835324286890682, 5038020.460834025405347 ], [ 275769.890488933073357, 5038023.160304165445268 ], [ 275793.382574183808174, 5037997.713595615699887 ], [ 275820.42944924911717, 5037997.144234620966017 ], [ 275823.699257989181206, 5038011.131833475083113 ], [ 275809.206014937895816, 5038038.426142809912562 ], [ 275807.61630457744468, 5038117.448626823723316 ], [ 275811.199072933057323, 5038148.43803820759058 ], [ 275822.124772524053697, 5038195.174379411153495 ], [ 275832.55387610476464, 5038219.019749466329813 ], [ 275863.104088040476199, 5038249.440357428975403 ], [ 275903.025048419774976, 5038294.709742394275963 ], [ 275909.062212128774263, 5038298.571606636978686 ], [ 275900.588523997634184, 5038325.838035677559674 ], [ 275883.95282776968088, 5038346.140703064389527 ], [ 275876.932068263064139, 5038400.294534025713801 ], [ 275877.350680248462595, 5038423.297026248648763 ], [ 275918.291261379374191, 5038469.56200694013387 ], [ 275937.087384212412871, 5038460.140477566048503 ], [ 275944.743028107564896, 5038441.990711287595332 ], [ 275925.63878410338657, 5038384.400762164965272 ], [ 275914.497579159622546, 5038375.56139237433672 ], [ 275910.299293411255348, 5038363.578396181575954 ], [ 275913.049071514629759, 5038349.563060954213142 ], [ 275927.14654110383708, 5038355.277129865251482 ], [ 275961.769726195372641, 5038387.679876882582903 ], [ 275967.080147832108196, 5038403.547437238506973 ], [ 275968.413523161259945, 5038421.544773247092962 ], [ 275959.861070590093732, 5038448.700355926528573 ], [ 275952.099659096391406, 5038460.849436581134796 ], [ 275950.775211789412424, 5038495.862245666794479 ], [ 275981.521669043693691, 5038535.395386568270624 ], [ 275995.825454476696905, 5038552.11077466327697 ], [ 276016.051161502837203, 5038564.687151401303709 ], [ 276047.904460638004821, 5038607.104986570775509 ], [ 276057.932403874583542, 5038611.948916462250054 ], [ 276094.995412189222407, 5038614.224328810349107 ], [ 276099.076419588411227, 5038617.761917157098651 ], [ 276104.177164629800245, 5038622.072776172310114 ], [ 276111.53311171499081, 5038640.931690527126193 ], [ 276134.912405643088277, 5038659.495196048170328 ], [ 276147.064416111097671, 5038667.330149732530117 ], [ 276159.422395876259543, 5038686.055169113911688 ], [ 276168.521236194530502, 5038692.903895677998662 ], [ 276188.746649152366444, 5038705.591957986354828 ], [ 276197.818099464348052, 5038706.439698349684477 ], [ 276210.701024172652978, 5038703.158199314028025 ], [ 276244.371772008249536, 5038681.556453264318407 ], [ 276284.09295616869349, 5038666.817627950571477 ], [ 276303.086202216160018, 5038666.398023110814393 ], [ 276332.198852908972185, 5038673.823002313263714 ], [ 276386.017936986521818, 5038716.920935085974634 ], [ 276401.020493019255809, 5038715.630621579475701 ], [ 276416.036615502671339, 5038717.340858302079141 ], [ 276432.169656724028755, 5038724.047045139595866 ], [ 276456.248105351463892, 5038724.605126690119505 ], [ 276472.486318513285369, 5038737.312092972919345 ], [ 276490.879548904427793, 5038759.900172649882734 ], [ 276494.0377663076506, 5038766.887280498631299 ], [ 276570.724089738505427, 5038802.437888967804611 ], [ 276581.758482147299219, 5038805.277742934413254 ], [ 276615.841348258836661, 5038805.680357587523758 ], [ 276631.895281590579543, 5038812.276277112774551 ], [ 276642.00509084307123, 5038818.120958754792809 ], [ 276671.358569825824816, 5038844.661197287030518 ], [ 276675.59692518907832, 5038848.531849817372859 ], [ 276677.630719759617932, 5038848.85613947827369 ], [ 276711.738190361938905, 5038854.815782732330263 ], [ 276760.427736991492566, 5038887.937927229329944 ], [ 276795.153068520361558, 5038927.346117137931287 ], [ 276802.209669594070874, 5038932.204479201696813 ], [ 276811.503894218243659, 5038948.054984755814075 ], [ 276826.820660814177245, 5038964.767733851447701 ], [ 276829.158693052770104, 5038980.76038724090904 ], [ 276834.265568654285744, 5038986.627661133185029 ], [ 276844.270030249725096, 5038986.471984705887735 ], [ 276848.356307873444166, 5038991.343621633015573 ], [ 276884.10224451450631, 5039084.758113026618958 ], [ 276940.347127475775778, 5039147.742680584080517 ], [ 276969.160683294292539, 5039194.179400557652116 ], [ 276984.563456994888838, 5039212.892534605227411 ], [ 276997.018668173463084, 5039236.730848141945899 ], [ 277012.338669213408139, 5039254.444224540144205 ], [ 277027.872410677198786, 5039285.159187731333077 ], [ 277057.665420118893962, 5039323.590445256792009 ], [ 277077.179981592518743, 5039353.17661938816309 ], [ 277095.961804509104695, 5039393.879331317730248 ], [ 277101.272947650286369, 5039410.748032120987773 ], [ 277110.155344848521054, 5039457.606749884784222 ], [ 277132.722287752199918, 5039488.29096157848835 ], [ 277144.472497515322175, 5039512.021542526781559 ], [ 277149.361797677003779, 5039521.890798191539943 ], [ 277172.028482392488513, 5039557.575672211125493 ], [ 277183.661696636641864, 5039590.308571289293468 ], [ 277189.369124670221936, 5039626.290390380658209 ], [ 277181.004626579990145, 5039661.445041962899268 ], [ 277174.362973307375796, 5039679.588856316171587 ], [ 277163.666111755301245, 5039699.750912021845579 ], [ 277156.824205097800586, 5039707.893703926354647 ], [ 277151.298857959394809, 5039731.033592534251511 ], [ 277144.569911547354423, 5039747.066308683715761 ], [ 277129.04632778611267, 5039771.472725593484938 ], [ 277110.378585683822166, 5039791.781145939603448 ], [ 277092.617908112471923, 5039805.084271621890366 ], [ 277089.853430535004009, 5039816.209724470973015 ], [ 277086.892431848566048, 5039818.223179409280419 ], [ 277073.527129417809192, 5039906.521420278586447 ], [ 277073.832260112510994, 5039922.523158630356193 ], [ 277068.844273010501638, 5039925.656900580041111 ], [ 277065.050172336574178, 5039933.675204122439027 ], [ 277058.627329209004529, 5039965.820888934656978 ], [ 277057.720449284184724, 5039972.826247215270996 ], [ 277046.069463049701881, 5039989.103097028099 ], [ 277031.278732813487295, 5040002.282144725322723 ], [ 277021.577216439938638, 5040017.550225981511176 ], [ 276999.012380525004119, 5040039.98775888979435 ], [ 276979.102691957727075, 5040044.298997306264937 ], [ 276925.017085060186218, 5040043.316458586603403 ], [ 276876.843714781512972, 5040036.195793180726469 ], [ 276849.691793041536584, 5040028.759604249149561 ], [ 276839.584113968594465, 5040022.91458626370877 ], [ 276823.555271780933253, 5040021.207874599844217 ], [ 276807.6224100960535, 5040023.501549447886646 ], [ 276780.079535898868926, 5040051.074175080284476 ], [ 276762.24787020025542, 5040083.159982434473932 ], [ 276761.90725012292387, 5040094.385898337699473 ], [ 276748.238770492956974, 5040113.672904624603689 ], [ 276732.002731838030741, 5040152.97529543377459 ], [ 276728.638578721729573, 5040187.108058206737041 ], [ 276734.160025556280743, 5040215.977857776917517 ], [ 276739.357562263438012, 5040224.845234123058617 ], [ 276763.762938988220412, 5040247.407247783616185 ], [ 276792.605401013803203, 5040283.618873096071184 ], [ 276800.62156139453873, 5040293.696183911524713 ], [ 276809.804455293167848, 5040302.545843236148357 ], [ 276814.892950343200937, 5040304.523543664254248 ], [ 276807.259445097064599, 5040327.673171364702284 ], [ 276805.624958879663609, 5040346.684144730679691 ], [ 276806.13166316220304, 5040372.686927666887641 ], [ 276808.272838326811325, 5040379.678736982867122 ], [ 276840.125075099582318, 5040425.101171080954373 ], [ 276849.713830827618949, 5040454.953155115246773 ], [ 276870.346665074524935, 5040490.534902479499578 ], [ 276892.282943244383205, 5040538.113251458853483 ], [ 276893.735905979934614, 5040566.112227255478501 ], [ 276890.471505581226666, 5040605.245447542518377 ], [ 276882.210440516413655, 5040645.401089225895703 ], [ 276899.03621349792229, 5040686.11197370570153 ], [ 276921.38977029727539, 5040704.682939993217587 ], [ 276932.721211861586198, 5040722.413851621560752 ], [ 276934.975796619721223, 5040737.406757145188749 ], [ 276956.012983046413865, 5040793.991077277809381 ], [ 276992.134853805415332, 5040851.397678190842271 ], [ 277003.762762779952027, 5040883.24126026686281 ], [ 277006.230493134586141, 5040911.12464549113065 ], [ 277021.63343813578831, 5040930.838077810592949 ], [ 277085.044711289403494, 5040957.34072098415345 ], [ 277088.176166667195503, 5040958.660485908389091 ], [ 277102.462722932454199, 5040973.378071811981499 ], [ 277114.103089202428237, 5041008.222386346198618 ], [ 277140.83573764731409, 5041045.667375413700938 ], [ 277160.440906156494748, 5041079.365351433865726 ], [ 277180.956613445247058, 5041106.947080925107002 ], [ 277204.528278941405006, 5041136.515827952884138 ], [ 277230.960019759484567, 5041159.070735438726842 ], [ 277257.491167398693506, 5041186.515157571993768 ], [ 277266.872275674832053, 5041205.366557777859271 ], [ 277279.122423295862973, 5041219.204416079446673 ], [ 277294.136694220476784, 5041221.916908249258995 ], [ 277312.497883934702259, 5041239.506562197580934 ], [ 277349.547209840035066, 5041295.910953441634774 ], [ 277359.517970666987821, 5041306.758354750461876 ], [ 277363.836763532832265, 5041311.629311915487051 ], [ 277449.645848045940511, 5041351.040253929793835 ], [ 277486.17153420165414, 5041377.330755562521517 ], [ 277506.57674210134428, 5041398.023793179541826 ], [ 277528.826107776258141, 5041411.596386677585542 ], [ 277542.008049289113842, 5041424.319377476349473 ], [ 277544.867669708735775, 5041435.086831901222467 ], [ 277549.556192932475824, 5041453.181105995550752 ], [ 277543.002470687148161, 5041527.335112971253693 ], [ 277546.3795863436535, 5041549.324729993008077 ], [ 277552.612317669787444, 5041563.18925719615072 ], [ 277555.958983834832907, 5041578.177648383192718 ], [ 277558.311157128249761, 5041598.060200679115951 ], [ 277606.775167649262585, 5041675.198386605829 ], [ 277621.462387079140171, 5041710.919504122808576 ], [ 277678.500541303714272, 5041819.916218119673431 ], [ 277720.438864725525491, 5041870.189358836971223 ], [ 277751.960731779050548, 5041896.614125428721309 ], [ 277808.087313137366436, 5041903.596044750884175 ], [ 277850.233758475456852, 5041911.749827201478183 ], [ 277901.546696064411663, 5041925.865756238810718 ], [ 277976.288915776531212, 5041937.881502198986709 ], [ 278040.007858165539801, 5041948.278151547536254 ], [ 278074.276149427285418, 5041959.578758235089481 ], [ 278104.382805763802025, 5041966.007416457869112 ], [ 278137.350326026906259, 5041965.422697382979095 ], [ 278167.232703689776827, 5041955.849495229311287 ], [ 278263.145481523359194, 5041949.108522471040487 ], [ 278279.061262941453606, 5041943.817987314425409 ], [ 278385.997710688097868, 5041938.810430410318077 ], [ 278456.717678046727087, 5041923.510183618403971 ], [ 278468.562677460664418, 5041916.236836282536387 ], [ 278492.624445951543748, 5041915.80250131059438 ], [ 278537.437343186931685, 5041907.946606695652008 ], [ 278561.301063904713374, 5041897.511424074880779 ], [ 278629.255207402282394, 5041893.226830710656941 ], [ 278659.159497050917707, 5041888.656859503127635 ], [ 278732.130118000844959, 5041888.242125504650176 ], [ 278779.160107050032821, 5041887.380106613971293 ], [ 278818.044595647079404, 5041881.662330562248826 ], [ 278828.944735785247758, 5041872.504326255992055 ], [ 278835.893501367943827, 5041871.364240613766015 ], [ 278848.944045494718011, 5041872.088176501914859 ], [ 278858.043617416464258, 5041880.941155795007944 ], [ 278877.307540783891454, 5041891.641399060375988 ], [ 278892.512907770753372, 5041903.358652155846357 ], [ 278898.832825826655608, 5041920.224717611446977 ], [ 278909.950719082844444, 5041925.957726402208209 ], [ 278970.347588594944682, 5041945.823793792165816 ], [ 279007.394297039951198, 5041949.227629641070962 ], [ 279012.001946763659362, 5041948.764158886857331 ], [ 279034.337977109011263, 5041946.672004920430481 ], [ 279079.217126003815793, 5041935.819130799733102 ], [ 279145.769391009700485, 5041913.542398328892887 ], [ 279204.13249290449312, 5041875.518953542225063 ], [ 279216.899658288166393, 5041864.242492786608636 ], [ 279262.011575679760426, 5041814.382457908242941 ], [ 279282.928290915035177, 5041808.962994400411844 ], [ 279304.885097269958351, 5041809.540532111190259 ], [ 279324.67602902156068, 5041796.235372274182737 ], [ 279412.524856174539309, 5041784.543783442117274 ], [ 279430.710324134852272, 5041741.23967672791332 ], [ 279445.411197010078467, 5041724.954907500185072 ], [ 279458.187180820736103, 5041715.679295800626278 ], [ 279473.797483669768553, 5041692.38957408349961 ], [ 279498.392426900798455, 5041668.952524593099952 ], [ 279530.046598571760114, 5041652.266221954487264 ], [ 279544.751964283641428, 5041636.981865704059601 ], [ 279575.465276161266956, 5041619.41052242461592 ], [ 279614.352114050299861, 5041613.697693138383329 ], [ 279662.101427294197492, 5041596.836348161101341 ], [ 279672.93672662350582, 5041590.569531547836959 ], [ 279675.69738708587829, 5041577.555979866534472 ], [ 279658.36312888620887, 5041560.844409455545247 ], [ 279656.123790006386116, 5041547.962017728947103 ], [ 279667.762535056215711, 5041527.689285387285054 ], [ 279685.327393443498295, 5041504.392278610728681 ], [ 279690.235048958275001, 5041500.705267735756934 ], [ 279699.194032999570481, 5041494.112610138952732 ], [ 279730.850062133744359, 5041477.53846119903028 ], [ 279766.576698543794919, 5041462.837484364397824 ], [ 279851.580265269498341, 5041461.276492273434997 ], [ 279895.840456311998423, 5041470.435799374245107 ], [ 279923.09626196778845, 5041486.886414119973779 ], [ 279928.190727873356082, 5041490.866985908709466 ], [ 279945.433995481522288, 5041504.467948802746832 ], [ 279972.531771449081134, 5041560.038010275922716 ], [ 279984.06071761547355, 5041590.776082606054842 ], [ 280004.74270814814372, 5041624.478575979359448 ], [ 280032.075690823723562, 5041640.929355724714696 ], [ 280045.338059254281688, 5041655.657630707137287 ], [ 280045.920922226447146, 5041664.768189523369074 ], [ 280046.753079905582126, 5041677.656267356127501 ], [ 280049.497074034239631, 5041719.653499386273324 ], [ 280059.786378089396749, 5041733.393341618590057 ], [ 280091.298975687008351, 5041759.829817132093012 ], [ 280125.678470335842576, 5041780.254023929126561 ], [ 280167.916436262778006, 5041792.423762546852231 ], [ 280198.93959950999124, 5041793.857901602052152 ], [ 280217.91614212753484, 5041791.560877127572894 ], [ 280234.763210067292675, 5041784.160155969671905 ], [ 280246.704727803647984, 5041781.001706809736788 ], [ 280286.786084578663576, 5041781.178383493795991 ], [ 280318.012360264488962, 5041794.614617551676929 ], [ 280338.199864473193884, 5041802.31514847278595 ], [ 280345.141172198986169, 5041799.176382980309427 ], [ 280358.105746107292362, 5041797.903409395366907 ], [ 280384.226627145602833, 5041804.469653164967895 ], [ 280397.845183277502656, 5041810.640087364241481 ], [ 280430.639246533974074, 5041825.515503481961787 ], [ 280489.911229219520465, 5041838.399193236604333 ], [ 280525.113560695201159, 5041849.820666453801095 ], [ 280562.237617211358156, 5041853.122248404659331 ], [ 280562.342791135597508, 5041860.12318223528564 ], [ 280566.416594700596761, 5041862.996888236142695 ], [ 280610.248819009982981, 5041863.494538051076233 ], [ 280634.391567487502471, 5041863.734901336021721 ], [ 280677.348136786138639, 5041860.013362507335842 ], [ 280701.226631906989496, 5041852.475733513012528 ], [ 280767.863534799544141, 5041830.215935794636607 ], [ 280827.372539412986953, 5041803.094257022254169 ], [ 280844.119665919803083, 5041789.805545170791447 ], [ 280864.656595758686308, 5041766.389378660358489 ], [ 280874.163053555996157, 5041739.236834251321852 ], [ 280892.747447307454422, 5041715.939341619610786 ], [ 280910.517824802780524, 5041704.536162157543004 ], [ 280940.498916080221534, 5041698.976601795293391 ], [ 281022.538101371494122, 5041699.443103427067399 ], [ 281032.553441504540388, 5041703.294788472354412 ], [ 281041.821556893817615, 5041716.151034505106509 ], [ 281045.891444753564429, 5041718.02487438172102 ], [ 281153.957537154026795, 5041721.061788187362254 ], [ 281282.93803808564553, 5041717.576468261890113 ], [ 281311.814337400661316, 5041709.022253832779825 ], [ 281344.492898576834705, 5041693.452626365236938 ], [ 281354.295728109544143, 5041682.30276429373771 ], [ 281358.420577095181216, 5041636.167471716180444 ], [ 281374.871398696210235, 5041605.878066842444241 ], [ 281390.113097135792486, 5041565.591318451799452 ], [ 281391.023023715883028, 5041453.455521220341325 ], [ 281401.782005422806833, 5041384.291168663650751 ], [ 281413.043316126218997, 5041345.019527691416442 ], [ 281424.148189576284494, 5041242.736554507166147 ], [ 281431.719384705473203, 5041219.59286767989397 ], [ 281450.415303967078216, 5041204.298171976581216 ], [ 281479.19747575733345, 5041190.744157350622118 ], [ 281497.156801007920876, 5041187.454611614346504 ], [ 281522.984811075788457, 5041177.912526641972363 ], [ 281531.784123842837289, 5041169.767249017953873 ], [ 281573.675029311445542, 5041108.933928947895765 ], [ 281582.563742857659236, 5041103.788960858248174 ], [ 281595.329334468580782, 5041090.517025190405548 ], [ 281609.307697329379153, 5041088.242713344283402 ], [ 281614.405099016963504, 5041093.224824018776417 ], [ 281629.41032540804008, 5041093.947330234572291 ], [ 281721.365202294546179, 5041090.163403409533203 ], [ 281760.257175995910075, 5041084.463896811939776 ], [ 281849.236126443662215, 5041078.80352583155036 ], [ 281964.878407316107769, 5041056.59979844186455 ], [ 282011.825850021850783, 5041052.76179372984916 ], [ 282036.732040461851284, 5041047.225935714319348 ], [ 282096.642437998496462, 5041041.118920628912747 ], [ 282118.683347281534225, 5041042.706205180846155 ], [ 282151.948087860248052, 5041058.144557180814445 ], [ 282179.081889378663618, 5041063.6032974421978 ], [ 282206.593928122194484, 5041065.615700064226985 ], [ 282268.182699370139744, 5041069.950690335594118 ], [ 282309.206491936172824, 5041070.248065690509975 ], [ 282363.676418373535853, 5041094.168743010610342 ], [ 282380.801966901693959, 5041097.886029514484107 ], [ 282402.856875951751135, 5041103.475012740120292 ], [ 282444.88513482210692, 5041100.657992486841977 ], [ 282481.834908869932406, 5041097.97044434491545 ], [ 282503.598459261469543, 5041087.557809246703982 ], [ 282531.648170328116976, 5041087.013689335435629 ], [ 282563.892319696082268, 5041101.457650638185441 ], [ 282605.01484639121918, 5041107.646603613160551 ], [ 282649.09590391459642, 5041110.824818747118115 ], [ 282654.192455952346791, 5041115.807771157473326 ], [ 282681.222743728256319, 5041114.267728568054736 ], [ 282759.92781102436129, 5041097.765557561069727 ], [ 282769.840306703117676, 5041094.619058103300631 ], [ 282791.593817131943069, 5041081.206897424533963 ], [ 282827.319252197805326, 5041063.522865008562803 ], [ 282881.939098137139808, 5041041.438875708729029 ], [ 282971.662670174380764, 5041024.789768159389496 ], [ 283102.318478501634672, 5041004.332945507951081 ], [ 283126.210377849754877, 5040998.916058123111725 ], [ 283144.097545778320637, 5040996.965068238787353 ], [ 283205.101835624780506, 5040990.420343468897045 ], [ 283216.125857671897393, 5040992.271662778221071 ], [ 283282.149418595072348, 5040991.044758333824575 ], [ 283296.142295804689638, 5040992.774907751008868 ], [ 283352.263166016957257, 5040997.694932652637362 ], [ 283390.423506175226066, 5041006.010659724473953 ], [ 283500.813582175585907, 5041022.971617897972465 ], [ 283541.837190818274394, 5041023.165920875966549 ], [ 283644.762174660980236, 5041074.272177271544933 ], [ 283706.347084189183079, 5041101.069921066984534 ], [ 283785.343295078142546, 5041100.693768185563385 ], [ 283854.243134964257479, 5041095.351366362534463 ], [ 283928.33007992093917, 5041098.994146660901606 ], [ 284105.852706994861364, 5041120.632618959993124 ], [ 284163.095267148280982, 5041134.557861542329192 ], [ 284190.220724955608603, 5041138.136070251464844 ], [ 284202.266161961713806, 5041141.875004933215678 ], [ 284223.47942565305857, 5041153.474254693835974 ], [ 284242.402996561489999, 5041157.857508702203631 ], [ 284247.642135216738097, 5041159.062798395752907 ], [ 284289.889144824177492, 5041175.260958036407828 ], [ 284358.087197839166038, 5041194.486505008302629 ], [ 284384.443213971098885, 5041201.846538641490042 ], [ 284388.494347093277611, 5041198.166011544875801 ], [ 284395.972985463042278, 5041191.251520129851997 ], [ 284860.926098160154652, 5040761.01090638525784 ], [ 284868.988058554008603, 5040765.208303274586797 ], [ 285095.436698031728156, 5040563.900709139183164 ], [ 285132.451888932322618, 5040530.889664265327156 ] ] ], [ [ [ 277057.474799245013855, 5041349.316650355234742 ], [ 277054.824641496059485, 5041315.432864845730364 ], [ 277047.269636723562144, 5041285.571552010253072 ], [ 277038.890468233439606, 5041263.715455362573266 ], [ 277018.391855170135386, 5041240.023754181340337 ], [ 276973.798140788101591, 5041209.882078798487782 ], [ 276905.399738668289501, 5041150.840825671330094 ], [ 276877.240349510626402, 5041126.627974074333906 ], [ 276841.525590164354071, 5041090.335428955033422 ], [ 276803.037608068611007, 5041063.0572120686993 ], [ 276770.391292629530653, 5041031.64122333470732 ], [ 276734.560959727386944, 5040987.23710523545742 ], [ 276727.196122232126072, 5040965.376886273734272 ], [ 276711.595764360507019, 5040936.663296616636217 ], [ 276700.877274397527799, 5040898.814999643713236 ], [ 276689.239389938884415, 5040865.082752377726138 ], [ 276686.573134776030201, 5040828.08748407009989 ], [ 276686.141067378746811, 5040749.074030496180058 ], [ 276685.327767150301952, 5040707.069496063515544 ], [ 276692.156044751231093, 5040643.915520480833948 ], [ 276690.615094105130993, 5040613.916585197672248 ], [ 276686.035978107596748, 5040586.042780640535057 ], [ 276678.784510868310463, 5040572.183674669824541 ], [ 276664.066411998064723, 5040531.352792111225426 ], [ 276632.336450080270879, 5040495.932632551528513 ], [ 276489.427756314398721, 5040448.677354014478624 ], [ 276455.129754334571771, 5040433.273556033149362 ], [ 276419.508895160164684, 5040401.872812090441585 ], [ 276401.129185818193946, 5040381.285250771790743 ], [ 276392.66392140154494, 5040358.430212908424437 ], [ 276390.40043736284133, 5040289.982701503671706 ], [ 276390.397922625415958, 5040289.427049317397177 ], [ 276394.264063032867853, 5040280.296670989133418 ], [ 276401.927782235259656, 5040264.147753766737878 ], [ 276404.150485964259133, 5040168.119047719985247 ], [ 276409.45305469451705, 5040130.976747454144061 ], [ 276410.483827534888405, 5040082.407105666585267 ], [ 276418.319536591821816, 5040017.803596227429807 ], [ 276424.848845864355098, 5039992.658100585453212 ], [ 276440.443284575769212, 5039967.360523995012045 ], [ 276453.113240247825161, 5039952.078130246140063 ], [ 276493.42647315049544, 5039914.333404118195176 ], [ 276538.018466511915904, 5039889.461064211092889 ], [ 276550.575161783199292, 5039866.288966774940491 ], [ 276557.20131563663017, 5039845.143959039822221 ], [ 276564.03780021041166, 5039836.000334792770445 ], [ 276577.820454850851092, 5039824.713970372453332 ], [ 276582.629997772397473, 5039816.690804989077151 ], [ 276587.206340701144654, 5039791.554271629080176 ], [ 276586.992356507398654, 5039726.542668703943491 ], [ 276574.12498840916669, 5039680.702747066505253 ], [ 276566.968399213452358, 5039670.844125023111701 ], [ 276546.962595303426497, 5039619.257470403797925 ], [ 276538.684699074714445, 5039603.402767619118094 ], [ 276525.509941305965185, 5039593.571284248493612 ], [ 276510.408773761359043, 5039589.860799070447683 ], [ 276471.008443769882433, 5039570.590245436877012 ], [ 276458.854562560445629, 5039561.865620658732951 ], [ 276451.610470120154787, 5039550.007137816399336 ], [ 276409.7293288273504, 5039500.742372368462384 ], [ 276395.039230864145793, 5039467.024510065093637 ], [ 276391.547217902552802, 5039438.034708764404058 ], [ 276374.692265959049109, 5039392.32437377050519 ], [ 276354.281895678781439, 5039372.746341123245656 ], [ 276334.072554672602564, 5039363.058260586112738 ], [ 276330.997647110954858, 5039357.182175504975021 ], [ 276330.783385717892088, 5039344.402902897447348 ], [ 276330.177380071021616, 5039314.177596014924347 ], [ 276334.04276204231428, 5039253.037172268144786 ], [ 276336.898429545399267, 5039245.022684742696583 ], [ 276352.51706857024692, 5039224.725787338800728 ], [ 276375.288706835417543, 5039213.287149433977902 ], [ 276378.245241203403566, 5039210.273188851773739 ], [ 276379.15550914418418, 5039204.156780095770955 ], [ 276375.791757419414353, 5039186.279669201001525 ], [ 276363.439416599168908, 5039168.443258313462138 ], [ 276359.14672158943722, 5039152.570748804137111 ], [ 276351.980139890336432, 5039140.712031700648367 ], [ 276336.153841721650679, 5039097.997730015777051 ], [ 276327.883810815052129, 5039084.143656983971596 ], [ 276322.785103762405924, 5039080.166006122715771 ], [ 276303.568704176286701, 5039065.583686269819736 ], [ 276276.315060260822065, 5039054.038503828458488 ], [ 276252.004230856837239, 5039036.478904453106225 ], [ 276238.942900911148172, 5039034.760174582712352 ], [ 276206.994410576764494, 5039039.350860892795026 ], [ 276186.779721318220254, 5039028.774212085641921 ], [ 276165.222631977056153, 5038998.088762261904776 ], [ 276117.546884017705452, 5038964.966575760394335 ], [ 276108.439238490653224, 5038956.117577936500311 ], [ 276096.086197720607743, 5038938.392824346199632 ], [ 276080.560765281668864, 5038910.680675135925412 ], [ 276065.757356974121649, 5038869.962756419554353 ], [ 276036.539126916730311, 5038856.427210375666618 ], [ 275998.972025520459283, 5038829.14964961912483 ], [ 275992.834318846405949, 5038820.287198704667389 ], [ 275988.544537441397551, 5038805.303987549617887 ], [ 275986.089936056581791, 5038781.421758507378399 ], [ 275975.0460422001197, 5038776.582606799900532 ], [ 275972.617783346388023, 5038775.482427196577191 ], [ 275962.903208554140292, 5038770.748327638022602 ], [ 275949.928597923950292, 5038771.030180976726115 ], [ 275940.838820309727453, 5038766.182112745940685 ], [ 275927.680279577092733, 5038760.463701236993074 ], [ 275892.038170879648533, 5038727.065637115389109 ], [ 275866.700123167014681, 5038707.62299276702106 ], [ 275839.140432159125339, 5038681.078212856315076 ], [ 275813.599026179988869, 5038651.523659735918045 ], [ 275808.274566108477302, 5038632.655708224512637 ], [ 275801.01895432418678, 5038618.797640733420849 ], [ 275787.753574344678782, 5038606.967724901624024 ], [ 275769.048881739494391, 5038568.38004145026207 ], [ 275720.930082508770283, 5038508.257688603363931 ], [ 275709.494072928384412, 5038486.417541971430182 ], [ 275688.15920368488878, 5038470.846709330566227 ], [ 275659.963794378505554, 5038459.308544038794935 ], [ 275623.734126928902697, 5038502.040487292222679 ], [ 275545.11546767281834, 5038523.521365401335061 ], [ 275515.086440643528476, 5038521.10525837354362 ], [ 275489.159030992886983, 5038526.56056297570467 ], [ 275465.573320571857039, 5038548.008125211112201 ], [ 275440.570067792199552, 5038550.458736729808152 ], [ 275406.365388765116222, 5038541.061319214291871 ], [ 275392.882035967893898, 5038566.351527338847518 ], [ 275380.937269690737594, 5038569.630310004577041 ], [ 275362.756228342826944, 5038559.935830282978714 ], [ 275342.025228384300135, 5038523.248147256672382 ], [ 275331.79853107657982, 5038509.515681700780988 ], [ 275308.425676837912761, 5038492.955499342642725 ], [ 275298.207730917376466, 5038481.112300585024059 ], [ 275296.701618613558821, 5038476.67407232709229 ], [ 275285.527143263956532, 5038444.275862505659461 ], [ 275273.770879332441837, 5038404.545659094117582 ], [ 275273.243674911209382, 5038375.542540141381323 ], [ 275269.062971291481517, 5038367.560650635510683 ], [ 275243.706895448209252, 5038345.008872975595295 ], [ 275217.977237706421874, 5038309.567580115050077 ], [ 275214.366315112449229, 5038289.802993142046034 ], [ 275212.442016296321526, 5038279.587862720713019 ], [ 275211.111160444095731, 5038262.590852250345051 ], [ 275229.17183903825935, 5038213.27408760972321 ], [ 275233.739321732020471, 5038187.136442681774497 ], [ 275232.384099039423745, 5038115.128948050551116 ], [ 275224.043595775729045, 5038070.492942463606596 ], [ 275219.069043953495566, 5038043.400034317746758 ], [ 275196.492830948089249, 5038013.834007703699172 ], [ 275172.483633050520439, 5037962.27058503869921 ], [ 275145.208941696444526, 5037947.729790098965168 ], [ 275139.9758193239104, 5037932.195946073159575 ], [ 275127.208761529356707, 5037894.026659253053367 ], [ 275108.111412028898485, 5037889.44932821765542 ], [ 275081.74599861324532, 5037868.903353791683912 ], [ 275062.662215908465441, 5037867.215540866367519 ], [ 275027.205263845971785, 5037841.934138772077858 ], [ 274997.683784099062905, 5037815.402317440137267 ], [ 274971.10963020066265, 5037783.966808735392988 ], [ 274949.454691832477693, 5037751.285578470677137 ], [ 274935.146306319045834, 5037734.572573896497488 ], [ 274874.987698350509163, 5037726.746168159879744 ], [ 274837.500760972732678, 5037702.364557684399188 ], [ 274807.861976853047963, 5037667.943772105500102 ], [ 274785.486634347471409, 5037648.380176054313779 ], [ 274770.155917744268663, 5037630.561102824285626 ], [ 274700.879490240535233, 5037563.87971228454262 ], [ 274660.007041105476674, 5037518.622460694983602 ], [ 274609.229369512177072, 5037478.525157035328448 ], [ 274590.01852282800246, 5037466.948585945181549 ], [ 274568.652819715673104, 5037446.2695756489411 ], [ 274547.194880525581539, 5037422.701636326499283 ], [ 274535.743212053028401, 5037398.863298268057406 ], [ 274506.00388013367774, 5037360.44363846257329 ], [ 274498.544171796529554, 5037337.586314694024622 ], [ 274484.233650749665685, 5037320.874338149093091 ], [ 274460.922144029173069, 5037302.205464513041079 ], [ 274448.658747536013834, 5037288.484261344186962 ], [ 274444.573800240061246, 5037284.503225106745958 ], [ 274417.673041714937426, 5037235.06815015245229 ], [ 274411.122076977684628, 5037206.205381768755615 ], [ 274380.551691262109671, 5037125.671119201928377 ], [ 274380.015496984764468, 5037095.667945822700858 ], [ 274363.77849360590335, 5037084.966722150333226 ], [ 274314.114338560437318, 5037049.867348038591444 ], [ 274297.745511489687487, 5037028.164817733690143 ], [ 274284.567253750341479, 5037019.44933473225683 ], [ 274262.505178829596844, 5037016.889332137070596 ], [ 274254.432868717121892, 5037013.038929636590183 ], [ 274244.103183091268875, 5036995.196821086108685 ], [ 274242.876853492925875, 5036984.200668848119676 ], [ 274240.721980690024793, 5036975.209417149424553 ], [ 274232.454303910199087, 5036963.358454181812704 ], [ 274203.106627250788733, 5036941.94158111512661 ], [ 274178.99670056742616, 5036936.391263536177576 ], [ 274174.916229454625864, 5036933.410571542568505 ], [ 274162.749189735273831, 5036923.690221333876252 ], [ 274144.58102473046165, 5036917.999936508946121 ], [ 274096.678481856244616, 5036923.901561099104583 ], [ 274050.828528293175623, 5036933.794277602806687 ], [ 274018.133027882664464, 5036947.401384646072984 ], [ 273995.372040537535213, 5036961.849015264771879 ], [ 273955.346868668624666, 5036963.601207513362169 ], [ 273904.679208570974879, 5036979.519802503287792 ], [ 273885.46990478259977, 5036968.834420341067016 ], [ 273854.421210423402954, 5036967.431390199810266 ], [ 273824.702407988603227, 5036982.025044694542885 ], [ 273802.532208040705882, 5036973.466029171831906 ], [ 273774.444269758474547, 5036969.937271345406771 ], [ 273747.578558656095993, 5036976.404529413208365 ], [ 273726.228744019637816, 5036959.840183424763381 ], [ 273657.182243201183155, 5036959.070670443587005 ], [ 273636.34707878367044, 5036967.508906724862754 ], [ 273625.219978322682437, 5036962.674265566281974 ], [ 273587.639922225556802, 5036984.420536969788373 ], [ 273566.50574081693776, 5036979.857978522777557 ], [ 273547.285904391319491, 5036967.17329017072916 ], [ 273511.606035838602111, 5036930.78821939509362 ], [ 273473.093113280250691, 5036906.53092479147017 ], [ 273452.036773685831577, 5036901.968360444530845 ], [ 273434.874367701529991, 5036894.274716757237911 ], [ 273423.628839076904114, 5036881.43947409838438 ], [ 273419.317226587270852, 5036863.568654869683087 ], [ 273397.522893472225405, 5036820.891475847922266 ], [ 273398.431197351776063, 5036814.885776970535517 ], [ 273399.256314420024864, 5036807.880300636403263 ], [ 273404.141819549549837, 5036799.743211661465466 ], [ 273414.159719855699223, 5036801.582424400374293 ], [ 273420.288036963087507, 5036807.441847339272499 ], [ 273430.310912725632079, 5036810.28125412017107 ], [ 273436.242890564259142, 5036808.140126331709325 ], [ 273453.685095165157691, 5036777.825036661699414 ], [ 273492.596731447149068, 5036772.074434889480472 ], [ 273521.599129648064263, 5036770.596425054594874 ], [ 273548.892110608285293, 5036787.019392067566514 ], [ 273568.053793378698174, 5036740.692988607101142 ], [ 273578.872220255841967, 5036730.526170516386628 ], [ 273578.754276952764485, 5036722.525213094428182 ], [ 273581.617021243146155, 5036716.398701433092356 ], [ 273599.482197239180095, 5036708.08617156650871 ], [ 273608.24787259317236, 5036693.928826014511287 ], [ 273609.976804278499912, 5036679.917545636184514 ], [ 273597.714753260486759, 5036667.087040698155761 ], [ 273581.686339349893387, 5036667.388906852342188 ], [ 273566.561444451683201, 5036660.684973519295454 ], [ 273549.270599426759873, 5036642.989725225605071 ], [ 273534.764761394588277, 5036619.279511291533709 ], [ 273516.364067592599895, 5036598.589295729994774 ], [ 273481.806579082913231, 5036568.199963341467083 ], [ 273451.128542563295923, 5036531.790309999138117 ], [ 273437.948062813957222, 5036523.076598845422268 ], [ 273415.770163554290775, 5036513.407646095380187 ], [ 273400.541540223232005, 5036501.703662337735295 ], [ 273375.500854678510223, 5036498.161443805322051 ], [ 273349.685081199393608, 5036511.626483090221882 ], [ 273330.401566833199468, 5036549.063549674116075 ], [ 273329.70476528594736, 5036566.070320514030755 ], [ 273322.982590321218595, 5036582.218206930905581 ], [ 273302.44579613948008, 5036603.547421218827367 ], [ 273265.896240717207547, 5036628.291009120643139 ], [ 273247.34474582283292, 5036655.611606920138001 ], [ 273212.947127564344555, 5036688.346253347583115 ], [ 273184.249428894137964, 5036703.826860280707479 ], [ 273162.284095324226655, 5036705.27099372074008 ], [ 273141.143056948203593, 5036699.598563845269382 ], [ 273109.061199017218314, 5036695.203826118260622 ], [ 273035.012948552088346, 5036695.577670802362263 ], [ 273011.922566715802532, 5036691.026853968389332 ], [ 272986.690572912630159, 5036680.485799952410161 ], [ 272932.643115972809028, 5036677.536785616539419 ], [ 272867.684761490614619, 5036681.756156351417303 ], [ 272850.412325859651901, 5036668.063493648543954 ], [ 272819.336417055223137, 5036661.664729392156005 ], [ 272794.010501316399314, 5036648.124340891838074 ], [ 272764.997478880919516, 5036647.605370136909187 ], [ 272736.794113319308963, 5036637.191593979485333 ], [ 272672.903410928905942, 5036590.286492413841188 ], [ 272659.825726133363787, 5036586.574847988784313 ], [ 272650.019920710416045, 5036595.737883507274091 ], [ 272631.948071148712188, 5036594.052235815674067 ], [ 272624.771563729795162, 5036582.197775316424668 ], [ 272612.523231326602399, 5036572.480817761272192 ], [ 272591.563250514271203, 5036571.810272172093391 ], [ 272579.403295660857111, 5036564.093314145691693 ], [ 272573.170115005748812, 5036553.234269827604294 ], [ 272551.913897222897504, 5036540.563043809495866 ], [ 272492.865693279250991, 5036538.643653890118003 ], [ 272444.634415093285497, 5036526.556044190190732 ], [ 272420.625240805791691, 5036526.012898359447718 ], [ 272452.227062509336974, 5036558.412048442289233 ], [ 272479.420456300664227, 5036569.94107570219785 ], [ 272502.724614080681931, 5036585.490983234718442 ], [ 272518.15735522704199, 5036606.193508847616613 ], [ 272536.665208511112723, 5036631.8812564779073 ], [ 272550.085807397845201, 5036656.70610039588064 ], [ 272540.711125808826182, 5036688.871570850722492 ], [ 272504.760250038118102, 5036692.501331229694188 ], [ 272468.711210884212051, 5036692.242156963795424 ], [ 272442.763307910296135, 5036694.709491217508912 ], [ 272428.980478796176612, 5036705.893745656125247 ], [ 272421.327610650798306, 5036723.047613430768251 ], [ 272406.643239218275994, 5036741.349059717729688 ], [ 272335.075588624342345, 5036767.723439236171544 ], [ 272307.402037345455028, 5036784.202981544658542 ], [ 272298.519829962053336, 5036790.361216112971306 ], [ 272282.824664662824944, 5036809.668381818570197 ], [ 272276.095085540262517, 5036823.817071720026433 ], [ 272259.347341512388084, 5036836.128380062058568 ], [ 272238.414677814173046, 5036840.570987904444337 ], [ 272179.379549065080937, 5036840.654892810620368 ], [ 272173.671905495750252, 5036855.798586396500468 ], [ 272159.363884802442044, 5036840.981090436689556 ], [ 272144.446209114452358, 5036844.281444208696485 ], [ 272128.293290237081237, 5036835.585910707712173 ], [ 272124.316540239960887, 5036837.718110965564847 ], [ 272118.248372136324178, 5036888.759634816087782 ], [ 272105.827438308682758, 5036921.052768275141716 ], [ 272082.340862107404973, 5036945.513101124204695 ], [ 272050.551365419931244, 5037012.136146215721965 ], [ 272041.08074632199714, 5037040.302127999253571 ], [ 272030.911788611498196, 5037084.474902941845357 ], [ 272023.083235642756335, 5037097.629413988441229 ], [ 272021.342894044471905, 5037108.751781096681952 ], [ 272014.410310511302669, 5037113.788929026573896 ], [ 271992.415882765490096, 5037169.247910913079977 ], [ 271978.739787328115199, 5037185.544736578129232 ], [ 271961.790176962735131, 5037188.856149095110595 ], [ 271940.633943538006861, 5037180.187249574810266 ], [ 271930.835928100452293, 5037190.462724395096302 ], [ 271902.039271831396036, 5037200.9487896990031 ], [ 271842.897838665288873, 5037195.035268220119178 ], [ 271824.124924120726064, 5037208.469714450649917 ], [ 271790.785067793738563, 5037247.096774517558515 ], [ 271784.97369561548112, 5037257.129273124970496 ], [ 271781.744349382177461, 5037297.26524172257632 ], [ 271780.816640896257013, 5037299.270510271191597 ], [ 271727.414545611536596, 5037388.346626079641283 ], [ 271710.086880976567045, 5037423.667019255459309 ], [ 271684.5973343939404, 5037453.14042806904763 ], [ 271639.946868814702611, 5037525.945791395381093 ], [ 271634.021447144448757, 5037529.088792999275029 ], [ 271625.135672882548533, 5037534.247825722210109 ], [ 271605.557083963998593, 5037557.689175649546087 ], [ 271575.070253500132822, 5037588.189648342318833 ], [ 271553.103034661384299, 5037588.639256098307669 ], [ 271515.905626516439952, 5037577.278370124287903 ], [ 271492.403846915985923, 5037553.731577230617404 ], [ 271468.079031127155758, 5037537.190620803274214 ], [ 271441.574130627384875, 5037507.658763549290597 ], [ 271425.558535836404189, 5037509.966479434631765 ], [ 271404.492194009711966, 5037532.860699730925262 ], [ 271359.871766974858474, 5037581.218661381863058 ], [ 271345.889107128838077, 5037583.515762734226882 ], [ 271335.965974916063715, 5037584.679940374568105 ], [ 271286.640498958877288, 5037571.606888079084456 ], [ 271247.300128803472035, 5037554.368963041342795 ], [ 271233.650387355010025, 5037516.545483510009944 ], [ 271221.490548128611408, 5037508.831142487004399 ], [ 271194.075821616570465, 5037543.317852401174605 ], [ 271188.906585946853738, 5037585.464957712218165 ], [ 271157.499787729117088, 5037618.972996848635375 ], [ 271143.848267888999544, 5037639.272345507517457 ], [ 271134.714212014048826, 5037641.766213078051805 ], [ 271127.922012558439746, 5037643.580743256956339 ], [ 271114.023114712734241, 5037646.878112612292171 ], [ 271080.823189313232433, 5037637.498761032707989 ], [ 271051.720212484477088, 5037633.987632497213781 ], [ 271012.258358089486137, 5037608.750239518471062 ], [ 271011.816539430234116, 5037584.747852813452482 ], [ 271005.786400933633558, 5037582.891021991148591 ], [ 270978.737383832456544, 5037583.369974846951663 ], [ 270960.314812724071089, 5037559.686677563004196 ], [ 270958.03413579048356, 5037542.69558806810528 ], [ 270948.523556780302897, 5037518.853194096125662 ], [ 270929.068734705855604, 5037492.286087300628424 ], [ 270910.351821163843852, 5037457.60233945120126 ], [ 270876.449756042973604, 5037463.230820942670107 ], [ 270846.739491396408994, 5037477.727485499344766 ], [ 270812.942823223478626, 5037488.356735045090318 ], [ 270784.171613875427283, 5037502.95975227560848 ], [ 270748.210051853733603, 5037503.599086775444448 ], [ 270678.952719166409224, 5037491.861310327425599 ], [ 270659.845345530484337, 5037486.297314262017608 ], [ 270648.495210638036951, 5037469.466751681640744 ], [ 270598.123743312258739, 5037451.403773247264326 ], [ 270580.126475698081776, 5037448.723438621498644 ], [ 270555.120560534996912, 5037451.193479840643704 ], [ 270529.05828823975753, 5037460.670776025392115 ], [ 270520.318759372632485, 5037463.83018327690661 ], [ 270500.172934187809005, 5037454.2715401109308 ], [ 270483.224788584047928, 5037457.586950099095702 ], [ 270431.952833722287323, 5037446.531610746867955 ], [ 270364.954642649390735, 5037447.787517040967941 ], [ 270316.597855925676413, 5037426.604012668132782 ], [ 270305.369412124739029, 5037417.88612073007971 ], [ 270224.948229294270277, 5037395.323570920154452 ], [ 270230.75088021333795, 5037384.178314994089305 ], [ 270227.669293096347246, 5037378.305207155644894 ], [ 270181.722126554115675, 5037383.114661104045808 ], [ 270155.555334592121653, 5037373.590292607434094 ], [ 270155.087454943917692, 5037373.815139040350914 ], [ 270070.121164133714046, 5037406.179474094882607 ], [ 270056.355760163627565, 5037419.480442102067173 ], [ 270052.814495356753469, 5037443.615954482927918 ], [ 270059.089910328679252, 5037461.473716028034687 ], [ 270057.708758331369609, 5037494.487949349917471 ], [ 270118.365373428328894, 5037633.402884993702173 ], [ 270154.623041860992089, 5037700.771905210800469 ], [ 270175.080945662106387, 5037724.441655585542321 ], [ 270196.693195959436707, 5037758.996181128546596 ], [ 270223.281140843348112, 5037788.522392393089831 ], [ 270245.553667751431931, 5037801.069048169068992 ], [ 270282.868779883719981, 5037819.423181033693254 ], [ 270319.034278649021871, 5037827.78184346947819 ], [ 270325.958627440035343, 5037821.631508626043797 ], [ 270341.4450087583391, 5037794.318880724720657 ], [ 270354.522219624719582, 5037798.136831428855658 ], [ 270370.442090587865096, 5037792.826297500170767 ], [ 270394.113551826332696, 5037775.35981591232121 ], [ 270398.100081563112326, 5037775.226851119659841 ], [ 270415.363975739921443, 5037786.912468258291483 ], [ 270448.56961491930997, 5037797.288476311601698 ], [ 270469.853263896657154, 5037814.953461376950145 ], [ 270500.193359899451025, 5037830.34639847278595 ], [ 270513.5031743987347, 5037848.166204043664038 ], [ 270523.147682846873067, 5037882.009230733849108 ], [ 270532.424890458933078, 5037948.860869729891419 ], [ 270531.735871830256656, 5037965.868025513365865 ], [ 270531.285052343213465, 5037997.876880787312984 ], [ 270524.677088845404796, 5038019.02826370857656 ], [ 270518.857543312013149, 5038027.061619086191058 ], [ 270516.920124109543394, 5038030.183925534598529 ], [ 270492.554938279208727, 5038063.656947758048773 ], [ 270456.73492291563889, 5038075.299414249137044 ], [ 270408.422187033167575, 5038061.227531134150922 ], [ 270375.095842962968163, 5038042.850804690271616 ], [ 270372.930281075707171, 5038032.860670247115195 ], [ 270350.869419229333289, 5038030.203278260305524 ], [ 270329.847389264439698, 5038031.652197641320527 ], [ 270315.383434081100859, 5038059.959458803758025 ], [ 270334.700614200672135, 5038075.523249351419508 ], [ 270352.202434605569579, 5038102.210390923544765 ], [ 270362.780060113058425, 5038135.047872760333121 ], [ 270364.440833880857099, 5038167.045181969180703 ], [ 270341.353852916683536, 5038219.515615925192833 ], [ 270337.689314645249397, 5038235.53892944380641 ], [ 270302.321191206923686, 5038272.295965068973601 ], [ 270262.393728663097136, 5038275.960513576865196 ], [ 270243.299350638058968, 5038272.398129220120609 ], [ 270234.204374065040611, 5038267.558300976641476 ], [ 270222.927135591802653, 5038249.727887235581875 ], [ 270207.839653801813256, 5038193.021778054535389 ], [ 270199.671605664421804, 5038186.176492823287845 ], [ 270138.266000132483896, 5038165.288548012264073 ], [ 270119.360079377540387, 5038167.61556850746274 ], [ 270106.534356921445578, 5038180.911271663382649 ], [ 270108.084497681295034, 5038206.7968012066558 ], [ 270118.340360265166964, 5038223.632450195029378 ], [ 270114.804884689976461, 5038248.768129909411073 ], [ 270117.060007429681718, 5038260.758089966140687 ], [ 270125.456172919541132, 5038280.604622713290155 ], [ 270132.524242221668828, 5038286.45568183530122 ], [ 270157.743702451873105, 5038294.984951118007302 ], [ 270227.491396601544693, 5038283.598459433764219 ], [ 270247.502428216626868, 5038283.266083145514131 ], [ 270280.589095789939165, 5038286.640435176901519 ], [ 270305.713697482715361, 5038292.170215373858809 ], [ 270313.393717382161412, 5038381.034783409908414 ], [ 270319.0524133463623, 5038415.010547381825745 ], [ 270319.735572507837787, 5038454.0146344313398 ], [ 270319.358140365220606, 5038456.461642161943018 ], [ 270310.719452688179445, 5038506.185723944567144 ], [ 270313.334936128754634, 5038541.178401303477585 ], [ 270331.59134772606194, 5038605.868993764743209 ], [ 270364.881858255190309, 5038675.255933971144259 ], [ 270374.414911296393257, 5038703.098175150342286 ], [ 270383.720296068582684, 5038717.939061706885695 ], [ 270391.342863482015673, 5038753.793409232981503 ], [ 270392.88652480894234, 5038835.801467350684106 ], [ 270393.225134358217474, 5038854.803440460935235 ], [ 270414.343974666728172, 5038914.36646394059062 ], [ 270426.375302806030959, 5038913.189264504238963 ], [ 270472.63236220239196, 5038981.394486075267196 ], [ 270499.219380916561931, 5039011.922059802338481 ], [ 270527.52141692629084, 5039027.326227866113186 ], [ 270567.287858849857002, 5039066.672853291034698 ], [ 270589.582439103338402, 5039084.221585829742253 ], [ 270600.030063297133893, 5039108.05838171672076 ], [ 270614.546888086013496, 5039132.762109629809856 ], [ 270651.47996501828311, 5039183.12690441031009 ], [ 270659.640798083913978, 5039188.972606507129967 ], [ 270665.585910157533363, 5039189.829355144873261 ], [ 270668.539740563719533, 5039186.812694634310901 ], [ 270674.208952291402966, 5039165.666517304256558 ], [ 270681.970193505636416, 5039155.511195834726095 ], [ 270700.029836563277058, 5039156.191035297699273 ], [ 270761.736069592589047, 5039249.097255608066916 ], [ 270775.230431198957376, 5039272.806691251695156 ], [ 270786.714798827946652, 5039300.638982618227601 ], [ 270794.523225571843795, 5039342.494023412466049 ], [ 270809.655561944644433, 5039351.191638790071011 ], [ 270817.816029698471539, 5039357.037546094506979 ], [ 270833.948139424610417, 5039362.729204228147864 ], [ 270846.91118202812504, 5039360.547559882514179 ], [ 270912.978084959031548, 5039364.302606763318181 ], [ 270929.015742641757242, 5039366.994413586333394 ], [ 270953.318817762658, 5039380.532784272916615 ], [ 270969.566620892146602, 5039393.22557507827878 ], [ 270974.795157863409258, 5039406.200025080703199 ], [ 270985.951764480443671, 5039416.919883076101542 ], [ 271000.019734493340366, 5039416.733006563037634 ], [ 271001.641723170119803, 5039398.609517905861139 ], [ 271009.271213034691755, 5039378.453295934014022 ], [ 271022.018778447934892, 5039365.270959064364433 ], [ 271039.878433207457419, 5039357.951235426589847 ], [ 271096.936019494722132, 5039357.866990939714015 ], [ 271123.07703380723251, 5039364.394742631353438 ], [ 271132.169737151474692, 5039369.235854465514421 ], [ 271142.278496458078735, 5039374.071532976813614 ], [ 271200.599298335495405, 5039390.984874453395605 ], [ 271255.154118476959411, 5039419.921283873729408 ], [ 271274.255685501731932, 5039425.598204693756998 ], [ 271346.014151766430587, 5039412.212864671833813 ], [ 271400.012979496619664, 5039410.258398233912885 ], [ 271432.176391502551269, 5039417.644467087462544 ], [ 271451.607891309366096, 5039441.323783949017525 ], [ 271487.604557665705215, 5039493.587672577239573 ], [ 271526.56588698993437, 5039544.946987005881965 ], [ 271591.925916541949846, 5039666.73658047337085 ], [ 271619.975945953105111, 5039724.266528418287635 ], [ 271640.975749670178629, 5039778.833230680786073 ], [ 271670.23936719057383, 5039844.358601463958621 ], [ 271710.311697936966084, 5039899.60285437386483 ], [ 271712.601552507956512, 5039904.036123375408351 ], [ 271739.359804570791312, 5039954.127471499145031 ], [ 271760.352565460198093, 5040007.694410371594131 ], [ 271787.263385026541073, 5040057.229492216371 ], [ 271802.695408681291156, 5040078.930516388267279 ], [ 271815.887155685108155, 5040090.75247102137655 ], [ 271859.874666496471036, 5040103.301855227909982 ], [ 271914.428542651585303, 5040118.907921831123531 ], [ 271955.074745681486093, 5040150.145891397260129 ], [ 272000.424931585555896, 5040169.35713096242398 ], [ 272104.970702812890522, 5040195.372650435194373 ], [ 272143.687757200445049, 5040231.62288193590939 ], [ 272174.13239872379927, 5040255.135995789431036 ], [ 272187.114237907517236, 5040256.846672865562141 ], [ 272221.096007671672851, 5040254.225285279564559 ], [ 272244.955761668970808, 5040243.766095372848213 ], [ 272291.805055962526239, 5040235.855103826150298 ], [ 272308.845441090932582, 5040236.544816005043685 ], [ 272327.418289699591696, 5040216.22243710514158 ], [ 272342.312509548733942, 5040209.921939813531935 ], [ 272365.364669538568705, 5040209.46939142793417 ], [ 272389.459158994199242, 5040214.12368122767657 ], [ 272450.231142897740938, 5040253.929356126114726 ], [ 272468.739062475971878, 5040281.617347402498126 ], [ 272505.05527489684755, 5040353.000297666527331 ], [ 272521.951444201462436, 5040401.700945949181914 ], [ 272534.152443019091152, 5040464.42858072090894 ], [ 272549.105323788127862, 5040515.250829544849694 ], [ 272552.048716493765824, 5040540.574121870100498 ], [ 272562.26599407044705, 5040627.983628979884088 ], [ 272564.070293190132361, 5040674.983798060566187 ], [ 272561.84821231738897, 5040714.003043432720006 ], [ 272565.336755445459858, 5040738.990148183889687 ], [ 272619.440199782548007, 5040851.068418447859585 ], [ 272641.023303510330152, 5040884.631224390119314 ], [ 272656.341489852173254, 5040900.333702197298408 ], [ 272683.599087975395378, 5040912.863372389227152 ], [ 272712.794163412123453, 5040922.271517942659557 ], [ 272744.052002336771693, 5040937.781601377762854 ], [ 272782.636752014805097, 5040965.0346006359905 ], [ 272799.435747117851861, 5041010.735897968523204 ], [ 272830.666889912099577, 5041021.13440643530339 ], [ 272912.598170021374244, 5041013.605046292766929 ], [ 272931.70859635155648, 5041022.287517049349844 ], [ 272941.906667971168645, 5041030.126213409937918 ], [ 272952.839855518192053, 5041028.8482555905357 ], [ 272977.501575708971359, 5041007.385542916134 ], [ 272995.462233178259339, 5041005.071829962544143 ], [ 273046.612248700112104, 5041014.148031116463244 ], [ 273084.075991988065653, 5041036.407538247294724 ], [ 273130.74219627934508, 5041070.623228989541531 ], [ 273165.49317744304426, 5041112.900918295606971 ], [ 273203.276485619950108, 5041152.274062036536634 ], [ 273230.871391104708891, 5041185.697471938095987 ], [ 273275.592331958003342, 5041221.924416068941355 ], [ 273303.275281776790507, 5041257.459233437664807 ], [ 273317.080516919668298, 5041299.176116591319442 ], [ 273320.20381515531335, 5041376.620432334020734 ], [ 273320.828801752300933, 5041392.175975129939616 ], [ 273362.561793729721103, 5041487.430367290973663 ], [ 273377.324780051771086, 5041580.152837675064802 ], [ 273379.953197693277616, 5041668.157365481369197 ], [ 273375.597501322277822, 5041703.297350825741887 ], [ 273347.783181198465172, 5041765.782590355724096 ], [ 273337.716417625721078, 5041814.954060241580009 ], [ 273344.871257880993653, 5041823.91999931819737 ], [ 273372.942246458842419, 5041828.335806461051106 ], [ 273417.008966932888143, 5041828.559771974571049 ], [ 273437.121330533176661, 5041835.127214251086116 ], [ 273456.243972155032679, 5041893.821265259757638 ], [ 273456.573289140767884, 5041912.823445645160973 ], [ 273407.01265722583048, 5041938.743066035211086 ], [ 273385.385117805970367, 5041957.188346478156745 ], [ 273364.797852301097009, 5041980.51836553402245 ], [ 273371.236336393689271, 5042002.490545189008117 ], [ 273400.641624662850518, 5042023.90321296453476 ], [ 273472.590772251249291, 5042022.543337806127965 ], [ 273539.196409035823308, 5041999.317613564431667 ], [ 273577.741779858013615, 5041973.564975864253938 ], [ 273595.483924173167907, 5041959.251624348573387 ], [ 273611.16998586722184, 5041939.947538847103715 ], [ 273650.540658916928805, 5041907.189847317524254 ], [ 273677.25737106584711, 5041890.720646982081234 ], [ 273738.280642276688013, 5041891.529576038010418 ], [ 273768.500606076500844, 5041904.049249282106757 ], [ 273793.910598550457507, 5041923.483108134940267 ], [ 273793.204017904237844, 5041938.600746439769864 ], [ 273778.424698855960742, 5041951.787548976950347 ], [ 273800.876634723157622, 5041973.458730677142739 ], [ 273809.070429637446068, 5041987.3099310612306 ], [ 273826.429112998594064, 5042006.005761111155152 ], [ 273836.623924009152688, 5042013.734779773280025 ], [ 273890.113881805795245, 5042039.809645622037351 ], [ 273914.799364939623047, 5042023.351461508311331 ], [ 273925.809126571577508, 5042022.074804866686463 ], [ 273937.859678481414448, 5042025.905185121111572 ], [ 273944.080279607034754, 5042035.765462892130017 ], [ 273946.346504017943516, 5042051.75753065943718 ], [ 273955.423293356434442, 5042054.602368426509202 ], [ 273966.325389074685518, 5042047.325106961652637 ], [ 273979.293722357135266, 5042047.150252704508603 ], [ 273993.595012394245714, 5042063.861159382387996 ], [ 274018.701127868611366, 5042069.405735613778234 ], [ 274036.644381651422009, 5042064.094456076622009 ], [ 274061.862883985741064, 5042076.640058318153024 ], [ 274098.090962902584579, 5042087.909406874328852 ], [ 274141.789749401446898, 5042125.147667984478176 ], [ 274193.523980555182789, 5042160.124356038868427 ], [ 274200.571976047707722, 5042163.53511131927371 ], [ 274213.649619866686407, 5042169.80594321154058 ], [ 274239.770723996160086, 5042175.346450699493289 ], [ 274282.818762360548135, 5042175.470302223227918 ], [ 274295.679530120745767, 5042169.295419785194099 ], [ 274315.453427307656966, 5042154.863098176196218 ], [ 274332.07382734148996, 5042134.556085247546434 ], [ 274347.790819830261171, 5042121.254905225709081 ], [ 274376.548826014215592, 5042106.668045000173151 ], [ 274388.681905890291091, 5042111.499087494798005 ], [ 274413.083728195750155, 5042133.051854775287211 ], [ 274424.098770656797569, 5042132.887379425577819 ], [ 274441.754024415102322, 5042116.465318563394248 ], [ 274445.636073072615545, 5042111.445533982478082 ], [ 274466.533261650707573, 5042103.009460800327361 ], [ 274488.470831483835354, 5042099.680564915761352 ], [ 274501.545630516076926, 5042105.396341829560697 ], [ 274506.637708754453342, 5042108.261219121515751 ], [ 274518.07633118116064, 5042131.099465323612094 ], [ 274535.156744306208566, 5042189.806584216654301 ], [ 274547.707605917472392, 5042216.529186780564487 ], [ 274584.795547605084721, 5042276.918127585202456 ], [ 274607.252615795063321, 5042300.48141073435545 ], [ 274624.705412624229211, 5042323.179775670170784 ], [ 274661.256696492899209, 5042353.454606639221311 ], [ 274678.500081917853095, 5042365.151923594065011 ], [ 274721.858407211140729, 5042381.391621256247163 ], [ 274769.015192698047031, 5042391.501097710803151 ], [ 274807.076807881123386, 5042394.764138821512461 ], [ 274839.308471138996538, 5042404.167585061863065 ], [ 274876.354922966565937, 5042407.547027319669724 ], [ 274904.629515631357208, 5042406.300885249860585 ], [ 274918.376209426380228, 5042405.679722625762224 ], [ 274957.157010056835134, 5042395.937648990191519 ], [ 275021.723346811777446, 5042370.736966514959931 ], [ 275066.302026916062459, 5042347.965457602404058 ], [ 275164.618013293656986, 5042306.047527367249131 ], [ 275210.333841987536289, 5042292.27347522880882 ], [ 275234.315926126961131, 5042291.827005324885249 ], [ 275249.309718607051764, 5042290.533893798477948 ], [ 275261.237894414691254, 5042285.254455198533833 ], [ 275319.191911873524077, 5042282.203511852771044 ], [ 275433.248042422288563, 5042281.001763110049069 ], [ 275603.948420548578724, 5042263.868434844538569 ], [ 275633.936281200672965, 5042261.284015917219222 ], [ 275751.668606507533696, 5042244.067794853821397 ], [ 275792.680730811902322, 5042243.322363566607237 ], [ 275831.560442935908213, 5042237.586055124178529 ], [ 275889.818636733456515, 5042249.541958671063185 ], [ 275948.687204974354245, 5042241.380497859790921 ], [ 275958.594552145164926, 5042238.223215069621801 ], [ 275986.336005449062213, 5042222.759369092062116 ], [ 276001.835208166798111, 5042195.349456133320928 ], [ 276016.522089831822086, 5042178.167556408792734 ], [ 276039.365050985827111, 5042167.727415716275573 ], [ 276070.281861917523202, 5042163.14043431635946 ], [ 276097.430114328861237, 5042171.573417681269348 ], [ 276142.514324715768453, 5042172.812044559046626 ], [ 276165.59593050024705, 5042180.374834613874555 ], [ 276183.631928471266292, 5042177.958744935691357 ], [ 276200.78111190238269, 5042186.660057561472058 ], [ 276270.273407906061038, 5042212.348789080046117 ], [ 276310.375539508182555, 5042217.612068312242627 ], [ 276361.478903523297049, 5042219.713998401537538 ], [ 276379.441769535769708, 5042218.410133213736117 ], [ 276386.288955571420956, 5042212.266799688339233 ], [ 276385.977575527795125, 5042195.264853030443192 ], [ 276377.400238897360396, 5042164.408719305880368 ], [ 276368.118630558601581, 5042150.55914543569088 ], [ 276339.10721662879223, 5042093.012640051543713 ], [ 276344.522541790851392, 5042063.982353411614895 ], [ 276344.311854193452746, 5042051.980941468849778 ], [ 276349.206048479070887, 5042045.846428658813238 ], [ 276392.977685208315961, 5042033.090054307132959 ], [ 276459.903851794020738, 5041974.775954062119126 ], [ 276523.455759234318975, 5041895.584790614433587 ], [ 276606.308290359913372, 5041833.977677151560783 ], [ 276763.110432479763404, 5041763.039036372676492 ], [ 276799.66126162087312, 5041742.316230032593012 ], [ 276835.157021778111812, 5041712.707709947600961 ], [ 276865.875838832173031, 5041698.123599516227841 ], [ 276883.717168296047021, 5041686.708641774021089 ], [ 276884.239864211413078, 5041663.701809885911644 ], [ 276901.870902997790836, 5041587.386245865374804 ], [ 276899.638753486040514, 5041577.394212952814996 ], [ 276905.45365672261687, 5041567.255269959568977 ], [ 276921.164150789147243, 5041550.960052252747118 ], [ 276943.600675070541911, 5041518.520749595947564 ], [ 276957.985830557765439, 5041485.228186813183129 ], [ 276983.714327740482986, 5041419.767980638891459 ], [ 276997.48535108048236, 5041406.482146359048784 ], [ 277011.252003692730796, 5041392.196167137473822 ], [ 277033.197756791370921, 5041389.876365468837321 ], [ 277053.817713221244048, 5041370.448051057755947 ], [ 277054.808396699780133, 5041364.775897947140038 ], [ 277057.474799245013855, 5041349.316650355234742 ] ] ], [ [ [ 275512.960918473138008, 5038299.961451752111316 ], [ 275497.242354302026797, 5038265.250288001261652 ], [ 275452.985273382568266, 5038196.110226220451295 ], [ 275453.600055173679721, 5038177.103697963990271 ], [ 275456.440575020562392, 5038165.977179219014943 ], [ 275467.282891210983507, 5038160.814445377327502 ], [ 275476.475429320300464, 5038170.662317018024623 ], [ 275488.416338274895679, 5038166.383551173843443 ], [ 275489.123406568309292, 5038150.377174593508244 ], [ 275460.100441439310089, 5038095.946620841510594 ], [ 275444.070955223753117, 5038095.243583245202899 ], [ 275426.105800246819854, 5038098.550406945869327 ], [ 275389.949476160225458, 5038090.273514091037214 ], [ 275347.972129657689948, 5038091.025849800556898 ], [ 275315.483035229612142, 5038064.617594863288105 ], [ 275307.727073690737598, 5038077.767638172954321 ], [ 275293.44424772268394, 5038116.064292142167687 ], [ 275298.803898763202596, 5038191.942623485811055 ], [ 275295.359144214482512, 5038274.085739047266543 ], [ 275302.020743052882608, 5038310.950453166849911 ], [ 275318.761207205650862, 5038346.656536188907921 ], [ 275342.375348163419403, 5038381.219098144210875 ], [ 275362.797291083086748, 5038401.905140222981572 ], [ 275389.759549059846904, 5038400.334112073294818 ], [ 275405.871602051658556, 5038352.02717103715986 ], [ 275420.066422620555386, 5038361.740421489812434 ], [ 275451.310884485719725, 5038373.152136130258441 ], [ 275484.19097445049556, 5038366.552902948111296 ], [ 275511.750207502394915, 5038342.086316602304578 ], [ 275512.960918473138008, 5038299.961451752111316 ] ] ], [ [ [ 276983.049937695439439, 5040952.568720689043403 ], [ 276982.853761775011662, 5040943.567838453687727 ], [ 276973.157175123575144, 5040906.714755829423666 ], [ 276948.9593809931539, 5040842.142841076478362 ], [ 276947.424625994230155, 5040813.255144137889147 ], [ 276939.886294768017251, 5040787.394678468815982 ], [ 276909.465598614478949, 5040711.848408497869968 ], [ 276882.827454391459469, 5040731.415060133673251 ], [ 276868.235670583555475, 5040753.706523845903575 ], [ 276850.578659264079761, 5040772.010894049890339 ], [ 276818.430719653842971, 5040817.607423537410796 ], [ 276799.85022812592797, 5040839.027775269933045 ], [ 276792.10360741103068, 5040854.176393781788647 ], [ 276805.256983228027821, 5040859.896613063290715 ], [ 276851.912345802411437, 5040896.029090259224176 ], [ 276915.796866633347236, 5040940.864826824516058 ], [ 276945.090050514263567, 5040956.293331082910299 ], [ 276967.137131858093198, 5040958.862703934311867 ], [ 276980.103306701406837, 5040957.693887593224645 ], [ 276983.049937695439439, 5040952.568720689043403 ] ] ] ] } },
{ "type": "Feature", "properties": { "id": 38, "nom": "Dollard-des-Ormeaux" }, "geometry": { "type": "MultiPolygon", "coordinates": [ [ [ [ 276897.552210020134225, 5037066.41797713842243 ], [ 276891.138205394148827, 5037062.077166345901787 ], [ 276877.466475576104131, 5037092.781543330289423 ], [ 276868.579689460457303, 5037112.830628853291273 ], [ 276859.694978519517463, 5037132.879618156701326 ], [ 276855.181263892911375, 5037142.983215121552348 ], [ 276919.083131972758565, 5037186.338759512640536 ], [ 276929.002983735990711, 5037193.623865044675767 ], [ 276945.141525714134332, 5037204.47836394701153 ], [ 276946.739221083291341, 5037205.356262288056314 ], [ 276951.762607798038516, 5037208.113156862556934 ], [ 276964.280187259835657, 5037216.850454496219754 ], [ 276964.838783729472198, 5037215.945145728066564 ], [ 276971.770478680264205, 5037220.802543599158525 ], [ 276972.68257295479998, 5037219.530130694620311 ], [ 277003.026305647275876, 5037241.027114602737129 ], [ 277013.782238937972579, 5037248.649205603636801 ], [ 277018.196255893970374, 5037251.778101404197514 ], [ 277030.727614419476595, 5037260.655087888240814 ], [ 277048.54022414830979, 5037273.275164625607431 ], [ 277049.401530545495916, 5037273.923563602380455 ], [ 277078.190890524478164, 5037295.65691355522722 ], [ 277093.036743851029314, 5037306.861960536800325 ], [ 277097.038685420586262, 5037309.883444023318589 ], [ 277136.947055938013364, 5037341.608956757001579 ], [ 277145.257670581515413, 5037348.216346670873463 ], [ 277145.738129627658054, 5037344.834537385031581 ], [ 277154.370939351792913, 5037351.050325053744018 ], [ 277169.23226119868923, 5037361.754402793943882 ], [ 277184.074089404311962, 5037372.441879225894809 ], [ 277243.433666334312875, 5037415.191771663725376 ], [ 277258.275526570389047, 5037425.879241451621056 ], [ 277291.926086916588247, 5037450.114468020386994 ], [ 277317.584432860719971, 5037468.70040758792311 ], [ 277332.397025874000974, 5037479.428870882838964 ], [ 277362.018231162568554, 5037500.885793493129313 ], [ 277376.830843423667829, 5037511.614252809435129 ], [ 277469.270663655363023, 5037578.574396563693881 ], [ 277485.768569047097117, 5037590.617583082057536 ], [ 277653.295105286699254, 5037710.894780332222581 ], [ 277665.740348125400487, 5037719.69095266237855 ], [ 277762.876279912947211, 5037788.861908569931984 ], [ 277757.983857928076759, 5037799.858130736276507 ], [ 277751.585683937650174, 5037814.029313535429537 ], [ 277738.859518582525197, 5037842.402974547818303 ], [ 277726.125631419941783, 5037870.791226972825825 ], [ 277719.74692964105634, 5037884.975999403744936 ], [ 277695.524933220935054, 5037939.003418096341193 ], [ 277689.562199952953961, 5037953.146286549977958 ], [ 277692.17598146526143, 5037954.719177676364779 ], [ 277694.727364611811936, 5037956.391270413063467 ], [ 277697.212549436138943, 5037958.160264610312879 ], [ 277677.197320228035096, 5037981.075499352999032 ], [ 277662.574566310271621, 5038013.200070954859257 ], [ 277651.445908362511545, 5038037.27378839533776 ], [ 277639.053662904014345, 5038064.880666444078088 ], [ 277637.735268878284842, 5038064.040818013250828 ], [ 277621.628119800239801, 5038089.91906672436744 ], [ 277626.43670059152646, 5038092.984644475392997 ], [ 277620.128211316070519, 5038107.03668022248894 ], [ 277623.895698021049611, 5038109.439120202325284 ], [ 277607.636214968282729, 5038134.944342757575214 ], [ 277611.407703878125176, 5038137.342983635142446 ], [ 277595.173497002047952, 5038162.805196200497448 ], [ 277589.26728001848096, 5038177.107136177830398 ], [ 277593.040772336767986, 5038179.501878376118839 ], [ 277576.232332456856966, 5038204.960164250805974 ], [ 277562.349844936979935, 5038235.881975905038416 ], [ 277553.721161542634945, 5038254.235478003509343 ], [ 277543.088624824769795, 5038277.967794400639832 ], [ 277540.471486950526014, 5038283.808579413220286 ], [ 277537.852348034037277, 5038289.650366611778736 ], [ 277529.266641003661789, 5038308.815340264700353 ], [ 277525.665118560602423, 5038316.853436286561191 ], [ 277523.171071069315076, 5038322.416935971006751 ], [ 277506.858891088690143, 5038358.828083585016429 ], [ 277495.843483960954472, 5038383.411164317280054 ], [ 277489.749782653292641, 5038397.012825823388994 ], [ 277487.255721358873416, 5038402.576354417949915 ], [ 277484.63856097671669, 5038408.417186611331999 ], [ 277469.834065250935964, 5038441.462310417555273 ], [ 277467.339996320079081, 5038447.025855055078864 ], [ 277459.61348654970061, 5038464.271106186322868 ], [ 277454.629139892524108, 5038475.398213935084641 ], [ 277451.025676029850729, 5038483.436296747997403 ], [ 277443.408545913931448, 5038500.43948576413095 ], [ 277427.364009121316485, 5038536.249592683278024 ], [ 277401.538536073756404, 5038593.919386547058821 ], [ 277417.977948968065903, 5038609.391141939908266 ], [ 277487.107544578029774, 5038673.492831892333925 ], [ 277491.281331427511759, 5038665.703715918585658 ], [ 277498.445840277301613, 5038668.299462046474218 ], [ 277503.865566421009135, 5038675.17625897936523 ], [ 277525.112328709568828, 5038690.25789806433022 ], [ 277548.257608118059579, 5038707.192765839397907 ], [ 277619.570467196521349, 5038757.881912047043443 ], [ 277675.185299568634946, 5038796.416933582164347 ], [ 277702.941992447362281, 5038816.074971246533096 ], [ 277728.839200881891884, 5038833.979132505133748 ], [ 277755.545007522159722, 5038852.282596011646092 ], [ 277866.854580699582584, 5038932.14088821131736 ], [ 277869.737636688747443, 5038942.988169729709625 ], [ 278028.7643028490711, 5039057.254411277361214 ], [ 278333.883126239525154, 5039266.074833464808762 ], [ 278362.4864400124643, 5039285.688039808534086 ], [ 278395.45892645791173, 5039308.642025188542902 ], [ 278424.54464313731296, 5039328.985184563323855 ], [ 278455.653864127176348, 5039350.342623384669423 ], [ 278530.725465628609527, 5039402.126974950544536 ], [ 278597.674025870685, 5039451.557877761311829 ], [ 278601.980572277680039, 5039454.316591791808605 ], [ 278553.699854170554318, 5039544.542294531129301 ], [ 278480.978816195332911, 5039683.106780609115958 ], [ 278449.565425653825514, 5039742.966080502606928 ], [ 278435.686790256586391, 5039769.359016474336386 ], [ 278412.470345313893631, 5039806.962598196230829 ], [ 278421.976206601771992, 5039814.663440024480224 ], [ 278436.253464074688964, 5039826.231352027505636 ], [ 278465.526920551317744, 5039849.94563390314579 ], [ 278480.161619836115278, 5039861.803025841712952 ], [ 278494.917533283296507, 5039873.756718358024955 ], [ 278509.433160430751741, 5039885.517411661334336 ], [ 278524.525003262329847, 5039897.743005335330963 ], [ 278545.841489178012125, 5039915.013497649691999 ], [ 278555.107228926091921, 5039921.808378965593874 ], [ 278578.102624745224603, 5039870.187715063802898 ], [ 278628.516926867130678, 5039904.485354841686785 ], [ 278656.210497436928563, 5039923.327069615013897 ], [ 278654.97613247029949, 5039925.670444421470165 ], [ 278697.658122231601737, 5039957.41747769434005 ], [ 278725.508035629871301, 5039978.133736944757402 ], [ 278771.295556524652056, 5040006.193054625764489 ], [ 278814.289727626310196, 5040030.864220094867051 ], [ 278850.809329037379939, 5040056.500901497900486 ], [ 278853.639436596771702, 5040058.565332948230207 ], [ 278877.39724518120056, 5040075.756711223162711 ], [ 278879.305442849698011, 5040076.98530625551939 ], [ 278942.225223850866314, 5040117.472421649843454 ], [ 278955.150989366637077, 5040125.790678572840989 ], [ 279024.420409407932311, 5040176.832876131869853 ], [ 279026.057102778228, 5040177.934968956746161 ], [ 279050.428097210242413, 5040194.33515877649188 ], [ 279063.492434587387834, 5040203.040697602555156 ], [ 279100.066549792536534, 5040227.372173806652427 ], [ 279149.830237193556968, 5040259.530211105942726 ], [ 279177.654464083607309, 5040278.636487481184304 ], [ 279277.879275240586139, 5040345.384917971678078 ], [ 279290.810969069716521, 5040350.029869655147195 ], [ 279315.191762663365807, 5040358.789073118008673 ], [ 279316.247664610680658, 5040359.331667015329003 ], [ 279317.128070635022596, 5040360.12815815769136 ], [ 279317.773780310992151, 5040361.124547210521996 ], [ 279318.141092987905722, 5040362.253634870052338 ], [ 279318.205207794264425, 5040363.439121998846531 ], [ 279317.961923715658486, 5040364.601209474727511 ], [ 279315.840410489123315, 5040370.665944648906589 ], [ 279328.908764061634429, 5040379.368443220853806 ], [ 279337.637410080467816, 5040385.811766353435814 ], [ 279354.280008030531462, 5040398.493710120208561 ], [ 279363.782059953431599, 5040405.214823821559548 ], [ 279395.602548586670309, 5040427.725719440728426 ], [ 279407.348737368942238, 5040435.715424191206694 ], [ 279444.147892363136634, 5040460.741541103459895 ], [ 279480.958821052103303, 5040485.777599683962762 ], [ 279537.064636365277693, 5040526.614914032630622 ], [ 279595.269706704304554, 5040568.672892379574478 ], [ 279628.493321729823947, 5040589.441522181965411 ], [ 279738.216246180993039, 5040660.587166867218912 ], [ 279758.1470388462767, 5040674.887288716621697 ], [ 279853.748971337336116, 5040743.441500172950327 ], [ 280091.957520773808938, 5040393.199744326993823 ], [ 280124.70925624971278, 5040346.737566804513335 ], [ 280142.244405030447524, 5040357.48331823758781 ], [ 280160.606762673764024, 5040369.062064964324236 ], [ 280174.732813462556805, 5040378.482568965293467 ], [ 280187.543194512021728, 5040360.24639406055212 ], [ 280196.348807626869529, 5040347.394388370215893 ], [ 280213.679731322568841, 5040322.443392288871109 ], [ 280169.870991079136729, 5040292.012908812612295 ], [ 280184.551438014721498, 5040270.664887839928269 ], [ 280228.459773140435573, 5040301.164785860106349 ], [ 280245.848277849843726, 5040276.131836785003543 ], [ 280274.304923791496549, 5040233.381308471783996 ], [ 280233.194470773276407, 5040198.630913565866649 ], [ 280291.266874393913895, 5040110.738552651368082 ], [ 280365.074865628383122, 5039999.032752946019173 ], [ 280445.973890561086591, 5039882.025512888096273 ], [ 280457.828001070185564, 5039865.446275779046118 ], [ 280502.917115500138607, 5039798.436647215858102 ], [ 280563.493622761161532, 5039708.413269865326583 ], [ 280569.882913436449599, 5039698.303670817986131 ], [ 280645.634222920052707, 5039749.271853837184608 ], [ 280659.92056665342534, 5039726.076298062689602 ], [ 280713.522741457913071, 5039760.916007375344634 ], [ 280778.323444863199256, 5039805.906153719872236 ], [ 280873.200784519838635, 5039869.872384211979806 ], [ 280987.823082876333501, 5039947.152501146309078 ], [ 281087.719276771938894, 5040014.505024469457567 ], [ 281194.130697560380213, 5040086.251565217971802 ], [ 281299.490592886635568, 5039941.57805385068059 ], [ 281356.015732201049104, 5039979.458018542267382 ], [ 281364.102720235823654, 5039985.065992538817227 ], [ 281608.256001713627484, 5040149.393809081986547 ], [ 281632.052026685560122, 5040165.408818167634308 ], [ 281731.026524688990321, 5040232.024117971770465 ], [ 281774.953847078606486, 5040261.590557189658284 ], [ 281777.06517076282762, 5040263.010982031933963 ], [ 281823.212156481400598, 5040293.813700781203806 ], [ 281832.115542984567583, 5040299.804595479741693 ], [ 281846.368576570763253, 5040309.414543442428112 ], [ 281860.618704170454293, 5040319.026986882090569 ], [ 281903.342651087150443, 5040347.843790131621063 ], [ 282094.555934685806278, 5040476.818628814071417 ], [ 282110.180007543822285, 5040487.335802458226681 ], [ 282055.715952065074816, 5040535.180748296901584 ], [ 281971.65426501625916, 5040610.899637942202389 ], [ 281962.843628822884057, 5040620.303393004462123 ], [ 281961.86322890012525, 5040623.349296131171286 ], [ 282086.062852900126018, 5040583.048530713655055 ], [ 282321.257398817804642, 5040506.700341043993831 ], [ 282630.253958363609854, 5040406.399155279621482 ], [ 282611.189839249418583, 5040347.631302202120423 ], [ 282603.230570538318716, 5040348.081712289713323 ], [ 282595.262596920132637, 5040347.826016410253942 ], [ 282587.34851947723655, 5040346.866215720772743 ], [ 282579.550439313694369, 5040345.209711488336325 ], [ 282571.929557515715715, 5040342.86960490513593 ], [ 282564.545675165602006, 5040339.864197204820812 ], [ 282557.456693247426301, 5040336.217189512215555 ], [ 282513.618494621186983, 5040307.037615002132952 ], [ 282498.149536983924918, 5040296.668692826293409 ], [ 282452.31322484544944, 5040264.909380129538476 ], [ 282445.640683206671383, 5040265.678919623605907 ], [ 282439.0440426672576, 5040266.943961539305747 ], [ 282432.560203168308362, 5040268.697405971586704 ], [ 282427.809148911212105, 5040253.329504035413265 ], [ 282427.415535339096095, 5040245.812373012304306 ], [ 282425.272964245406911, 5040204.790206325240433 ], [ 282470.333560348080937, 5040164.268370240926743 ], [ 282485.460567812493537, 5040150.666403575800359 ], [ 282555.124441145570017, 5040088.019416400231421 ], [ 282689.220276948297396, 5039967.188244675286114 ], [ 282746.694179760059342, 5040005.190891205333173 ], [ 282824.318713617685717, 5040058.330750584602356 ], [ 282869.758770570275374, 5040016.972733676433563 ], [ 283060.449699154240079, 5040145.461308162659407 ], [ 283069.348044803598896, 5040141.461184736341238 ], [ 283117.671219563228078, 5040101.322648108936846 ], [ 283153.925235281232744, 5040057.190546036697924 ], [ 283170.476866865355987, 5040068.159627169370651 ], [ 283241.521646921755746, 5040007.749478870071471 ], [ 283275.314227576600388, 5039978.328357589431107 ], [ 283326.882247757283039, 5039928.624495428055525 ], [ 283372.48314239049796, 5039880.727541487663984 ], [ 283415.895570596330799, 5039844.006168594583869 ], [ 283658.582629872602411, 5039622.990624180063605 ], [ 283659.932006691815332, 5039619.892090493813157 ], [ 283667.036010597017594, 5039608.308106122538447 ], [ 283674.458984228607733, 5039597.363770178519189 ], [ 283677.019042826141231, 5039593.012207680381835 ], [ 283678.427001803531311, 5039588.596192052587867 ], [ 283678.874999856052455, 5039584.436035805381835 ], [ 283678.234985203889664, 5039578.932129548862576 ], [ 283676.954955911438446, 5039573.299805334769189 ], [ 283675.739990089379717, 5039566.771973303519189 ], [ 283675.29199204267934, 5039560.500000649131835 ], [ 283673.49999985267641, 5039554.483887368813157 ], [ 283671.579955912136938, 5039542.131836589425802 ], [ 283667.163940286787692, 5039529.204102210700512 ], [ 283664.284057468757965, 5039518.45117252599448 ], [ 283662.748046726221219, 5039509.426758458837867 ], [ 283660.060058449045755, 5039500.466797522269189 ], [ 283658.524047710525338, 5039496.17919986974448 ], [ 283657.947997900773771, 5039492.979004551656544 ], [ 283658.459960795065854, 5039489.39502018224448 ], [ 283658.140014503034763, 5039486.32324284221977 ], [ 283656.411987160972785, 5039477.106934242881835 ], [ 283658.140014505421277, 5039473.714844399131835 ], [ 283660.956054544891231, 5039465.075195961631835 ], [ 283664.540038919134531, 5039455.922852212563157 ], [ 283666.011962746852078, 5039447.154785809107125 ], [ 283668.380004737409763, 5039430.643067050725222 ], [ 283670.683959814778063, 5039421.426758462563157 ], [ 283673.371948097716086, 5039412.083008462563157 ], [ 283675.355956884159241, 5039402.674805339425802 ], [ 283677.212035987293348, 5039395.250977205112576 ], [ 283680.92395004897844, 5039374.898926434107125 ], [ 283682.907958839437924, 5039365.619141277857125 ], [ 283684.828002784983255, 5039357.747070962563157 ], [ 283686.043945165700279, 5039349.042969399131835 ], [ 283687.64404282317264, 5039341.619141272269189 ], [ 283689.755981299036648, 5039335.986817056313157 ], [ 283692.124023293028586, 5039328.818848305381835 ], [ 283692.376379042863846, 5039327.508546017110348 ], [ 283212.554519407451153, 5039013.732557363808155 ], [ 282920.583449858997483, 5038812.986000436358154 ], [ 282920.583456157008186, 5038812.986004767939448 ], [ 282920.583424406708218, 5038812.985982937738299 ], [ 282780.595439216471277, 5038716.736357652582228 ], [ 282561.625310981820803, 5038567.121927730739117 ], [ 282161.528787666931748, 5038293.750332561321557 ], [ 281761.557161093747709, 5038028.715436407364905 ], [ 281667.561474982474465, 5038170.747350578196347 ], [ 280348.559730319539085, 5037297.685624996200204 ], [ 280291.555398708907887, 5037376.703464285470545 ], [ 280214.573526514868718, 5037484.694160746410489 ], [ 280157.519748734252062, 5037588.714507832191885 ], [ 280127.578268041252159, 5037648.730438523925841 ], [ 279485.557660486490931, 5037204.758774051442742 ], [ 278850.562196868122555, 5036758.704362318851054 ], [ 278280.548194111383054, 5036352.782328340224922 ], [ 277973.517868737049866, 5036128.710161697119474 ], [ 277696.545414574095048, 5035931.751579341478646 ], [ 277544.560594736307394, 5036137.780864484608173 ], [ 277076.600452807790134, 5036801.229440140537918 ], [ 277029.051147348538507, 5036869.641067026183009 ], [ 277018.051544682763051, 5036886.695784347131848 ], [ 277007.03621301118983, 5036903.126601800322533 ], [ 276996.851031246187631, 5036918.316213778220117 ], [ 276919.620346446405165, 5037033.506569508463144 ], [ 276908.587290808383841, 5037049.96182139031589 ], [ 276897.552210020134225, 5037066.41797713842243 ] ], [ [ 282561.625369337562006, 5038567.121967605315149 ], [ 282561.625268125964794, 5038567.121898448094726 ], [ 282561.625310981820803, 5038567.121927730739117 ], [ 282561.625369337562006, 5038567.121967605315149 ] ], [ [ 279941.372070167446509, 5038351.636231116019189 ], [ 279955.963867041515186, 5038359.571777993813157 ], [ 279970.171874851919711, 5038365.587891275063157 ], [ 279984.764160008635372, 5038364.051758458837867 ], [ 279999.999999854131602, 5038365.972168617881835 ], [ 280017.403808450675569, 5038371.476074865087867 ], [ 280032.546874854189809, 5038383.411133469082415 ], [ 280043.287109230004717, 5038396.704102212563157 ], [ 280047.76708969718311, 5038401.952149083837867 ], [ 280063.126952977851033, 5038406.815918615087867 ], [ 280082.966796730819624, 5038411.680176425725222 ], [ 280093.462890479364432, 5038416.543945956975222 ], [ 280099.479003760439809, 5038414.624024082906544 ], [ 280123.415038916573394, 5038397.728027995675802 ], [ 280130.966796731459908, 5038398.111817063763738 ], [ 280144.791015480528586, 5038404.512207684107125 ], [ 280155.67089829192264, 5038404.895996745675802 ], [ 280168.471191260439809, 5038402.976074867881835 ], [ 280176.662109231518116, 5038401.952149087563157 ], [ 280187.542968605004717, 5038406.432129552587867 ], [ 280202.519042824220378, 5038414.24023502971977 ], [ 280214.166992044309154, 5038422.175781897269189 ], [ 280224.66308579267934, 5038431.520020184107125 ], [ 280234.391113139456138, 5038441.248047521337867 ], [ 280238.103027201083023, 5038453.919922521337867 ], [ 280240.407226415758487, 5038463.392090490087867 ], [ 280246.294921728549525, 5038471.96777408849448 ], [ 280253.462890481343493, 5038484.64013736974448 ], [ 280258.710937353782356, 5038495.136231115087867 ], [ 280261.655761572648771, 5038507.936035806313157 ], [ 280262.808105322881602, 5038519.583985021337867 ], [ 280264.344238137011416, 5038532.640137366019189 ], [ 280269.976074073696509, 5038541.21582096349448 ], [ 280275.224120948871132, 5038553.631836587563157 ], [ 280281.624023291980848, 5038564.895996745675802 ], [ 280287.896972513583023, 5038577.952149086631835 ], [ 280297.241210796055384, 5038586.27197331096977 ], [ 280304.792968606692739, 5038589.600098303519189 ], [ 280315.672851419425569, 5038589.983887365087867 ], [ 280325.784179544716608, 5038587.295899087563157 ], [ 280336.664062357391231, 5038583.583985024131835 ], [ 280346.392089701141231, 5038583.967774089425802 ], [ 280355.735839696717449, 5038586.912110018543899 ], [ 280362.903808448580094, 5038589.60009830724448 ], [ 280370.328124854248017, 5038588.448242834769189 ], [ 280371.09619126166217, 5038585.888184242881835 ], [ 280375.191894389281515, 5038578.720215496607125 ], [ 280385.304199071892072, 5038571.295899086631835 ], [ 280396.952148290059995, 5038563.359863931313157 ], [ 280406.295898292562924, 5038560.416016269475222 ], [ 280418.711913918086793, 5038561.056152997538447 ], [ 280432.151855320844334, 5038566.687988930381835 ], [ 280448.664062357507646, 5038574.624024089425802 ], [ 280461.08007797843311, 5038584.735840499401093 ], [ 280468.50390610343311, 5038593.312012364156544 ], [ 280474.136230323230848, 5038602.271973306313157 ], [ 280484.631835792853963, 5038612.12793033849448 ], [ 280492.824218601628672, 5038615.071777990087867 ], [ 280501.527831886953209, 5038614.687988929450512 ], [ 280511.029785012768116, 5038622.081055337563157 ], [ 280518.956054542155471, 5038629.996094397269189 ], [ 280519.339843608206138, 5038636.395996738225222 ], [ 280522.795898291980848, 5038649.835938151925802 ], [ 280518.573242039536126, 5038663.660156893543899 ], [ 280511.148925638524815, 5038673.13183658849448 ], [ 280508.077148293959908, 5038686.187988930381835 ], [ 280507.692870951606892, 5038696.684082679450512 ], [ 280512.557128756539896, 5038702.315918620675802 ], [ 280514.860839699569624, 5038710.892090491950512 ], [ 280515.245117040991317, 5038721.388184241019189 ], [ 280517.549804544250946, 5038732.651856122538447 ], [ 280520.877929542097263, 5038751.724121745675802 ], [ 280524.58984360244358, 5038765.675781895406544 ], [ 280523.054199073463678, 5038775.020020177587867 ], [ 280518.958007663604803, 5038781.036133459769189 ], [ 280510.38183578918688, 5038780.651856118813157 ], [ 280489.773925635730848, 5038782.060059241950512 ], [ 280465.454101415351033, 5038780.651856121607125 ], [ 280440.367187357624061, 5038783.596192050725222 ], [ 280418.606933449045755, 5038787.691895181313157 ], [ 280396.079101418203209, 5038793.324219393543899 ], [ 280364.975097512884531, 5038792.939942055381835 ], [ 280333.486816260789055, 5038795.245117840357125 ], [ 280304.687011571717449, 5038793.325195960700512 ], [ 280290.095214696775656, 5038791.148926429450512 ], [ 280277.071777197939809, 5038791.148926431313157 ], [ 280225.938964696717449, 5038732.324219398200512 ], [ 280224.174804544541985, 5038728.94091861974448 ], [ 280214.446777195960749, 5038714.349121741019189 ], [ 280204.975097510265186, 5038707.181152989156544 ], [ 280197.166992040642072, 5038696.300781896337867 ], [ 280195.246093607274815, 5038684.268067055381835 ], [ 280188.589843603374902, 5038657.388184243813157 ], [ 280182.574218605528586, 5038637.54785221349448 ], [ 280168.622070170182269, 5038626.667969399131835 ], [ 280153.645995947299525, 5038613.483887366950512 ], [ 280147.196777201024815, 5038621.92089909221977 ], [ 280139.046874856343493, 5038632.358887368813157 ], [ 280061.75292954116594, 5038543.437988928519189 ], [ 280063.767089698871132, 5038543.850098313763738 ], [ 280067.09521469916217, 5038542.69824283849448 ], [ 280077.975097510498017, 5038533.737793615087867 ], [ 280087.703124852559995, 5038528.490235020406544 ], [ 280096.022949075559154, 5038520.937988933175802 ], [ 280103.062988134217449, 5038522.474121739156544 ], [ 280110.615234229189809, 5038524.394043613225222 ], [ 280120.726074071018957, 5038525.801758461631835 ], [ 280127.511230322881602, 5038529.257813152857125 ], [ 280129.686035011545755, 5038521.32177799474448 ], [ 280125.97412094642641, 5038513.129883458837867 ], [ 280121.109863135730848, 5038510.441895180381835 ], [ 280111.766113137011416, 5038508.266113927587867 ], [ 280106.90185532392934, 5038504.554199867881835 ], [ 280100.979003760963678, 5038503.188965487293899 ], [ 280092.588867044250946, 5038501.907227215357125 ], [ 280081.43017563741887, 5038499.945801428519189 ], [ 280071.189941262942739, 5038500.330078774131835 ], [ 280062.229980324627832, 5038499.562012365087867 ], [ 280055.574218603782356, 5038492.90576236974448 ], [ 280050.582031101046596, 5038480.490235020406544 ], [ 280046.870117042213678, 5038469.60986393224448 ], [ 280039.830077978083864, 5038463.978027992881835 ], [ 280032.483886572706979, 5038460.841797525063157 ], [ 280027.051757668028586, 5038460.651856116950512 ], [ 280021.804199069796596, 5038457.324219392612576 ], [ 280015.403808446135372, 5038458.73193424474448 ], [ 280014.764160010556225, 5038463.33984440099448 ], [ 280010.540038916398771, 5038466.284180339425802 ], [ 280019.883788916340563, 5038473.835938152857125 ], [ 280027.819824073056225, 5038483.563965495675802 ], [ 280032.499999855703209, 5038491.960938152857125 ], [ 280035.222167822648771, 5038503.786133460700512 ], [ 280035.500976417562924, 5038513.236817056313157 ], [ 279999.999999853607733, 5038471.815918621607125 ], [ 279923.325195166864432, 5038382.355957681313157 ], [ 279916.285156106809154, 5038373.779785808175802 ], [ 279906.939941261778586, 5038361.36377018224448 ], [ 279909.116210792271886, 5038354.708008464425802 ], [ 279917.691894386720378, 5038351.251953774131835 ], [ 279931.259765479597263, 5038347.92382877971977 ], [ 279941.372070167446509, 5038351.636231116019189 ] ] ], [ [ [ 282920.583415441098623, 5038812.985976771451533 ], [ 282920.583424406708218, 5038812.985982937738299 ], [ 282920.583449858997483, 5038812.986000436358154 ], [ 282920.583415441098623, 5038812.985976771451533 ] ] ], [ [ [ 280391.916015481809154, 5038637.416992832906544 ], [ 280370.879882668261416, 5038650.904785806313157 ], [ 280374.080077979888301, 5038655.708985030651093 ], [ 280379.339843600871973, 5038661.652832680381835 ], [ 280383.12402329716133, 5038667.477051435038447 ], [ 280389.395995947474148, 5038670.165039714425802 ], [ 280397.71582016616594, 5038672.725098301656544 ], [ 280406.291992042970378, 5038670.933106124401093 ], [ 280416.788085788371973, 5038665.685059242881835 ], [ 280420.499999854713678, 5038658.900879554450512 ], [ 280428.567870944621973, 5038651.597168615087867 ], [ 280438.903808451257646, 5038644.02099674474448 ], [ 280445.448242044192739, 5038638.517090495675802 ], [ 280452.128906101570465, 5038629.517090491019189 ], [ 280449.976074077072553, 5038626.551758464425802 ], [ 280439.47998032119358, 5038621.687988931313157 ], [ 280429.369140480877832, 5038624.248047521337867 ], [ 280420.280761574395001, 5038622.711914712563157 ], [ 280415.235839697124902, 5038623.696778001263738 ], [ 280406.547851418145001, 5038627.584961586631835 ], [ 280399.231933449220378, 5038634.216797525063157 ], [ 280391.916015481809154, 5038637.416992832906544 ] ] ], [ [ [ 280481.081054540816694, 5038658.295899086631835 ], [ 280470.969238133344334, 5038652.664063151925802 ], [ 280461.497070165816694, 5038646.392090492881835 ], [ 280457.785156105121132, 5038637.304199860431254 ], [ 280450.824218606459908, 5038633.929199865087867 ], [ 280447.171874856634531, 5038641.845215490087867 ], [ 280442.0961912634084, 5038645.904785804450512 ], [ 280425.444824075500946, 5038658.666016273200512 ], [ 280431.161132665525656, 5038657.271973305381835 ], [ 280441.27294907841133, 5038656.888184241950512 ], [ 280450.61718735616887, 5038657.655762371607125 ], [ 280462.648925637069624, 5038662.90380924474448 ], [ 280472.761230323521886, 5038669.560059240087867 ], [ 280480.696777195204049, 5038677.111817056313157 ], [ 280482.873046728025656, 5038668.023926433175802 ], [ 280481.081054540816694, 5038658.295899086631835 ] ] ], [ [ [ 280283.193847509217449, 5038697.720215492881835 ], [ 280274.618163917097263, 5038693.62402408849448 ], [ 280268.985839699278586, 5038687.992188148200512 ], [ 280267.450195167446509, 5038679.671875652857125 ], [ 280266.68212876166217, 5038674.040039714425802 ], [ 280261.43408188293688, 5038670.328125647269189 ], [ 280254.394042823638301, 5038667.383789714425802 ], [ 280246.074218602909241, 5038665.848145183175802 ], [ 280239.801757670182269, 5038663.160156896337867 ], [ 280233.018066258286126, 5038662.136231111362576 ], [ 280228.53808579267934, 5038664.695801431313157 ], [ 280233.786132668145001, 5038673.655762370675802 ], [ 280240.826171728549525, 5038689.784180336631835 ], [ 280247.994140480645001, 5038705.527832684107125 ], [ 280250.938964698405471, 5038715.640137366019189 ], [ 280255.163085789070465, 5038717.943848308175802 ], [ 280262.203124853840563, 5038716.408203774131835 ], [ 280274.619140479364432, 5038724.600098309107125 ], [ 280288.059081885498017, 5038736.248047528788447 ], [ 280292.154785013874061, 5038734.711914706975222 ], [ 280306.106933446950279, 5038732.151856118813157 ], [ 280303.418945168028586, 5038725.751953776925802 ], [ 280305.33789047942264, 5038714.487793615087867 ], [ 280304.569824074278586, 5038705.527832683175802 ], [ 280301.881835790409241, 5038698.487793625332415 ], [ 280297.401855319913011, 5038696.567871743813157 ], [ 280290.361816261487547, 5038698.487793621607125 ], [ 280283.193847509217449, 5038697.720215492881835 ] ] ], [ [ [ 283685.212035989097785, 5039380.33886783849448 ], [ 283682.843993997899815, 5039393.07519596349448 ], [ 283681.115966651239432, 5039396.14697330724448 ], [ 283680.0920408727834, 5039399.730957681313157 ], [ 283679.579955909692217, 5039404.01904361974448 ], [ 283676.060058447648771, 5039417.971192055381835 ], [ 283673.755981298338156, 5039425.586914712563157 ], [ 283670.491943214205094, 5039441.842774090357125 ], [ 283667.93200668960344, 5039452.979004554450512 ], [ 283666.267944191000424, 5039458.48291080724448 ], [ 283664.47595200286014, 5039469.619141274131835 ], [ 283661.916015478724148, 5039477.747070966288447 ], [ 283663.323974465078209, 5039483.250977212563157 ], [ 283664.411987159575801, 5039489.395020181313157 ], [ 283667.932006693154108, 5039506.419922519475222 ], [ 283673.436035010556225, 5039522.164063152857125 ], [ 283675.739990090776701, 5039529.332031897269189 ], [ 283677.020019386371132, 5039536.75586002599448 ], [ 283681.626952981809154, 5039554.547852207906544 ], [ 283683.802978370164055, 5039567.348145186901093 ], [ 283684.890991064719856, 5039575.155762366019189 ], [ 283684.827026220387779, 5039580.147949870675802 ], [ 283684.44299302023137, 5039585.39599674474448 ], [ 283683.291015481401701, 5039589.748047522269189 ], [ 283682.65100082824938, 5039593.844238931313157 ], [ 283680.666992042155471, 5039599.027832678519189 ], [ 283676.954955910972785, 5039605.299805334769189 ], [ 283675.45730301446747, 5039607.62282878626138 ], [ 283720.780855580815114, 5039566.346587381325662 ], [ 283827.369819663872477, 5039415.786517187952995 ], [ 283744.894534892402589, 5039361.852409146726131 ], [ 283695.84316853567725, 5039329.775627599097788 ], [ 283695.0679930212209, 5039331.699219400063157 ], [ 283693.660034035623539, 5039337.075195962563157 ], [ 283692.635986182081979, 5039341.938965490087867 ], [ 283692.251952977734618, 5039346.867188149131835 ], [ 283691.036010599869769, 5039352.754883462563157 ], [ 283689.947997900890186, 5039359.47509830724448 ], [ 283688.604003762593493, 5039366.38720768596977 ], [ 283685.212035989097785, 5039380.33886783849448 ] ] ] ] } },
{ "type": "Feature", "properties": { "id": 10, "nom": "Petite-Patrie" }, "geometry": { "type": "MultiPolygon", "coordinates": [ [ [ [ 296205.972332782985177, 5044974.43154713138938 ], [ 296236.023295353108551, 5045021.954705292358994 ], [ 296336.496428448066581, 5045176.068794308230281 ], [ 296441.82362685771659, 5045343.513830985873938 ], [ 296715.588877207715996, 5045164.010677061975002 ], [ 296761.434851504163817, 5045232.186467111110687 ], [ 296831.150117232871708, 5045343.228979045525193 ], [ 296845.862607195740566, 5045368.99280917737633 ], [ 297112.672005225904286, 5045812.519396697171032 ], [ 297382.612950474722311, 5045635.605962562374771 ], [ 297515.322128410451114, 5045544.878069010563195 ], [ 297650.222597437677905, 5045455.150690974667668 ], [ 297914.72840978577733, 5045278.488812051713467 ], [ 298065.092591851076577, 5045180.640860979445279 ], [ 298103.172260746534448, 5045156.040004347451031 ], [ 298133.995030334219337, 5045136.003484229557216 ], [ 298145.622004413744435, 5045128.545321607962251 ], [ 298176.523248969868291, 5045108.620060200802982 ], [ 298210.079298224474769, 5045088.35876605566591 ], [ 298301.852269260038156, 5045032.919492416083813 ], [ 298396.827465521986596, 5044976.478115777485073 ], [ 298475.570579241437372, 5044928.722793325781822 ], [ 298506.631150724831969, 5044909.910323061980307 ], [ 298662.795144484902266, 5044815.182662799023092 ], [ 298678.71615020459285, 5044805.498664944432676 ], [ 298687.846567752072588, 5044799.155266776680946 ], [ 298697.991750224784482, 5044792.366368594579399 ], [ 298708.060051887703594, 5044786.800006803125143 ], [ 298736.781765256018844, 5044770.54697891138494 ], [ 298751.376522062812001, 5044761.975763391703367 ], [ 298856.661448866361752, 5044698.641310414299369 ], [ 298959.060315603099298, 5044636.644900589250028 ], [ 298969.990289112844039, 5044633.41191713232547 ], [ 299006.28315548581304, 5044611.485395708121359 ], [ 298826.454021692159586, 5044631.546686510555446 ], [ 298771.479209617245942, 5044634.155334490351379 ], [ 298744.303063840256073, 5044634.292659452185035 ], [ 298706.114122845232487, 5044632.662696540355682 ], [ 298661.362761154770851, 5044628.372236581519246 ], [ 298622.076191403844859, 5044622.409737752750516 ], [ 298579.351032561215106, 5044614.006006552837789 ], [ 298546.544128994282801, 5044606.148321378044784 ], [ 298513.032298544188961, 5044596.291150446049869 ], [ 298469.67612036090577, 5044581.998837769962847 ], [ 298434.67620127578266, 5044568.142859893850982 ], [ 298390.76844834262738, 5044549.406399051658809 ], [ 298359.202020917320624, 5044533.324706273153424 ], [ 298319.74229394167196, 5044511.805891070514917 ], [ 298251.675106992770452, 5044466.757297205738723 ], [ 298225.023110494948924, 5044446.114764486439526 ], [ 298147.087006165587809, 5044375.184066842310131 ], [ 298129.57353831094224, 5044356.421482806093991 ], [ 298032.374185621156357, 5044239.948904825374484 ], [ 297832.798415864643175, 5043996.56772212870419 ], [ 297676.311731126799714, 5043814.266033153049648 ], [ 297367.440908037708141, 5043441.3347646035254 ], [ 297338.97485174931353, 5043412.029933403246105 ], [ 297286.820415926340502, 5043364.972577922977507 ], [ 297212.78456688602455, 5043309.607254208996892 ], [ 297143.529344261507504, 5043268.350626466795802 ], [ 297097.963265119644348, 5043245.51340027526021 ], [ 297044.741908213938586, 5043222.574835714884102 ], [ 297006.37359933409607, 5043209.620052157901227 ], [ 296978.009249644412193, 5043201.431658253073692 ], [ 296893.93862061353866, 5043182.755908568389714 ], [ 296803.157025722844992, 5043169.646396916359663 ], [ 296630.681389569712337, 5043164.756655014120042 ], [ 296537.029359162552282, 5043167.213098296895623 ], [ 296505.861753677367233, 5043166.254058877937496 ], [ 296483.752362844010349, 5043163.282795268110931 ], [ 296450.623815728875343, 5043156.214415854774415 ], [ 296411.397167929273564, 5043145.153642281889915 ], [ 296375.211351621546783, 5043130.088305908255279 ], [ 296340.035415783990175, 5043111.021093493327498 ], [ 296297.975322870537639, 5043084.517617968842387 ], [ 296018.103700523381121, 5042864.419015293940902 ], [ 295661.600274690135848, 5043087.857456993311644 ], [ 295643.026496157981455, 5043099.442193380557001 ], [ 295645.066974984074477, 5043105.995955960825086 ], [ 295646.873114534537308, 5043112.550061257556081 ], [ 295648.601300896378234, 5043119.215412086807191 ], [ 295650.716150316293351, 5043123.213050236925483 ], [ 295651.502453170600347, 5043126.768102061934769 ], [ 295652.132694318832364, 5043130.434512848034501 ], [ 295652.762934741273057, 5043134.100923712365329 ], [ 295655.05538904631976, 5043152.767625054344535 ], [ 295655.942156966950279, 5043171.658639527857304 ], [ 295655.501037748239469, 5043190.551590705290437 ], [ 295665.491439104429446, 5043185.202733069658279 ], [ 295663.267187671619467, 5043213.322173330932856 ], [ 295659.241241834999528, 5043237.888041935861111 ], [ 295647.031638751912396, 5043274.690288933925331 ], [ 295638.467337076261174, 5043293.706236613914371 ], [ 295627.873223888745997, 5043313.391952559351921 ], [ 295606.827242025756277, 5043343.09481281414628 ], [ 295583.432817031804007, 5043369.133865028619766 ], [ 295558.703378416306805, 5043390.17406634055078 ], [ 295537.321422247739974, 5043403.541363537311554 ], [ 295497.591620778548531, 5043421.936831233091652 ], [ 295486.89348876249278, 5043423.730810024775565 ], [ 295475.963848404760938, 5043427.414382987655699 ], [ 295441.064937271818053, 5043437.690446136519313 ], [ 295307.319886515673716, 5043473.120090939104557 ], [ 295308.651745619077701, 5043475.785226035863161 ], [ 295560.815885571704712, 5043869.702544848434627 ], [ 295568.331208825751673, 5043881.582530037499964 ], [ 295638.690973476215731, 5043927.932239089161158 ], [ 295732.538006679504178, 5044068.376996151171625 ], [ 295775.516035921697039, 5044138.66115216165781 ], [ 295836.173763437778689, 5044230.25753400567919 ], [ 295872.33610846218653, 5044287.216344903223217 ], [ 295889.563894591119606, 5044319.864470581524074 ], [ 295906.731061845552176, 5044364.959449613466859 ], [ 295979.818530251854099, 5044579.450997801497579 ], [ 296005.763638299016748, 5044647.98265686724335 ], [ 296032.394531150639523, 5044704.733533735387027 ], [ 296139.529962279892061, 5044869.392592270858586 ], [ 296205.972332782985177, 5044974.43154713138938 ] ] ] ] } },
{ "type": "Feature", "properties": { "id": 40, "nom": "Senneville" }, "geometry": { "type": "MultiPolygon", "coordinates": [ [ [ [ 267573.326171730819624, 5031259.939453775063157 ], [ 267564.326171728258487, 5031260.939453781582415 ], [ 267559.326171728200279, 5031259.939453774131835 ], [ 267553.326171730936039, 5031257.939453778788447 ], [ 267546.326171729655471, 5031256.939453778788447 ], [ 267541.326171732507646, 5031251.939453778788447 ], [ 267541.32617172744358, 5031245.939453774131835 ], [ 267537.326171728607733, 5031240.938477210700512 ], [ 267532.326171728898771, 5031239.938477212563157 ], [ 267527.326171728083864, 5031235.938477214425802 ], [ 267525.326171728200279, 5031240.938477210700512 ], [ 267524.326171729364432, 5031247.939453771337867 ], [ 267523.326171728083864, 5031257.93945377599448 ], [ 267522.326171728083864, 5031265.939453770406544 ], [ 267519.326171728782356, 5031273.939453776925802 ], [ 267517.326171730470378, 5031278.939453770406544 ], [ 267521.326171726221219, 5031283.939453770406544 ], [ 267539.326171728607733, 5031288.939453778788447 ], [ 267544.326171728491317, 5031289.939453773200512 ], [ 267557.326171730994247, 5031293.939453772269189 ], [ 267564.326171730761416, 5031295.93945377599448 ], [ 267576.326171728374902, 5031298.939453777857125 ], [ 267582.326171732624061, 5031299.93945377599448 ], [ 267589.326171725871973, 5031301.939453773200512 ], [ 267597.328124855994247, 5031303.939453775063157 ], [ 267602.328124853840563, 5031305.939453778788447 ], [ 267606.328124851104803, 5031309.939453776925802 ], [ 267606.328124856343493, 5031316.939453778788447 ], [ 267601.328124854713678, 5031321.939453770406544 ], [ 267533.326171728491317, 5031346.939453772269189 ], [ 267531.326171729830094, 5031347.939453769475222 ], [ 267527.326171728025656, 5031352.939453777857125 ], [ 267528.326171728782356, 5031357.940430331975222 ], [ 267537.328124853549525, 5031364.940430335700512 ], [ 267546.328124854946509, 5031365.940430334769189 ], [ 267554.328124854771886, 5031365.940430337563157 ], [ 267559.328124852851033, 5031366.940430336631835 ], [ 267567.32812485244358, 5031366.94043033849448 ], [ 267573.328124855703209, 5031367.940430336631835 ], [ 267579.328124854480848, 5031373.940430334769189 ], [ 267583.32812485517934, 5031381.940430335700512 ], [ 267585.328124853840563, 5031388.940430334769189 ], [ 267586.32812485267641, 5031395.94043033849448 ], [ 267586.328124852618203, 5031404.940430333837867 ], [ 267588.328124854306225, 5031410.940430337563157 ], [ 267590.328124852734618, 5031415.940430336631835 ], [ 267591.32812485343311, 5031420.940430333837867 ], [ 267594.328124852385372, 5031427.940430334769189 ], [ 267596.328124851570465, 5031434.940430334769189 ], [ 267597.328124857856892, 5031439.940430339425802 ], [ 267598.328124853374902, 5031446.940430339425802 ], [ 267601.328124853898771, 5031453.94043033849448 ], [ 267602.328124852909241, 5031463.940430336631835 ], [ 267605.328124853200279, 5031470.94043033849448 ], [ 267609.328124856750946, 5031476.941406900063157 ], [ 267613.328124854015186, 5031481.941406899131835 ], [ 267619.328124850057065, 5031487.941406899131835 ], [ 267626.328124854713678, 5031493.94140690099448 ], [ 267634.32812485244358, 5031500.941406900063157 ], [ 267639.330077978898771, 5031506.941406899131835 ], [ 267644.330077981285285, 5031510.94140690099448 ], [ 267651.330077980528586, 5031514.941406899131835 ], [ 267661.330077979713678, 5031520.941406895406544 ], [ 267668.330077978724148, 5031522.941406894475222 ], [ 267686.330077976221219, 5031522.941406900063157 ], [ 267694.330077979771886, 5031523.941406905651093 ], [ 267701.330077980703209, 5031523.941406899131835 ], [ 267706.330077978316694, 5031526.94140690099448 ], [ 267713.330077980528586, 5031529.941406899131835 ], [ 267718.330077976977918, 5031532.94140690099448 ], [ 267724.33007797942264, 5031533.941406900063157 ], [ 267729.330077980062924, 5031531.941406903788447 ], [ 267735.330077977385372, 5031523.941406901925802 ], [ 267739.330077980703209, 5031518.94140690099448 ], [ 267747.330077980645001, 5031514.941406901925802 ], [ 267754.330077978607733, 5031511.941406906582415 ], [ 267761.330077979830094, 5031507.94140690099448 ], [ 267764.330077978956979, 5031501.941406898200512 ], [ 267766.330077977559995, 5031493.94140690099448 ], [ 267766.330077978258487, 5031471.940430336631835 ], [ 267765.330077977268957, 5031465.940430337563157 ], [ 267762.330077976279426, 5031453.94043033849448 ], [ 267761.330077980062924, 5031447.940430334769189 ], [ 267757.330077978025656, 5031437.940430336631835 ], [ 267756.330077978316694, 5031431.94043033849448 ], [ 267755.330077978840563, 5031426.940430334769189 ], [ 267753.330077979713678, 5031414.940430334769189 ], [ 267752.330077975173481, 5031409.940430337563157 ], [ 267753.330077977851033, 5031404.94043033849448 ], [ 267760.330077975639142, 5031406.940430335700512 ], [ 267764.330077978607733, 5031410.94043033849448 ], [ 267765.330077978083864, 5031415.940430332906544 ], [ 267764.330077981459908, 5031422.940430335700512 ], [ 267767.330077979946509, 5031427.940430339425802 ], [ 267772.330077976977918, 5031428.940430337563157 ], [ 267779.330077976279426, 5031425.940430335700512 ], [ 267785.330077978549525, 5031417.940430339425802 ], [ 267791.330077979597263, 5031412.940430336631835 ], [ 267816.330077979364432, 5031397.940430340357125 ], [ 267821.330077979480848, 5031399.940430334769189 ], [ 267824.330077981750946, 5031400.940430336631835 ], [ 267826.330077980936039, 5031406.940430334769189 ], [ 267829.330077977734618, 5031411.940430332906544 ], [ 267834.330077979539055, 5031410.940430340357125 ], [ 267840.330077978083864, 5031408.940430336631835 ], [ 267847.330077978025656, 5031403.94043033849448 ], [ 267853.330077982507646, 5031400.940430336631835 ], [ 267857.330077978549525, 5031396.940430333837867 ], [ 267857.330077980586793, 5031366.939453780651093 ], [ 267854.33007797843311, 5031342.939453773200512 ], [ 267852.330077980295755, 5031338.93945377599448 ], [ 267846.330077980295755, 5031339.939453774131835 ], [ 267838.330077980761416, 5031334.939453774131835 ], [ 267833.33007798041217, 5031329.939453775063157 ], [ 267832.330077979713678, 5031323.939453777857125 ], [ 267838.330077981518116, 5031320.939453775063157 ], [ 267844.330077975988388, 5031319.939453773200512 ], [ 267848.330077976570465, 5031315.939453772269189 ], [ 267846.330077977210749, 5031308.939453776925802 ], [ 267844.330077981110662, 5031303.939453774131835 ], [ 267840.328124855936039, 5031296.939453774131835 ], [ 267832.328124852792826, 5031285.939453773200512 ], [ 267828.328124851919711, 5031281.939453772269189 ], [ 267822.328124853724148, 5031277.939453770406544 ], [ 267815.328124854830094, 5031274.939453773200512 ], [ 267806.328124855004717, 5031272.93945377971977 ], [ 267799.328124853898771, 5031270.939453775063157 ], [ 267793.328124854771886, 5031269.93945377599448 ], [ 267787.328124854364432, 5031267.939453771337867 ], [ 267779.328124852268957, 5031265.939453774131835 ], [ 267771.328124854306225, 5031262.939453773200512 ], [ 267765.328124853083864, 5031261.939453778788447 ], [ 267757.328124854539055, 5031263.939453769475222 ], [ 267755.328124852618203, 5031268.939453771337867 ], [ 267755.328124852036126, 5031282.939453772269189 ], [ 267754.328124855761416, 5031289.939453773200512 ], [ 267752.328124853898771, 5031296.939453771337867 ], [ 267747.328124853491317, 5031304.939453777857125 ], [ 267742.328124854248017, 5031309.939453776925802 ], [ 267738.32812485366594, 5031314.939453774131835 ], [ 267732.32812485517934, 5031317.939453773200512 ], [ 267722.32812485442264, 5031319.939453773200512 ], [ 267717.328124855645001, 5031317.939453777857125 ], [ 267712.328124853258487, 5031316.939453773200512 ], [ 267705.328124852385372, 5031312.939453773200512 ], [ 267696.328124853607733, 5031306.939453771337867 ], [ 267690.328124852036126, 5031301.939453771337867 ], [ 267665.328124852967449, 5031291.939453775063157 ], [ 267659.328124854480848, 5031286.939453777857125 ], [ 267654.32812485541217, 5031282.939453776925802 ], [ 267648.328124855062924, 5031276.939453776925802 ], [ 267644.328124854189809, 5031271.939453776925802 ], [ 267639.328124852851033, 5031266.939453775063157 ], [ 267635.326171732973307, 5031261.939453775063157 ], [ 267630.326171729306225, 5031257.93945377599448 ], [ 267624.326171729655471, 5031255.939453770406544 ], [ 267618.326171726454049, 5031254.939453772269189 ], [ 267609.326171730645001, 5031256.939453775063157 ], [ 267604.326171728782356, 5031258.93945377599448 ], [ 267599.326171726104803, 5031257.93945377599448 ], [ 267599.326171727967449, 5031250.939453774131835 ], [ 267596.326171729364432, 5031245.938477211631835 ], [ 267589.326171728083864, 5031247.939453776925802 ], [ 267584.326171729888301, 5031254.939453773200512 ], [ 267579.326171727327164, 5031257.939453770406544 ], [ 267573.326171730819624, 5031259.939453775063157 ] ] ], [ [ [ 268384.328124855237547, 5030371.931641275063157 ], [ 268384.328124854073394, 5030353.93164127599448 ], [ 268385.328124855586793, 5030348.930664708837867 ], [ 268387.328124852152541, 5030342.930664716288447 ], [ 268388.328124856459908, 5030336.930664712563157 ], [ 268388.328124856576324, 5030330.930664711631835 ], [ 268382.328124853782356, 5030335.930664714425802 ], [ 268380.328124854830094, 5030341.930664710700512 ], [ 268379.328124853025656, 5030348.930664714425802 ], [ 268377.328124854364432, 5030353.93164127599448 ], [ 268375.328124854539055, 5030362.931641272269189 ], [ 268375.328124855761416, 5030377.931641272269189 ], [ 268376.328124853083864, 5030384.931641274131835 ], [ 268381.328124853724148, 5030383.931641274131835 ], [ 268382.328124853491317, 5030375.931641273200512 ], [ 268383.328124852909241, 5030372.931641276925802 ], [ 268384.328124855237547, 5030371.931641275063157 ] ] ], [ [ [ 268183.326171726337634, 5030586.932617840357125 ], [ 268180.326171731285285, 5030585.932617835700512 ], [ 268175.326171728898771, 5030583.932617841288447 ], [ 268171.326171729364432, 5030578.932617832906544 ], [ 268161.326171727851033, 5030562.932617840357125 ], [ 268159.32617173017934, 5030554.932617841288447 ], [ 268156.326171729248017, 5030544.932617839425802 ], [ 268154.326171726454049, 5030535.932617839425802 ], [ 268153.326171728840563, 5030529.932617840357125 ], [ 268146.32617172942264, 5030527.932617833837867 ], [ 268141.326171730121132, 5030526.932617836631835 ], [ 268135.326171730295755, 5030521.932617837563157 ], [ 268133.326171728200279, 5030515.93261784221977 ], [ 268129.326171728840563, 5030507.93164127599448 ], [ 268123.326171729306225, 5030505.931641273200512 ], [ 268118.326171729713678, 5030510.93164127599448 ], [ 268116.326171729073394, 5030521.932617835700512 ], [ 268114.326171727152541, 5030529.932617836631835 ], [ 268114.326171729888301, 5030540.932617835700512 ], [ 268117.326171727851033, 5030552.932617840357125 ], [ 268120.326171730004717, 5030559.932617837563157 ], [ 268126.326171729073394, 5030566.932617835700512 ], [ 268130.326171728200279, 5030571.932617830112576 ], [ 268137.32617173041217, 5030581.932617837563157 ], [ 268143.326171727152541, 5030588.932617832906544 ], [ 268150.326171730062924, 5030593.932617840357125 ], [ 268155.326171728724148, 5030595.932617837563157 ], [ 268164.326171729131602, 5030601.932617833837867 ], [ 268169.326171724649612, 5030603.932617839425802 ], [ 268176.326171730237547, 5030608.932617845013738 ], [ 268185.32617173041217, 5030615.93261784221977 ], [ 268199.328124853083864, 5030621.932617840357125 ], [ 268205.328124854713678, 5030623.93261783849448 ], [ 268217.328124854364432, 5030628.932617836631835 ], [ 268222.328124853200279, 5030630.932617841288447 ], [ 268229.328124854713678, 5030632.932617836631835 ], [ 268239.328124852327164, 5030632.932617835700512 ], [ 268249.32812485244358, 5030635.932617833837867 ], [ 268256.328124852268957, 5030635.93261784221977 ], [ 268262.328124851628672, 5030634.932617839425802 ], [ 268256.328124852152541, 5030630.932617837563157 ], [ 268248.328124854597263, 5030627.932617840357125 ], [ 268238.328124856576324, 5030624.932617835700512 ], [ 268233.328124853316694, 5030622.932617841288447 ], [ 268225.32812485517934, 5030618.932617837563157 ], [ 268219.328124856809154, 5030614.932617837563157 ], [ 268212.328124854480848, 5030608.932617835700512 ], [ 268206.328124854539055, 5030601.932617831043899 ], [ 268197.326171726628672, 5030592.932617835700512 ], [ 268183.326171726337634, 5030586.932617840357125 ] ] ], [ [ [ 270618.534676280396525, 5034648.965391876176 ], [ 270633.680868425755762, 5034629.434407840482891 ], [ 270640.511143216339406, 5034621.042763360776007 ], [ 270729.359099903434981, 5034511.438751575537026 ], [ 270753.599751857283991, 5034480.979010592214763 ], [ 270785.731022368359845, 5034440.906456414610147 ], [ 271031.869848986796569, 5034136.83384698163718 ], [ 271314.932512697414495, 5033790.645783703774214 ], [ 271559.120768526976462, 5033493.908817959018052 ], [ 271419.468437502393499, 5033428.816049050539732 ], [ 271358.45458726742072, 5033562.828994563780725 ], [ 271041.456015092902817, 5033417.824682361446321 ], [ 271103.443250589829404, 5033290.802449212409556 ], [ 270950.438629810581915, 5033223.835774318315089 ], [ 270619.482940745423548, 5033075.820917154662311 ], [ 270613.436160474666394, 5033100.743535707704723 ], [ 270567.442992256896105, 5033131.776831251569092 ], [ 270428.436488444218412, 5033064.73977511189878 ], [ 270353.504982105921954, 5033240.747479462996125 ], [ 270183.48331358388532, 5033167.770626849494874 ], [ 270061.474124902917538, 5033075.763010467402637 ], [ 269952.43880291248206, 5033038.800712866708636 ], [ 269866.427499868965242, 5033218.758569517172873 ], [ 269783.415313988982234, 5033191.776360153220594 ], [ 269839.426215103711002, 5033061.773633163422346 ], [ 269745.460726257588249, 5033033.731418117880821 ], [ 269902.453961598628666, 5032659.785290874540806 ], [ 269895.475915742164943, 5032656.825019721873105 ], [ 269623.419183814083226, 5032966.735570249147713 ], [ 269513.423593763320241, 5033038.81294181663543 ], [ 268936.465959622466471, 5032127.786022122949362 ], [ 269159.47952546965098, 5032015.824347896501422 ], [ 269228.491877333493903, 5031514.785879689268768 ], [ 269527.470926264650188, 5030973.772273131646216 ], [ 269580.466624226653948, 5030906.805738001130521 ], [ 269594.456012535025366, 5030874.712828161194921 ], [ 269590.497173625684809, 5030824.728579083457589 ], [ 269589.458380246825982, 5030777.724613464437425 ], [ 269589.458825623616576, 5030736.721264182589948 ], [ 269595.422771022131201, 5030697.787969386205077 ], [ 269600.438387736794539, 5030642.75339366029948 ], [ 269610.427798406453803, 5030580.798196092247963 ], [ 269611.475804412970319, 5030543.785090113990009 ], [ 269451.459031906735618, 5030287.740572607144713 ], [ 269202.423201108933426, 5029879.725367965176702 ], [ 269054.456091500353068, 5030070.710141028277576 ], [ 269010.456173910934012, 5030000.720782164484262 ], [ 269019.47174984117737, 5029988.779206968843937 ], [ 268977.926409356179647, 5029944.33433333132416 ], [ 268977.33105454017641, 5029944.92968815099448 ], [ 268973.331054540874902, 5029950.92968815099448 ], [ 268972.331054540583864, 5029951.929688146337867 ], [ 268959.331054541282356, 5029947.929688148200512 ], [ 268936.331054540525656, 5029986.929688153788447 ], [ 268933.331054542504717, 5029992.929688145406544 ], [ 268916.331054540583864, 5029982.929688144475222 ], [ 268895.331054541456979, 5030022.929688149131835 ], [ 268889.331054542853963, 5030028.929688146337867 ], [ 268882.331054542737547, 5030033.929688150063157 ], [ 268876.330077976745088, 5030037.929688149131835 ], [ 268868.330077977385372, 5030043.929688151925802 ], [ 268863.33007797744358, 5030046.929688151925802 ], [ 268859.33007797843311, 5030050.929688147269189 ], [ 268858.330077979597263, 5030055.929688151925802 ], [ 268857.330077978898771, 5030061.929688152857125 ], [ 268854.330077978491317, 5030067.929688150063157 ], [ 268850.330077979015186, 5030072.92968815099448 ], [ 268848.330077980819624, 5030079.929688147269189 ], [ 268848.331054542213678, 5030085.93066471349448 ], [ 268847.331054540059995, 5030092.930664716288447 ], [ 268847.331054542039055, 5030108.93066471721977 ], [ 268842.331054537789896, 5030113.930664714425802 ], [ 268836.331054543494247, 5030117.930664707906544 ], [ 268831.331054541398771, 5030124.930664712563157 ], [ 268823.331054540525656, 5030128.930664710700512 ], [ 268815.33105454291217, 5030136.930664711631835 ], [ 268810.331054542621132, 5030139.930664714425802 ], [ 268805.330077979480848, 5030141.930664707906544 ], [ 268798.330077978316694, 5030145.930664710700512 ], [ 268792.330077978549525, 5030150.930664706043899 ], [ 268787.330077977268957, 5030155.930664705112576 ], [ 268784.330077977385372, 5030160.930664709769189 ], [ 268776.330077978549525, 5030168.930664709769189 ], [ 268771.330077977967449, 5030174.930664714425802 ], [ 268768.330077981867362, 5030179.930664710700512 ], [ 268764.330077976745088, 5030186.93066471349448 ], [ 268759.330077976628672, 5030188.930664709769189 ], [ 268754.330077979830094, 5030192.930664712563157 ], [ 268756.330077980761416, 5030197.930664711631835 ], [ 268760.330077979480848, 5030202.93066471349448 ], [ 268764.330077979946509, 5030208.930664714425802 ], [ 268763.331054539827164, 5030214.930664718151093 ], [ 268757.330077977327164, 5030213.93066471349448 ], [ 268746.330077982740477, 5030215.930664710700512 ], [ 268745.330077979306225, 5030216.93066471349448 ], [ 268739.330077982740477, 5030236.930664710700512 ], [ 268734.330077974998858, 5030237.930664711631835 ], [ 268731.330077978782356, 5030242.930664715357125 ], [ 268731.33007797744358, 5030245.930664710700512 ], [ 268733.330077979946509, 5030247.931641275063157 ], [ 268723.331054541282356, 5030281.931641273200512 ], [ 268654.330077978782356, 5030373.931641275063157 ], [ 268670.331054541573394, 5030382.931641273200512 ], [ 268662.331054541864432, 5030402.932617840357125 ], [ 268660.331054543843493, 5030408.932617833837867 ], [ 268658.33105453918688, 5030413.932617835700512 ], [ 268654.331054539419711, 5030425.93261783849448 ], [ 268651.331054542213678, 5030433.932617835700512 ], [ 268646.331054538837634, 5030443.932617835700512 ], [ 268644.331054544483777, 5030449.93261783849448 ], [ 268642.331054544483777, 5030454.93261783849448 ], [ 268639.33105454267934, 5030460.932617836631835 ], [ 268634.331054537789896, 5030466.932617843151093 ], [ 268629.33105454291217, 5030470.932617836631835 ], [ 268621.331054540583864, 5030475.932617834769189 ], [ 268616.331054543319624, 5030478.93261783849448 ], [ 268611.33007797843311, 5030479.93261783849448 ], [ 268600.330077978374902, 5030482.932617837563157 ], [ 268551.330077979248017, 5030500.932617843151093 ], [ 268525.330077978374902, 5030472.932617835700512 ], [ 268522.330077977385372, 5030476.932617839425802 ], [ 268505.330077980586793, 5030461.932617836631835 ], [ 268504.330077976861503, 5030471.932617832906544 ], [ 268478.328124857973307, 5030493.932617836631835 ], [ 268472.328124852385372, 5030497.932617839425802 ], [ 268467.328124854713678, 5030503.932617836631835 ], [ 268461.328124854015186, 5030509.93261783849448 ], [ 268456.328124857624061, 5030515.93261783849448 ], [ 268455.328124851279426, 5030525.932617837563157 ], [ 268455.330077975115273, 5030539.932617839425802 ], [ 268454.330077980470378, 5030545.932617840357125 ], [ 268449.330077977385372, 5030552.932617833837867 ], [ 268443.330077977851033, 5030559.932617837563157 ], [ 268439.330077979015186, 5030565.932617834769189 ], [ 268435.32812485343311, 5030569.932617832906544 ], [ 268426.328124852501787, 5030571.932617836631835 ], [ 268420.328124854248017, 5030574.932617839425802 ], [ 268414.328124853491317, 5030581.932617832906544 ], [ 268409.328124850813765, 5030583.932617831975222 ], [ 268399.328124854713678, 5030582.932617837563157 ], [ 268381.328124855470378, 5030606.932617834769189 ], [ 268387.328124854131602, 5030608.93261783849448 ], [ 268382.328124854655471, 5030614.93261783849448 ], [ 268377.328124854248017, 5030619.932617839425802 ], [ 268372.328124853724148, 5030620.932617834769189 ], [ 268369.328124856692739, 5030615.932617834769189 ], [ 268366.32812485366594, 5030608.932617833837867 ], [ 268363.328124854713678, 5030603.932617837563157 ], [ 268356.328124856110662, 5030598.932617839425802 ], [ 268350.328124852094334, 5030598.932617837563157 ], [ 268350.328124855877832, 5030604.932617836631835 ], [ 268354.328124856343493, 5030613.932617835700512 ], [ 268357.328124852094334, 5030619.932617835700512 ], [ 268361.328124855295755, 5030625.93261783849448 ], [ 268363.328124851628672, 5030630.933594405651093 ], [ 268360.32812485267641, 5030636.933594397269189 ], [ 268358.32812485343311, 5030646.933594399131835 ], [ 268369.330077979597263, 5030695.933594399131835 ], [ 268386.33007798017934, 5030712.933594399131835 ], [ 268394.330077978258487, 5030715.933594397269189 ], [ 268405.330077977327164, 5030712.933594398200512 ], [ 268425.330077979189809, 5030705.933594401925802 ], [ 268451.330077979830094, 5030735.933594405651093 ], [ 268463.330077980528586, 5030773.934570962563157 ], [ 268472.330077980237547, 5030773.934570959769189 ], [ 268482.330077980586793, 5030799.934570956975222 ], [ 268481.330077977268957, 5030807.934570965357125 ], [ 268494.332031103025656, 5030834.934570965357125 ], [ 268492.332031102851033, 5030856.93457096349448 ], [ 268480.332031105062924, 5030898.935547523200512 ], [ 268476.332031105528586, 5030905.935547525063157 ], [ 268449.332031103316694, 5030946.935547526925802 ], [ 268447.332031100173481, 5030949.935547523200512 ], [ 268441.33203110517934, 5030959.935547523200512 ], [ 268437.332031103549525, 5030965.935547525063157 ], [ 268435.332031104189809, 5030971.93554752599448 ], [ 268433.332031103840563, 5030976.935547523200512 ], [ 268430.332031104713678, 5030982.935547523200512 ], [ 268425.332031102152541, 5030985.935547526925802 ], [ 268420.332031102851033, 5030986.935547526925802 ], [ 268415.332031106110662, 5030989.93554752599448 ], [ 268410.33203110267641, 5030993.935547526925802 ], [ 268403.332031101745088, 5030997.935547523200512 ], [ 268391.332031104830094, 5030990.935547519475222 ], [ 268378.332031103607733, 5030985.935547523200512 ], [ 268359.330077979888301, 5030982.935547526925802 ], [ 268351.330077978258487, 5030997.935547524131835 ], [ 268343.330077978607733, 5030992.935547527857125 ], [ 268349.330077982216608, 5030978.935547521337867 ], [ 268328.33007798017934, 5030978.93554752599448 ], [ 268315.330077977851033, 5030980.935547521337867 ], [ 268305.330077978258487, 5030984.935547522269189 ], [ 268294.33007798041217, 5030992.935547524131835 ], [ 268287.330077981518116, 5031000.935547530651093 ], [ 268281.330077982274815, 5031017.93554752599448 ], [ 268275.330077977967449, 5031032.935547526925802 ], [ 268271.330077977559995, 5031037.935547521337867 ], [ 268267.330077981576324, 5031044.935547528788447 ], [ 268260.330077978782356, 5031054.936524087563157 ], [ 268257.330077978840563, 5031060.936524090357125 ], [ 268254.330077978724148, 5031065.936524091288447 ], [ 268253.330077976337634, 5031070.936524090357125 ], [ 268253.330077979131602, 5031077.936524086631835 ], [ 268246.330077977734618, 5031081.936524083837867 ], [ 268240.330077979248017, 5031081.936524086631835 ], [ 268240.330077980819624, 5031100.936524084769189 ], [ 268236.330077980877832, 5031105.93652408849448 ], [ 268231.33007797866594, 5031108.936524086631835 ], [ 268225.330077980645001, 5031109.936524084769189 ], [ 268218.330077980819624, 5031108.936524090357125 ], [ 268212.330077978898771, 5031107.936524084769189 ], [ 268203.330077979248017, 5031100.936524087563157 ], [ 268193.330077980645001, 5031092.936524087563157 ], [ 268186.330077979248017, 5031089.936524089425802 ], [ 268182.330077978724148, 5031085.936524089425802 ], [ 268178.330077978374902, 5031079.936524086631835 ], [ 268175.330077980528586, 5031072.936524086631835 ], [ 268173.330077981692739, 5031067.936524086631835 ], [ 268170.330077976163011, 5031062.93652408849448 ], [ 268166.330077981983777, 5031056.93652409221977 ], [ 268164.330077979073394, 5031049.936524082906544 ], [ 268159.330077976803295, 5031039.935547524131835 ], [ 268157.330077979015186, 5031034.935547530651093 ], [ 268152.330077980877832, 5031023.935547521337867 ], [ 268148.330077979946509, 5031016.935547524131835 ], [ 268143.33007797843311, 5031011.935547526925802 ], [ 268143.330077979830094, 5031004.935547524131835 ], [ 268144.330077981692739, 5030999.935547522269189 ], [ 268146.330077980470378, 5030992.935547524131835 ], [ 268144.328124851454049, 5030987.935547523200512 ], [ 268139.328124854597263, 5030984.935547523200512 ], [ 268133.328124853025656, 5030984.935547523200512 ], [ 268128.328124855586793, 5030988.93554752599448 ], [ 268128.328124851104803, 5030996.93554752599448 ], [ 268129.328124858438969, 5031001.935547527857125 ], [ 268131.330077980062924, 5031006.935547527857125 ], [ 268132.33007798017934, 5031011.935547524131835 ], [ 268136.33007798017934, 5031021.935547530651093 ], [ 268138.330077982391231, 5031027.93554752599448 ], [ 268138.330077979597263, 5031039.935547526925802 ], [ 268135.330077977618203, 5031044.936524086631835 ], [ 268133.330077979771886, 5031049.936524089425802 ], [ 268132.330077976337634, 5031054.936524086631835 ], [ 268133.330077979248017, 5031058.936524082906544 ], [ 268117.330077977327164, 5031064.93652408849448 ], [ 268122.330077979364432, 5031075.936524086631835 ], [ 268131.330077978491317, 5031075.936524085700512 ], [ 268137.330077978898771, 5031083.936524089425802 ], [ 268137.330077978724148, 5031087.936524086631835 ], [ 268131.33007797866594, 5031096.93652408849448 ], [ 268116.330077978491317, 5031107.936524086631835 ], [ 268106.330077978956979, 5031109.936524086631835 ], [ 268104.330077977094334, 5031107.93652408849448 ], [ 268099.330077977268957, 5031113.93652409221977 ], [ 268095.330077977734618, 5031120.936524087563157 ], [ 268093.330077980761416, 5031126.936524090357125 ], [ 268095.33007797767641, 5031131.93652408849448 ], [ 268105.330077979306225, 5031135.936524085700512 ], [ 268111.330077980062924, 5031140.936524085700512 ], [ 268116.330077976104803, 5031144.936524087563157 ], [ 268123.330077980004717, 5031150.936524091288447 ], [ 268123.330077976977918, 5031157.936524087563157 ], [ 268121.330077978200279, 5031162.93652408849448 ], [ 268111.330077978025656, 5031167.938477215357125 ], [ 268095.330077977851033, 5031179.938477210700512 ], [ 268091.330077976046596, 5031185.93847721349448 ], [ 268086.330077980877832, 5031191.938477212563157 ], [ 268080.33007797470782, 5031198.938477215357125 ], [ 268066.33007797942264, 5031216.93847721349448 ], [ 268064.330077980004717, 5031223.938477211631835 ], [ 268061.330077980062924, 5031232.93847721349448 ], [ 268059.330077977268957, 5031237.938477211631835 ], [ 268056.330077978025656, 5031242.93847721349448 ], [ 268049.330077980121132, 5031250.938477209769189 ], [ 268043.33007798390463, 5031255.938477218151093 ], [ 268032.330077978549525, 5031266.938477210700512 ], [ 268029.330077977385372, 5031271.938477211631835 ], [ 268026.330077977036126, 5031279.938477212563157 ], [ 268022.33007797866594, 5031286.93945377599448 ], [ 268016.330077979480848, 5031300.939453773200512 ], [ 268011.330077978491317, 5031308.939453771337867 ], [ 268008.330077978549525, 5031314.939453773200512 ], [ 268003.330077981576324, 5031321.93945377599448 ], [ 267996.330077978898771, 5031325.939453771337867 ], [ 267990.330077977851033, 5031328.939453777857125 ], [ 267986.330077976163011, 5031334.939453776925802 ], [ 267980.330077976628672, 5031341.939453778788447 ], [ 267975.330077979539055, 5031345.939453774131835 ], [ 267970.330077980877832, 5031346.93945377599448 ], [ 267967.330077980004717, 5031346.939453776925802 ], [ 267963.330077979771886, 5031369.939453776925802 ], [ 267963.330077980295755, 5031379.93945377599448 ], [ 267962.330077977268957, 5031395.940430334769189 ], [ 267962.330077979597263, 5031407.940430340357125 ], [ 267966.330077981925569, 5031412.940430336631835 ], [ 267971.332031104830094, 5031420.940430340357125 ], [ 267972.332031102152541, 5031426.940430337563157 ], [ 267971.332031103840563, 5031431.940430340357125 ], [ 267966.33203110244358, 5031432.940430334769189 ], [ 267959.33203110366594, 5031432.940430337563157 ], [ 267959.332031101104803, 5031438.940430341288447 ], [ 267965.33203110541217, 5031439.940430332906544 ], [ 267972.332031102559995, 5031442.940430339425802 ], [ 267977.332031106518116, 5031446.940430339425802 ], [ 267980.332031102327164, 5031452.940430343151093 ], [ 267982.332031107856892, 5031457.940430333837867 ], [ 267985.332031105936039, 5031462.940430333837867 ], [ 267988.332031102618203, 5031469.94043033849448 ], [ 267990.332031105936039, 5031474.94043033849448 ], [ 267993.332031103898771, 5031484.940430333837867 ], [ 267996.332031102909241, 5031489.94043033849448 ], [ 267998.332031100639142, 5031496.94043033849448 ], [ 267999.332031102909241, 5031505.94043033849448 ], [ 268000.332031101395842, 5031512.94043033849448 ], [ 268005.332031106052455, 5031527.941406900063157 ], [ 268007.332031102851033, 5031539.94140690099448 ], [ 268008.332031101163011, 5031549.941406901925802 ], [ 268008.33203110442264, 5031556.941406897269189 ], [ 268010.332031103142072, 5031578.94140690471977 ], [ 268009.332031105994247, 5031584.941406901925802 ], [ 268005.332031101163011, 5031590.941406900063157 ], [ 268003.332031103316694, 5031596.941406894475222 ], [ 268004.332031104015186, 5031603.94140690099448 ], [ 268007.332031100988388, 5031610.941406899131835 ], [ 268010.332031101279426, 5031615.941406899131835 ], [ 268013.332031105470378, 5031622.941406898200512 ], [ 268016.333984228782356, 5031627.941406897269189 ], [ 268015.333984231867362, 5031633.941406893543899 ], [ 268013.333984229597263, 5031639.941406899131835 ], [ 268010.333984229015186, 5031645.942383464425802 ], [ 268010.333984228898771, 5031666.94238346349448 ], [ 268008.333984226221219, 5031672.942383465357125 ], [ 268006.333984229597263, 5031679.942383459769189 ], [ 268002.333984230237547, 5031683.942383461631835 ], [ 267995.333984230936039, 5031684.942383461631835 ], [ 267990.333984229713678, 5031690.942383464425802 ], [ 267990.333984227559995, 5031696.942383468151093 ], [ 267989.333984228200279, 5031701.942383462563157 ], [ 267983.333984228025656, 5031705.942383461631835 ], [ 267979.333984229655471, 5031710.942383465357125 ], [ 267975.333984229306225, 5031714.94238346349448 ], [ 267970.333984228200279, 5031718.942383464425802 ], [ 267966.333984229480848, 5031722.942383460700512 ], [ 267963.33398423017934, 5031727.942383457906544 ], [ 267962.333984227559995, 5031732.942383462563157 ], [ 267963.333984229539055, 5031739.942383462563157 ], [ 267963.333984230295755, 5031747.94238346349448 ], [ 267964.333984229306225, 5031756.942383458837867 ], [ 267964.333984229771886, 5031766.943360024131835 ], [ 267965.333984230528586, 5031772.94336002599448 ], [ 267964.333984230004717, 5031777.943360027857125 ], [ 267960.333984229539055, 5031782.943360023200512 ], [ 267955.333984229655471, 5031786.943360024131835 ], [ 267951.333984225988388, 5031790.943360022269189 ], [ 267944.333984229364432, 5031798.943360024131835 ], [ 267938.333984229830094, 5031804.943360025063157 ], [ 267930.333984226919711, 5031807.943360025063157 ], [ 267923.333984229946509, 5031808.943360026925802 ], [ 267916.333984228374902, 5031807.943360022269189 ], [ 267913.33398422843311, 5031801.943360027857125 ], [ 267909.333984230877832, 5031794.943360022269189 ], [ 267903.333984229480848, 5031788.943360026925802 ], [ 267893.333984229830094, 5031784.943360026925802 ], [ 267886.333984226337634, 5031784.943360024131835 ], [ 267882.333984230645001, 5031785.943360028788447 ], [ 267861.333984230645001, 5031790.943360021337867 ], [ 267859.333984230062924, 5031797.94336002599448 ], [ 267864.333984223601874, 5031804.94336002599448 ], [ 267861.333984229713678, 5031808.943360021337867 ], [ 267850.333984229480848, 5031798.943360027857125 ], [ 267838.333984231983777, 5031805.943360026925802 ], [ 267837.333984231634531, 5031809.943360025063157 ], [ 267841.333984228898771, 5031817.94336002971977 ], [ 267836.333984227036126, 5031821.943360025063157 ], [ 267823.333984230470378, 5031808.943360023200512 ], [ 267819.333984228956979, 5031809.943360023200512 ], [ 267798.332031105761416, 5031824.943360026925802 ], [ 267798.332031105237547, 5031828.94336002599448 ], [ 267795.333984230994247, 5031833.943360027857125 ], [ 267791.333984228607733, 5031838.943360025063157 ], [ 267786.333984230877832, 5031842.943360016681254 ], [ 267777.332031103200279, 5031845.944336585700512 ], [ 267770.332031104597263, 5031848.944336593151093 ], [ 267761.332031103840563, 5031849.944336589425802 ], [ 267732.332031103549525, 5031849.944336590357125 ], [ 267726.33203110168688, 5031850.944336587563157 ], [ 267721.332031106343493, 5031849.94433658849448 ], [ 267716.332031103956979, 5031847.944336586631835 ], [ 267712.332031103491317, 5031842.94433658849448 ], [ 267702.332031102501787, 5031834.944336589425802 ], [ 267695.33203110343311, 5031832.944336589425802 ], [ 267688.332031104189809, 5031831.94433659221977 ], [ 267683.332031104713678, 5031833.944336586631835 ], [ 267677.332031103083864, 5031835.944336581975222 ], [ 267671.332031105645001, 5031839.944336584769189 ], [ 267666.332031104364432, 5031844.944336591288447 ], [ 267658.332031105004717, 5031851.944336584769189 ], [ 267653.332031101279426, 5031858.944336586631835 ], [ 267650.332031105295755, 5031865.94433659221977 ], [ 267649.332031106750946, 5031872.944336584769189 ], [ 267649.332031103258487, 5031882.944336589425802 ], [ 267646.332031102210749, 5031900.94433658849448 ], [ 267646.332031103025656, 5031907.944336583837867 ], [ 267645.33203110244358, 5031913.944336590357125 ], [ 267643.332031103782356, 5031921.944336589425802 ], [ 267641.332031103200279, 5031927.944336586631835 ], [ 267637.332031106692739, 5031936.945313151925802 ], [ 267635.332031102268957, 5031941.945313148200512 ], [ 267632.332031105703209, 5031946.94531315099448 ], [ 267625.332031105994247, 5031955.945313147269189 ], [ 267622.332031107391231, 5031961.945313146337867 ], [ 267618.33203110541217, 5031966.945313153788447 ], [ 267613.332031102851033, 5031970.945313151925802 ], [ 267609.33203110366594, 5031977.945313148200512 ], [ 267609.333984228025656, 5032000.000000650063157 ], [ 267609.333984226104803, 5032004.945313150063157 ], [ 267610.333984226628672, 5032013.945313156582415 ], [ 267610.333984229946509, 5032026.945313149131835 ], [ 267611.33398422942264, 5032033.945313147269189 ], [ 267612.333984228374902, 5032039.945313149131835 ], [ 267614.333984228607733, 5032046.946289711631835 ], [ 267618.333984229189809, 5032058.94628971721977 ], [ 267620.333984228840563, 5032063.946289711631835 ], [ 267621.333984229131602, 5032068.946289711631835 ], [ 267623.333984228782356, 5032073.946289711631835 ], [ 267626.33398422942264, 5032085.94628971349448 ], [ 267621.335937353724148, 5032110.946289710700512 ], [ 267622.335937355819624, 5032118.946289715357125 ], [ 267622.335937355586793, 5032122.946289712563157 ], [ 267620.335937352036126, 5032130.946289708837867 ], [ 267616.335937355819624, 5032138.946289711631835 ], [ 267614.335937351570465, 5032144.946289712563157 ], [ 267614.335937354015186, 5032151.94628971349448 ], [ 267613.335937351628672, 5032157.947266277857125 ], [ 267614.335937354131602, 5032164.947266275063157 ], [ 267614.335937352094334, 5032177.947266276925802 ], [ 267617.335937355703209, 5032192.947266284376383 ], [ 267619.335937357507646, 5032197.947266274131835 ], [ 267625.335937356052455, 5032207.94726627599448 ], [ 267630.33593735517934, 5032214.947266275063157 ], [ 267636.335937352385372, 5032221.947266278788447 ], [ 267638.335937353258487, 5032227.947266274131835 ], [ 267643.335937354364432, 5032237.947266273200512 ], [ 267645.33593735366594, 5032242.94726627971977 ], [ 267650.335937353258487, 5032253.94726627599448 ], [ 267653.335937353258487, 5032258.947266271337867 ], [ 267657.335937355819624, 5032265.947266278788447 ], [ 267660.33593735267641, 5032270.947266272269189 ], [ 267663.335937354713678, 5032276.947266276925802 ], [ 267665.335937356576324, 5032281.948242843151093 ], [ 267668.335937353083864, 5032285.94824283849448 ], [ 267664.335937356867362, 5032298.948242833837867 ], [ 267638.335937357333023, 5032321.948242836631835 ], [ 267623.335937351919711, 5032306.948242835700512 ], [ 267623.33593735168688, 5032308.948242832906544 ], [ 267640.337890479364432, 5032327.948242840357125 ], [ 267650.337890480470378, 5032320.948242835700512 ], [ 267688.33789047767641, 5032309.948242839425802 ], [ 267696.337890476163011, 5032321.948242840357125 ], [ 267699.337890479189809, 5032335.948242836631835 ], [ 267701.337890478142072, 5032347.948242836631835 ], [ 267704.337890477559995, 5032362.948242834769189 ], [ 267705.337890478025656, 5032369.948242834769189 ], [ 267705.33789047843311, 5032408.949219400063157 ], [ 267704.337890480295755, 5032413.949219400063157 ], [ 267701.33789047866594, 5032418.949219400063157 ], [ 267695.337890479830094, 5032420.949219401925802 ], [ 267690.337890479131602, 5032424.949219401925802 ], [ 267680.337890479131602, 5032430.949219400063157 ], [ 267676.337890479248017, 5032434.949219398200512 ], [ 267674.337890479946509, 5032440.949219402857125 ], [ 267675.337890478724148, 5032447.94921940099448 ], [ 267676.337890480645001, 5032455.949219401925802 ], [ 267677.337890483089723, 5032464.949219399131835 ], [ 267678.337890478491317, 5032470.949219400063157 ], [ 267680.337890482507646, 5032476.949219403788447 ], [ 267682.337890480295755, 5032484.949219407513738 ], [ 267691.337890476861503, 5032499.949219397269189 ], [ 267693.337890478898771, 5032504.949219397269189 ], [ 267698.339843605004717, 5032515.94921940471977 ], [ 267700.339843605528586, 5032520.950195958837867 ], [ 267703.33984360442264, 5032529.950195964425802 ], [ 267706.339843602152541, 5032535.95019596349448 ], [ 267710.339843603607733, 5032542.950195959769189 ], [ 267713.339843603200279, 5032549.950195965357125 ], [ 267716.339843605528586, 5032555.950195958837867 ], [ 267720.339843605994247, 5032565.95019596349448 ], [ 267722.339843600639142, 5032572.950195964425802 ], [ 267723.339843604248017, 5032577.95019596349448 ], [ 267727.339843606692739, 5032586.950195958837867 ], [ 267730.339843599591404, 5032593.950195960700512 ], [ 267743.339843604364432, 5032615.950195965357125 ], [ 267746.339843604480848, 5032623.950195968151093 ], [ 267748.339843605528586, 5032630.950195962563157 ], [ 267749.339843605470378, 5032637.950195959769189 ], [ 267751.339843604248017, 5032645.950195962563157 ], [ 267754.339843602385372, 5032653.951172524131835 ], [ 267758.33984360517934, 5032662.951172523200512 ], [ 267759.339843603258487, 5032670.951172522269189 ], [ 267761.339843604073394, 5032681.951172526925802 ], [ 267762.339843601221219, 5032691.951172523200512 ], [ 267764.339843604189809, 5032699.951172526925802 ], [ 267765.341796730237547, 5032706.951172523200512 ], [ 267766.341796731809154, 5032715.951172519475222 ], [ 267766.341796729073394, 5032745.951172527857125 ], [ 267765.341796731692739, 5032753.951172524131835 ], [ 267766.341796727501787, 5032763.952149084769189 ], [ 267767.341796727152541, 5032769.952149083837867 ], [ 267769.341796729888301, 5032779.952149094082415 ], [ 267773.341796727734618, 5032791.952149084769189 ], [ 267774.341796731459908, 5032800.952149083837867 ], [ 267775.341796729364432, 5032805.952149085700512 ], [ 267779.34179673041217, 5032819.952149085700512 ], [ 267781.341796728607733, 5032825.952149086631835 ], [ 267785.341796730353963, 5032835.952149083837867 ], [ 267785.341796731343493, 5032842.952149090357125 ], [ 267786.343749852618203, 5032855.95214909221977 ], [ 267788.343749853200279, 5032863.953125649131835 ], [ 267789.343749853782356, 5032873.95312565471977 ], [ 267790.343749853083864, 5032879.953125648200512 ], [ 267790.343749852501787, 5032917.953125647269189 ], [ 267791.343749855062924, 5032923.953125651925802 ], [ 267793.343749856634531, 5032932.95312565099448 ], [ 267794.343749853142072, 5032939.953125651925802 ], [ 267803.343749849067535, 5032960.953125649131835 ], [ 267806.343749850406311, 5032965.953125649131835 ], [ 267810.343749849183951, 5032975.954102207906544 ], [ 267810.900390481576324, 5032978.177735026925802 ], [ 267812.343749851163011, 5032983.954102219082415 ], [ 267813.34570298017934, 5032989.954102209769189 ], [ 267816.345702979306225, 5032996.954102212563157 ], [ 267821.345702979480848, 5033002.954102215357125 ], [ 267823.345702980645001, 5033008.954102210700512 ], [ 267826.345702981110662, 5033018.954102210700512 ], [ 267826.345702977618203, 5033075.955078773200512 ], [ 267827.345702980645001, 5033084.955078775063157 ], [ 267829.345702979830094, 5033089.95507877971977 ], [ 267833.345702978549525, 5033095.955078770406544 ], [ 267836.345702980353963, 5033100.955078771337867 ], [ 267841.345702978782356, 5033103.955078775063157 ], [ 267848.34570297843311, 5033102.955078771337867 ], [ 267853.34570297767641, 5033100.955078767612576 ], [ 267855.345702978025656, 5033094.95507877599448 ], [ 267856.345702979073394, 5033089.955078773200512 ], [ 267861.345702977036126, 5033085.954102206975222 ], [ 267870.345702978724148, 5033080.954102210700512 ], [ 267856.345702980528586, 5033055.954102211631835 ], [ 267871.345702978724148, 5033049.95410221349448 ], [ 267884.345702977036126, 5033072.954102206043899 ], [ 267894.345702977559995, 5033068.954102212563157 ], [ 267911.347656103316694, 5033105.954102211631835 ], [ 267917.347656103956979, 5033102.954102209769189 ], [ 267905.345702980994247, 5033083.954102216288447 ], [ 267914.345702980353963, 5033078.954102210700512 ], [ 267934.347656102327164, 5033111.954102216288447 ], [ 267938.347656104480848, 5033117.954102209769189 ], [ 267939.347656104830094, 5033121.954102206975222 ], [ 267961.34765610244358, 5033197.955078778788447 ], [ 267976.349609229539055, 5033227.955078772269189 ], [ 267989.349609228956979, 5033259.956055335700512 ], [ 268010.349609228025656, 5033282.956055331043899 ], [ 268030.349609227559995, 5033297.956055340357125 ], [ 268054.349609227618203, 5033310.956055340357125 ], [ 268082.351562352501787, 5033316.956055335700512 ], [ 268105.351562352851033, 5033316.955078775063157 ], [ 268136.351562355936039, 5033313.955078777857125 ], [ 268134.3515623579151, 5033301.955078777857125 ], [ 268140.351562354888301, 5033299.955078771337867 ], [ 268144.351562354364432, 5033300.955078775063157 ], [ 268149.35156235517934, 5033301.955078774131835 ], [ 268155.351562355877832, 5033300.955078770406544 ], [ 268161.351562352501787, 5033296.955078770406544 ], [ 268168.351562354888301, 5033290.955078775063157 ], [ 268174.351562355062924, 5033286.955078771337867 ], [ 268182.351562352210749, 5033286.955078781582415 ], [ 268188.351562352618203, 5033287.955078775063157 ], [ 268194.351562353374902, 5033290.955078775063157 ], [ 268201.351562353898771, 5033294.95507877599448 ], [ 268211.351562354539055, 5033302.955078776925802 ], [ 268217.351562350464519, 5033312.95507877971977 ], [ 268222.351562351104803, 5033322.955078772269189 ], [ 268226.351562355877832, 5033328.955078775063157 ], [ 268234.351562355994247, 5033339.955078770406544 ], [ 268237.351562354015186, 5033344.955078770406544 ], [ 268241.351562355470378, 5033352.955078775063157 ], [ 268243.351562352734618, 5033357.955078776925802 ], [ 268245.351562354655471, 5033365.955078771337867 ], [ 268247.351562354830094, 5033375.955078777857125 ], [ 268248.351562353724148, 5033387.955078770406544 ], [ 268249.353515478258487, 5033397.955078778788447 ], [ 268249.353515479713678, 5033432.956055333837867 ], [ 268242.353515481925569, 5033439.956055336631835 ], [ 268237.35351548017934, 5033442.956055337563157 ], [ 268231.353515478782356, 5033446.956055335700512 ], [ 268227.353515478316694, 5033451.956055337563157 ], [ 268227.353515480645001, 5033480.95605533849448 ], [ 268224.353515479131602, 5033494.956055330112576 ], [ 268221.353515478258487, 5033509.956055336631835 ], [ 268218.35351547843311, 5033517.95605533849448 ], [ 268213.353515477327164, 5033525.957031897269189 ], [ 268207.353515478840563, 5033537.957031895406544 ], [ 268205.353515481459908, 5033542.957031897269189 ], [ 268202.353515480936039, 5033550.957031899131835 ], [ 268197.353515477851033, 5033565.957031900063157 ], [ 268196.355468603840563, 5033571.957031900063157 ], [ 268193.355468604597263, 5033584.957031897269189 ], [ 268192.355468604946509, 5033590.957031902857125 ], [ 268189.35546860366594, 5033598.957031902857125 ], [ 268187.355468601221219, 5033606.957031899131835 ], [ 268185.355468604597263, 5033616.958008461631835 ], [ 268183.355468605645001, 5033623.958008464425802 ], [ 268180.355468602792826, 5033629.958008458837867 ], [ 268175.355468606459908, 5033641.958008460700512 ], [ 268174.355468601803295, 5033646.958008468151093 ], [ 268173.355468605528586, 5033655.958008460700512 ], [ 268173.355468599358574, 5033667.958008461631835 ], [ 268174.3554686079151, 5033674.958008464425802 ], [ 268174.355468603083864, 5033683.95800846349448 ], [ 268177.355468601803295, 5033688.958008464425802 ], [ 268184.35546860267641, 5033693.958008460700512 ], [ 268191.355468603316694, 5033700.958008465357125 ], [ 268201.355468604364432, 5033708.958008462563157 ], [ 268207.35546859819442, 5033711.958008466288447 ], [ 268213.355468604364432, 5033715.958008459769189 ], [ 268219.357421727152541, 5033721.958008462563157 ], [ 268216.357421729888301, 5033729.95800846349448 ], [ 268217.357421731343493, 5033732.958008469082415 ], [ 268223.357421729655471, 5033734.958008462563157 ], [ 268251.357421728549525, 5033739.958008464425802 ], [ 268252.357421728258487, 5033744.958008460700512 ], [ 268257.357421727559995, 5033744.95800846721977 ], [ 268257.357421730004717, 5033736.958008466288447 ], [ 268258.357421727268957, 5033729.958008461631835 ], [ 268261.35742172843311, 5033718.958008460700512 ], [ 268260.357421729306225, 5033706.958008462563157 ], [ 268254.355468604073394, 5033694.95800846349448 ], [ 268254.355468609835953, 5033685.958008458837867 ], [ 268256.355468604364432, 5033678.958008462563157 ], [ 268269.355468603258487, 5033672.95703190099448 ], [ 268279.355468607624061, 5033668.957031901925802 ], [ 268291.355468605121132, 5033660.957031901925802 ], [ 268303.355468606285285, 5033649.957031895406544 ], [ 268309.355468603724148, 5033634.957031902857125 ], [ 268311.355468607740477, 5033621.957031898200512 ], [ 268312.355468605761416, 5033613.957031901925802 ], [ 268312.355468601454049, 5033604.957031896337867 ], [ 268327.355468605645001, 5033598.956055336631835 ], [ 268337.355468603025656, 5033588.956055334769189 ], [ 268347.355468601163011, 5033587.956055336631835 ], [ 268355.355468604364432, 5033588.956055340357125 ], [ 268364.355468604248017, 5033597.95605533849448 ], [ 268380.355468605703209, 5033611.956055340357125 ], [ 268399.357421731518116, 5033632.956055337563157 ], [ 268403.357421728898771, 5033642.956055345013738 ], [ 268416.357421729539055, 5033654.956055334769189 ], [ 268451.357421731692739, 5033682.956055340357125 ], [ 268459.357421729713678, 5033681.956055337563157 ], [ 268464.35742173116887, 5033678.956055333837867 ], [ 268469.357421727559995, 5033671.95605533849448 ], [ 268479.357421730528586, 5033666.956055334769189 ], [ 268483.357421725522727, 5033662.956055336631835 ], [ 268489.357421729539055, 5033651.956055340357125 ], [ 268489.357421728083864, 5033645.956055341288447 ], [ 268491.357421729480848, 5033639.956055337563157 ], [ 268499.357421729480848, 5033635.956055337563157 ], [ 268508.357421729771886, 5033633.956055336631835 ], [ 268515.357421729713678, 5033632.956055339425802 ], [ 268520.357421731343493, 5033630.956055335700512 ], [ 268528.357421726977918, 5033628.956055333837867 ], [ 268534.357421726221219, 5033627.956055336631835 ], [ 268542.357421729189809, 5033630.956055336631835 ], [ 268546.357421729597263, 5033637.956055339425802 ], [ 268551.357421727851033, 5033646.956055332906544 ], [ 268553.357421728898771, 5033652.956055340357125 ], [ 268555.357421731634531, 5033659.956055333837867 ], [ 268557.359374856692739, 5033671.956055339425802 ], [ 268561.35937485244358, 5033676.956055334769189 ], [ 268575.359374854306225, 5033684.956055337563157 ], [ 268580.359374854306225, 5033686.956055340357125 ], [ 268585.359374857041985, 5033691.956055336631835 ], [ 268591.359374856867362, 5033698.956055334769189 ], [ 268596.359374852094334, 5033704.956055341288447 ], [ 268602.359374853782356, 5033710.956055336631835 ], [ 268609.359374854306225, 5033716.956055340357125 ], [ 268614.359374854480848, 5033718.956055337563157 ], [ 268626.360351417562924, 5033718.956055340357125 ], [ 268635.360351413663011, 5033719.956055337563157 ], [ 268646.360351416864432, 5033720.95605533849448 ], [ 268651.36035141692264, 5033721.95605534221977 ], [ 268662.360351419309154, 5033722.956055332906544 ], [ 268675.360351411625743, 5033723.956055333837867 ], [ 268684.36035141517641, 5033722.95605533849448 ], [ 268691.360351419250946, 5033722.955078775063157 ], [ 268706.360351414536126, 5033722.95507877599448 ], [ 268712.360351421113592, 5033723.955078773200512 ], [ 268716.361327980877832, 5033730.955078771337867 ], [ 268719.361327977036126, 5033737.955078776925802 ], [ 268723.361327976745088, 5033745.955078775063157 ], [ 268730.361327981459908, 5033747.955078774131835 ], [ 268737.361327977967449, 5033750.955078770406544 ], [ 268743.361327978782356, 5033757.955078774131835 ], [ 268746.361327977152541, 5033762.95507877599448 ], [ 268748.36132797843311, 5033765.955078772269189 ], [ 268753.361327979131602, 5033769.955078775063157 ], [ 268800.362304543203209, 5033789.95507877599448 ], [ 268817.362304540816694, 5033793.955078775063157 ], [ 268820.362304542330094, 5033782.955078776925802 ], [ 268835.362304539652541, 5033778.955078777857125 ], [ 268848.362304540234618, 5033776.955078774131835 ], [ 268866.362304540118203, 5033776.955078773200512 ], [ 268876.363281104830094, 5033780.955078774131835 ], [ 268891.363281104946509, 5033780.95507877599448 ], [ 268898.363281103782356, 5033781.955078768543899 ], [ 268904.363281103956979, 5033784.955078773200512 ], [ 268906.36328110343311, 5033789.955078774131835 ], [ 268912.363281105295755, 5033790.95507877599448 ], [ 268928.363281103724148, 5033790.955078778788447 ], [ 268936.363281103374902, 5033794.955078780651093 ], [ 268943.363281101803295, 5033798.95507877599448 ], [ 268949.363281104771886, 5033803.954102214425802 ], [ 268954.364257665583864, 5033809.954102208837867 ], [ 268964.364257665001787, 5033824.954102210700512 ], [ 268975.364257665292826, 5033849.955078776925802 ], [ 268981.364257666515186, 5033867.955078770406544 ], [ 268987.36523422843311, 5033891.955078775063157 ], [ 268989.365234227036126, 5033902.95507877971977 ], [ 268987.365234229364432, 5033914.955078773200512 ], [ 268987.365234229073394, 5033936.955078778788447 ], [ 268986.365234228898771, 5033941.955078775063157 ], [ 268985.36523422668688, 5033947.955078772269189 ], [ 268981.365234229015186, 5033955.955078775063157 ], [ 268978.366210792737547, 5033960.955078776925802 ], [ 268972.366210792562924, 5033967.955078771337867 ], [ 268966.366210792213678, 5033973.955078772269189 ], [ 268956.366210792795755, 5033987.955078773200512 ], [ 268950.366210791980848, 5033992.95507877599448 ], [ 268935.366210789128672, 5034001.955078778788447 ], [ 268927.366210790525656, 5034007.955078775063157 ], [ 268921.366210793203209, 5034010.95605533849448 ], [ 268912.366210791573394, 5034012.956055331043899 ], [ 268907.366210789827164, 5034014.956055341288447 ], [ 268902.366210789652541, 5034015.956055335700512 ], [ 268897.36621078819735, 5034017.956055335700512 ], [ 268890.366210789710749, 5034019.956055331975222 ], [ 268884.365234229888301, 5034020.956055344082415 ], [ 268875.365234227909241, 5034021.956055336631835 ], [ 268870.365234228142072, 5034022.956055339425802 ], [ 268860.365234226919711, 5034022.956055339425802 ], [ 268844.365234229189809, 5034024.956055337563157 ], [ 268834.365234230295755, 5034028.956055345013738 ], [ 268826.365234228374902, 5034031.956055333837867 ], [ 268820.365234229713678, 5034034.956055337563157 ], [ 268813.365234229946509, 5034036.95605533849448 ], [ 268808.365234231401701, 5034039.956055337563157 ], [ 268801.365234229713678, 5034044.957031898200512 ], [ 268795.365234229771886, 5034048.957031897269189 ], [ 268788.365234228898771, 5034052.957031900063157 ], [ 268781.365234229189809, 5034058.957031902857125 ], [ 268778.365234228491317, 5034064.95703190099448 ], [ 268771.365234229830094, 5034079.957031900063157 ], [ 268764.365234228200279, 5034086.957031897269189 ], [ 268762.365234228258487, 5034092.957031891681254 ], [ 268762.365234228898771, 5034099.957031897269189 ], [ 268767.366210792039055, 5034112.957031902857125 ], [ 268774.366210790642072, 5034122.957031897269189 ], [ 268782.366210793901701, 5034125.957031898200512 ], [ 268787.366210792388301, 5034125.957031901925802 ], [ 268801.366210791631602, 5034128.957031903788447 ], [ 268815.366210791631602, 5034130.95703190099448 ], [ 268823.366210793727078, 5034129.957031900063157 ], [ 268843.36621079366887, 5034127.957031898200512 ], [ 268852.366210791282356, 5034126.957031900063157 ], [ 268858.367187355121132, 5034125.957031897269189 ], [ 268871.367187353083864, 5034123.95605534221977 ], [ 268878.367187357216608, 5034122.956055339425802 ], [ 268885.36718735168688, 5034120.956055340357125 ], [ 268890.367187355645001, 5034118.956055335700512 ], [ 268906.367187354946509, 5034118.95605533849448 ], [ 268914.367187352036126, 5034117.956055335700512 ], [ 268921.367187352094334, 5034118.95605533849448 ], [ 268931.367187353724148, 5034119.956055336631835 ], [ 268938.367187356692739, 5034121.956055333837867 ], [ 268945.367187351977918, 5034124.956055334769189 ], [ 268951.367187353374902, 5034127.956055337563157 ], [ 268956.36718735343311, 5034129.956055337563157 ], [ 268963.367187351104803, 5034133.956055345013738 ], [ 268970.368163918377832, 5034138.95605533849448 ], [ 268978.368163916456979, 5034145.956055340357125 ], [ 268984.36816391692264, 5034149.956055335700512 ], [ 268994.368163915583864, 5034153.956055337563157 ], [ 269002.368163915234618, 5034156.956055339425802 ], [ 269012.368163914303295, 5034160.95507877599448 ], [ 269017.36816391494358, 5034161.955078773200512 ], [ 269053.36816391517641, 5034161.955078774131835 ], [ 269058.368163919367362, 5034160.955078778788447 ], [ 269072.369140478374902, 5034157.955078774131835 ], [ 269079.369140481227078, 5034155.955078769475222 ], [ 269082.369140481750946, 5034150.955078773200512 ], [ 269088.36914047866594, 5034142.955078774131835 ], [ 269092.368163919018116, 5034134.955078773200512 ], [ 269104.368163914827164, 5034114.955078772269189 ], [ 269107.368163918086793, 5034108.955078771337867 ], [ 269112.368163914710749, 5034101.955078773200512 ], [ 269118.368163919134531, 5034095.954102207906544 ], [ 269124.368163915118203, 5034090.95410221349448 ], [ 269134.368163914477918, 5034080.954102214425802 ], [ 269140.368163917039055, 5034075.954102214425802 ], [ 269145.368163919891231, 5034068.954102212563157 ], [ 269149.368163914245088, 5034063.954102210700512 ], [ 269155.368163917853963, 5034053.954102220013738 ], [ 269161.368163916689809, 5034046.954102211631835 ], [ 269167.368163916864432, 5034041.954102212563157 ], [ 269174.368163916224148, 5034036.954102210700512 ], [ 269182.368163920007646, 5034030.954102212563157 ], [ 269188.368163917388301, 5034027.954102218151093 ], [ 269195.368163917155471, 5034028.954102210700512 ], [ 269201.368163918086793, 5034029.954102215357125 ], [ 269206.368163915700279, 5034032.954102210700512 ], [ 269219.368163919018116, 5034036.954102212563157 ], [ 269225.368163916689809, 5034037.954102206043899 ], [ 269231.368163916573394, 5034039.95312565099448 ], [ 269253.369140480470378, 5034039.953125649131835 ], [ 269263.369140482041985, 5034038.953125649131835 ], [ 269280.369140480062924, 5034038.95312565099448 ], [ 269285.369140482100192, 5034039.953125651925802 ], [ 269292.369140478956979, 5034039.953125651925802 ], [ 269300.369140478316694, 5034037.953125649131835 ], [ 269309.369140480703209, 5034033.953125650063157 ], [ 269314.369140479480848, 5034031.95312565099448 ], [ 269325.369140477792826, 5034031.953125647269189 ], [ 269333.36914047942264, 5034033.953125648200512 ], [ 269338.369140479539055, 5034034.953125653788447 ], [ 269350.369140478025656, 5034034.953125646337867 ], [ 269357.369140480877832, 5034033.953125650063157 ], [ 269365.36914047942264, 5034033.95312565099448 ], [ 269375.370117039827164, 5034032.952149082906544 ], [ 269385.370117044716608, 5034029.952149084769189 ], [ 269394.370117042388301, 5034026.952149091288447 ], [ 269402.370117042795755, 5034027.952149083837867 ], [ 269406.370117042330094, 5034031.95214909221977 ], [ 269410.370117043610662, 5034036.95214908849448 ], [ 269419.370117041806225, 5034039.952149084769189 ], [ 269434.370117042213678, 5034040.952149085700512 ], [ 269443.370117041515186, 5034041.952149085700512 ], [ 269453.370117041631602, 5034045.952149084769189 ], [ 269459.370117041107733, 5034049.95214908849448 ], [ 269463.370117042970378, 5034053.952149081043899 ], [ 269471.371093602036126, 5034062.952149087563157 ], [ 269474.371093604364432, 5034067.952149084769189 ], [ 269482.371093603316694, 5034076.952149087563157 ], [ 269483.371093605121132, 5034082.952149090357125 ], [ 269485.371093605936039, 5034089.952149086631835 ], [ 269485.371093602967449, 5034098.952149089425802 ], [ 269484.371093604713678, 5034106.952149084769189 ], [ 269483.371093603840563, 5034112.952149086631835 ], [ 269479.371093605353963, 5034118.952149090357125 ], [ 269474.371093604655471, 5034123.95214908849448 ], [ 269468.371093603724148, 5034128.952149085700512 ], [ 269463.371093602967449, 5034131.952149086631835 ], [ 269451.371093606110662, 5034139.952149089425802 ], [ 269444.371093602036126, 5034142.952149087563157 ], [ 269438.371093604888301, 5034146.952149084769189 ], [ 269434.371093603258487, 5034150.952149087563157 ], [ 269438.371093605295755, 5034154.952149085700512 ], [ 269456.37109360343311, 5034154.952149084769189 ], [ 269466.372070164477918, 5034153.952149081975222 ], [ 269473.372070163604803, 5034152.952149086631835 ], [ 269486.372070164885372, 5034151.952149090357125 ], [ 269491.372070166224148, 5034149.952149084769189 ], [ 269498.372070164419711, 5034146.952149087563157 ], [ 269503.372070167621132, 5034147.95214908849448 ], [ 269508.372070166282356, 5034152.952149084769189 ], [ 269509.372070166107733, 5034161.952149087563157 ], [ 269501.372070167039055, 5034172.952149090357125 ], [ 269496.372070165351033, 5034177.952149089425802 ], [ 269492.372070168377832, 5034183.952149086631835 ], [ 269497.372070164536126, 5034186.952149090357125 ], [ 269503.37207016791217, 5034184.952149091288447 ], [ 269510.372070163721219, 5034182.95214908849448 ], [ 269521.37207016866887, 5034178.952149079181254 ], [ 269526.37207016616594, 5034183.951172522269189 ], [ 269531.37207016616594, 5034186.951172530651093 ], [ 269536.372070164245088, 5034188.951172525063157 ], [ 269544.373046731518116, 5034192.951172525063157 ], [ 269549.373046724533197, 5034194.951172527857125 ], [ 269554.37304672866594, 5034195.951172525063157 ], [ 269561.373046729597263, 5034196.95117252599448 ], [ 269568.373046729830094, 5034199.951172528788447 ], [ 269575.373046727909241, 5034204.951172525063157 ], [ 269585.373046728258487, 5034207.95117252599448 ], [ 269591.373046727851033, 5034208.951172523200512 ], [ 269598.373046732507646, 5034211.951172526925802 ], [ 269606.373046729364432, 5034217.951172527857125 ], [ 269612.373046727559995, 5034222.951172524131835 ], [ 269616.374023290583864, 5034229.951172520406544 ], [ 269619.374023289885372, 5034236.951172519475222 ], [ 269621.374023292562924, 5034243.951172526925802 ], [ 269625.374023291631602, 5034249.95117252599448 ], [ 269628.374023289885372, 5034255.951172522269189 ], [ 269630.374023288371973, 5034263.951172520406544 ], [ 269631.374023291748017, 5034270.951172523200512 ], [ 269631.374023291689809, 5034277.951172522269189 ], [ 269630.374023288954049, 5034282.951172525063157 ], [ 269627.374023291282356, 5034289.951172523200512 ], [ 269623.374023291224148, 5034295.951172525063157 ], [ 269609.37402328994358, 5034309.951172525063157 ], [ 269602.374023289477918, 5034319.951172521337867 ], [ 269599.374023286683951, 5034327.951172521337867 ], [ 269596.374023292213678, 5034332.951172521337867 ], [ 269595.37402329116594, 5034333.951172524131835 ], [ 269590.374023292213678, 5034334.95117252971977 ], [ 269583.374023291398771, 5034334.951172521337867 ], [ 269575.374023289070465, 5034335.951172528788447 ], [ 269570.37402329017641, 5034336.95117252599448 ], [ 269565.374023292213678, 5034340.951172522269189 ], [ 269560.374023291107733, 5034341.951172527857125 ], [ 269535.374023288663011, 5034341.952149089425802 ], [ 269530.374023290118203, 5034342.95214908849448 ], [ 269525.374023295240477, 5034345.952149086631835 ], [ 269521.374023290001787, 5034350.952149091288447 ], [ 269516.374023290234618, 5034356.95214908849448 ], [ 269512.374023294192739, 5034360.952149085700512 ], [ 269504.374023290874902, 5034362.95214908849448 ], [ 269498.37402329017641, 5034363.952149084769189 ], [ 269481.37402329192264, 5034363.952149090357125 ], [ 269476.374023291398771, 5034365.952149090357125 ], [ 269467.37402329116594, 5034371.952149087563157 ], [ 269460.374023293203209, 5034378.952149089425802 ], [ 269456.374023290118203, 5034383.952149089425802 ], [ 269454.374023293086793, 5034390.952149091288447 ], [ 269455.374023292097263, 5034395.952149086631835 ], [ 269457.374023288721219, 5034402.952149090357125 ], [ 269459.374023290700279, 5034407.95214908849448 ], [ 269462.374023291806225, 5034416.952149082906544 ], [ 269467.374999853607733, 5034425.952149091288447 ], [ 269477.374999853724148, 5034437.95214908849448 ], [ 269483.374999854480848, 5034444.952149087563157 ], [ 269489.374999853316694, 5034449.952149085700512 ], [ 269493.374999853258487, 5034453.95214908849448 ], [ 269499.374999850522727, 5034457.952149087563157 ], [ 269505.374999853200279, 5034460.952149086631835 ], [ 269513.374999857333023, 5034463.952149082906544 ], [ 269519.37499985442264, 5034465.952149081975222 ], [ 269525.374999850289896, 5034465.952149085700512 ], [ 269528.374999854771886, 5034460.952149087563157 ], [ 269528.374999852559995, 5034454.952149085700512 ], [ 269534.374999852559995, 5034446.952149081043899 ], [ 269538.374999856692739, 5034442.952149089425802 ], [ 269544.374999853142072, 5034439.951172519475222 ], [ 269551.37499985267641, 5034436.951172527857125 ], [ 269557.374999855062924, 5034435.951172526925802 ], [ 269564.374999855645001, 5034434.951172524131835 ], [ 269576.374999854830094, 5034436.951172530651093 ], [ 269577.374999853840563, 5034436.951172526925802 ], [ 269597.375976418203209, 5034446.951172525063157 ], [ 269603.375976418203209, 5034455.951172524131835 ], [ 269606.375976416340563, 5034467.951172522269189 ], [ 269616.375976417039055, 5034480.951172524131835 ], [ 269647.37695297843311, 5034518.951172525063157 ], [ 269675.37792953720782, 5034556.950195961631835 ], [ 269749.377929540118203, 5034606.950195956043899 ], [ 269748.377929541340563, 5034599.950195956975222 ], [ 269746.37792954267934, 5034593.950195959769189 ], [ 269746.377929544891231, 5034587.95019596349448 ], [ 269747.377929540816694, 5034579.950195961631835 ], [ 269753.37890610343311, 5034574.95019596349448 ], [ 269760.378906105062924, 5034574.950195965357125 ], [ 269768.37890610442264, 5034575.950195958837867 ], [ 269789.378906103898771, 5034577.949219396337867 ], [ 269805.378906103549525, 5034577.94921940099448 ], [ 269812.37890610343311, 5034574.949219399131835 ], [ 269822.378906104306225, 5034568.949219398200512 ], [ 269826.378906103374902, 5034562.949219401925802 ], [ 269827.378906104364432, 5034557.949219401925802 ], [ 269829.378906101570465, 5034549.949219400063157 ], [ 269833.378906106110662, 5034540.949219399131835 ], [ 269836.378906102792826, 5034535.949219394475222 ], [ 269846.378906104364432, 5034530.949219400063157 ], [ 269856.379882666049525, 5034531.949219393543899 ], [ 269862.379882667271886, 5034531.949219402857125 ], [ 269872.379882665467449, 5034532.949219393543899 ], [ 269878.379882666689809, 5034529.949219400063157 ], [ 269888.379882666398771, 5034529.949219399131835 ], [ 269894.37988266616594, 5034526.949219402857125 ], [ 269902.379882668261416, 5034512.94921940099448 ], [ 269918.379882664419711, 5034512.948242833837867 ], [ 269923.379882663663011, 5034510.948242836631835 ], [ 269928.379882665467449, 5034507.948242841288447 ], [ 269933.379882668959908, 5034503.948242835700512 ], [ 269940.379882665816694, 5034500.948242836631835 ], [ 269948.379882669192739, 5034500.948242841288447 ], [ 269962.380859230237547, 5034494.948242833837867 ], [ 269968.380859229015186, 5034489.948242836631835 ], [ 269973.380859229073394, 5034488.948242831043899 ], [ 269984.380859229713678, 5034493.94824283849448 ], [ 269989.380859228083864, 5034499.948242832906544 ], [ 269989.380859229306225, 5034506.948242845013738 ], [ 269987.380859229946509, 5034511.948242837563157 ], [ 269987.380859227094334, 5034528.948242840357125 ], [ 269988.380859229713678, 5034540.948242840357125 ], [ 269994.380859230761416, 5034546.948242839425802 ], [ 269999.999999854946509, 5034547.948242831975222 ], [ 270005.38183579093311, 5034547.948242834769189 ], [ 270011.381835792155471, 5034542.948242836631835 ], [ 270014.381835792213678, 5034537.948242830112576 ], [ 270014.381835790234618, 5034531.94824283849448 ], [ 270015.38085922942264, 5034523.948242836631835 ], [ 270021.380859230645001, 5034516.94824283849448 ], [ 270026.380859227559995, 5034511.948242833837867 ], [ 270032.385742041224148, 5034508.946289714425802 ], [ 270034.381835790467449, 5034507.948242835700512 ], [ 270039.381835793145001, 5034505.947266277857125 ], [ 270053.381835793203209, 5034499.947266269475222 ], [ 270060.381835789477918, 5034498.947266273200512 ], [ 270066.381835787906311, 5034497.947266273200512 ], [ 270074.381835791515186, 5034496.947266275063157 ], [ 270079.381835793843493, 5034495.947266278788447 ], [ 270080.381835791224148, 5034489.947266274131835 ], [ 270081.381835790234618, 5034484.947266275063157 ], [ 270087.381835793727078, 5034466.94726627599448 ], [ 270090.38183579192264, 5034461.947266272269189 ], [ 270095.381835793552455, 5034455.947266273200512 ], [ 270110.381835790059995, 5034443.947266274131835 ], [ 270122.381835790525656, 5034435.94726627599448 ], [ 270136.381835792388301, 5034431.947266275063157 ], [ 270151.381835792621132, 5034431.94726627599448 ], [ 270156.381835793145001, 5034428.947266270406544 ], [ 270172.381835791340563, 5034422.947266275063157 ], [ 270179.381835793086793, 5034420.947266272269189 ], [ 270188.382812351337634, 5034418.947266270406544 ], [ 270194.382812352851033, 5034416.947266274131835 ], [ 270205.38281235366594, 5034413.947266277857125 ], [ 270213.382812352152541, 5034411.946289708837867 ], [ 270234.382812355586793, 5034411.946289711631835 ], [ 270245.382812355528586, 5034409.946289709769189 ], [ 270250.382812352036126, 5034408.94628971721977 ], [ 270257.382812355121132, 5034406.946289715357125 ], [ 270265.382812352909241, 5034401.946289711631835 ], [ 270271.382812350406311, 5034398.946289712563157 ], [ 270276.382812355237547, 5034397.946289715357125 ], [ 270285.383788915874902, 5034398.946289714425802 ], [ 270290.383788917737547, 5034399.946289712563157 ], [ 270299.383788916340563, 5034400.946289710700512 ], [ 270309.38378891692264, 5034404.946289714425802 ], [ 270318.383788915351033, 5034408.946289716288447 ], [ 270325.38378891866887, 5034411.946289716288447 ], [ 270331.383788914827164, 5034418.946289709769189 ], [ 270335.383788915467449, 5034424.946289709769189 ], [ 270341.384765479480848, 5034426.945313150063157 ], [ 270350.384765476454049, 5034425.945313150063157 ], [ 270358.384765480994247, 5034422.94531315099448 ], [ 270370.384765479480848, 5034421.945313152857125 ], [ 270377.38476547843311, 5034422.945313144475222 ], [ 270386.384765478374902, 5034428.945313149131835 ], [ 270394.384765482100192, 5034433.945313147269189 ], [ 270401.384765477501787, 5034441.94531315099448 ], [ 270405.385742042562924, 5034446.945313147269189 ], [ 270409.385742041398771, 5034453.945313147269189 ], [ 270413.385742043785285, 5034462.945313145406544 ], [ 270416.385742041398771, 5034469.945313152857125 ], [ 270420.385742045706138, 5034477.945313151925802 ], [ 270425.385742042446509, 5034485.945313153788447 ], [ 270432.385742044192739, 5034489.944336586631835 ], [ 270441.385742043436039, 5034489.944336582906544 ], [ 270448.385742042097263, 5034490.944336589425802 ], [ 270453.386718602792826, 5034494.944336586631835 ], [ 270461.386718605645001, 5034501.944336586631835 ], [ 270469.386718602851033, 5034509.944336585700512 ], [ 270473.386718603898771, 5034514.944336583837867 ], [ 270478.386718601919711, 5034520.944336584769189 ], [ 270482.386718605528586, 5034525.94433658849448 ], [ 270487.386718605237547, 5034529.944336587563157 ], [ 270494.386718606343493, 5034532.944336591288447 ], [ 270504.387695164419711, 5034538.944336581975222 ], [ 270513.38769516767934, 5034540.944336586631835 ], [ 270519.387695162673481, 5034542.944336590357125 ], [ 270524.387695167330094, 5034544.943360027857125 ], [ 270534.387695167330094, 5034555.943360028788447 ], [ 270538.387695167097263, 5034563.943360026925802 ], [ 270544.387695167562924, 5034572.943360026925802 ], [ 270545.387695168145001, 5034577.943360022269189 ], [ 270545.387695167388301, 5034599.94336002599448 ], [ 270552.387695166573394, 5034596.943360023200512 ], [ 270557.387695164652541, 5034590.943360023200512 ], [ 270558.387695166107733, 5034583.943360024131835 ], [ 270560.387695165467449, 5034578.943360021337867 ], [ 270562.38769516494358, 5034571.943360026925802 ], [ 270562.387695167155471, 5034554.943360023200512 ], [ 270564.387695166631602, 5034548.943360025063157 ], [ 270568.387695171230007, 5034544.943360022269189 ], [ 270575.387695170007646, 5034545.94336002599448 ], [ 270585.388671729248017, 5034552.943360025063157 ], [ 270593.388671725173481, 5034554.943360021337867 ], [ 270604.388671730237547, 5034557.943360028788447 ], [ 270609.388671726628672, 5034558.943360024131835 ], [ 270614.38867172843311, 5034560.943360026925802 ], [ 270616.388671725173481, 5034577.943360025063157 ], [ 270613.388671730645001, 5034584.94336002599448 ], [ 270609.388671728724148, 5034590.94336003344506 ], [ 270604.388671727909241, 5034591.943360022269189 ], [ 270597.388671728374902, 5034591.943360021337867 ], [ 270593.388671729597263, 5034595.94336002599448 ], [ 270597.388671730645001, 5034600.943360025063157 ], [ 270621.388671727152541, 5034637.943360023200512 ], [ 270621.388671726919711, 5034640.943360025063157 ], [ 270618.388671728956979, 5034646.943360025063157 ], [ 270618.388671729539055, 5034647.943360020406544 ], [ 270618.534676280396525, 5034648.965391876176 ] ] ] ] } },
{ "type": "Feature", "properties": { "id": 9, "nom": "Montréal-Nord" }, "geometry": { "type": "MultiPolygon", "coordinates": [ [ [ [ 296870.374129580450244, 5052448.970267009921372 ], [ 296759.357936384854838, 5052365.98469658382237 ], [ 296679.334922469162848, 5052306.9654580373317 ], [ 296723.328489533974789, 5052249.008310765028 ], [ 296625.344369524857029, 5052175.010068533942103 ], [ 296514.392028725065757, 5052322.962674313224852 ], [ 296508.378312695829663, 5052316.969474262557924 ], [ 296488.381848887074739, 5052294.991727096028626 ], [ 296482.368081075197551, 5052288.99855225160718 ], [ 296477.368267575860955, 5052283.004033742472529 ], [ 296471.354477699438576, 5052277.010869582183659 ], [ 296451.357607894053217, 5052254.922109278850257 ], [ 296404.333156812936068, 5052202.974922073073685 ], [ 296382.38195875211386, 5052177.999555542133749 ], [ 296371.363924660719931, 5052163.011471261270344 ], [ 296354.330305472423788, 5052140.919030387885869 ], [ 296331.984479887818452, 5052112.832657700404525 ], [ 296275.32593266654294, 5052033.00517763197422 ], [ 296265.321244654478505, 5052017.904768376611173 ], [ 296241.320287141483277, 5051977.929778169840574 ], [ 296225.373765204160009, 5051952.946753703989089 ], [ 296215.368981630948838, 5051937.957558467052877 ], [ 296206.376800199970603, 5051921.966793457046151 ], [ 296189.333835055236705, 5051893.984785219654441 ], [ 296180.342902611009777, 5051878.994251231662929 ], [ 296176.356505147763528, 5051872.998579069972038 ], [ 296171.351927182113286, 5051864.003730468451977 ], [ 296167.364131110254675, 5051857.00787153840065 ], [ 296158.372939588269219, 5051841.90623736102134 ], [ 296019.363540011167061, 5051613.944392269477248 ], [ 295704.37072348035872, 5051073.956389690749347 ], [ 294684.348196514241863, 5049331.964575251564384 ], [ 294699.376518520410173, 5049311.93648305349052 ], [ 294723.377317244885489, 5049290.893786545842886 ], [ 294738.337652879650705, 5049276.978178258053958 ], [ 294751.19556857610587, 5049265.844289505854249 ], [ 294750.413434165122453, 5049264.734221717342734 ], [ 294733.519084620347712, 5049240.645649686455727 ], [ 294693.296778883435763, 5049171.2527528507635 ], [ 294659.82221588678658, 5049124.964707963168621 ], [ 294635.176568622991908, 5049085.552705167792737 ], [ 294620.159436986490618, 5049064.684232205152512 ], [ 294595.513304025458638, 5049025.272388566285372 ], [ 294599.093998716736678, 5049019.709937399253249 ], [ 294498.482820364413783, 5048865.400795901194215 ], [ 294427.616987645218614, 5048909.303929986432195 ], [ 294374.720729719265364, 5048824.375589654780924 ], [ 294372.925612332881428, 5048824.267446929588914 ], [ 294374.872369379096199, 5048821.708162290044129 ], [ 294358.362808244826738, 5048795.952986184507608 ], [ 294323.699944351916201, 5048741.778342152014375 ], [ 294271.982534718350507, 5048663.405714202672243 ], [ 294272.995966631860938, 5048662.737216556444764 ], [ 294147.325336358044297, 5048466.467957265675068 ], [ 294145.524817200144753, 5048463.248186039738357 ], [ 294111.530948369589169, 5048483.087662850506604 ], [ 294032.394223821174819, 5048529.00974400434643 ], [ 293901.567754088435322, 5048604.917175940237939 ], [ 293872.80042932194192, 5048622.526217235252261 ], [ 293855.184844593866728, 5048635.226066693663597 ], [ 293835.085003679036163, 5048655.376179746352136 ], [ 293833.365145418094471, 5048653.712207729928195 ], [ 293755.479717493057251, 5048698.746565494686365 ], [ 293732.246939299046062, 5048712.23460182826966 ], [ 293543.659089029417373, 5048821.369374753907323 ], [ 293526.352689512947109, 5048831.735822672955692 ], [ 293503.199538901040796, 5048845.5579688930884 ], [ 293336.529293241444975, 5048944.101944745518267 ], [ 293313.298937246378046, 5048957.924940075725317 ], [ 293297.477053088368848, 5048968.844963807612658 ], [ 293274.480581461568363, 5048982.445409867912531 ], [ 293031.50632301758742, 5049127.591855153441429 ], [ 292895.096661349234637, 5049209.198732239194214 ], [ 292901.8451258042478, 5049228.856344532221556 ], [ 292775.727531632874161, 5049304.000612475909293 ], [ 292759.047796647355426, 5049314.256862819194794 ], [ 292757.800741826416925, 5049315.037189099006355 ], [ 292767.183462032058742, 5049324.687670701183379 ], [ 292767.476039847766515, 5049395.700762934051454 ], [ 292780.00919503060868, 5049420.570360046811402 ], [ 292789.761643366480712, 5049460.337072099559009 ], [ 292809.679011070693377, 5049510.975306150503457 ], [ 292810.872480988909956, 5049522.975330498069525 ], [ 292747.466413698799442, 5049662.235020867548883 ], [ 292705.222480413678568, 5049646.980221340432763 ], [ 292683.13108013686724, 5049642.46651600766927 ], [ 292672.132889080559835, 5049644.599335659295321 ], [ 292673.320785155519843, 5049653.598769490607083 ], [ 292675.44310180604225, 5049661.596200602129102 ], [ 292689.581608324369881, 5049669.348105504177511 ], [ 292699.652854457090143, 5049672.106940004043281 ], [ 292702.871416270674672, 5049682.102646935731173 ], [ 292706.938417819794267, 5049686.984619334340096 ], [ 292725.050340300891548, 5049691.61721711512655 ], [ 292724.293199836800341, 5049703.620992440730333 ], [ 292717.276542215142399, 5049706.746245522983372 ], [ 292711.264616261061747, 5049704.86860129982233 ], [ 292714.313564498734195, 5049707.863291758112609 ], [ 292743.429078919929452, 5049713.252632203511894 ], [ 292754.166134667699225, 5049697.117739616893232 ], [ 292778.935729025921319, 5049633.613440326415002 ], [ 292797.458393676381093, 5049608.239677232690156 ], [ 292813.187625569582451, 5049590.983993391506374 ], [ 292825.032605311425868, 5049582.737513788975775 ], [ 292832.074105262465309, 5049592.503707122057676 ], [ 292832.230379740009084, 5049592.614540824666619 ], [ 292856.556557134143077, 5049664.137418008409441 ], [ 292876.03495947283227, 5049689.771892890334129 ], [ 292881.375268266536295, 5049707.765191279351711 ], [ 292883.169787001505028, 5049748.65854783449322 ], [ 292897.248791579972021, 5049807.420872890390456 ], [ 292899.247680246597156, 5049832.755293546244502 ], [ 292899.888386322185397, 5049841.422414554283023 ], [ 292907.692759298079181, 5049883.304554727859795 ], [ 292910.878211328817997, 5049999.32090837135911 ], [ 292916.396792180137709, 5050029.205092204734683 ], [ 292963.822571531054564, 5050104.351979462429881 ], [ 293006.920101282128599, 5050160.503710318356752 ], [ 293016.152871287602466, 5050174.266760954633355 ], [ 293045.963618735782802, 5050218.774873116984963 ], [ 293073.648589953838382, 5050253.285176419652998 ], [ 293087.289655364002101, 5050288.044139024801552 ], [ 293117.524945619981736, 5050351.555481309071183 ], [ 293121.853254319052212, 5050371.440143347717822 ], [ 293132.703903773450293, 5050416.317488196305931 ], [ 293145.062432695762254, 5050433.075486184097826 ], [ 293151.591923350526486, 5050461.957815756089985 ], [ 293161.167640131956432, 5050492.723741455003619 ], [ 293169.465414553240407, 5050507.600088282488286 ], [ 293182.672593904193491, 5050519.355615023523569 ], [ 293204.933461213135161, 5050532.983641059137881 ], [ 293224.498925177787896, 5050565.731549653224647 ], [ 293237.960059453151189, 5050588.377724640071392 ], [ 293250.149007984262425, 5050598.134887846186757 ], [ 293267.327199284161907, 5050605.771356200799346 ], [ 293292.050288005324546, 5050643.399811043404043 ], [ 293310.42061033018399, 5050663.03653378598392 ], [ 293366.723072076332755, 5050733.947179027833045 ], [ 293404.39171341661131, 5050769.32978486455977 ], [ 293421.830578416702338, 5050791.969115232117474 ], [ 293431.141544802929275, 5050806.843969996087253 ], [ 293441.6424735688488, 5050832.607682459056377 ], [ 293447.649466689210385, 5050832.485647395253181 ], [ 293449.530921128287446, 5050880.491559795103967 ], [ 293468.330184323771391, 5050922.243379905819893 ], [ 293480.784538623003755, 5050949.89287987165153 ], [ 293496.450195904064458, 5050984.649096574634314 ], [ 293527.372387320850976, 5051087.168810035102069 ], [ 293561.836764568579383, 5051164.455191299319267 ], [ 293591.887310531397816, 5051216.967070835642517 ], [ 293602.392268019262701, 5051245.731642319820821 ], [ 293603.254720342403743, 5051291.739062038250268 ], [ 293608.685707841184922, 5051318.73460634611547 ], [ 293609.8663857486099, 5051324.622531078755856 ], [ 293618.335895208641887, 5051349.501127579249442 ], [ 293623.348555009404663, 5051404.391762747429311 ], [ 293633.000524193805177, 5051436.269634771160781 ], [ 293660.186062580440193, 5051501.789511027745903 ], [ 293677.12216548260767, 5051550.43554050847888 ], [ 293684.406793417641893, 5051567.314778110012412 ], [ 293701.924185939831659, 5051592.066290380433202 ], [ 293708.276176166546065, 5051610.947601977735758 ], [ 293724.87125757324975, 5051643.591245224699378 ], [ 293733.423197824566159, 5051671.470447328872979 ], [ 293740.381176445225719, 5051724.357367332093418 ], [ 293746.819759843405336, 5051748.239545708522201 ], [ 293754.146560387744103, 5051789.234620561823249 ], [ 293756.90454788133502, 5051805.010614586062729 ], [ 293770.538475902983919, 5051839.771139451302588 ], [ 293775.025194104004186, 5051862.767729850485921 ], [ 293801.274908275867347, 5051930.290293271653354 ], [ 293819.730163149710279, 5051956.929754157550633 ], [ 293847.329537281417288, 5052038.452891549095511 ], [ 293851.174712098902091, 5052051.67097198870033 ], [ 293858.001958397449926, 5052075.219195518642664 ], [ 293887.206883232458495, 5052138.736182134598494 ], [ 293914.121407610655297, 5052186.254157457500696 ], [ 293934.859971475903876, 5052225.892540939152241 ], [ 293955.166658471222036, 5052241.527034353464842 ], [ 294090.339581028674729, 5052516.014686842449009 ], [ 294107.753744658373762, 5052574.107422651723027 ], [ 294218.347511612868402, 5052941.769483082927763 ], [ 294359.671460475947242, 5053226.254741012118757 ], [ 294363.567892149731051, 5053271.257126550190151 ], [ 294389.830652549338993, 5053307.109321666881442 ], [ 294414.842596205009613, 5053341.296709712594748 ], [ 294561.196245163388085, 5053517.645774584263563 ], [ 294579.890631677408237, 5053552.288711666129529 ], [ 294608.401919768017251, 5053581.692437060177326 ], [ 294622.863904871279374, 5053603.450965362600982 ], [ 294660.676977845607325, 5053646.731432801112533 ], [ 294747.384089750528801, 5053739.165283508598804 ], [ 294833.991525720222853, 5053819.598122279159725 ], [ 294852.268322317861021, 5053838.350509385578334 ], [ 294897.178739829920232, 5053884.3994515016675 ], [ 294963.66169892612379, 5053963.19901227671653 ], [ 295014.574542146467138, 5054009.239358402788639 ], [ 295087.142782084294595, 5054091.920376321300864 ], [ 295139.920413018146064, 5054134.958253442309797 ], [ 295161.317247256520204, 5054155.595990475267172 ], [ 295259.419568131910637, 5054264.800522683188319 ], [ 295334.265341410355177, 5054362.372797849588096 ], [ 295386.870191236375831, 5054448.643849413841963 ], [ 295389.360390196496155, 5054445.417235764674842 ], [ 295459.549521135981195, 5054351.515510948374867 ], [ 295467.875720376672689, 5054340.278619676828384 ], [ 295685.694631467631552, 5054049.23282104358077 ], [ 295711.064822449174244, 5054014.966873203404248 ], [ 296032.340773252770305, 5053580.977831430733204 ], [ 296443.646969892841298, 5053021.971330305561423 ], [ 296736.070863803150132, 5052634.17815515678376 ], [ 296816.967249440029263, 5052525.719853310845792 ], [ 296870.374129580450244, 5052448.970267009921372 ] ] ], [ [ [ 292687.841003873734735, 5049576.333544871769845 ], [ 292681.975898469623644, 5049529.446974206715822 ], [ 292665.77768780826591, 5049465.688294514082372 ], [ 292650.277191787550692, 5049439.935622057877481 ], [ 292642.903463243215811, 5049420.057221675291657 ], [ 292640.168945633398835, 5049378.165582612156868 ], [ 292629.66208862955682, 5049352.292132295668125 ], [ 292620.200760034029372, 5049382.538572695106268 ], [ 292605.21873908652924, 5049382.790008115582168 ], [ 292597.2692766833934, 5049387.917595323175192 ], [ 292597.959837334172335, 5049421.922793850302696 ], [ 292602.46208282985026, 5049449.808277321979403 ], [ 292622.897840245394036, 5049525.449728043749928 ], [ 292624.265240000677295, 5049546.451114293187857 ], [ 292634.859549205866642, 5049577.325356072746217 ], [ 292656.541243672487326, 5049611.845469265244901 ], [ 292663.571553766261786, 5049615.721471840515733 ], [ 292685.400147055275738, 5049605.343858035281301 ], [ 292687.841003873734735, 5049576.333544871769845 ] ] ] ] } },
{ "type": "Feature", "properties": { "id": 44, "nom": "Faubourg Saint-Laurent" }, "geometry": { "type": "MultiPolygon", "coordinates": [ [ [ [ 299678.407859445840586, 5042385.055024550296366 ], [ 299797.168004257662687, 5042307.945465687662363 ], [ 299881.88546851684805, 5042251.090587241575122 ], [ 300052.418902893958148, 5042137.605715163052082 ], [ 300226.318454165651929, 5042024.900969226844609 ], [ 300311.201150740729645, 5041969.829897901974618 ], [ 300341.265702972188592, 5041950.249433364719152 ], [ 300510.256259084737394, 5041841.445674271322787 ], [ 300523.297558467369527, 5041832.657437674701214 ], [ 300623.179424769536126, 5041767.578633876517415 ], [ 300707.2885177116259, 5041713.624775824137032 ], [ 300761.174018732097466, 5041677.027833535335958 ], [ 300756.011384203680791, 5041667.585043111816049 ], [ 300728.714370332076214, 5041621.705688294954598 ], [ 300700.634924217592925, 5041574.715658609755337 ], [ 300670.282666348910425, 5041517.725485629402101 ], [ 300636.332016720203683, 5041455.070182918570936 ], [ 300596.729430300125387, 5041354.078752970322967 ], [ 300547.656354409758933, 5041231.090118793770671 ], [ 300535.683644124888815, 5041204.538006434217095 ], [ 300507.663824759190902, 5041135.322689312510192 ], [ 300498.424629139131866, 5041107.435214411467314 ], [ 300439.426713769149501, 5040988.1215915735811 ], [ 300421.903319128556177, 5040958.795297970063984 ], [ 300405.404747651366051, 5040942.581753566861153 ], [ 300325.817492095113266, 5040773.941676448099315 ], [ 300299.060843936051242, 5040728.619513927027583 ], [ 300247.507205193396658, 5040647.975871830247343 ], [ 300206.117299534322228, 5040576.104531394317746 ], [ 300176.856135403737426, 5040527.784209291450679 ], [ 300162.929297321359627, 5040504.457059963606298 ], [ 300143.211591489496641, 5040470.243439255282283 ], [ 300079.210642193327658, 5040365.606251926161349 ], [ 300056.049578773556277, 5040326.06123520899564 ], [ 300039.851380201696884, 5040297.179554619826376 ], [ 300015.752305154630449, 5040257.968793119303882 ], [ 299983.590845972648822, 5040201.9835962112993 ], [ 299960.975788091833238, 5040162.660780876874924 ], [ 299949.864469034015201, 5040144.221688677556813 ], [ 299893.522011374414433, 5040047.693053597584367 ], [ 299853.53817380341934, 5039985.157957342453301 ], [ 299844.619535843550693, 5039973.162897125817835 ], [ 299768.174655214708764, 5040053.904450040310621 ], [ 299704.525308164593298, 5040106.520525100640953 ], [ 299639.387823342869524, 5040153.804209128022194 ], [ 299546.761587059125304, 5040223.004235314205289 ], [ 299535.983927103574388, 5040231.014663369394839 ], [ 299425.397278446878772, 5040313.122725269757211 ], [ 299409.773611558310222, 5040319.6928253127262 ], [ 299377.517386534542311, 5040340.835415154695511 ], [ 299344.87248427956365, 5040364.089990592561662 ], [ 299207.26454816776095, 5040459.672264834865928 ], [ 299138.852921592711937, 5040507.519752819091082 ], [ 299060.836583936004899, 5040561.822342684492469 ], [ 299092.92357381148031, 5040614.802394757978618 ], [ 299121.346293952548876, 5040677.67655548080802 ], [ 299178.120152063493151, 5040812.649187907576561 ], [ 299228.628452459757682, 5040934.06997393257916 ], [ 299266.538834086153656, 5041037.499107838608325 ], [ 299316.615203715860844, 5041205.151401115581393 ], [ 299375.07174846046837, 5041398.912611707113683 ], [ 299508.098442348476965, 5041821.985080218873918 ], [ 299677.994299557991326, 5042356.939238824881613 ], [ 299678.407859445840586, 5042385.055024550296366 ] ] ] ] } },
{ "type": "Feature", "properties": { "id": 13, "nom": "Petite-Bourgogne" }, "geometry": { "type": "MultiPolygon", "coordinates": [ [ [ [ 300622.702417043445166, 5039171.902371603064239 ], [ 300581.724048993783072, 5039138.924056156538427 ], [ 300567.427835047710687, 5039149.713318075053394 ], [ 300544.760780979413539, 5039149.17298549041152 ], [ 300348.464032063027844, 5038990.281577214598656 ], [ 300341.112533392151818, 5038984.396886271424592 ], [ 300328.130192198324949, 5038974.182129118591547 ], [ 300320.153112059982959, 5038967.96451739128679 ], [ 300297.70791822928004, 5038950.755371632054448 ], [ 299974.854587153240573, 5038697.618072248063982 ], [ 299969.457844457356259, 5038693.399270599707961 ], [ 299869.265653174370527, 5038616.130468166433275 ], [ 299850.181547101412434, 5038601.92080682516098 ], [ 299775.040170156687964, 5038574.309042592532933 ], [ 299740.482338648871519, 5038565.001845048740506 ], [ 299682.556049467879348, 5038560.603565550409257 ], [ 299618.526587596628815, 5038548.987385817803442 ], [ 299609.770436350547243, 5038547.438792044296861 ], [ 299601.476393036602531, 5038537.555059123784304 ], [ 299602.803419820498675, 5038535.331355888396502 ], [ 299609.126443926128559, 5038524.879883494228125 ], [ 299714.748341181548312, 5038544.463531908579171 ], [ 299739.839623178821057, 5038543.443094421178102 ], [ 299760.699113248672802, 5038529.090521624311805 ], [ 299756.463993597659282, 5038511.646472888067365 ], [ 299632.943686871498358, 5038400.394379595294595 ], [ 299618.627614317345433, 5038387.181676229462028 ], [ 299492.674491347803269, 5038270.488982563838363 ], [ 299389.394431449938565, 5038162.447412663139403 ], [ 299381.414240661077201, 5038154.897438587620854 ], [ 299357.160666119365487, 5038132.025588360615075 ], [ 299227.651302888581995, 5037983.335833454504609 ], [ 299190.556131204357371, 5037938.583393469452858 ], [ 299109.950858283089474, 5037845.973340409807861 ], [ 299103.92426148155937, 5037838.310822037048638 ], [ 299055.006847724376712, 5037776.455879258923233 ], [ 298952.318377546733245, 5037648.862111208960414 ], [ 298947.230695551319513, 5037642.421302235685289 ], [ 298943.865030750981532, 5037638.201494296081364 ], [ 298918.022897747869138, 5037676.009875345975161 ], [ 298894.828188887913711, 5037702.147213242948055 ], [ 298861.403403448523022, 5037740.074094194918871 ], [ 298788.073537348944228, 5037823.491447034291923 ], [ 298769.410455664328765, 5037845.735365573316813 ], [ 298757.930484625685494, 5037858.304104044102132 ], [ 298755.675325779768173, 5037870.752851187251508 ], [ 298709.60903157183202, 5037930.696502697654068 ], [ 298680.205479652562644, 5038001.40387218259275 ], [ 298652.593859825865366, 5038065.219562325626612 ], [ 298622.718279517197516, 5038131.593602147884667 ], [ 298586.686366751790047, 5038216.866016970016062 ], [ 298555.879007881565485, 5038288.131045655347407 ], [ 298539.500056745251641, 5038325.375980749726295 ], [ 298499.011793498997577, 5038407.76398556958884 ], [ 298427.381206181133166, 5038535.636070411652327 ], [ 298485.905632000416517, 5038589.586283762939274 ], [ 298521.505488097784109, 5038623.000814554281533 ], [ 298636.601606837415602, 5038736.684244411066175 ], [ 298668.448850877233781, 5038771.103469502180815 ], [ 298683.159694850444794, 5038787.203020934946835 ], [ 298782.69075875316048, 5038896.236851862631738 ], [ 298845.284128256142139, 5038961.632960899733007 ], [ 299088.610071268456522, 5039223.118955414742231 ], [ 299340.683213405776769, 5039051.087201124057174 ], [ 299427.629251076315995, 5038994.335742255672812 ], [ 299549.023779987299349, 5038909.7740164026618 ], [ 299758.629847644770052, 5039262.107700616121292 ], [ 299810.450249012967106, 5039361.194609931670129 ], [ 299868.851931270386558, 5039482.836260530166328 ], [ 299927.574842958070803, 5039618.480659197084606 ], [ 300002.838500210957136, 5039823.347248354926705 ], [ 300146.254142345103901, 5039725.444504244253039 ], [ 300215.780834491888527, 5039684.052830559201539 ], [ 300417.888547045760788, 5039572.889224925078452 ], [ 300451.557179284049198, 5039549.08390945661813 ], [ 300493.730010538303759, 5039503.269118495285511 ], [ 300529.330020016117487, 5039445.345869882963598 ], [ 300557.644949461158831, 5039362.201152487657964 ], [ 300593.278201906941831, 5039235.155178873799741 ], [ 300622.702417043445166, 5039171.902371603064239 ] ] ] ] } },
{ "type": "Feature", "properties": { "id": 1, "nom": "Verdun" }, "geometry": { "type": "MultiPolygon", "coordinates": [ [ [ [ 300389.9624264605809, 5036642.851136110723019 ], [ 300386.673673440993298, 5036636.185651048086584 ], [ 300362.180041288491338, 5036608.642685998231173 ], [ 300335.740449697943404, 5036593.881136448122561 ], [ 300332.846132508886512, 5036592.216244759038091 ], [ 300293.665570508979727, 5036583.909475208260119 ], [ 300248.136945046368055, 5036555.826424729079008 ], [ 300211.763620889396407, 5036537.40531381033361 ], [ 300197.765036886150483, 5036534.748432108201087 ], [ 300175.225681730662473, 5036508.093806630000472 ], [ 300147.515859953942709, 5036468.663152880966663 ], [ 300146.010601114132442, 5036336.641993353143334 ], [ 300135.389649596821982, 5036249.746331047266722 ], [ 300130.79114897781983, 5036164.846558209508657 ], [ 300127.777987395180389, 5036108.83937103766948 ], [ 300115.405529993469827, 5035981.049312139861286 ], [ 300106.455004528863356, 5035933.270182380452752 ], [ 300104.661286611459218, 5035835.143934907391667 ], [ 300103.521704425220378, 5035775.245847560465336 ], [ 300097.088581407035235, 5035643.33965618442744 ], [ 300096.151249965711031, 5035540.323107980191708 ], [ 300081.175807770807296, 5035489.548055281862617 ], [ 300065.873739431728609, 5035420.770277945324779 ], [ 300064.463830531516578, 5035417.881967858411372 ], [ 300019.112366960907821, 5035326.678822691552341 ], [ 299991.234515046293382, 5035280.136751526035368 ], [ 299951.593432383437175, 5035192.930412789806724 ], [ 299930.917540229856968, 5035156.273606263101101 ], [ 299886.024495280056726, 5035056.06959798373282 ], [ 299874.423452590999659, 5035023.295435092411935 ], [ 299847.642107773397584, 5034981.753993219695985 ], [ 299834.940302868548315, 5034942.090737617574632 ], [ 299768.188194267975632, 5034799.231134527362883 ], [ 299754.468630116723944, 5034759.457736493088305 ], [ 299731.75735713908216, 5034723.803405656479299 ], [ 299716.002241862355731, 5034682.142533919773996 ], [ 299681.76914751395816, 5034617.715156395919621 ], [ 299666.020967050280888, 5034585.278163165785372 ], [ 299627.707862206851132, 5034506.740968483500183 ], [ 299558.7089837192907, 5034401.002780859358609 ], [ 299502.493910324003082, 5034338.039444752968848 ], [ 299410.165736826369539, 5034214.653012318536639 ], [ 299403.402664029737934, 5034172.762993196025491 ], [ 299412.233187715988606, 5034162.642638967372477 ], [ 299389.456427528290078, 5034146.548416373319924 ], [ 299377.7939825799549, 5034138.223748651333153 ], [ 299354.306587297527585, 5034114.68459115922451 ], [ 299275.448728230199777, 5034016.07039144076407 ], [ 299257.901100199786015, 5033987.414427489973605 ], [ 299173.87013544794172, 5033880.915885419584811 ], [ 299120.778369707230013, 5033820.95370028167963 ], [ 299085.15739799948642, 5033790.647627510130405 ], [ 299066.36351607949473, 5033769.550138967111707 ], [ 299053.521042247768492, 5033755.226162211038172 ], [ 299020.951101399725303, 5033725.806703772395849 ], [ 299015.075280151853804, 5033716.366104025393724 ], [ 299008.572793247527443, 5033706.037051458843052 ], [ 298980.071121719141956, 5033677.503097170963883 ], [ 298918.59034706663806, 5033601.658893722109497 ], [ 298876.279904867289588, 5033531.353685724548995 ], [ 298830.145814411574975, 5033472.276463449001312 ], [ 298791.875910439528525, 5033456.977042768150568 ], [ 298749.978292099316604, 5033411.676410645246506 ], [ 298724.280833845783491, 5033373.139284395612776 ], [ 298681.526575527794193, 5033332.951890299096704 ], [ 298658.800286199548282, 5033293.411981754004955 ], [ 298589.796416245226283, 5033212.577551030553877 ], [ 298464.472839121706784, 5033065.900653827935457 ], [ 298319.080715959775262, 5032886.574900696985424 ], [ 298241.449938339646906, 5032794.529159006662667 ], [ 298237.924848104070406, 5032790.421050851233304 ], [ 298236.829718595428858, 5032790.644451638683677 ], [ 297099.846038024174049, 5033048.753080255351961 ], [ 297112.627303079527337, 5033072.185748725198209 ], [ 297220.910227500135079, 5033269.753559640608728 ], [ 297283.106993304740172, 5033401.145037297159433 ], [ 297285.380382365663536, 5033405.031851267442107 ], [ 297325.909748257661704, 5033474.995111485943198 ], [ 297333.278687207202893, 5033487.766246343962848 ], [ 297373.393139821186196, 5033538.504916707053781 ], [ 297417.06017217063345, 5033617.244298461824656 ], [ 297479.198080379399471, 5033704.519436079077423 ], [ 297494.566535077872686, 5033735.173303958028555 ], [ 297504.289407832897268, 5033754.609678351320326 ], [ 297601.752071956172585, 5033882.851950404234231 ], [ 297675.718241424590815, 5033989.007546143606305 ], [ 297692.642259862157516, 5034013.214634105563164 ], [ 297726.107784199994057, 5034069.630704745650291 ], [ 297739.974298752786126, 5034088.173755700699985 ], [ 297808.052105130336713, 5034179.112796617671847 ], [ 297810.951166131068021, 5034183.443626596592367 ], [ 297936.464654349198099, 5034367.113687727600336 ], [ 297936.542996121221222, 5034367.224731801077724 ], [ 297992.716463705466595, 5034449.732954028993845 ], [ 298089.426836758677382, 5034552.090496283024549 ], [ 298140.873849518655334, 5034606.489312660880387 ], [ 298244.855946525232866, 5034711.175286264158785 ], [ 298302.202193398901727, 5034800.130599427036941 ], [ 298306.902902626548894, 5034807.682558948174119 ], [ 298441.886936092225369, 5035024.691960462369025 ], [ 298442.670407482422888, 5035026.024724300950766 ], [ 298516.858354609226808, 5035225.205677023157477 ], [ 298518.274236519646365, 5035233.316730555146933 ], [ 298538.487244378891774, 5035346.871134540066123 ], [ 298551.156429040012881, 5035503.662587554194033 ], [ 298545.248238165979274, 5035539.341113787144423 ], [ 298545.411947125510778, 5035546.675514889881015 ], [ 298547.056201995583251, 5035627.242958812974393 ], [ 298516.306159277562983, 5035846.421570528298616 ], [ 298507.096234291093424, 5035942.446948564611375 ], [ 298506.864301827095915, 5035945.114296660758555 ], [ 298535.714079636556562, 5036174.124097337014973 ], [ 298548.952585481747519, 5036275.905884665437043 ], [ 298555.693293286138214, 5036291.790758074261248 ], [ 298555.693293286138214, 5036291.790758074261248 ], [ 298633.415967418637592, 5036286.935436256229877 ], [ 298641.041978931229096, 5036408.50406445749104 ], [ 298724.549284653563518, 5036403.199680457822978 ], [ 298743.266306605422869, 5036432.63103989046067 ], [ 298859.613322654156946, 5036425.296549919992685 ], [ 298851.119933518464677, 5036291.615325331687927 ], [ 299122.915851072059013, 5036274.472208904102445 ], [ 299125.339950344932731, 5036274.470019814558327 ], [ 299127.685953159874771, 5036274.579032009467483 ], [ 299130.110453391913325, 5036275.021363860927522 ], [ 299132.37866001407383, 5036275.57496745698154 ], [ 299134.647066574427299, 5036276.350831421092153 ], [ 299136.837375989067368, 5036277.23789643868804 ], [ 299138.949788361205719, 5036278.45842198189348 ], [ 299140.905906598607544, 5036279.790218823589385 ], [ 299142.783927367941942, 5036281.233216440305114 ], [ 299144.505753968318459, 5036282.898614896461368 ], [ 299146.071386342751794, 5036284.786414069123566 ], [ 299147.480624580522999, 5036286.674354285001755 ], [ 299148.733568744093645, 5036288.673565219156444 ], [ 299149.752122273144778, 5036290.895246849395335 ], [ 299150.614282045396976, 5036293.117069229483604 ], [ 299151.320048228662927, 5036295.339032283052802 ], [ 299151.791424260649364, 5036297.783465798944235 ], [ 299152.028110776096582, 5036300.116980378516018 ], [ 299167.810988195124082, 5036547.589086333289742 ], [ 299180.543112549115904, 5036707.493654193356633 ], [ 299192.313673363241833, 5036929.631930879317224 ], [ 299216.810105662734713, 5036955.94792394246906 ], [ 299193.620511962100863, 5036992.196946595795453 ], [ 299183.013591030961834, 5037021.989257360808551 ], [ 299143.628966496617068, 5037133.154593912884593 ], [ 299161.695831298537087, 5037139.695027255453169 ], [ 299262.190091188298538, 5037168.277199955657125 ], [ 299286.667555882013403, 5037174.367825906723738 ], [ 299311.612241524388082, 5037178.346668681129813 ], [ 299336.789422675792594, 5037179.991677888669074 ], [ 299362.043140926165506, 5037179.747511399909854 ], [ 299387.138479600020219, 5037177.169852475635707 ], [ 299411.919095318240579, 5037172.258833349682391 ], [ 299436.228928231517784, 5037165.347973661497235 ], [ 299459.755256928212475, 5037156.437533817254007 ], [ 299482.497912483464461, 5037145.305245257914066 ], [ 299708.668174097023439, 5037021.985884713009 ], [ 299875.918332450848538, 5036931.281673582270741 ], [ 299867.461841706186533, 5036915.841241450048983 ], [ 300032.527965938148554, 5036825.365196214057505 ], [ 300128.820321908860933, 5036774.728762993589044 ], [ 300312.658237320894841, 5036681.912454094737768 ], [ 300314.454980010748841, 5036679.577443394809961 ], [ 300345.25250495725777, 5036665.442039244808257 ], [ 300387.226637413783465, 5036644.186615260317922 ], [ 300389.9624264605809, 5036642.851136110723019 ] ] ], [ [ [ 302301.956784723501187, 5036348.417515171691775 ], [ 302299.684331740892958, 5036336.416399611160159 ], [ 302288.418607563828118, 5036322.640795577317476 ], [ 302272.307523905998096, 5036315.979466137476265 ], [ 302210.377408052561805, 5036319.116312235593796 ], [ 302193.250925650005229, 5036315.456108560785651 ], [ 302172.832655079604592, 5036293.794298723340034 ], [ 302111.895396660547704, 5036241.922450496815145 ], [ 302055.106370775436517, 5036200.940102452412248 ], [ 302023.339816510328092, 5036159.502646648325026 ], [ 302005.971526389184874, 5036140.840540633536875 ], [ 301981.563961576262955, 5036119.292261459864676 ], [ 301971.395535484771244, 5036113.518081068061292 ], [ 301940.102391395776067, 5036083.5272036800161 ], [ 301811.562724388961215, 5035960.455230545252562 ], [ 301744.358829290722497, 5035899.699570666067302 ], [ 301743.315462070691865, 5035844.690860091708601 ], [ 301736.489026600378565, 5035797.797439646907151 ], [ 301732.154201007157099, 5035728.788001258857548 ], [ 301708.630792401672807, 5035602.000540656037629 ], [ 301693.261789683543611, 5035519.438765494152904 ], [ 301677.202375824737828, 5035464.770925870165229 ], [ 301659.427114978258032, 5035420.105657503940165 ], [ 301606.588321854243986, 5035324.00512976758182 ], [ 301592.883628057548776, 5035288.339492575265467 ], [ 301560.7873079192359, 5035228.901595900766551 ], [ 301547.160817856783979, 5035194.125059918500483 ], [ 301522.506076856225263, 5035158.576387075707316 ], [ 301513.110404328501318, 5035138.689091706648469 ], [ 301476.85636972048087, 5035058.472576343454421 ], [ 301465.110857635794673, 5035032.585600020363927 ], [ 301433.012562649091706, 5034974.148544358089566 ], [ 301411.327883438381832, 5034937.598562408238649 ], [ 301368.28093710844405, 5034883.390678342431784 ], [ 301347.69380583165912, 5034852.73018816113472 ], [ 301324.990313986840192, 5034814.180737452581525 ], [ 301307.213433823373634, 5034774.406207302585244 ], [ 301287.562065318168607, 5034739.8558648834005 ], [ 301272.141328510828316, 5034718.083107449114323 ], [ 301263.688865846139379, 5034708.975233029574156 ], [ 301255.862422432575841, 5034700.42266489379108 ], [ 301220.336021640803665, 5034671.993627469986677 ], [ 301192.708644960657693, 5034642.560089773498476 ], [ 301182.373767698707525, 5034624.785302672535181 ], [ 301173.831425907847006, 5034595.89654709212482 ], [ 301174.44332774321083, 5034571.892218612134457 ], [ 301164.722400505037513, 5034534.002667052671313 ], [ 301159.441882386629004, 5034465.105430270545185 ], [ 301143.7784578151186, 5034431.442280698567629 ], [ 301109.639798487187363, 5034372.00794583465904 ], [ 301052.421947881986853, 5034307.031037812121212 ], [ 301033.331979850190692, 5034300.374673995189369 ], [ 300999.386156108870637, 5034304.062368985265493 ], [ 300970.284537217696197, 5034298.634678856469691 ], [ 300918.658539692754857, 5034298.777457593008876 ], [ 300903.248941446188837, 5034298.786986557766795 ], [ 300867.187457764986902, 5034296.475714839994907 ], [ 300835.969298126816284, 5034284.048813286237419 ], [ 300817.656179780024104, 5034269.391292583197355 ], [ 300738.003544498642441, 5034233.880803935229778 ], [ 300709.757915210386273, 5034222.452775414101779 ], [ 300679.638776950305328, 5034217.02709192968905 ], [ 300662.502969214692712, 5034209.259279268793762 ], [ 300646.303220589470584, 5034197.601363934576511 ], [ 300615.697937161836307, 5034167.17217970173806 ], [ 300594.411485812161118, 5034152.517289517447352 ], [ 300575.853346960968338, 5034123.858327847905457 ], [ 300572.232282780227251, 5034089.966279816813767 ], [ 300561.651985175267328, 5034060.19071058742702 ], [ 300546.225041397614405, 5034035.419260943308473 ], [ 300505.766388416232076, 5034011.220537524670362 ], [ 300485.659389957727399, 5034006.566861497238278 ], [ 300473.367217841732781, 5033990.794926218688488 ], [ 300467.100325831328519, 5033977.908226735889912 ], [ 300452.079146716976538, 5033975.140356875024736 ], [ 300441.210830320196692, 5033982.371291960589588 ], [ 300434.332639145082794, 5033990.488510578870773 ], [ 300430.343233750318177, 5033990.602410305291414 ], [ 300426.192432396986987, 5033983.604141368530691 ], [ 300379.178285251371562, 5033982.525715922005475 ], [ 300358.05417191068409, 5033977.873162755742669 ], [ 300313.157047538727056, 5033983.79489010386169 ], [ 300299.073801725869998, 5033980.026551661081612 ], [ 300296.792379221413285, 5033962.025217182002962 ], [ 300288.570252130099107, 5033950.251390049234033 ], [ 300279.413617858372163, 5033944.368104890920222 ], [ 300262.357764370040968, 5033940.7131153261289 ], [ 300242.49373341712635, 5033948.062019241973758 ], [ 300228.898618102830369, 5033970.297770479694009 ], [ 300215.832951123884413, 5033967.52904381044209 ], [ 300207.691095817834139, 5033958.755758168175817 ], [ 300205.331908990745433, 5033941.754678699187934 ], [ 300200.16177594603505, 5033931.867938727140427 ], [ 300188.031060606474057, 5033924.097762104123831 ], [ 300174.966015027894173, 5033922.329284721054137 ], [ 300162.999075725558214, 5033924.560684081166983 ], [ 300143.297484940558206, 5033939.911100134253502 ], [ 300129.622248841100372, 5033959.146630819886923 ], [ 300117.654651014890987, 5033960.37795231398195 ], [ 300092.866473912552465, 5033972.842950951308012 ], [ 300069.339025455818046, 5033997.309078644029796 ], [ 300055.663386056257877, 5034015.54460771381855 ], [ 300031.607627122546546, 5034065.015403423458338 ], [ 300023.0213624194148, 5034089.248139989562333 ], [ 300019.440546797297429, 5034112.254658656194806 ], [ 299999.370916451327503, 5034156.610602014698088 ], [ 299989.687487848917954, 5034177.843729753047228 ], [ 299965.351505182101391, 5034268.321787980385125 ], [ 299947.973140951246023, 5034352.682459852658212 ], [ 299991.570288914430421, 5034491.894258921034634 ], [ 300013.347629124415107, 5034534.551385506056249 ], [ 300024.945552236458752, 5034562.99172991886735 ], [ 300046.887339426786639, 5034616.872936208732426 ], [ 300061.091245156247169, 5034678.650248254649341 ], [ 300094.54843967553461, 5034757.082597008906305 ], [ 300109.52774346829392, 5034810.858120915479958 ], [ 300127.273939207894728, 5034904.527152139693499 ], [ 300138.589203177252784, 5034975.308310887776315 ], [ 300142.008669285627548, 5035051.318434197455645 ], [ 300170.985710419074167, 5035103.750217968598008 ], [ 300190.193433535867371, 5035166.413220978341997 ], [ 300209.075520782498643, 5035212.073689528740942 ], [ 300218.965602930111345, 5035260.963523143902421 ], [ 300235.977448466059286, 5035316.627111569978297 ], [ 300271.136603470658883, 5035376.945098209194839 ], [ 300284.145697015686892, 5035413.941923812963068 ], [ 300318.705206135695335, 5035512.155841438099742 ], [ 300336.407980956952088, 5035551.816551213152707 ], [ 300363.464875116653275, 5035659.370962478220463 ], [ 300376.277414757583756, 5035863.173879620619118 ], [ 300396.458437389985193, 5035981.846303737722337 ], [ 300399.138955106958747, 5036124.535080031491816 ], [ 300401.332366917340551, 5036241.775499817915261 ], [ 300421.064991250575986, 5036280.434901496395469 ], [ 300454.102327465603594, 5036335.865759174339473 ], [ 300471.475380443211179, 5036355.523752450011671 ], [ 300552.441457002249081, 5036405.032423947006464 ], [ 300564.404485425562598, 5036403.801922004669905 ], [ 300669.824736290727742, 5036423.846263409592211 ], [ 300705.954896088631358, 5036430.157025581225753 ], [ 300778.989975884498563, 5036431.887951781973243 ], [ 300788.143730427022092, 5036439.661191525869071 ], [ 300804.578389544680249, 5036461.321043535135686 ], [ 300857.549955197318923, 5036515.407832562923431 ], [ 300885.945770717225969, 5036533.837641310878098 ], [ 300991.477974944165908, 5036614.897608446888626 ], [ 301025.120240753341932, 5036647.32723574526608 ], [ 301036.389951876597479, 5036664.101088996976614 ], [ 301070.67921526893042, 5036733.536829328164458 ], [ 301083.367324032064062, 5036769.313140361569822 ], [ 301083.601961482374463, 5036769.424131499603391 ], [ 301125.145201764302328, 5036810.517765958793461 ], [ 301146.340847066312563, 5036821.062748337164521 ], [ 301171.845522018673364, 5036846.607851317152381 ], [ 301217.206459332432132, 5036865.807301012799144 ], [ 301299.014586566481739, 5036905.323442555963993 ], [ 301326.552798574615736, 5036933.757421252317727 ], [ 301340.177304727665614, 5036969.533742526546121 ], [ 301369.989590809855144, 5037010.968865117058158 ], [ 301383.450239122961648, 5037033.743170037865639 ], [ 301402.692241946875583, 5037048.401890016160905 ], [ 301431.245249874773435, 5037075.835614655166864 ], [ 301447.597369875642471, 5037096.608170266263187 ], [ 301452.922516968974378, 5037112.496915008872747 ], [ 301475.696191021415871, 5037153.047260547988117 ], [ 301492.904261022282299, 5037166.707165650092065 ], [ 301505.80162713926984, 5037160.477112762629986 ], [ 301510.570664338301867, 5037159.918964519165456 ], [ 301537.77773475140566, 5037156.904271364212036 ], [ 301564.912080896901898, 5037164.447079928591847 ], [ 301681.984243690676522, 5037221.286437729373574 ], [ 301716.153684247052297, 5037226.603813174180686 ], [ 301784.25597026036121, 5037233.349686004221439 ], [ 301796.456995388434734, 5037242.123109645210207 ], [ 301799.187196771497838, 5037229.008468474261463 ], [ 301813.716639158257749, 5037201.774704081006348 ], [ 301850.217541303485632, 5037177.08661066647619 ], [ 301859.127775311178993, 5037170.859156274236739 ], [ 301866.620931822166312, 5037143.739944181405008 ], [ 301885.915071555820759, 5037105.391133491881192 ], [ 301906.386855846154504, 5037077.043536890298128 ], [ 301925.681392685277387, 5037038.58372263982892 ], [ 301943.880224907014053, 5036997.235089992173016 ], [ 301950.516607628553174, 5036976.117391243577003 ], [ 301977.01045681105461, 5036949.656511904671788 ], [ 302010.301071359892376, 5036909.968264955095947 ], [ 302028.579464237845968, 5036869.620020654052496 ], [ 302051.863504454726353, 5036832.159018571488559 ], [ 302070.999443900596816, 5036784.809345091693103 ], [ 302080.288467935984954, 5036748.688105461187661 ], [ 302102.875553189602215, 5036725.229966249316931 ], [ 302115.773575194063596, 5036717.000833016820252 ], [ 302121.395195928576868, 5036697.884096056222916 ], [ 302121.074755726382136, 5036679.881193599663675 ], [ 302132.638540208805352, 5036659.650639001280069 ], [ 302145.302910829312168, 5036653.199744365178049 ], [ 302165.394019019324332, 5036643.078472029417753 ], [ 302187.90277792426059, 5036617.620338324457407 ], [ 302198.607600460003596, 5036599.390601813793182 ], [ 302218.524002320657019, 5036544.039724685251713 ], [ 302256.321108506410383, 5036424.226353256963193 ], [ 302273.586761476530228, 5036385.879601681604981 ], [ 302286.406308293517213, 5036374.650350389070809 ], [ 302296.175519156677183, 5036361.533133151941001 ], [ 302301.956784723501187, 5036348.417515171691775 ] ] ], [ [ [ 297789.725480902590789, 5034229.141494525596499 ], [ 297757.919482377648819, 5034186.503279656171799 ], [ 297702.062640374351759, 5034112.109275967814028 ], [ 297686.159102705481928, 5034090.790373088791966 ], [ 297641.875819647801109, 5034014.605759589932859 ], [ 297614.687098823371343, 5033975.51917034573853 ], [ 297595.881953550910112, 5033948.425079669803381 ], [ 297480.53185461537214, 5033775.085103718563914 ], [ 297468.465205358806998, 5033758.318604287691414 ], [ 297465.253059892798774, 5033754.210558148100972 ], [ 297427.25589114788454, 5033706.024785507470369 ], [ 297289.169558149005752, 5033499.042829987592995 ], [ 297271.457233007182367, 5033472.281806786544621 ], [ 297243.320817138592247, 5033429.641837897710502 ], [ 297243.085853666590992, 5033429.419861274771392 ], [ 297036.111763679538853, 5033072.168576022610068 ], [ 297031.720634216326289, 5033064.172680918127298 ], [ 297023.508114917320199, 5033066.072025885805488 ], [ 297394.157553682744037, 5033699.618157030083239 ], [ 297479.725796253187582, 5033821.871557164937258 ], [ 297532.301047470013145, 5033895.156059673987329 ], [ 297586.600241336622275, 5033972.106304063461721 ], [ 297592.934971451642923, 5033970.765488074161112 ], [ 297711.461812841356732, 5034192.445335463620722 ], [ 297719.457164595776703, 5034207.21655950974673 ], [ 297789.725480902590789, 5034229.141494525596499 ] ] ], [ [ [ 298534.581556372169871, 5036293.14532666746527 ], [ 298527.44837121560704, 5036275.816178911365569 ], [ 298470.735730426968075, 5035945.372830546461046 ], [ 298470.42136037821183, 5035943.817329468205571 ], [ 298470.442939469532575, 5035887.585616085678339 ], [ 298465.252151267661247, 5035935.932318839244545 ], [ 298463.938753260066733, 5035951.825208359397948 ], [ 298462.415522382128984, 5035992.278004101477563 ], [ 298461.53090935893124, 5036045.621221129782498 ], [ 298468.853441297949757, 5036172.857530471868813 ], [ 298472.086635659157764, 5036199.747703834436834 ], [ 298475.160164958389942, 5036223.415274106897414 ], [ 298478.702742201741785, 5036246.971245081163943 ], [ 298482.636277187848464, 5036270.526825916022062 ], [ 298487.43195366213331, 5036296.081882119178772 ], [ 298534.581556372169871, 5036293.14532666746527 ] ] ], [ [ [ 298219.699981600337196, 5034739.539614450186491 ], [ 298210.848664258490317, 5034727.213494542054832 ], [ 298090.803852699347772, 5034596.429738669656217 ], [ 298089.472729815694038, 5034595.097603699192405 ], [ 297965.280394001223613, 5034467.210057126358151 ], [ 297894.851352734898683, 5034367.159240531735122 ], [ 297894.773010223812889, 5034367.048196972347796 ], [ 297879.107999103958718, 5034348.062259532511234 ], [ 297971.314619011362083, 5034477.649683376774192 ], [ 298003.037442029279191, 5034518.399877566844225 ], [ 298019.718614389596041, 5034537.496161029674113 ], [ 298032.561017420783173, 5034551.040138921700418 ], [ 298092.857068372133654, 5034614.763933851383626 ], [ 298215.236673915642314, 5034734.765712676569819 ], [ 298219.699981600337196, 5034739.539614450186491 ] ] ] ] } },
{ "type": "Feature", "properties": { "id": 28, "nom": "Parc-Extension" }, "geometry": { "type": "MultiPolygon", "coordinates": [ [ [ [ 293414.345050974923652, 5043923.575312663801014 ], [ 293442.918368670623749, 5043916.966735663823783 ], [ 293777.99140514084138, 5043837.02091895416379 ], [ 294276.011896877200343, 5043719.032774184830487 ], [ 294300.995177772012539, 5043712.989798925817013 ], [ 294804.033465268847067, 5043594.701884946785867 ], [ 295292.021322878659703, 5043480.033407801762223 ], [ 295307.319886515673716, 5043473.120090939104557 ], [ 295441.064937271818053, 5043437.690446136519313 ], [ 295475.963848404760938, 5043427.414382987655699 ], [ 295486.89348876249278, 5043423.730810024775565 ], [ 295497.591620778548531, 5043421.936831233091652 ], [ 295537.321422247739974, 5043403.541363537311554 ], [ 295556.986635432578623, 5043391.287909040227532 ], [ 295558.703378416306805, 5043390.17406634055078 ], [ 295563.618140492646489, 5043386.054969036020339 ], [ 295583.432817031804007, 5043369.133865028619766 ], [ 295606.827242025756277, 5043343.09481281414628 ], [ 295627.873223888745997, 5043313.391952559351921 ], [ 295638.467337076261174, 5043293.706236613914371 ], [ 295647.031638751912396, 5043274.690288933925331 ], [ 295659.241241834999528, 5043237.888041935861111 ], [ 295663.267187671619467, 5043213.322173330932856 ], [ 295665.491439104429446, 5043185.202733069658279 ], [ 295655.501037748239469, 5043190.551590705290437 ], [ 295655.942156966950279, 5043171.658639527857304 ], [ 295655.05538904631976, 5043152.767625054344535 ], [ 295652.762934741273057, 5043134.100923712365329 ], [ 295652.132694318832364, 5043130.434512848034501 ], [ 295651.502453170600347, 5043126.768102061934769 ], [ 295650.716150316293351, 5043123.213050236925483 ], [ 295648.601300896378234, 5043119.215412086807191 ], [ 295646.873114534537308, 5043112.550061257556081 ], [ 295645.066974984074477, 5043105.995955960825086 ], [ 295643.026496157981455, 5043099.442193380557001 ], [ 295639.124475111544598, 5043101.892778288573027 ], [ 295637.08821010281099, 5043098.228422955609858 ], [ 295622.441776328429114, 5043071.244954527355731 ], [ 295619.241453780618031, 5043072.805475259199739 ], [ 295576.859709790966008, 5042989.185862795449793 ], [ 295561.351059382082894, 5042960.536840331740677 ], [ 295547.724379186693113, 5042936.88598399143666 ], [ 295506.773841927119065, 5042871.490259393118322 ], [ 295473.964145153877325, 5042817.973731935024261 ], [ 295462.612107426684815, 5042800.987552320584655 ], [ 295450.553322116844356, 5042781.557561343535781 ], [ 295442.722012926242314, 5042768.344630946405232 ], [ 295431.833186988718808, 5042747.801619770936668 ], [ 295429.641450186201837, 5042744.804352314211428 ], [ 295416.48799298790982, 5042724.820407563820481 ], [ 295410.225529538060073, 5042716.050417920574546 ], [ 295365.278273201314732, 5042644.104878160171211 ], [ 295295.717154868820217, 5042671.659284837543964 ], [ 295258.320158084214199, 5042685.607454820536077 ], [ 295209.695490429003257, 5042611.112606116570532 ], [ 294687.120929783384781, 5042827.083323042839766 ], [ 294058.736404585302807, 5043086.952680707909167 ], [ 293748.856649551424198, 5043215.180937339551747 ], [ 293225.214306130772457, 5043433.165113528259099 ], [ 293197.429952804755885, 5043445.107518338598311 ], [ 293228.322665482701268, 5043509.173264027573168 ], [ 293265.030162689625286, 5043592.565336337313056 ], [ 293351.451888995594345, 5043783.664176524616778 ], [ 293414.345050974923652, 5043923.575312663801014 ] ] ] ] } },
{ "type": "Feature", "properties": { "id": 2, "nom": "Côte-St-Luc" }, "geometry": { "type": "MultiPolygon", "coordinates": [ [ [ [ 291647.677075304905884, 5035192.685270792804658 ], [ 291621.043253194191493, 5035149.171711479313672 ], [ 291549.531439086480532, 5035091.055516008287668 ], [ 291499.597756570088677, 5035022.947365582920611 ], [ 291460.42934220173629, 5034943.931197546422482 ], [ 291409.093250736419577, 5034857.394815986976027 ], [ 291404.541199651837815, 5034860.382061355747283 ], [ 291363.507800746127032, 5034764.466039822436869 ], [ 291269.683520961145405, 5034778.089521016925573 ], [ 291196.866179989941884, 5034775.699676929041743 ], [ 291138.701048197282944, 5034774.529473674483597 ], [ 290916.421514327696059, 5034770.028943546116352 ], [ 290573.240771422337275, 5034917.416068935766816 ], [ 290324.127380048797932, 5035007.637787291780114 ], [ 290300.925699514511507, 5035016.038556062616408 ], [ 290156.211393496836536, 5035068.45103772636503 ], [ 290214.113147639494855, 5035218.770232120528817 ], [ 290279.953714313916862, 5035293.179890737868845 ], [ 290382.069349925091956, 5035431.82946868147701 ], [ 290416.142337614786811, 5035479.138573100790381 ], [ 290486.737082759791519, 5035581.887834642082453 ], [ 290473.40104799263645, 5035589.267872519791126 ], [ 290504.416756744729355, 5035691.087963964790106 ], [ 290580.219061368959956, 5035730.037394250743091 ], [ 290622.928035058430396, 5035817.586757999844849 ], [ 290504.493568891542964, 5035931.858876086771488 ], [ 290597.98989292094484, 5036410.937704191543162 ], [ 290596.160782439284958, 5036412.708230507560074 ], [ 290726.543027458130382, 5037080.786077469587326 ], [ 290728.501027202408295, 5037079.686460128985345 ], [ 290787.638469358033035, 5037382.695849487558007 ], [ 290889.587413396046031, 5037905.076261099427938 ], [ 290887.758828486024868, 5037906.845781658776104 ], [ 290917.064529118477367, 5038057.00662593357265 ], [ 290946.964434768364299, 5038210.217460080049932 ], [ 291018.058232282462995, 5038142.127193420194089 ], [ 291147.96386953612091, 5038017.705383528023958 ], [ 291529.816244757152162, 5038211.704502264969051 ], [ 291543.209113555552904, 5038221.545549597591162 ], [ 291999.37354626157321, 5037925.436233455315232 ], [ 292032.787649484351277, 5037904.364428110420704 ], [ 292146.161028345464729, 5037833.3484141305089 ], [ 292205.368779758457094, 5037925.688021003268659 ], [ 292603.273908935661893, 5037678.415420794859529 ], [ 293006.942262870375998, 5037430.898521312512457 ], [ 293071.54671015922213, 5037390.346741886809468 ], [ 293115.803917653858662, 5037362.568303165026009 ], [ 293131.735905763402116, 5037352.567241058684886 ], [ 293137.764654895581771, 5037348.784016037359834 ], [ 293161.787161467538681, 5037333.704807949252427 ], [ 293171.714720499177929, 5037328.242858091369271 ], [ 293187.514938337495551, 5037319.372674866579473 ], [ 293200.570688110077754, 5037311.554202780127525 ], [ 293213.561541207775008, 5037303.569827477447689 ], [ 293226.535999442043249, 5037295.559948502108455 ], [ 293253.625865323003381, 5037278.510971284471452 ], [ 293298.520289891632274, 5037251.597541014663875 ], [ 293313.448945180978626, 5037242.204820917919278 ], [ 293339.564199348795228, 5037225.775995867326856 ], [ 293450.918011953181121, 5037157.329127921722829 ], [ 293470.661201333161443, 5037145.80558745842427 ], [ 293505.373431687126867, 5037124.629574298858643 ], [ 293510.810215960314963, 5037121.309243936091661 ], [ 293390.889127714501228, 5037048.099212317727506 ], [ 293393.57726899854606, 5037027.511459714733064 ], [ 293290.182155553076882, 5036910.146701931022108 ], [ 293254.024436394160148, 5036870.221001186408103 ], [ 293237.882920465839561, 5036851.284372912719846 ], [ 293203.347579655470327, 5036812.496143320575356 ], [ 293154.731614465767052, 5036756.884612972848117 ], [ 293141.041274971386883, 5036741.471510062925518 ], [ 293123.473833310126793, 5036721.695242943242192 ], [ 293114.188062692119274, 5036726.947067566215992 ], [ 293043.8681168408948, 5036543.781475287862122 ], [ 293001.753798347897828, 5036503.697612084448338 ], [ 292897.763626005267724, 5036421.114675248041749 ], [ 292817.876987070543692, 5036273.009874548763037 ], [ 292811.952183408779092, 5036275.507801347412169 ], [ 292744.995636320556514, 5036145.967115768231452 ], [ 292619.525844768621027, 5035902.487556238658726 ], [ 292611.515619553276338, 5035896.2286835918203 ], [ 292581.290351504227147, 5035872.615103981457651 ], [ 292485.429630826343782, 5035796.646501397714019 ], [ 292490.764492222806439, 5035793.568393597379327 ], [ 292422.63377854146529, 5035736.147905978374183 ], [ 292438.936338188883383, 5035728.610074090771377 ], [ 292466.322107966174372, 5035713.352837753482163 ], [ 292465.929581399308518, 5035712.089340063743293 ], [ 292465.647959116147831, 5035710.795744050294161 ], [ 292465.479741326416843, 5035709.482549683190882 ], [ 292465.426128206367139, 5035708.159656920470297 ], [ 292465.487519907066599, 5035706.837065708823502 ], [ 292465.663416527968366, 5035705.524875990115106 ], [ 292465.952618131530471, 5035704.232887671329081 ], [ 292466.352824753907043, 5035702.970900661312044 ], [ 292466.861036360205617, 5035701.748414845205843 ], [ 292467.473452913865913, 5035700.574630157090724 ], [ 292468.18547430325998, 5035699.458446440286934 ], [ 292468.99170038534794, 5035698.408263594843447 ], [ 292469.886030972818844, 5035697.431981477886438 ], [ 292472.378413555736188, 5035694.24833407625556 ], [ 292474.602284540014807, 5035690.873084144666791 ], [ 292476.543443326139823, 5035687.327631362713873 ], [ 292476.508617287385277, 5035683.92045125272125 ], [ 292476.231096136849374, 5035682.684254925698042 ], [ 292475.737065845227335, 5035681.517555289901793 ], [ 292475.042527326848358, 5035680.457852334715426 ], [ 292474.169681783299893, 5035679.539446158334613 ], [ 292471.363238095713314, 5035677.072723431512713 ], [ 292470.100371538836043, 5035675.772414370439947 ], [ 292469.057813150458969, 5035674.290609359741211 ], [ 292463.739798889379017, 5035665.297292587347329 ], [ 292463.304570497421082, 5035664.290292874909937 ], [ 292463.132353479741141, 5035663.206697116605937 ], [ 292464.993622252193745, 5035649.039607197977602 ], [ 292465.584126496629324, 5035646.14853242225945 ], [ 292466.213940669549629, 5035644.208552426658571 ], [ 292467.019564027374145, 5035642.334674343466759 ], [ 292467.64478481921833, 5035641.190489483997226 ], [ 292468.376611392362975, 5035640.111505624838173 ], [ 292469.208443519310094, 5035639.107622630894184 ], [ 292470.132480905449484, 5035638.18794034793973 ], [ 292471.140423224132974, 5035637.360958602279425 ], [ 292476.976274438027758, 5035633.023261469788849 ], [ 292478.069722557906061, 5035632.28698025085032 ], [ 292479.226574659580365, 5035631.655099262483418 ], [ 292480.437130261561833, 5035631.133318293839693 ], [ 292481.690788864973001, 5035630.725937222130597 ], [ 292482.976849921746179, 5035630.436555879190564 ], [ 292484.284312872565351, 5035630.267674085684121 ], [ 292485.601677124912385, 5035630.220691693946719 ], [ 292486.872639032197185, 5035630.161308772861958 ], [ 292487.980192250048276, 5035629.988824365660548 ], [ 292498.006068300572224, 5035627.016773751936853 ], [ 292499.159922516730148, 5035626.493892 ], [ 292500.134766571572982, 5035625.684809548780322 ], [ 292500.861597377399448, 5035624.647325201891363 ], [ 292501.228010939841624, 5035623.713135484606028 ], [ 292501.604422942793462, 5035622.340548490174115 ], [ 292501.907031268347055, 5035620.949960609897971 ], [ 292502.135335890983697, 5035619.545171845704317 ], [ 292502.26963617594447, 5035618.205181462690234 ], [ 292502.291026879101992, 5035616.042994431219995 ], [ 292502.166613499750383, 5035614.558701501227915 ], [ 292501.929294425121043, 5035613.08820700738579 ], [ 292498.987670921895187, 5035598.417354739271104 ], [ 292499.086970328586176, 5035597.28686266951263 ], [ 292499.695997879200149, 5035596.463875440880656 ], [ 292502.132018311996944, 5035595.109715081751347 ], [ 292503.282774872146547, 5035594.355834468267858 ], [ 292504.291323318379, 5035593.420253053307533 ], [ 292505.129162273544353, 5035592.329270330257714 ], [ 292505.617183916387148, 5035591.442881857976317 ], [ 292505.948895592999179, 5035590.146793750114739 ], [ 292505.9063884576899, 5035589.047099629417062 ], [ 292505.441857698606327, 5035587.659901712089777 ], [ 292504.708213116333354, 5035586.396499581634998 ], [ 292503.757857563730795, 5035585.286793758161366 ], [ 292502.622292855230626, 5035584.367584412917495 ], [ 292483.988125653937459, 5035572.703412182629108 ], [ 292480.341904418310151, 5035569.284485464915633 ], [ 292479.241535894805565, 5035568.063278556801379 ], [ 292478.36127802496776, 5035566.674975477159023 ], [ 292477.726032506849151, 5035565.158876351080835 ], [ 292477.35370069835335, 5035563.557881103828549 ], [ 292476.075385544623714, 5035557.34500177949667 ], [ 292475.923367609735578, 5035556.030807669274509 ], [ 292476.002562528010458, 5035554.710216576233506 ], [ 292476.310370540944859, 5035553.423628220334649 ], [ 292477.198306506965309, 5035551.47075126785785 ], [ 292477.72172498726286, 5035549.911867264658213 ], [ 292477.968227490200661, 5035548.286080138757825 ], [ 292477.930313816817943, 5035546.642089456319809 ], [ 292477.609184254484717, 5035545.029394966550171 ], [ 292477.014339554181788, 5035543.496196521446109 ], [ 292476.163880991458427, 5035542.088794042356312 ], [ 292475.095010917808395, 5035540.850187788717449 ], [ 292473.871432954911143, 5035539.776678585447371 ], [ 292472.93907547154231, 5035539.237369903363287 ], [ 292471.900313699385151, 5035538.952458345331252 ], [ 292468.416009808017407, 5035538.465316778980196 ], [ 292466.32778820884414, 5035538.266691336408257 ], [ 292464.230067534022965, 5035538.254864626564085 ], [ 292462.139748851477634, 5035538.429936876520514 ], [ 292449.21102194301784, 5035540.095761720091105 ], [ 292438.876241292513441, 5035541.202622946351767 ], [ 292437.488464123685844, 5035541.410803944803774 ], [ 292436.123189550125971, 5035541.735084512270987 ], [ 292434.790118146571331, 5035542.173264778219163 ], [ 292433.498950485547539, 5035542.722344894893467 ], [ 292432.261987260018941, 5035543.381225026212633 ], [ 292431.089929135516286, 5035544.149605305865407 ], [ 292429.992476591956802, 5035545.021285889670253 ], [ 292428.978730097122025, 5035545.989066952839494 ], [ 292420.93057626177324, 5035554.400911730714142 ], [ 292420.111037804919761, 5035555.004397460259497 ], [ 292419.135286800272297, 5035555.293483147397637 ], [ 292418.010722899518441, 5035555.213269222527742 ], [ 292416.984496243298054, 5035554.828763807192445 ], [ 292416.08919719455298, 5035554.196865151636302 ], [ 292414.868391733500175, 5035552.800770319066942 ], [ 292414.002385059779044, 5035551.588675382547081 ], [ 292413.238176536397077, 5035550.310081177391112 ], [ 292408.933719810971525, 5035542.391218434087932 ], [ 292436.158141388441436, 5035527.904269931837916 ], [ 292446.456487478048075, 5035522.271635266020894 ], [ 292314.612893740297295, 5035400.10772614274174 ], [ 292310.667951261508279, 5035387.324608237482607 ], [ 292295.372215889394283, 5035369.893114445731044 ], [ 292271.715846905717626, 5035349.608023518696427 ], [ 292255.90695223811781, 5035335.374699394218624 ], [ 292183.050178811769001, 5035266.269651527516544 ], [ 292196.401158593362197, 5035258.920037000440061 ], [ 292289.856293375254609, 5035207.478357094340026 ], [ 292303.247345617739484, 5035199.90715064201504 ], [ 292330.001295471272897, 5035185.303835827857256 ], [ 292332.104761761962436, 5035184.156350497156382 ], [ 292398.223725435382221, 5035148.067922077141702 ], [ 292407.418714210914914, 5035143.048489175736904 ], [ 292443.412620170798618, 5035123.404239907860756 ], [ 292428.472781936288811, 5035105.513644135557115 ], [ 292418.920422076771501, 5035093.452226133085787 ], [ 292403.83212041243678, 5035075.811728578060865 ], [ 292394.397684754338115, 5035063.601798551157117 ], [ 292384.674239789543208, 5035051.551065383478999 ], [ 292374.064441595168319, 5035038.070739914663136 ], [ 292350.352341415768024, 5035009.531789726577699 ], [ 292320.707269579754211, 5034972.034883694723248 ], [ 292305.391977149818558, 5034980.945960273966193 ], [ 292281.665570843790192, 5034994.74947121925652 ], [ 292269.78538024937734, 5035001.662477532401681 ], [ 292259.989067314134445, 5035007.059803082607687 ], [ 292257.771287698706146, 5035008.279586288146675 ], [ 292245.76530366030056, 5035014.911295604892075 ], [ 292233.745926739415154, 5035021.518605678342283 ], [ 292230.293258689402137, 5035023.265681093558669 ], [ 292215.160613970423583, 5035031.167872095480561 ], [ 292208.159498490800615, 5035035.080920089036226 ], [ 292200.52559345291229, 5035039.337763699702919 ], [ 292185.619788617419545, 5035047.658854263834655 ], [ 292181.556844132370315, 5035049.93132458999753 ], [ 292171.246688602259383, 5035055.682249701581895 ], [ 292166.689854437776376, 5035058.226116728037596 ], [ 292156.552999947802164, 5035063.743644742295146 ], [ 292151.736170993244741, 5035066.363710708916187 ], [ 292141.568126065423712, 5035071.919339007697999 ], [ 292137.024997149477713, 5035074.400707128457725 ], [ 292122.401441639929544, 5035082.598903616890311 ], [ 292107.851403576612938, 5035090.929800375364721 ], [ 292074.596759556792676, 5035109.525126572698355 ], [ 292061.280375680071302, 5035116.936116768978536 ], [ 292047.94938054389786, 5035124.319707399234176 ], [ 292034.677177928271703, 5035131.811598422005773 ], [ 292018.64455562812509, 5035140.608248256146908 ], [ 292002.656120474508498, 5035149.485898669809103 ], [ 291987.98882445046911, 5035157.602870417758822 ], [ 291973.307215105800424, 5035165.693542687222362 ], [ 291943.826253411767539, 5035181.660788787528872 ], [ 291939.870775811607018, 5035183.813127979636192 ], [ 291914.374442926899064, 5035197.681836894713342 ], [ 291899.619267700065393, 5035205.639611700549722 ], [ 291884.820378219184931, 5035213.51638702955097 ], [ 291870.03557691059541, 5035221.419462848454714 ], [ 291855.236662668175995, 5035229.29713916964829 ], [ 291846.752981877012644, 5035233.951310282573104 ], [ 291825.843404290906619, 5035245.424693326465786 ], [ 291812.967710318975151, 5035252.36879941355437 ], [ 291811.087854179262649, 5035253.381471143104136 ], [ 291796.121396352420561, 5035261.453546311706305 ], [ 291781.577316537091974, 5035269.29602831415832 ], [ 291779.275166125735268, 5035270.53819384612143 ], [ 291766.822228989331052, 5035277.252907667309046 ], [ 291762.371235142694786, 5035279.647354661487043 ], [ 291753.400264391792007, 5035284.471462552435696 ], [ 291714.472551553335506, 5035305.454456392675638 ], [ 291703.100107945560012, 5035282.401828903704882 ], [ 291674.879352279531304, 5035238.209534369409084 ], [ 291655.494638905860484, 5035205.767230041325092 ], [ 291647.677075304905884, 5035192.685270792804658 ] ] ], [ [ [ 292607.12743400898762, 5038289.074414596892893 ], [ 292606.707029789104126, 5038311.296579425223172 ], [ 292609.231545957038179, 5038365.972031179815531 ], [ 292616.531806095619686, 5038420.187363311648369 ], [ 292628.599708404392004, 5038473.512665312737226 ], [ 292645.113449522177689, 5038525.707729038782418 ], [ 292615.369917385163717, 5038544.769814667291939 ], [ 292663.904212599329185, 5038620.907054714858532 ], [ 293036.764992134703789, 5039205.525350656360388 ], [ 293130.225651655695401, 5039151.569795711897314 ], [ 293151.299861213250551, 5039135.297993537969887 ], [ 293183.855592658976093, 5039116.795790219679475 ], [ 293150.036537035019137, 5039054.686533014290035 ], [ 293088.034684177488089, 5038956.643509317189455 ], [ 293077.917514589847997, 5038941.413976820185781 ], [ 293037.993802454613615, 5038880.06860544718802 ], [ 293029.149866989231668, 5038864.012735858559608 ], [ 292984.361765289504547, 5038794.509183833375573 ], [ 292960.493735969357658, 5038757.471788386814296 ], [ 292951.127480514114723, 5038742.581079018302262 ], [ 292882.098897933901753, 5038632.846048908308148 ], [ 292840.270097828819416, 5038567.377526638098061 ], [ 292710.637381504639052, 5038370.882286611013114 ], [ 292760.605866143596359, 5038339.899106924422085 ], [ 292693.561939817038365, 5038232.898778840899467 ], [ 292607.12743400898762, 5038289.074414596892893 ] ] ], [ [ [ 293947.315520638017915, 5038176.451788158155978 ], [ 294233.443503986578435, 5037992.896584007889032 ], [ 294605.497574339155108, 5037753.943906442262232 ], [ 294580.510586862335913, 5037715.546122789382935 ], [ 294572.809166238352191, 5037720.485461634583771 ], [ 294459.790856554813217, 5037792.974567158147693 ], [ 294440.247605519660283, 5037805.674540476873517 ], [ 294208.773606140865013, 5037954.404244138859212 ], [ 294193.15528649231419, 5037964.290879082866013 ], [ 294127.748951870133169, 5038006.314055998809636 ], [ 294121.302733457298018, 5038010.454738275147974 ], [ 294101.978972809505649, 5038022.870689737610519 ], [ 294063.613427876087371, 5038047.519013755023479 ], [ 293935.809317336301319, 5038129.633347557857633 ], [ 293922.981020645762328, 5038137.874651704914868 ], [ 293942.579604132915847, 5038168.625581839121878 ], [ 293947.315520638017915, 5038176.451788158155978 ] ] ] ] } },
{ "type": "Feature", "properties": { "id": 30, "nom": "Peter McGill" }, "geometry": { "type": "MultiPolygon", "coordinates": [ [ [ [ 299060.836583936004899, 5040561.822342684492469 ], [ 299138.852921592711937, 5040507.519752819091082 ], [ 299207.26454816776095, 5040459.672264834865928 ], [ 299344.87248427956365, 5040364.089990592561662 ], [ 299377.517386534542311, 5040340.835415154695511 ], [ 299409.773611558310222, 5040319.6928253127262 ], [ 299425.397278446878772, 5040313.122725269757211 ], [ 299535.983927103574388, 5040231.014663369394839 ], [ 299546.761587059125304, 5040223.004235314205289 ], [ 299639.387823342869524, 5040153.804209128022194 ], [ 299704.525308164593298, 5040106.520525100640953 ], [ 299768.174655214708764, 5040053.904450040310621 ], [ 299844.619535843550693, 5039973.162897125817835 ], [ 299911.390627970278729, 5039911.766517584212124 ], [ 299935.83292556804372, 5039887.076565627008677 ], [ 299950.670176264946349, 5039872.062473116442561 ], [ 299979.412352950079367, 5039848.925199626013637 ], [ 300002.838500210957136, 5039823.347248354926705 ], [ 299927.574842958070803, 5039618.480659197084606 ], [ 299868.851931270386558, 5039482.836260530166328 ], [ 299810.450249012967106, 5039361.194609931670129 ], [ 299758.629847644770052, 5039262.107700616121292 ], [ 299549.023779987299349, 5038909.7740164026618 ], [ 299427.629251076315995, 5038994.335742255672812 ], [ 299340.683213405776769, 5039051.087201124057174 ], [ 299088.610071268456522, 5039223.118955414742231 ], [ 298845.284128256142139, 5038961.632960899733007 ], [ 298782.69075875316048, 5038896.236851862631738 ], [ 298683.159694850444794, 5038787.203020934946835 ], [ 298668.448850877233781, 5038771.103469502180815 ], [ 298636.601606837415602, 5038736.684244411066175 ], [ 298521.505488097784109, 5038623.000814554281533 ], [ 298485.905632000416517, 5038589.586283762939274 ], [ 298427.381206181133166, 5038535.636070411652327 ], [ 298409.747096023987979, 5038567.103859579190612 ], [ 298301.691852225922048, 5038692.458587192930281 ], [ 298358.074871891527437, 5038716.626911103725433 ], [ 298351.199768737948034, 5038720.079006794840097 ], [ 298345.965137277496979, 5038722.529251084662974 ], [ 298275.100980624207295, 5038754.052357438951731 ], [ 298265.6474154687603, 5038758.39626922737807 ], [ 298245.958782868809067, 5038767.196081520058215 ], [ 298210.410860751522705, 5038783.902830146253109 ], [ 298183.457332711783238, 5038796.82228865288198 ], [ 298165.332123273285106, 5038805.509577428922057 ], [ 298032.438751183159184, 5038866.661941977217793 ], [ 297883.064102986478247, 5038935.725518132559955 ], [ 297817.987513578787912, 5038966.136127170175314 ], [ 297561.122723157401197, 5039084.447454803623259 ], [ 297318.480065529991407, 5039192.083849602378905 ], [ 297259.973037507559638, 5039091.247390309348702 ], [ 297228.652027241652831, 5039109.399336359463632 ], [ 297120.944785213621799, 5039172.874476341530681 ], [ 296995.982673679827712, 5039249.486291243694723 ], [ 296889.766042296017986, 5039313.630352552980185 ], [ 296912.823784448613878, 5039376.501205107197165 ], [ 296859.062202278000768, 5039385.459405059926212 ], [ 296761.541422659240197, 5039401.586286247707903 ], [ 296769.979212721809745, 5039460.14126914832741 ], [ 296753.94788547657663, 5039453.049438764341176 ], [ 296738.387178009201307, 5039447.290611231699586 ], [ 296685.766348936187569, 5039431.133336718194187 ], [ 296624.958366920473054, 5039430.100907114334404 ], [ 296600.889045122487005, 5039432.577162123285234 ], [ 296449.729392593842931, 5039489.230675769969821 ], [ 296461.952693898521829, 5039512.440714202821255 ], [ 296496.020105842850171, 5039505.727734170854092 ], [ 296602.888144433731213, 5039527.035500077530742 ], [ 296620.093824887648225, 5039535.681243028491735 ], [ 296631.28288461494958, 5039545.446163276210427 ], [ 296779.109887200815137, 5039755.292317586019635 ], [ 296944.594124016759451, 5039969.120580199174583 ], [ 297093.293197485734709, 5040142.077763582579792 ], [ 297190.216363345040008, 5040221.973573728464544 ], [ 297222.829821708146483, 5040243.382335042580962 ], [ 297263.806266258179676, 5040266.003657349385321 ], [ 297304.539747537055518, 5040281.735437775962055 ], [ 297344.572739537514281, 5040300.024319056421518 ], [ 297379.686344150628429, 5040321.764318781904876 ], [ 297409.092551628826186, 5040341.399750293232501 ], [ 297427.797153023071587, 5040364.937451761215925 ], [ 297436.334998382313643, 5040381.93041951302439 ], [ 297328.514134170080069, 5040464.627911431714892 ], [ 297494.523916128673591, 5040692.139272324740887 ], [ 297653.008825955097564, 5040909.550746252760291 ], [ 297440.225328868080396, 5041100.497047351673245 ], [ 297493.61017824272858, 5041182.560315159149468 ], [ 297426.932833375700284, 5041225.645917095243931 ], [ 297379.738415006082505, 5041225.034758721478283 ], [ 297324.525188658793923, 5041248.882279396057129 ], [ 297246.291043642966542, 5041296.317689092829823 ], [ 297228.741939443279989, 5041322.121188413351774 ], [ 297230.322736931615509, 5041401.911217899993062 ], [ 297235.413168263097759, 5041411.684593157842755 ], [ 297237.217322062817402, 5041417.572353033348918 ], [ 297238.401767592644319, 5041427.906093871220946 ], [ 297235.144446196150966, 5041448.02470263466239 ], [ 297225.785998444480356, 5041462.48300186637789 ], [ 297218.60562328598462, 5041468.937262309715152 ], [ 297207.440259808267001, 5041475.174089836888015 ], [ 297195.099167827691417, 5041478.300698270089924 ], [ 297181.350093542248942, 5041480.095470099709928 ], [ 297165.255175208032597, 5041480.337293868884444 ], [ 297150.408473016228527, 5041479.021805168129504 ], [ 297137.201993985392619, 5041477.259824958629906 ], [ 297110.236913931032177, 5041469.513651967048645 ], [ 297089.763977921043988, 5041467.649549678899348 ], [ 297081.404932456032839, 5041468.548873075284064 ], [ 297073.047257814498153, 5041470.559514491818845 ], [ 297110.617124744865578, 5041524.745223301462829 ], [ 297154.056306719139684, 5041587.258820973336697 ], [ 297166.339448249374982, 5041600.912963210605085 ], [ 297178.305155590351205, 5041610.566803652793169 ], [ 297192.691920401819516, 5041619.43981511797756 ], [ 297205.511872039234731, 5041624.869698548689485 ], [ 297216.53252554620849, 5041628.412557581439614 ], [ 297232.396696196985431, 5041631.505069012753665 ], [ 297330.452483102155384, 5041633.49906081520021 ], [ 297598.895039453695063, 5041622.405546898022294 ], [ 297609.753227942390367, 5041620.726132022216916 ], [ 297624.129571006225888, 5041621.043067011982203 ], [ 297642.885894906066824, 5041625.466879271902144 ], [ 297657.426455242035445, 5041632.784947426989675 ], [ 297667.592334068671335, 5041640.663674788549542 ], [ 297674.631730187160429, 5041647.434659634716809 ], [ 297752.344907448044978, 5041763.256388584151864 ], [ 297783.818283745786175, 5041822.009353157132864 ], [ 297820.908921743161045, 5041874.19950591865927 ], [ 297905.228880282491446, 5041821.985892010852695 ], [ 298032.411429297178984, 5041740.721883757971227 ], [ 298359.548141754232347, 5041523.450174408964813 ], [ 298534.670110611536074, 5041396.250372683629394 ], [ 298579.797062101191841, 5041361.977197410538793 ], [ 298611.482413432211615, 5041324.605929269455373 ], [ 298660.811614749894943, 5041271.992623777128756 ], [ 298693.809005880204495, 5041216.950705518946052 ], [ 298666.322927511355374, 5041154.966554341837764 ], [ 298628.147634087188635, 5041109.329249382019043 ], [ 298584.79679466271773, 5041045.582994120195508 ], [ 298538.572896060475614, 5040922.496110296808183 ], [ 298853.108249462442473, 5040702.484848018735647 ], [ 299060.836583936004899, 5040561.822342684492469 ] ] ] ] } },
{ "type": "Feature", "properties": { "id": 5, "nom": "Bordeaux-Cartierville" }, "geometry": { "type": "MultiPolygon", "coordinates": [ [ [ [ 289314.656040754634887, 5045237.159680056385696 ], [ 289318.001358326524496, 5045232.1504749013111 ], [ 289367.010470634617377, 5045157.015502129681408 ], [ 289373.000964453269262, 5045147.999062862247229 ], [ 289508.05234769906383, 5044971.968468001112342 ], [ 289648.888869598216843, 5044860.049998628906906 ], [ 289671.969731433724519, 5044845.99163066688925 ], [ 289874.959406774665695, 5044761.044782642275095 ], [ 290961.742579258629121, 5044504.948695359751582 ], [ 290975.948415535094682, 5044501.583400804549456 ], [ 291907.948389660974499, 5044281.668297556228936 ], [ 291919.111037382739596, 5044279.089325597509742 ], [ 291969.927771755959839, 5044266.982909122481942 ], [ 292214.333989444596227, 5044208.365676765330136 ], [ 292256.721249119727872, 5044198.27888666279614 ], [ 292639.773801920004189, 5044107.063136129640043 ], [ 292651.717404666589573, 5044104.150562318973243 ], [ 293395.999052473460324, 5043927.942780912853777 ], [ 293414.345050974923652, 5043923.575312663801014 ], [ 293351.451888995594345, 5043783.664176524616778 ], [ 293265.030162689625286, 5043592.565336337313056 ], [ 293228.322665482701268, 5043509.173264027573168 ], [ 293197.429952804755885, 5043445.107518338598311 ], [ 293225.214306130772457, 5043433.165113528259099 ], [ 293168.874285112309735, 5043293.799449916929007 ], [ 293083.739361536048818, 5043087.253566910512745 ], [ 293054.863226962916087, 5043017.405956647358835 ], [ 293024.25981252535712, 5042943.227605363354087 ], [ 293002.795437316293828, 5042952.269579358398914 ], [ 292778.630878031079192, 5043045.601036041975021 ], [ 292728.132471219054423, 5043066.701859632506967 ], [ 292725.097002861555666, 5043072.375403124839067 ], [ 292668.821713585290127, 5043095.043670756742358 ], [ 291881.18590137938736, 5043421.898415919393301 ], [ 291609.994204032293055, 5043533.372208493761718 ], [ 291530.940722917963285, 5043565.878263989463449 ], [ 291492.933227038534824, 5043580.183641074225307 ], [ 291444.377838117768988, 5043592.733600780367851 ], [ 291390.192857528163586, 5043602.406552968546748 ], [ 291318.044720981677528, 5043612.563094977289438 ], [ 291247.131129632354714, 5043615.605378948152065 ], [ 291150.588364679948427, 5043613.814409515820444 ], [ 291098.947008486895356, 5043607.703659681603312 ], [ 291021.123050418973435, 5043593.871600074693561 ], [ 290967.195001816435251, 5043578.098510633222759 ], [ 290899.116404625237919, 5043556.467261870391667 ], [ 290765.221895369759295, 5043512.757386851124465 ], [ 290693.624565826845355, 5043490.02492512576282 ], [ 290497.117348826024681, 5043426.458233321085572 ], [ 290482.813203299767338, 5043421.934478121809661 ], [ 290336.56149339635158, 5043373.816698558628559 ], [ 290294.89799133152701, 5043326.459731192328036 ], [ 290242.443884286738466, 5043274.46055275388062 ], [ 290186.915153581707273, 5043210.689028246328235 ], [ 290108.985523090173956, 5043221.428594369441271 ], [ 290032.449841959401965, 5043226.942662361077964 ], [ 289932.857521371042822, 5043226.511173240840435 ], [ 289833.322603929846082, 5043217.412862304598093 ], [ 289754.789017755945679, 5043204.042711734771729 ], [ 289655.215096818516031, 5043179.055495747365057 ], [ 289558.275364270317368, 5043145.506320171989501 ], [ 289317.639324022224173, 5043029.74091487005353 ], [ 289252.410553049354348, 5042996.562783340923488 ], [ 289052.186097012308892, 5042895.710262182168663 ], [ 288959.18806683976436, 5042848.491238722577691 ], [ 288453.030554672761355, 5042590.964364408515394 ], [ 288334.108713499328587, 5042700.517813654616475 ], [ 288308.543315443443134, 5042722.25565058644861 ], [ 288239.001105568255298, 5042774.670760574750602 ], [ 288207.808180026651826, 5042794.979162896983325 ], [ 288152.508126264787279, 5042826.798223326914012 ], [ 288039.344501366489567, 5042690.518741375766695 ], [ 288032.408713151759002, 5042696.760652271099389 ], [ 287826.303079178091139, 5042887.239101919345558 ], [ 287763.933632682426833, 5042817.395200678147376 ], [ 287732.121042568236589, 5042781.586137388832867 ], [ 287481.904873265244532, 5043004.757798005826771 ], [ 287392.323196609329898, 5042897.541349110193551 ], [ 287196.379634508688468, 5042663.933569771237671 ], [ 286983.402160997502506, 5042406.709213639609516 ], [ 286694.944146134192124, 5042665.583111211657524 ], [ 286552.974053520418238, 5042521.189746179617941 ], [ 286371.201251156860963, 5042339.242716573178768 ], [ 286947.676977888739202, 5041821.813586620613933 ], [ 286431.439996585191693, 5041567.589720939286053 ], [ 286032.433316419017501, 5041362.843467791564763 ], [ 285428.433629922801629, 5041052.510052954778075 ], [ 285366.996155441214796, 5041020.582943477667868 ], [ 285104.498229690012522, 5040886.598528866656125 ], [ 284868.988058554008603, 5040765.208303274586797 ], [ 284860.926098160154652, 5040761.01090638525784 ], [ 284395.972985463042278, 5041191.251520129851997 ], [ 284388.494347093277611, 5041198.166011544875801 ], [ 284384.443213971098885, 5041201.846538641490042 ], [ 284396.487326994072646, 5041205.252453883178532 ], [ 284426.766630865284242, 5041217.711972774006426 ], [ 284454.919944146182388, 5041225.177598682232201 ], [ 284492.429202406317927, 5041250.505285793915391 ], [ 284516.796054513775744, 5041271.096994047984481 ], [ 284530.133194873225875, 5041287.834800907410681 ], [ 284544.596431081939954, 5041314.570862927474082 ], [ 284549.234379201137926, 5041347.450907136313617 ], [ 284562.288487224141136, 5041349.186902731657028 ], [ 284593.689623589452822, 5041370.645281451754272 ], [ 284604.900650871626567, 5041382.389162617735565 ], [ 284692.051302694831975, 5041440.786884187720716 ], [ 284718.175400564679876, 5041449.371506300754845 ], [ 284732.160442778142169, 5041449.10450233053416 ], [ 284793.178893550182693, 5041447.909473162144423 ], [ 284845.021554984210525, 5041435.964426968246698 ], [ 284873.828936886333395, 5041428.427054917439818 ], [ 284872.496863415522967, 5041353.417336954735219 ], [ 284866.114360056933947, 5041336.545579726807773 ], [ 284866.10482862876961, 5041333.545052330009639 ], [ 284907.408267280145083, 5041348.750167624093592 ], [ 284938.717418703250587, 5041366.209813539870083 ], [ 284967.144938907702453, 5041386.679279510863125 ], [ 284988.268342661729548, 5041395.280831255018711 ], [ 284990.768961046182085, 5041395.384068621322513 ], [ 285002.334802013006993, 5041396.014359043911099 ], [ 285036.042558464512695, 5041381.349843643605709 ], [ 285035.962515395251103, 5041430.359201712533832 ], [ 285052.354548192583025, 5041450.089048546738923 ], [ 285074.308782318956219, 5041449.686601281166077 ], [ 285101.441405408026185, 5041456.158141881227493 ], [ 285129.043367343430873, 5041487.744106350466609 ], [ 285144.321964442788158, 5041501.365435974672437 ], [ 285193.224280506605282, 5041548.554575491696596 ], [ 285207.215249613800552, 5041600.298279100097716 ], [ 285215.57151625759434, 5041674.174826558679342 ], [ 285216.50889835000271, 5041724.181207069195807 ], [ 285241.795890047505964, 5041790.670281785540283 ], [ 285274.676606099819764, 5041837.132099929265678 ], [ 285304.319433177122846, 5041872.602101506665349 ], [ 285363.86910426832037, 5041953.432438724674284 ], [ 285381.193167788500432, 5041972.160072671249509 ], [ 285390.274024310288951, 5041978.02195942774415 ], [ 285435.256815982749686, 5041972.104103861376643 ], [ 285441.284874843317084, 5041976.086246495135128 ], [ 285449.621083242469467, 5041993.841620966792107 ], [ 285485.819371372577734, 5042002.176099292933941 ], [ 285498.78790994535666, 5042002.025057566352189 ], [ 285500.070763553085271, 5041961.902527361176908 ], [ 285509.790080512815621, 5041946.758711188100278 ], [ 285533.035620068723802, 5041960.356495207175612 ], [ 285591.385471957211848, 5042033.302306415513158 ], [ 285662.225259735947475, 5042128.992570758797228 ], [ 285672.034687387407757, 5042117.738341397605836 ], [ 285693.235828872711863, 5042127.342204891145229 ], [ 285723.41739507537568, 5042161.367825967259705 ], [ 285723.887489497079514, 5042161.810923819430172 ], [ 285820.104123977012932, 5042280.096748572774231 ], [ 285846.407162872259505, 5042349.585752440616488 ], [ 285850.665858284686692, 5042414.585015919059515 ], [ 285873.263178893132135, 5042447.189560679718852 ], [ 285885.209453845280223, 5042496.94060021173209 ], [ 285909.104401450662408, 5042545.544351558201015 ], [ 285908.641908622579649, 5042573.550975516438484 ], [ 285916.516834838199429, 5042620.42491555865854 ], [ 285963.823986425646581, 5042635.507747023366392 ], [ 286013.261055284820031, 5042657.585862927138805 ], [ 286018.911476542998571, 5042666.237228672020137 ], [ 286025.581732447142713, 5042676.330261424183846 ], [ 286036.045809255854692, 5042701.192491292953491 ], [ 286045.947668753913604, 5042747.060346585698426 ], [ 286051.790348156937398, 5042793.940538665279746 ], [ 286061.607860640040599, 5042837.808301758952439 ], [ 286080.122687437047716, 5042864.424673094414175 ], [ 286097.52320710051572, 5042884.154243554919958 ], [ 286126.973106812743936, 5042910.515892681665719 ], [ 286158.355133742967155, 5042929.981758480891585 ], [ 286184.368813886016142, 5042930.460155536420643 ], [ 286192.32426358765224, 5042926.324668333865702 ], [ 286234.71578672999749, 5042891.525895608589053 ], [ 286259.624515742529184, 5042888.118260118179023 ], [ 286320.721967838471755, 5042944.948615564964712 ], [ 286423.394487731100526, 5043035.108315158635378 ], [ 286446.801622736966237, 5043052.598616398870945 ], [ 286471.714353182760533, 5043104.202099434100091 ], [ 286505.030628166336101, 5043171.561895747669041 ], [ 286541.973702414717991, 5043223.908502939157188 ], [ 286561.587625974905677, 5043253.523655775003135 ], [ 286623.798738143406808, 5043319.466540019027889 ], [ 286644.074421330122277, 5043335.07741002459079 ], [ 286691.739103014871944, 5043314.157928647473454 ], [ 286724.699669790163171, 5043313.507183593697846 ], [ 286755.979565503017511, 5043325.975013414397836 ], [ 286788.381270220736042, 5043348.330517476424575 ], [ 286857.147801412444096, 5043386.1405069809407 ], [ 286884.449258080217987, 5043400.620734204538167 ], [ 286935.079999867710285, 5043433.704739576205611 ], [ 286970.714200031245127, 5043467.054035129025578 ], [ 286969.877767674741335, 5043475.057911657728255 ], [ 286963.964679756260011, 5043483.187357287853956 ], [ 286951.183868207910564, 5043493.336726826615632 ], [ 286950.255439287051558, 5043496.451063428074121 ], [ 286948.409340361133218, 5043506.458192112855613 ], [ 286953.866719545505475, 5043530.336024424992502 ], [ 286974.233219943300355, 5043550.948637288063765 ], [ 286986.443080279510468, 5043559.804496040567756 ], [ 287023.192145519598853, 5043601.041291731409729 ], [ 287053.359547487576492, 5043607.512628369033337 ], [ 287054.531133545795456, 5043607.509312831796706 ], [ 287077.339893314056098, 5043608.111600231379271 ], [ 287080.394181464391295, 5043610.992399195209146 ], [ 287096.67342206207104, 5043622.726404548622668 ], [ 287111.111928653088398, 5043646.467893578112125 ], [ 287120.557562557805795, 5043672.334997924976051 ], [ 287124.998786205600481, 5043696.21584605704993 ], [ 287129.240302762016654, 5043760.104764310643077 ], [ 287137.47469973837724, 5043771.972683976404369 ], [ 287159.87050434097182, 5043792.580184147693217 ], [ 287217.991830143029802, 5043852.539335244335234 ], [ 287270.095711994159501, 5043911.626789330504835 ], [ 287315.833680397656281, 5043956.84092781227082 ], [ 287380.210545313719194, 5044020.562628178857267 ], [ 287383.178367402404547, 5044020.55438341666013 ], [ 287514.774858628050424, 5044104.094853742048144 ], [ 287562.066937103460077, 5044119.1897335620597 ], [ 287601.48753777280217, 5044140.418815319426358 ], [ 287665.623283465625718, 5044146.24433915130794 ], [ 287695.701102476974484, 5044149.718435436487198 ], [ 287703.753174403915182, 5044152.585905153304338 ], [ 287723.920857843186241, 5044159.198862568475306 ], [ 287788.059004931594245, 5044166.025818517431617 ], [ 287842.109055045235436, 5044167.990901258774102 ], [ 287896.070183600357268, 5044165.955939103849232 ], [ 287898.935572023794521, 5044156.946525943465531 ], [ 287893.393134754966013, 5044128.956217084079981 ], [ 287891.922914876136929, 5044105.066813031211495 ], [ 287910.908217907999642, 5044049.671937692910433 ], [ 287913.595632444485091, 5044032.550381701439619 ], [ 287915.443108258070424, 5044022.543532634153962 ], [ 287904.164887146267574, 5044010.793929745443165 ], [ 287876.857656294247136, 5043992.308542333543301 ], [ 287865.393091429548804, 5043969.446319526992738 ], [ 287861.232411879580468, 5043961.567191750742495 ], [ 287864.754534399427939, 5043935.441676353104413 ], [ 287895.487625284818932, 5043920.911594724282622 ], [ 287923.441491127887275, 5043918.391390760429204 ], [ 287939.362910000840202, 5043914.125544983893633 ], [ 287926.021499515452888, 5043948.390063286758959 ], [ 287924.623712665750645, 5043980.399817410856485 ], [ 287926.19107497605728, 5044011.40140569396317 ], [ 287937.008629547955934, 5044055.158282661810517 ], [ 287936.712281279382296, 5044090.165639406070113 ], [ 287941.247334481042344, 5044121.159255134873092 ], [ 287946.608870987547562, 5044140.03727144561708 ], [ 287956.785335860971827, 5044148.789348569698632 ], [ 287966.038311738928314, 5044162.655991277657449 ], [ 287976.212327227520291, 5044170.5190508980304 ], [ 287978.25601269461913, 5044175.403373060747981 ], [ 287996.565344996924978, 5044188.134449341334403 ], [ 288020.548417096491903, 5044190.62625234015286 ], [ 288045.713933890627231, 5044197.22686907928437 ], [ 288067.924712374631781, 5044208.725277073681355 ], [ 288097.078143656253815, 5044217.20470105856657 ], [ 288119.369811194890644, 5044229.814394764602184 ], [ 288128.807758877752349, 5044254.682847767136991 ], [ 288163.227636226860341, 5044276.039882750250399 ], [ 288198.399116260290612, 5044286.393052851781249 ], [ 288216.621348005894106, 5044296.013306047767401 ], [ 288228.926950744120404, 5044312.761692704632878 ], [ 288251.317229896085337, 5044333.373094199225307 ], [ 288332.61596178880427, 5044422.397982073947787 ], [ 288341.230979430023581, 5044431.710443442687392 ], [ 288390.443043422419578, 5044495.815711922012269 ], [ 288425.407645460451022, 5044547.178389540873468 ], [ 288458.151457877771463, 5044585.655742691829801 ], [ 288471.838144567678683, 5044623.404951995238662 ], [ 288506.796174682676792, 5044672.76772821508348 ], [ 288559.716498731693719, 5044722.750931040383875 ], [ 288572.582945644855499, 5044715.494031196460128 ], [ 288580.719741387234535, 5044721.362968393601477 ], [ 288569.657751223654486, 5044731.83800713904202 ], [ 288576.005899866460823, 5044740.601001488976181 ], [ 288577.027705280750524, 5044743.15439286082983 ], [ 288586.354516928899102, 5044756.243837509304285 ], [ 288590.000172945030499, 5044776.904960636980832 ], [ 288592.98746113688685, 5044784.56534437648952 ], [ 288596.980444674263708, 5044788.555773889645934 ], [ 288605.934493855631445, 5044808.536395816132426 ], [ 288608.001022904121783, 5044822.533690036274493 ], [ 288612.962052524788305, 5044838.523886108770967 ], [ 288619.956269663001876, 5044855.620158025063574 ], [ 288631.958236795500852, 5044876.593139804899693 ], [ 288641.979523233138025, 5044886.569180731661618 ], [ 288649.954985792923253, 5044890.54937956854701 ], [ 288661.988525115011726, 5044893.518951307982206 ], [ 288683.000074220704846, 5044895.576399200595915 ], [ 288696.988397430395707, 5044899.541200272738934 ], [ 288700.664887577178888, 5044901.976660762913525 ], [ 288710.116576821834315, 5044903.063712284900248 ], [ 288720.766117572784424, 5044914.482982273213565 ], [ 288731.008934373385273, 5044919.568788283504546 ], [ 288740.959592356521171, 5044932.545732419006526 ], [ 288747.992740948800929, 5044934.528093707747757 ], [ 288788.009325702907518, 5044917.533678679727018 ], [ 288854.933258048782591, 5044948.591173303313553 ], [ 288873.946997529594228, 5044963.545655326917768 ], [ 288885.008306684379932, 5044983.521321940235794 ], [ 288899.959019172529224, 5044997.597144338302314 ], [ 288908.954395008273423, 5045003.575460973195732 ], [ 288927.939979430637322, 5045007.528108865953982 ], [ 288936.998496164160315, 5045007.616309215314686 ], [ 288945.976113446580712, 5045006.59340718947351 ], [ 288954.946148479299154, 5045002.569973004050553 ], [ 288966.949008290655911, 5044993.537949883379042 ], [ 288976.005019407370128, 5044992.626024996861815 ], [ 288987.970209531136788, 5044999.597145950421691 ], [ 288995.957916068844497, 5045008.578693225048482 ], [ 288996.669115803088062, 5045011.910860212519765 ], [ 288997.295782506349497, 5045012.687204287387431 ], [ 289001.368972252937965, 5045017.67787666991353 ], [ 289001.552598855283577, 5045028.568350497633219 ], [ 288981.824948384542949, 5045039.953570101410151 ], [ 288972.954645119840279, 5045052.533879458904266 ], [ 288972.957170658395626, 5045053.534061211161315 ], [ 288975.94470236293273, 5045061.52802325040102 ], [ 288980.957732485490851, 5045067.627630178816617 ], [ 288986.383620305743534, 5045082.616760915145278 ], [ 288991.709252695611212, 5045088.826719855889678 ], [ 289001.360200187074952, 5045107.139169761911035 ], [ 289019.758488077204674, 5045126.096397901885211 ], [ 289028.836405730224214, 5045133.963922914117575 ], [ 289035.00944460259052, 5045135.615373531356454 ], [ 289053.987010294978973, 5045136.567857241258025 ], [ 289076.00520832213806, 5045135.623525251634419 ], [ 289086.007820502039976, 5045138.599004163406789 ], [ 289095.954890437948052, 5045150.576331797987223 ], [ 289097.997666456911247, 5045155.572154842317104 ], [ 289094.96733427158324, 5045161.580876408144832 ], [ 289095.835193997772876, 5045165.134926611557603 ], [ 289124.889691377291456, 5045198.846331349574029 ], [ 289136.936851872422267, 5045207.595643633976579 ], [ 289143.969565045612399, 5045209.578449041582644 ], [ 289176.960209149983712, 5045193.604248658753932 ], [ 289190.935096390603576, 5045192.569241662509739 ], [ 289198.975456946762279, 5045191.549034836702049 ], [ 289211.94546127691865, 5045194.628460766747594 ], [ 289231.96774725423893, 5045207.581142205744982 ], [ 289303.012528519087937, 5045233.632234000600874 ], [ 289314.656040754634887, 5045237.159680056385696 ] ] ], [ [ [ 285115.461655432183761, 5041990.102476782165468 ], [ 285113.786158046219498, 5041954.101014195010066 ], [ 285082.192041996808257, 5041869.740026189945638 ], [ 285079.316116655187216, 5041824.740672751329839 ], [ 285057.520405086921528, 5041726.124158293940127 ], [ 285042.975865371234249, 5041697.386799592524767 ], [ 285027.603281359770335, 5041678.653947042301297 ], [ 285002.227502988127526, 5041659.174763740040362 ], [ 284977.588283758144826, 5041625.579616413451731 ], [ 284958.328120959922671, 5041612.971465052105486 ], [ 284955.359156180871651, 5041612.980854110792279 ], [ 284891.288848076073918, 5041612.183626079000533 ], [ 284794.430563423084095, 5041619.937522387132049 ], [ 284774.427009056555107, 5041619.334540478885174 ], [ 284755.646530013123993, 5041634.730698542669415 ], [ 284738.245166813372634, 5041666.014356858097017 ], [ 284734.822426469996572, 5041695.141843665391207 ], [ 284719.017828135285527, 5041761.426987925544381 ], [ 284719.040829629637301, 5041817.437372776679695 ], [ 284732.561326869879849, 5041843.176708243787289 ], [ 284788.316628631495405, 5041883.228365564718843 ], [ 284810.915008878917433, 5041913.828724486753345 ], [ 284840.372041405178607, 5041939.295275503769517 ], [ 284954.555593155499082, 5042001.166909731924534 ], [ 285007.985292332712561, 5042023.113373059779406 ], [ 285040.303292874828912, 5042039.570152638480067 ], [ 285069.364520246337634, 5042039.034163515083492 ], [ 285093.250628982903436, 5042032.513441697694361 ], [ 285113.896330053627025, 5042014.111869093030691 ], [ 285115.461655432183761, 5041990.102476782165468 ] ] ] ] } },
{ "type": "Feature", "properties": { "id": 32, "nom": "Westmount" }, "geometry": { "type": "MultiPolygon", "coordinates": [ [ [ [ 296449.841771868756041, 5039488.203202044591308 ], [ 296601.002986153645907, 5039431.549726980738342 ], [ 296625.071673183934763, 5039429.079350683838129 ], [ 296685.878814926894847, 5039430.110036195255816 ], [ 296738.5039780313964, 5039446.2630800222978 ], [ 296754.060641680727713, 5039452.024108385667205 ], [ 296770.095616571023129, 5039459.11515212059021 ], [ 296761.657687503320631, 5039400.559195165522397 ], [ 296859.17912362574134, 5039384.440174920484424 ], [ 296912.942573567270301, 5039375.480799797922373 ], [ 296889.87984418112319, 5039312.613955960609019 ], [ 296996.102920653996989, 5039248.470199243165553 ], [ 297121.06790682283463, 5039171.852731948718429 ], [ 297228.776758049672935, 5039108.386458371765912 ], [ 297260.096318077470642, 5039090.224588170647621 ], [ 297318.60393934417516, 5039191.064824746921659 ], [ 297561.259224224661011, 5039083.434447725303471 ], [ 297818.120955858670641, 5038965.12901945784688 ], [ 297883.199881291948259, 5038934.717950861901045 ], [ 298032.568504957889672, 5038865.655306695960462 ], [ 298165.453932305797935, 5038804.464335064403713 ], [ 298183.586884266522247, 5038795.801855675876141 ], [ 298210.5161308372044, 5038782.938608120195568 ], [ 298246.096799678460229, 5038766.214318605139852 ], [ 298265.771828237222508, 5038757.329264173284173 ], [ 298275.25654285174096, 5038753.042530280537903 ], [ 298346.082655485486612, 5038721.556794943287969 ], [ 298351.307936088938732, 5038719.057069195434451 ], [ 298358.235669147048611, 5038715.627382050268352 ], [ 298301.785971068427898, 5038691.398872571066022 ], [ 298409.865537909092382, 5038566.045375055633485 ], [ 298427.502067137218546, 5038534.582283242605627 ], [ 298499.139686934126075, 5038406.7827043896541 ], [ 298485.827432942576706, 5038394.06883984990418 ], [ 298310.80974263191456, 5038226.837504266761243 ], [ 298206.080449644534383, 5038126.817234649322927 ], [ 298145.510719254787546, 5038038.518137849867344 ], [ 298095.351367198512889, 5038072.718378579244018 ], [ 298089.463650652149227, 5038066.893065869808197 ], [ 298080.871831798169296, 5038058.402212709188461 ], [ 298075.592688844481017, 5038059.288958786055446 ], [ 298070.279549857310485, 5038059.942708969116211 ], [ 298064.942815301881637, 5038060.362064123153687 ], [ 298059.592885583464522, 5038060.546425039879978 ], [ 298054.240061127697118, 5038060.495292563922703 ], [ 298048.894542344671208, 5038060.208867479115725 ], [ 298026.995462352060713, 5038050.566618323326111 ], [ 298023.590666116913781, 5038047.197381188161671 ], [ 298019.266873581684195, 5038042.869238738901913 ], [ 297814.393332374456804, 5037840.090594961307943 ], [ 297763.582650733587798, 5037790.017262456007302 ], [ 297750.353936767496634, 5037777.061473513022065 ], [ 297723.600910290027969, 5037750.78558792732656 ], [ 297719.862115282157902, 5037747.198641289956868 ], [ 297696.190789425862022, 5037723.8952905992046 ], [ 297630.605667180789169, 5037658.931320662610233 ], [ 297593.829621179844253, 5037622.687986770644784 ], [ 297587.064378406794276, 5037616.012262209318578 ], [ 297561.463271211017855, 5037591.026767384260893 ], [ 297532.635747298190836, 5037562.683862102217972 ], [ 297491.898720440105535, 5037522.466914532706141 ], [ 297470.008576952153817, 5037500.659236632287502 ], [ 297458.2366961336229, 5037489.117193488404155 ], [ 297397.295376812166069, 5037428.935373193584383 ], [ 297362.143174442637246, 5037394.343045421876013 ], [ 297327.557308824383654, 5037360.308119785040617 ], [ 297312.89891921839444, 5037345.895966463722289 ], [ 297100.731384713901207, 5037134.185588590800762 ], [ 296885.672224003239535, 5037271.219855062663555 ], [ 296793.862982641498093, 5037329.711626026779413 ], [ 296755.725592422590125, 5037354.008004877716303 ], [ 296728.309191614738666, 5037371.475769330747426 ], [ 296717.512506237777416, 5037378.353258341550827 ], [ 296693.604740144743118, 5037393.584741861559451 ], [ 296690.429872474283911, 5037395.608119488693774 ], [ 296642.961080059118103, 5037425.848490634933114 ], [ 296591.224902166519314, 5037458.809526225551963 ], [ 296559.310518281825352, 5037409.427913217805326 ], [ 296552.826072347117588, 5037413.810466354712844 ], [ 296528.178116014285479, 5037429.695274810306728 ], [ 296508.335249304713216, 5037442.720688167028129 ], [ 296453.8446255720919, 5037478.081188821233809 ], [ 296273.608856512757484, 5037591.213084036484361 ], [ 295858.228492929716595, 5037856.842741646803916 ], [ 296013.397590652049985, 5038089.974562615156174 ], [ 295846.57683064165758, 5038198.566232862882316 ], [ 295642.506168086605612, 5038328.888386969454587 ], [ 295735.27312392758904, 5038472.329974540509284 ], [ 295783.295224425382912, 5038546.607578079216182 ], [ 295757.989900381595362, 5038563.099770119413733 ], [ 295669.04208872054005, 5038620.908105905167758 ], [ 295543.393522167694755, 5038700.774081503041089 ], [ 295551.527406805253122, 5038752.549613475799561 ], [ 295544.071777109988034, 5038786.013580503873527 ], [ 295600.327924309880473, 5038874.28364263754338 ], [ 295650.077339542098343, 5038953.784843902103603 ], [ 295832.446933983301278, 5039239.330065659247339 ], [ 296032.514505642582662, 5039117.809627594426274 ], [ 296077.891663470771164, 5039090.303033881820738 ], [ 296252.695392288500443, 5039344.222270019352436 ], [ 296330.176396432623733, 5039301.227395209483802 ], [ 296405.262889154197183, 5039407.359422586858273 ], [ 296449.841771868756041, 5039488.203202044591308 ] ] ] ] } },
{ "type": "Feature", "properties": { "id": 6, "nom": "Ville-Émard" }, "geometry": { "type": "MultiPolygon", "coordinates": [ [ [ [ 298901.827126737800427, 5037495.994290146976709 ], [ 299014.044664617977105, 5037355.421532637439668 ], [ 299047.40441377874231, 5037328.608557162806392 ], [ 299072.794038584455848, 5037306.581612406298518 ], [ 299086.749448311980814, 5037263.117059467360377 ], [ 299094.076180942356586, 5037238.217272836714983 ], [ 299143.628966496617068, 5037133.154593912884593 ], [ 299143.706952489737887, 5037132.932263677939773 ], [ 299183.013591030961834, 5037021.989257360808551 ], [ 299193.620511962100863, 5036992.196946595795453 ], [ 299216.810105662734713, 5036955.94792394246906 ], [ 299192.313673363241833, 5036929.631930879317224 ], [ 299180.543112549115904, 5036707.493654193356633 ], [ 299167.810988195124082, 5036547.589086333289742 ], [ 299152.028110776096582, 5036300.116980378516018 ], [ 299151.791424260649364, 5036297.783465798944235 ], [ 299151.320048228662927, 5036295.339032283052802 ], [ 299150.614282045396976, 5036293.117069229483604 ], [ 299149.752122273144778, 5036290.895246849395335 ], [ 299148.733568744093645, 5036288.673565219156444 ], [ 299147.480624580522999, 5036286.674354285001755 ], [ 299146.071386342751794, 5036284.786414069123566 ], [ 299144.505753968318459, 5036282.898614896461368 ], [ 299142.783927367941942, 5036281.233216440305114 ], [ 299140.905906598607544, 5036279.790218823589385 ], [ 299138.949788361205719, 5036278.45842198189348 ], [ 299136.837375989067368, 5036277.23789643868804 ], [ 299134.647066574427299, 5036276.350831421092153 ], [ 299132.37866001407383, 5036275.57496745698154 ], [ 299130.110453391913325, 5036275.021363860927522 ], [ 299127.685953159874771, 5036274.579032009467483 ], [ 299125.339950344932731, 5036274.470019814558327 ], [ 299122.915851072059013, 5036274.472208904102445 ], [ 298851.119933518464677, 5036291.615325331687927 ], [ 298859.613322654156946, 5036425.296549919992685 ], [ 298743.266306605422869, 5036432.63103989046067 ], [ 298724.549284653563518, 5036403.199680457822978 ], [ 298641.041978931229096, 5036408.50406445749104 ], [ 298633.415967418637592, 5036286.935436256229877 ], [ 298555.693293286138214, 5036291.790758074261248 ], [ 298737.914566321240272, 5036721.129504512995481 ], [ 298852.006703956518322, 5036898.050524569116533 ], [ 298943.378484194166958, 5037032.320865296758711 ], [ 298923.142310421913862, 5037047.675699727609754 ], [ 298826.370643847738393, 5036908.521061017177999 ], [ 298715.795064622769132, 5036730.041277449578047 ], [ 298535.208568576199468, 5036294.589390221983194 ], [ 298534.581556372169871, 5036293.14532666746527 ], [ 298487.43195366213331, 5036296.081882119178772 ], [ 298482.636277187848464, 5036270.526825916022062 ], [ 298478.702742201741785, 5036246.971245081163943 ], [ 298475.160164958389942, 5036223.415274106897414 ], [ 298472.086635659157764, 5036199.747703834436834 ], [ 298468.853441297949757, 5036172.857530471868813 ], [ 298461.53090935893124, 5036045.621221129782498 ], [ 298462.415522382128984, 5035992.278004101477563 ], [ 298463.938753260066733, 5035951.825208359397948 ], [ 298465.252151267661247, 5035935.932318839244545 ], [ 298470.442939469532575, 5035887.585616085678339 ], [ 298470.403326898522209, 5035848.245700751431286 ], [ 298507.172972871165257, 5035628.505183272995055 ], [ 298509.200432263081893, 5035544.489050875417888 ], [ 298509.427043464558665, 5035536.487481537275016 ], [ 298509.417035584396217, 5035526.485813468694687 ], [ 298497.887780842196662, 5035337.576803480274975 ], [ 298475.806922858173493, 5035233.914952429942787 ], [ 298474.470873166283127, 5035227.470773589797318 ], [ 298426.621307033638004, 5035087.829071496613324 ], [ 298395.040934391145129, 5035027.851136597804725 ], [ 298393.708834871766157, 5035025.407640907913446 ], [ 298366.813455848139711, 5034958.423912246711552 ], [ 298276.097604232199956, 5034818.716278182342649 ], [ 298269.986919522285461, 5034809.165472073480487 ], [ 298219.699981600337196, 5034739.539614450186491 ], [ 298215.236673915642314, 5034734.765712676569819 ], [ 298092.857068372133654, 5034614.763933851383626 ], [ 298032.561017420783173, 5034551.040138921700418 ], [ 298019.718614389596041, 5034537.496161029674113 ], [ 298003.037442029279191, 5034518.399877566844225 ], [ 297971.314619011362083, 5034477.649683376774192 ], [ 297879.107999103958718, 5034348.062259532511234 ], [ 297831.407420839939732, 5034290.216428743675351 ], [ 297823.807243451068643, 5034278.778509715572 ], [ 297800.301187016884796, 5034243.243168700486422 ], [ 297789.725480902590789, 5034229.141494525596499 ], [ 297719.457164595776703, 5034207.21655950974673 ], [ 297711.461812841356732, 5034192.445335463620722 ], [ 297592.934971451642923, 5033970.765488074161112 ], [ 297586.600241336622275, 5033972.106304063461721 ], [ 297532.301047470013145, 5033895.156059673987329 ], [ 297479.725796253187582, 5033821.871557164937258 ], [ 297394.157553682744037, 5033699.618157030083239 ], [ 297023.508114917320199, 5033066.072025885805488 ], [ 296053.44210791029036, 5033285.715193960815668 ], [ 296148.357609060301911, 5033639.753632643260062 ], [ 296159.596642030228395, 5033677.744481992907822 ], [ 296174.197846849623602, 5033714.619446580298245 ], [ 296191.847803016949911, 5033750.045589778572321 ], [ 296212.546167609456461, 5033783.800678284838796 ], [ 296236.136150502599776, 5033815.662696218118072 ], [ 296438.845863947470207, 5034067.765206842683256 ], [ 296543.920059370982926, 5034201.315298354253173 ], [ 296557.707330546283629, 5034216.633099739439785 ], [ 296570.088134788093157, 5034233.175197517499328 ], [ 296581.062185570248403, 5034250.719324642792344 ], [ 296590.394679223769344, 5034269.154650739394128 ], [ 296598.085336405376438, 5034288.258909741416574 ], [ 296601.777536672947463, 5034300.367223716340959 ], [ 296603.75088423100533, 5034314.033594576641917 ], [ 296603.221440965135116, 5034327.92548706009984 ], [ 296462.700901405420154, 5034891.204276097938418 ], [ 296445.041567558422685, 5034962.906393891200423 ], [ 296032.527288057433907, 5035230.735185096040368 ], [ 295932.908561739779543, 5035300.886675679124892 ], [ 296016.020453315519262, 5035339.443186059594154 ], [ 296134.269054719014093, 5035394.177220419980586 ], [ 296271.140783602197189, 5035457.667442816309631 ], [ 296553.552499845041893, 5035581.42268231511116 ], [ 297157.255297371884808, 5035931.274429368786514 ], [ 297161.402923775021918, 5035933.714245148003101 ], [ 297292.211414277495351, 5036046.242349644191563 ], [ 297336.758191142464057, 5036089.307698801159859 ], [ 297342.631032761128154, 5036095.96852232888341 ], [ 297369.959263962111436, 5036127.052531197667122 ], [ 297377.236983889946714, 5036131.489128652028739 ], [ 297456.430268031486776, 5036179.626484472304583 ], [ 297591.104792964761145, 5036263.040273536927998 ], [ 297751.477381488133688, 5036324.313223846256733 ], [ 297755.858981305209454, 5036326.642039971426129 ], [ 297963.745616367436014, 5036436.31998201366514 ], [ 297968.205253983091097, 5036438.648861363530159 ], [ 297972.586693596385885, 5036440.977828829549253 ], [ 297982.366575525782537, 5036446.079189378768206 ], [ 297986.748727536934894, 5036449.074945565313101 ], [ 297990.661346829263493, 5036451.737823704257607 ], [ 297998.955982930026948, 5036457.285339205525815 ], [ 298003.025101031991653, 5036460.059185640886426 ], [ 298007.172530072566587, 5036462.944080011919141 ], [ 298011.319835267029703, 5036465.717847320251167 ], [ 298015.46713679691311, 5036468.491617371328175 ], [ 298023.761848688940518, 5036474.150295525789261 ], [ 298027.909139157622121, 5036476.924073813483119 ], [ 298032.056425964692608, 5036479.69785484764725 ], [ 298036.203709108056501, 5036482.471638629212976 ], [ 298044.498383860976901, 5036488.130344236269593 ], [ 298048.645655944128521, 5036490.904136249795556 ], [ 298052.792924364621285, 5036493.677931010723114 ], [ 298056.940308354911394, 5036496.562858330085874 ], [ 298065.156632804661058, 5036502.110545372590423 ], [ 298069.303886534820776, 5036504.884351063519716 ], [ 298073.451255545194726, 5036507.769289313815534 ], [ 298077.598501876753289, 5036510.54310049302876 ], [ 298085.893102275091223, 5036516.201860907487571 ], [ 298090.040337545389775, 5036518.975680327042937 ], [ 298091.527085850480944, 5036519.97426266502589 ], [ 298098.334797098883428, 5036524.523327394388616 ], [ 298102.482139812374953, 5036527.408284865319729 ], [ 298106.629360358696431, 5036530.182115266099572 ], [ 298110.776577242242638, 5036532.955948407761753 ], [ 298123.140130539890379, 5036541.388677199371159 ], [ 298131.434531266393606, 5036546.936368087306619 ], [ 298135.581843980937265, 5036549.821347476914525 ], [ 298148.023406391963363, 5036558.142912632785738 ], [ 298152.170704088464845, 5036561.027903005480766 ], [ 298160.465053244959563, 5036566.575632330030203 ], [ 298164.612222329131328, 5036569.349501106888056 ], [ 298168.759505008580163, 5036572.234502460807562 ], [ 298172.906666692986619, 5036575.00837673060596 ], [ 298176.975631728186272, 5036577.782336151227355 ], [ 298185.27005382097559, 5036583.441228142008185 ], [ 298193.564344147860538, 5036588.989001284353435 ], [ 298197.711483818187844, 5036591.762891975231469 ], [ 298206.005868770880625, 5036597.421811423264444 ], [ 298210.152997378725559, 5036600.195710347034037 ], [ 298214.30023877864005, 5036603.080741852521896 ], [ 298218.447359989688266, 5036605.854646268300712 ], [ 298222.594477535982151, 5036608.628553429618478 ], [ 298230.888817803235725, 5036614.287505825050175 ], [ 298234.957731789909303, 5036617.061502904631197 ], [ 298247.39914524363121, 5036625.494395250454545 ], [ 298251.546237038623076, 5036628.268321577459574 ], [ 298255.693325170839671, 5036631.04225064907223 ], [ 298259.840409641212318, 5036633.816182466223836 ], [ 298268.134683096897788, 5036639.475184175185859 ], [ 298272.281756505719386, 5036642.249124229885638 ], [ 298276.428826250717975, 5036645.023067026399076 ], [ 298284.488263294217177, 5036650.46007421426475 ], [ 298287.385631431126967, 5036654.568879568949342 ], [ 298293.180241295602173, 5036662.675364510156214 ], [ 298296.155790014134254, 5036666.784093018621206 ], [ 298301.950377332861535, 5036674.890586177818477 ], [ 298304.925799696007743, 5036678.888189062476158 ], [ 298307.823141403438058, 5036682.997003995813429 ], [ 298310.72036457399372, 5036686.994690442457795 ], [ 298313.617698766407557, 5036691.103508094325662 ], [ 298319.490432676393539, 5036699.209936993196607 ], [ 298322.387755519535858, 5036703.318758757784963 ], [ 298325.363151457509957, 5036707.316371469758451 ], [ 298328.26046673336532, 5036711.425195985473692 ], [ 298331.157663834688719, 5036715.422892006114125 ], [ 298337.030352456960827, 5036723.529337560757995 ], [ 298342.82494906289503, 5036731.746998894028366 ], [ 298345.800318577559665, 5036735.744621436111629 ], [ 298351.594778453523759, 5036743.851161131635308 ], [ 298354.570250652497634, 5036747.959917748346925 ], [ 298357.467414219572674, 5036751.957626096904278 ], [ 298360.364687984227203, 5036756.066465663723648 ], [ 298363.340034857566934, 5036760.064096639864147 ], [ 298366.237301053886767, 5036764.172938961535692 ], [ 298372.031708428345155, 5036772.279497809708118 ], [ 298375.007153843354899, 5036776.388264264911413 ], [ 298377.904291340790223, 5036780.385982189327478 ], [ 298380.801538673404139, 5036784.494831335730851 ], [ 298383.776859121106099, 5036788.492472142912447 ], [ 298389.571221508958843, 5036796.599047436378896 ], [ 298392.546643972105812, 5036800.707822326570749 ], [ 298395.44387238973286, 5036804.816678340546787 ], [ 298401.238204717810731, 5036812.923264570534229 ], [ 298404.213498739642091, 5036816.920915205031633 ], [ 298407.110712075605989, 5036821.029776688665152 ], [ 298410.007808626280166, 5036825.027509653940797 ], [ 298415.880293391935993, 5036833.134030099958181 ], [ 298418.777491645130794, 5036837.242897052317858 ], [ 298421.752875821257476, 5036841.351686001755297 ], [ 298424.649953713989817, 5036845.349425829015672 ], [ 298427.547140617505647, 5036849.458296889439225 ], [ 298430.444211097084917, 5036853.456039432436228 ], [ 298433.419579989509657, 5036857.56483399681747 ], [ 298439.213814827788156, 5036865.671455824747682 ], [ 298442.189059784752317, 5036869.669124725274742 ], [ 298445.086224039841909, 5036873.778004007413983 ], [ 298447.98338451172458, 5036877.886884651146829 ], [ 298450.880428919102997, 5036881.884636770933867 ], [ 298456.752807972137816, 5036889.991196037270129 ], [ 298459.649953362066299, 5036894.100082151591778 ], [ 298462.625171892752405, 5036898.097760883159935 ], [ 298468.419331785175018, 5036906.204410083591938 ], [ 298471.394650940492284, 5036910.313222921453416 ], [ 298474.291777413978707, 5036914.422115897759795 ], [ 298477.188788287807256, 5036918.41988034825772 ], [ 298480.085907246801071, 5036922.528776037506759 ], [ 298483.061099351965822, 5036926.526464600116014 ], [ 298488.85520673985593, 5036934.633132958784699 ], [ 298491.830499110161327, 5036938.741955630481243 ], [ 298494.727487644588109, 5036942.739728296175599 ], [ 298497.624583953816909, 5036946.848632210865617 ], [ 298503.496842160238884, 5036954.955235878005624 ], [ 298506.393927119439468, 5036959.064143904484808 ], [ 298509.290897045226302, 5036963.061923393979669 ], [ 298514.928338519355748, 5036970.946512950584292 ], [ 298517.825408652017359, 5036975.055426336824894 ], [ 298520.722363952780142, 5036979.053211181424558 ], [ 298526.594673292827792, 5036987.270966691896319 ], [ 298529.491617398161907, 5036991.268755643628538 ], [ 298532.388668665196747, 5036995.377675860188901 ], [ 298535.285716149839573, 5036999.486597433686256 ], [ 298538.182649108523037, 5037003.484390461817384 ], [ 298541.079689077567309, 5037007.593314751982689 ], [ 298543.976725263288245, 5037011.702240402810276 ], [ 298549.770675746316556, 5037019.808965872041881 ], [ 298552.667700631020125, 5037023.917895599268377 ], [ 298555.564721734379418, 5037028.026826680637896 ], [ 298558.461628669349011, 5037032.024629214778543 ], [ 298561.358642256993335, 5037036.133563011884689 ], [ 298564.255652061314322, 5037040.242498171515763 ], [ 298570.049550139112398, 5037048.349242651835084 ], [ 298572.946548643289134, 5037052.458181887865067 ], [ 298575.843433287693188, 5037056.455992570146918 ], [ 298581.637411482341122, 5037064.67387782689184 ], [ 298584.534284980851226, 5037068.67169258184731 ], [ 298587.431264670274686, 5037072.780638607218862 ], [ 298590.406427349545993, 5037076.889508727937937 ], [ 298593.303289651463274, 5037080.887327590025961 ], [ 298596.20025799155701, 5037084.996277728118002 ], [ 298599.097222548152786, 5037089.105229223147035 ], [ 298601.994073704176117, 5037093.103052161633968 ], [ 298604.891030745056923, 5037097.212006372399628 ], [ 298607.787984000518918, 5037101.320961946621537 ], [ 298610.684824011579622, 5037105.318788954056799 ], [ 298613.581769753189292, 5037109.427747244946659 ], [ 298619.375649885158055, 5037117.645667896606028 ], [ 298622.272475016943645, 5037121.643500338308513 ], [ 298625.169405675842427, 5037125.752464059740305 ], [ 298628.066332550311927, 5037129.861429141834378 ], [ 298630.963146537076682, 5037133.85926565527916 ], [ 298636.756981471844483, 5037142.07720261067152 ], [ 298642.550692371849436, 5037150.184015072882175 ], [ 298645.447596648707986, 5037154.292988304980099 ], [ 298651.319470810878556, 5037162.399732403457165 ], [ 298654.216363737126812, 5037166.508709748275578 ], [ 298657.11314423487056, 5037170.506558518856764 ], [ 298660.010029645229224, 5037174.61553857754916 ], [ 298662.906911271100398, 5037178.724519998766482 ], [ 298665.803680623706896, 5037182.722372842952609 ], [ 298671.597425060113892, 5037190.9403424737975 ], [ 298674.494183266535401, 5037194.938199386931956 ], [ 298677.391046077013016, 5037199.047187600284815 ], [ 298680.287905104982201, 5037203.156177167780697 ], [ 298683.184760348405689, 5037207.265168097801507 ], [ 298686.081503676192369, 5037211.263030447997153 ], [ 298688.978351404657587, 5037215.372024090960622 ], [ 298697.668763958034106, 5037227.587883234024048 ], [ 298706.359142767032608, 5037239.803754607215524 ], [ 298712.230858643655665, 5037247.910556576214731 ], [ 298715.127672422211617, 5037252.01956248562783 ], [ 298723.817983588029165, 5037264.235458413138986 ], [ 298726.714782282360829, 5037268.344469753094018 ], [ 298729.611469828872941, 5037272.342352502048016 ], [ 298732.50826100615086, 5037276.451366560533643 ], [ 298735.405048401851673, 5037280.560381980612874 ], [ 298738.301724801887758, 5037284.558268803171813 ], [ 298741.198504680476617, 5037288.667286936193705 ], [ 298744.095280776440632, 5037292.77630642708391 ], [ 298746.992053087800741, 5037296.885327279567719 ], [ 298749.888714608910959, 5037300.883219533599913 ], [ 298752.785479404148646, 5037304.992243103682995 ], [ 298758.578890791395679, 5037313.099164359271526 ], [ 298761.47564428683836, 5037317.208192002959549 ], [ 298776.037325443990994, 5037337.531015718355775 ], [ 298781.830783350567799, 5037345.749088737182319 ], [ 298786.214905338711105, 5037351.857044669799507 ], [ 298795.608164552249946, 5037363.62784823961556 ], [ 298798.739207760838326, 5037367.514409270137548 ], [ 298801.870247100770939, 5037371.400971878319979 ], [ 298805.001282570010517, 5037375.287536070682108 ], [ 298814.394365760614164, 5037386.947238127700984 ], [ 298823.787519829813391, 5037398.718084384687245 ], [ 298836.311529918224551, 5037414.264394891448319 ], [ 298839.442522765544709, 5037418.150976468808949 ], [ 298842.573511744092684, 5037422.037559630349278 ], [ 298845.704602169047575, 5037426.035274344496429 ], [ 298848.83558335294947, 5037429.921860667876899 ], [ 298851.96656066714786, 5037433.808448568917811 ], [ 298855.097534111584537, 5037437.695038052275777 ], [ 298858.22850368526997, 5037441.581629114225507 ], [ 298861.359469389193691, 5037445.468221759423614 ], [ 298864.412249088985845, 5037449.354889846406877 ], [ 298867.543207102862652, 5037453.241485607810318 ], [ 298870.674161245988216, 5037457.128082956187427 ], [ 298873.805216341570485, 5037461.12581186927855 ], [ 298876.936162689933553, 5037465.012412377633154 ], [ 298880.067105169466231, 5037468.899014464579523 ], [ 298883.198043778305873, 5037472.78561813570559 ], [ 298886.328978518373333, 5037476.67222338821739 ], [ 298889.45990938867908, 5037480.558830216526985 ], [ 298892.590836389164906, 5037484.445438630878925 ], [ 298895.721759518957697, 5037488.332048626616597 ], [ 298897.756883577152621, 5037490.886128461919725 ], [ 298898.85278315807227, 5037492.329790184274316 ], [ 298901.827126737800427, 5037495.994290146976709 ] ] ] ] } },
{ "type": "Feature", "properties": { "id": 7, "nom": "Villeray" }, "geometry": { "type": "MultiPolygon", "coordinates": [ [ [ [ 293414.345050974923652, 5043923.575312663801014 ], [ 293421.716651952476241, 5043940.120522157289088 ], [ 293508.829352443746757, 5044129.886770429089665 ], [ 293647.214878509461414, 5044433.583813799545169 ], [ 293677.086493649752811, 5044499.654022073373199 ], [ 293732.671268625825178, 5044621.800377398729324 ], [ 293796.091509902849793, 5044760.158696417696774 ], [ 293811.065568268706556, 5044793.583042140118778 ], [ 293825.487776532536373, 5044824.118969009257853 ], [ 293837.399886174767744, 5044848.324817181564867 ], [ 293849.076275799539872, 5044871.753179063089192 ], [ 293859.259955174580682, 5044890.072113774716854 ], [ 293878.605974977719598, 5044923.26673277001828 ], [ 293938.593466581660323, 5045021.958522806875408 ], [ 294074.379806132172234, 5045244.877059091813862 ], [ 294126.059467586514074, 5045329.02664493676275 ], [ 294148.530231327575166, 5045364.661686987616122 ], [ 294172.55467819259502, 5045395.737776496447623 ], [ 294207.678489172190893, 5045433.796486728824675 ], [ 294233.09437087085098, 5045456.868975730612874 ], [ 294266.167166074039415, 5045482.929249493405223 ], [ 294293.134955403103959, 5045500.44278880674392 ], [ 294333.93475439370377, 5045524.934626659378409 ], [ 294369.491501025622711, 5045542.656419930979609 ], [ 294402.308012873167172, 5045556.048823935911059 ], [ 294420.667049207899254, 5045562.01950300578028 ], [ 294460.585972462897189, 5045573.733477185480297 ], [ 294523.465267541760113, 5045588.299436936154962 ], [ 294565.565370644326322, 5045597.121078382246196 ], [ 294609.85649129038211, 5045608.939995399676263 ], [ 294651.965690236538649, 5045623.541050668805838 ], [ 294685.327732698409818, 5045636.934051742777228 ], [ 294727.914870554232039, 5045657.647089390084147 ], [ 294766.522506758279633, 5045680.144893827848136 ], [ 294807.090180134109687, 5045707.863000725395977 ], [ 294933.261457949352916, 5045803.680877030827105 ], [ 295118.292610071483068, 5045945.863143088296056 ], [ 295212.563265940349083, 5046017.953827512450516 ], [ 295279.177810643450357, 5046079.863772128708661 ], [ 295328.550264193152543, 5046099.125871872529387 ], [ 295375.749706567148678, 5046127.282168751582503 ], [ 295524.689454468840268, 5046215.187405304051936 ], [ 295570.323557402414735, 5046241.902772436849773 ], [ 295693.707110807590652, 5046315.180331950075924 ], [ 295916.476329127501231, 5046446.440535984002054 ], [ 295950.230258776049595, 5046465.951960784383118 ], [ 296021.801767313037999, 5046508.303614688105881 ], [ 296037.854993127752095, 5046487.499498180113733 ], [ 296043.075251057336573, 5046480.046369884163141 ], [ 296059.060318143572658, 5046466.243706490844488 ], [ 296078.088022295502014, 5046450.881003017537296 ], [ 296113.502719587530009, 5046429.827896118164062 ], [ 296292.909548833908048, 5046315.449412828311324 ], [ 296438.856811115867458, 5046221.568901361897588 ], [ 296471.463379346649162, 5046200.521580000407994 ], [ 296504.772974736639298, 5046179.584630521945655 ], [ 296618.198910241713747, 5046108.311204657889903 ], [ 296651.821494715055451, 5046087.152370417490602 ], [ 296684.040109951747581, 5046066.884589673951268 ], [ 296798.718339918705169, 5045994.834911135956645 ], [ 296834.448499123856891, 5045972.340792979113758 ], [ 296868.228694830613676, 5045951.182927817106247 ], [ 296985.174148007994518, 5045878.133631251752377 ], [ 297047.373771368991584, 5045855.49664859380573 ], [ 297111.813828704704065, 5045813.076107615604997 ], [ 297112.672005225904286, 5045812.519396697171032 ], [ 296845.862607195740566, 5045368.99280917737633 ], [ 296831.150117232871708, 5045343.228979045525193 ], [ 296761.434851504163817, 5045232.186467111110687 ], [ 296715.588877207715996, 5045164.010677061975002 ], [ 296441.82362685771659, 5045343.513830985873938 ], [ 296336.496428448066581, 5045176.068794308230281 ], [ 296236.023295353108551, 5045021.954705292358994 ], [ 296205.972332782985177, 5044974.43154713138938 ], [ 296139.529962279892061, 5044869.392592270858586 ], [ 296032.394531150639523, 5044704.733533735387027 ], [ 296005.763638299016748, 5044647.98265686724335 ], [ 295979.818530251854099, 5044579.450997801497579 ], [ 295906.731061845552176, 5044364.959449613466859 ], [ 295889.563894591119606, 5044319.864470581524074 ], [ 295872.33610846218653, 5044287.216344903223217 ], [ 295836.173763437778689, 5044230.25753400567919 ], [ 295775.516035921697039, 5044138.66115216165781 ], [ 295732.538006679504178, 5044068.376996151171625 ], [ 295638.690973476215731, 5043927.932239089161158 ], [ 295568.331208825751673, 5043881.582530037499964 ], [ 295560.815885571704712, 5043869.702544848434627 ], [ 295308.651745619077701, 5043475.785226035863161 ], [ 295307.319886515673716, 5043473.120090939104557 ], [ 295292.021322878659703, 5043480.033407801762223 ], [ 294804.033465268847067, 5043594.701884946785867 ], [ 294300.995177772012539, 5043712.989798925817013 ], [ 294276.011896877200343, 5043719.032774184830487 ], [ 293777.99140514084138, 5043837.02091895416379 ], [ 293442.918368670623749, 5043916.966735663823783 ], [ 293414.345050974923652, 5043923.575312663801014 ] ] ] ] } },
{ "type": "Feature", "properties": { "id": 8, "nom": "Mercier-Est" }, "geometry": { "type": "MultiPolygon", "coordinates": [ [ [ [ 304223.914863959944341, 5052315.166532493196428 ], [ 304223.914863959944341, 5052315.166532493196428 ], [ 304225.708262070082128, 5052309.387472407892346 ], [ 304239.825884044694249, 5052311.275446053594351 ], [ 304253.319065452262294, 5052307.940274010412395 ], [ 304251.680953174480237, 5052305.940030666068196 ], [ 304238.57720448350301, 5052303.162878389470279 ], [ 304237.407048719644081, 5052300.940331608057022 ], [ 304230.855182590894401, 5052299.718465894460678 ], [ 304233.583772462734487, 5052285.270980776287615 ], [ 304243.877703371399548, 5052266.044118436984718 ], [ 304247.933476153120864, 5052264.93243318144232 ], [ 304247.776951175008435, 5052258.931287148967385 ], [ 304246.60662322799908, 5052254.819484810344875 ], [ 304241.770887530932669, 5052256.153505654074252 ], [ 304231.706152192142326, 5052222.70350378844887 ], [ 304227.56938658450963, 5052191.364493429660797 ], [ 304227.803371762856841, 5052191.253339442424476 ], [ 304227.491296574880835, 5052190.364307384938002 ], [ 304226.164486577210482, 5052181.251557709649205 ], [ 304225.072537181898952, 5052181.585055723786354 ], [ 304198.620955338818021, 5052076.900665557943285 ], [ 304152.354358539741952, 5051954.548351427540183 ], [ 304139.715350831800606, 5051928.211262452416122 ], [ 304129.8810840624501, 5051871.756984875537455 ], [ 304124.571061983355321, 5051817.524887800216675 ], [ 304122.541572763409931, 5051804.522603500634432 ], [ 304117.547835442062933, 5051790.520450290292501 ], [ 304116.220719844044652, 5051780.85206716042012 ], [ 304115.752528228214942, 5051779.29626328125596 ], [ 304100.37756757409079, 5051705.505984802730381 ], [ 304099.749624874559231, 5051670.61045337561518 ], [ 304094.52182716561947, 5051657.608540046028793 ], [ 304094.519947021908592, 5051640.938667855225503 ], [ 304094.129694714501966, 5051638.93832722119987 ], [ 304087.574132540030405, 5051611.600480742752552 ], [ 304086.557548950659111, 5051589.596366726793349 ], [ 304083.514171101036482, 5051579.594792168587446 ], [ 304079.529985818604473, 5051528.585447908379138 ], [ 304074.535932105209213, 5051514.583335114642978 ], [ 304073.910599903145339, 5051503.581294318661094 ], [ 304066.499176583485678, 5051497.136476519517601 ], [ 304065.406489800079726, 5051492.135644240304828 ], [ 304072.737949142348953, 5051481.688336863182485 ], [ 304072.503449027775787, 5051477.576463376171887 ], [ 304073.361039321753196, 5051473.353330511599779 ], [ 304073.438659480190836, 5051470.019347950816154 ], [ 304072.968457768380176, 5051451.460283497348428 ], [ 304069.221700455644168, 5051431.012349987402558 ], [ 304067.500971300411038, 5051392.116196899674833 ], [ 304067.960282497981098, 5051317.43514949735254 ], [ 304068.497147432412021, 5051238.753335096873343 ], [ 304067.794208989478648, 5051231.52981068380177 ], [ 304060.225621345045511, 5051218.194812141358852 ], [ 304056.947394767834339, 5051203.192325890995562 ], [ 304071.297273291798774, 5051167.961666717194021 ], [ 304075.507497747137677, 5051147.401684399694204 ], [ 304075.504614857607521, 5051122.508028852753341 ], [ 304076.985836838197429, 5051113.839531119912863 ], [ 304077.06246175954584, 5051101.837224409915507 ], [ 304081.271358092373703, 5051069.163818672299385 ], [ 304079.553177457884885, 5051052.60529178660363 ], [ 304084.543585035717115, 5051031.600700034759939 ], [ 304086.56827091332525, 5050999.594345889054239 ], [ 304086.562225921778008, 5050946.584209036082029 ], [ 304093.502645786851645, 5050921.578641130588949 ], [ 304097.554896678891964, 5050881.570538411848247 ], [ 304104.261350327753462, 5050856.23161428514868 ], [ 304104.417046929709613, 5050853.231023710221052 ], [ 304106.132923902128823, 5050849.11893651727587 ], [ 304106.52282738708891, 5050847.563040501438081 ], [ 304109.563323326292448, 5050828.559074095450342 ], [ 304117.128613808657974, 5050808.332158563658595 ], [ 304118.453863748756703, 5050798.996898016892374 ], [ 304120.091447050624993, 5050792.106515232473612 ], [ 304123.521166672755498, 5050764.545325762592256 ], [ 304124.530518776387908, 5050719.536625878885388 ], [ 304145.512749257090036, 5050678.52657148335129 ], [ 304148.554070747224614, 5050665.523773740977049 ], [ 304157.524848126806319, 5050653.52055685967207 ], [ 304164.544707637629472, 5050636.516597190871835 ], [ 304168.522103241935838, 5050621.513333604671061 ], [ 304175.542438944568858, 5050608.62128216214478 ], [ 304182.562200431304518, 5050589.616962611675262 ], [ 304184.509119128633756, 5050553.60990790463984 ], [ 304193.554364428680856, 5050502.59930579084903 ], [ 304196.516597677022219, 5050476.594066247344017 ], [ 304200.572287543502171, 5050462.591009775176644 ], [ 304212.663114580733236, 5050438.363028016872704 ], [ 304215.079489896364976, 5050414.247099689207971 ], [ 304214.531973098113667, 5050399.577692065387964 ], [ 304227.558334487956017, 5050365.570015426725149 ], [ 304230.517952340072952, 5050308.558900368399918 ], [ 304232.545978254114743, 5050302.557574850507081 ], [ 304236.524740110442508, 5050298.556454494595528 ], [ 304245.574500598013401, 5050289.553934385068715 ], [ 304249.552487229055259, 5050276.551110898144543 ], [ 304255.557247681485023, 5050242.544120817445219 ], [ 304262.578006757888943, 5050227.540662412531674 ], [ 304267.57121945876861, 5050224.539665326476097 ], [ 304263.591190391045529, 5050214.538104456849396 ], [ 304324.528371089254506, 5050229.536028888076544 ], [ 304346.529745236563031, 5050214.531544701196253 ], [ 304356.516843748046085, 5050216.531209089793265 ], [ 304355.268908944388386, 5050222.643570332787931 ], [ 304357.765621332917362, 5050222.309996698983014 ], [ 304354.567722412175499, 5050236.979678166098893 ], [ 304366.583413676649798, 5050239.53487578779459 ], [ 304478.521613126329612, 5049762.548756873235106 ], [ 304483.74948780995328, 5049761.548301182687283 ], [ 304493.112757642869838, 5049757.88047412969172 ], [ 304411.556012950197328, 5049489.500921293161809 ], [ 304411.243891297082882, 5049489.612072772346437 ], [ 304409.059081684157718, 5049491.056926180608571 ], [ 304400.163817619089969, 5049497.280885840766132 ], [ 304389.161248659482226, 5049496.503673634491861 ], [ 304381.903406765835825, 5049483.6128303790465 ], [ 304379.795820809551515, 5049472.944289908744395 ], [ 304375.581569288857281, 5049465.498723643831909 ], [ 304370.508210227999371, 5049447.273405917920172 ], [ 304105.206079614232294, 5049527.756874769926071 ], [ 304074.150560615991708, 5049537.095496413297951 ], [ 304040.052056935615838, 5049547.657094269059598 ], [ 304000.335600523918401, 5049559.664310826919973 ], [ 303960.931406004703604, 5049571.560605683363974 ], [ 303934.714057096163742, 5049579.565687755122781 ], [ 303812.757432934537064, 5049616.701865123584867 ], [ 303779.986248445289675, 5049626.820143624208868 ], [ 303755.642145748133771, 5049635.15906800981611 ], [ 303737.61821616475936, 5049641.496632875874639 ], [ 303715.693122819589917, 5049649.61303847655654 ], [ 303680.269922814215533, 5049663.510792322456837 ], [ 303653.585728829668369, 5049674.739968906156719 ], [ 303634.001752713869791, 5049682.856232801452279 ], [ 303612.857508834975306, 5049692.417571681551635 ], [ 303599.8276720608701, 5049698.19892805069685 ], [ 303590.621066981868353, 5049702.757118112407625 ], [ 303581.570404351630714, 5049706.648498526774347 ], [ 303562.220885228016414, 5049715.653999032452703 ], [ 303550.127450173371471, 5049721.213009708561003 ], [ 303544.275813741434831, 5049723.992484687827528 ], [ 303531.012131244060583, 5049730.329692325554788 ], [ 303522.351668284274638, 5049734.109947324730456 ], [ 303441.365746880299412, 5049772.245332132093608 ], [ 303423.030831567419227, 5049780.473118783906102 ], [ 303403.44773306325078, 5049789.701427110470831 ], [ 303382.616365605208557, 5049799.485740247182548 ], [ 303365.607958876702469, 5049807.157734456472099 ], [ 303347.117189214623068, 5049815.385779765434563 ], [ 303327.378334337321576, 5049824.947759376838803 ], [ 303306.079142130969558, 5049835.176966685801744 ], [ 303271.283126954862382, 5049853.188780881464481 ], [ 303249.749984993541148, 5049863.195973242633045 ], [ 303221.195234688173514, 5049876.316708197817206 ], [ 303187.413242837996222, 5049891.217033341526985 ], [ 303173.057781554176472, 5049897.110754271037877 ], [ 303155.737555406638421, 5049903.894343877211213 ], [ 303135.452581414720044, 5049911.567826811224222 ], [ 303122.657483749033418, 5049916.461059110239148 ], [ 303118.990551637776662, 5049917.684497012756765 ], [ 303097.223069196741562, 5049925.025105897337198 ], [ 303080.839047192479484, 5049930.808458832092583 ], [ 303042.531649701471906, 5049943.932697364129126 ], [ 303012.104340130172204, 5049954.498874131590128 ], [ 302970.286378372635227, 5049968.73588138166815 ], [ 302928.07897541532293, 5049984.640267935581505 ], [ 302897.73075818392681, 5049997.429622041992843 ], [ 302881.815707095141988, 5050004.658072983846068 ], [ 302870.113665501936339, 5050010.551677445881069 ], [ 302854.823022272379603, 5050018.224533516913652 ], [ 302835.475860357226338, 5050028.343607701361179 ], [ 302807.781858335540164, 5050044.13313615322113 ], [ 302758.246027208224405, 5050075.377253458835185 ], [ 302731.177176293975208, 5050092.833901701495051 ], [ 302705.902628577197902, 5050109.0676124766469 ], [ 302688.272597593721002, 5050119.408833613619208 ], [ 302660.813632001983933, 5050135.754597054794431 ], [ 302635.148743993137032, 5050150.321744911372662 ], [ 302617.752784890297335, 5050159.99629118014127 ], [ 302601.68293047969928, 5050168.670229901559651 ], [ 302580.230243417026941, 5050179.457629593089223 ], [ 302571.805362892744597, 5050184.128177668899298 ], [ 302561.820026440545917, 5050188.799295051954687 ], [ 302549.572586760215927, 5050195.027092849835753 ], [ 302538.18310607643798, 5050200.36554660834372 ], [ 302525.857366241805721, 5050205.704361330717802 ], [ 302514.077728269039653, 5050210.820736392401159 ], [ 302485.291173060541041, 5050221.611145790666342 ], [ 302452.447527194570284, 5050232.403208536095917 ], [ 302425.922656523121987, 5050240.081340515986085 ], [ 302414.610623397864401, 5050243.419609816744924 ], [ 302404.078659160761163, 5050246.313071875832975 ], [ 302395.263032623450272, 5050248.761362879537046 ], [ 302341.58906215603929, 5050263.118279718793929 ], [ 302310.85138020478189, 5050271.131953275762498 ], [ 302107.392537108622491, 5050326.004397846758366 ], [ 302057.308683820825536, 5050339.917682996951044 ], [ 302024.153422516654246, 5050348.711752424947917 ], [ 301972.119404033757746, 5050362.626585632562637 ], [ 301918.993628403230105, 5050377.209148281253874 ], [ 301916.887315289815888, 5050377.765779810026288 ], [ 301812.742341419449076, 5050405.375437660142779 ], [ 301703.059882890025619, 5050435.10108270123601 ], [ 301694.088865554542281, 5050437.772704214788973 ], [ 301681.529143980122171, 5050440.89065526612103 ], [ 301653.991502961900551, 5050447.905774489045143 ], [ 301604.222221568285022, 5050462.822723159566522 ], [ 301576.139998132188339, 5050472.505638850852847 ], [ 301549.618372405820992, 5050482.410134565085173 ], [ 301520.055462441465352, 5050494.983511773869395 ], [ 301490.727317299344577, 5050508.66822796780616 ], [ 301462.570063626975752, 5050523.241515939123929 ], [ 301424.742231988813728, 5050544.599211553111672 ], [ 301385.667874852137174, 5050568.736125007271767 ], [ 301360.242211501230486, 5050584.0863116979599 ], [ 301328.499347635894082, 5050603.32973547372967 ], [ 301288.645486255176365, 5050627.35655805002898 ], [ 301260.256629515264649, 5050644.486934030428529 ], [ 301258.150842245086096, 5050645.710581427440047 ], [ 301255.109220932121389, 5050647.601553704589605 ], [ 301378.130013306450564, 5050908.805244963616133 ], [ 301351.455992069328204, 5050921.377850355580449 ], [ 301327.89241249288898, 5051056.083350107073784 ], [ 301302.781978817365598, 5051073.322860519401729 ], [ 301329.608478730777279, 5051196.331515396945179 ], [ 301303.091492431005463, 5051208.348584842868149 ], [ 301302.702743525907863, 5051210.682583356276155 ], [ 301304.971076067129616, 5051221.461162249557674 ], [ 301299.828721714497078, 5051232.799546306021512 ], [ 301287.429246653511655, 5051240.25236988812685 ], [ 301308.46879355161218, 5051338.370546657592058 ], [ 301356.19916539179394, 5051318.006848452612758 ], [ 301621.683260587451514, 5051200.288207266479731 ], [ 301700.691819470142946, 5051324.605765759013593 ], [ 301545.972017820982728, 5051421.925238552503288 ], [ 301450.678367423824966, 5051482.098205973394215 ], [ 301510.02301341923885, 5051594.421661324799061 ], [ 301724.008092702890281, 5051465.954750052653253 ], [ 301734.469921172538307, 5051483.953075535595417 ], [ 301834.369269389368128, 5051424.893573311157525 ], [ 301839.204398722737096, 5051422.001838776282966 ], [ 301945.19030837767059, 5051362.718971219845116 ], [ 301941.690678065468092, 5051386.280649903230369 ], [ 301935.778366433514748, 5051421.956874157302082 ], [ 301939.834785110317171, 5051421.955018126405776 ], [ 301952.391551900887862, 5051416.392666231840849 ], [ 301951.301968676911201, 5051421.949785493314266 ], [ 301901.788844716618769, 5051637.79181269928813 ], [ 301852.889485027058981, 5051659.040969535708427 ], [ 301871.709888327110093, 5051704.263062223792076 ], [ 301552.3018319910625, 5051894.12399282772094 ], [ 301592.118504302634392, 5051963.450161217711866 ], [ 301599.770194733166136, 5051978.226872626692057 ], [ 301609.685009847395122, 5051995.225090281106532 ], [ 301551.827212543226779, 5052031.595223043113947 ], [ 301555.974552226718515, 5052057.264696436934173 ], [ 301563.009058929339517, 5052085.266462914645672 ], [ 301567.702773181546945, 5052111.824724147096276 ], [ 301590.278037688869517, 5052176.936799072660506 ], [ 301499.27134083135752, 5052210.546216184273362 ], [ 301447.490770081582014, 5052229.688569203019142 ], [ 301424.096714992308989, 5052239.591956678777933 ], [ 301356.564277215045877, 5052264.522483247332275 ], [ 301262.764280560135376, 5052319.474353385157883 ], [ 301275.409981785167474, 5052337.581832957454026 ], [ 301277.36309032374993, 5052343.248496972024441 ], [ 301284.626953839033376, 5052361.3590296683833 ], [ 301329.851094613142777, 5052477.133992346003652 ], [ 301190.664587819366716, 5052536.779889793135226 ], [ 301204.402805305900984, 5052556.331326034851372 ], [ 301229.467468960792758, 5052606.437802959233522 ], [ 301233.756212218548171, 5052604.879497963003814 ], [ 301236.020551624533255, 5052609.32351438049227 ], [ 301231.653817626764067, 5052610.881862343288958 ], [ 301259.99845287122298, 5052669.321546692401171 ], [ 301266.325705424766056, 5052686.765801236964762 ], [ 301268.67124796792632, 5052696.988684482872486 ], [ 301363.797916057461407, 5052795.621529126539826 ], [ 301390.072129790962208, 5052779.60403449088335 ], [ 301847.202140865440015, 5052665.127040052786469 ], [ 301899.791900422424078, 5052882.366860176436603 ], [ 302860.319922690046951, 5052647.282867542468011 ], [ 302889.877008103823755, 5052640.161278176121414 ], [ 302973.869340256671421, 5052619.687775018624961 ], [ 302978.392616842582356, 5052618.575129078701138 ], [ 303007.793985698139295, 5052611.454142929986119 ], [ 303025.65320134133799, 5052607.114876081235707 ], [ 303055.600538261816837, 5052599.660562033765018 ], [ 303138.346146630297881, 5052579.523015938699245 ], [ 303142.791487851878628, 5052578.410509734414518 ], [ 303172.271168236620724, 5052571.068011534400284 ], [ 303190.130613126908429, 5052566.729214783757925 ], [ 303220.000401445140596, 5052559.497974016703665 ], [ 303307.582465760759078, 5052538.361255221068859 ], [ 303336.828571454389021, 5052531.130721843801439 ], [ 303354.766341378970537, 5052527.236907922662795 ], [ 303468.164008673746139, 5052499.095170516520739 ], [ 303502.245947325543966, 5052490.864189622923732 ], [ 303520.183867330953944, 5052486.637452615424991 ], [ 303549.976424351974856, 5052479.407805100083351 ], [ 303640.914266791776754, 5052456.941497079096735 ], [ 303661.504112978174817, 5052452.159011642448604 ], [ 303685.369632930844091, 5052446.486948319710791 ], [ 303814.992760965193156, 5052414.681257553398609 ], [ 303829.889363835041877, 5052411.011552479118109 ], [ 304066.521594772988465, 5052353.412627657875419 ], [ 304075.412929986487143, 5052351.188938991166651 ], [ 304118.699812488805037, 5052340.626475792378187 ], [ 304126.88928665878484, 5052339.069732495583594 ], [ 304223.914863959944341, 5052315.166532493196428 ] ] ] ] } },
{ "type": "Feature", "properties": { "id": 25, "nom": "Montréal-Ouest" }, "geometry": { "type": "MultiPolygon", "coordinates": [ [ [ [ 292446.456487478048075, 5035522.271635266020894 ], [ 292455.251462279760744, 5035517.461176086217165 ], [ 292574.395657029293943, 5035454.133038068190217 ], [ 292620.193196265900042, 5035429.014540920965374 ], [ 292646.920726869837381, 5035414.258147093467414 ], [ 292663.46667266782606, 5035403.710504164919257 ], [ 292698.657883658190258, 5035384.376999145373702 ], [ 292703.271627594658639, 5035381.842948679812253 ], [ 292749.41107753867982, 5035356.494651182554662 ], [ 292768.135791210399475, 5035346.206584899686277 ], [ 292786.86057061702013, 5035335.919620260596275 ], [ 292790.568661451223306, 5035333.881527450866997 ], [ 292818.994113312975969, 5035318.264384757727385 ], [ 292830.787060577888042, 5035311.785909640602767 ], [ 292832.216589592339005, 5035310.999812703579664 ], [ 292845.572051267779898, 5035303.66194175183773 ], [ 292858.927795556315687, 5035296.325071644969285 ], [ 292864.043384433549363, 5035293.513483315706253 ], [ 292872.283222331549041, 5035288.987202381715178 ], [ 292877.399304547929205, 5035286.17561434302479 ], [ 292910.696177327656187, 5035267.882795372977853 ], [ 292939.060994416940957, 5035252.297868489287794 ], [ 292943.955740863631945, 5035249.602581457234919 ], [ 293032.78167474019574, 5035200.679036443121731 ], [ 293046.130773099313956, 5035193.32747795432806 ], [ 293113.403637427312788, 5035156.274128166027367 ], [ 293126.400820225884672, 5035148.918409030884504 ], [ 293139.848702235729434, 5035141.494378553703427 ], [ 293167.12183486536378, 5035126.440197427757084 ], [ 293220.017208466189913, 5035097.240911922417581 ], [ 293247.188231551088393, 5035082.243378860875964 ], [ 293256.772289559186902, 5035076.952086462639272 ], [ 293274.019122446421534, 5035067.432234552688897 ], [ 293294.104992213775404, 5035056.343915442936122 ], [ 293313.917646507674363, 5035045.407992281019688 ], [ 293365.708848383917939, 5035016.81794030405581 ], [ 293379.012563205673359, 5035009.38693287037313 ], [ 293412.234830599103589, 5034990.827711022458971 ], [ 293413.204488980467431, 5034990.286696389317513 ], [ 293425.440572167746723, 5034983.451608955860138 ], [ 293426.507627840794157, 5034982.854892366565764 ], [ 293439.811086349654943, 5034975.423982235603034 ], [ 293499.676491780322976, 5034941.981561289168894 ], [ 293515.933064384094905, 5034932.901162763126194 ], [ 293525.910355092433747, 5034927.326775026507676 ], [ 293546.238650077837519, 5034915.971980320289731 ], [ 293638.897053322813008, 5034864.211978602223098 ], [ 293656.545447014621459, 5034854.686346403323114 ], [ 293666.641484369523823, 5034849.238012976944447 ], [ 293693.240073526278138, 5034834.881259399466217 ], [ 293719.903559849888552, 5034820.121106722392142 ], [ 293746.642363286344334, 5034805.320636138319969 ], [ 293813.491949556744657, 5034768.318664893507957 ], [ 293826.824228770914488, 5034760.939968092367053 ], [ 293850.289057981397491, 5034747.951040241867304 ], [ 293868.53843891894212, 5034737.850742474198341 ], [ 293871.79945869918447, 5034736.045197654515505 ], [ 293892.613991298596375, 5034723.839459857903421 ], [ 294057.201506558863912, 5034633.845487611368299 ], [ 294090.626650090212934, 5034615.567327152937651 ], [ 294117.366723740124144, 5034600.946363898925483 ], [ 294157.478232091700193, 5034579.012110961601138 ], [ 294217.462740948423743, 5034546.212274233810604 ], [ 294222.155617940647062, 5034543.64631522167474 ], [ 294246.703397474542726, 5034530.240340639837086 ], [ 294324.628015343041625, 5034487.927677159197628 ], [ 294349.951089657784905, 5034474.195589303970337 ], [ 294382.046409356116783, 5034456.79766570776701 ], [ 294456.265433775028214, 5034416.550602204166353 ], [ 294477.750670188164804, 5034404.793991598300636 ], [ 294175.543196777289268, 5034253.945457479916513 ], [ 294123.685368636681233, 5034225.806403994560242 ], [ 294073.8710279588704, 5034194.19012313336134 ], [ 294026.332495249225758, 5034159.244460825808346 ], [ 293942.070050548703875, 5034092.749663602560759 ], [ 293911.516361428948585, 5034108.63484659884125 ], [ 293591.639169092057273, 5034278.886804710142314 ], [ 293586.607680813001934, 5034222.881993201561272 ], [ 293470.635475175804459, 5034193.869323054328561 ], [ 293088.596862112695817, 5034405.940707764588296 ], [ 293009.61704433808336, 5034447.907555530779064 ], [ 292901.844837408105377, 5034505.318045725114644 ], [ 292632.885294330248144, 5034648.587036465294659 ], [ 292562.793529814574867, 5034692.774048296734691 ], [ 292497.77433336887043, 5034727.51960445009172 ], [ 292478.991688863374293, 5034737.046135546639562 ], [ 292456.725455834704917, 5034749.761099291965365 ], [ 292428.725820414663758, 5034765.143103892914951 ], [ 292400.726580918766558, 5034780.526111633516848 ], [ 292358.658661062654573, 5034803.621833570301533 ], [ 292326.436030838289298, 5034821.311234199441969 ], [ 292264.451850351353642, 5034855.341495920903981 ], [ 292088.543917085044086, 5034952.156285221688449 ], [ 291986.529981293482706, 5035008.305056703276932 ], [ 291960.32426670572022, 5035023.074140019714832 ], [ 291748.678309556446038, 5035137.891358369961381 ], [ 291647.677075304905884, 5035192.685270792804658 ], [ 291655.494638905860484, 5035205.767230041325092 ], [ 291674.879352279531304, 5035238.209534369409084 ], [ 291703.100107945560012, 5035282.401828903704882 ], [ 291714.472551553335506, 5035305.454456392675638 ], [ 291753.400264391792007, 5035284.471462552435696 ], [ 291762.371235142694786, 5035279.647354661487043 ], [ 291766.822228989331052, 5035277.252907667309046 ], [ 291779.275166125735268, 5035270.53819384612143 ], [ 291781.577316537091974, 5035269.29602831415832 ], [ 291796.121396352420561, 5035261.453546311706305 ], [ 291811.087854179262649, 5035253.381471143104136 ], [ 291812.967710318975151, 5035252.36879941355437 ], [ 291825.843404290906619, 5035245.424693326465786 ], [ 291846.752981877012644, 5035233.951310282573104 ], [ 291855.236662668175995, 5035229.29713916964829 ], [ 291870.03557691059541, 5035221.419462848454714 ], [ 291884.820378219184931, 5035213.51638702955097 ], [ 291899.619267700065393, 5035205.639611700549722 ], [ 291914.374442926899064, 5035197.681836894713342 ], [ 291939.870775811607018, 5035183.813127979636192 ], [ 291943.826253411767539, 5035181.660788787528872 ], [ 291973.307215105800424, 5035165.693542687222362 ], [ 291987.98882445046911, 5035157.602870417758822 ], [ 292002.656120474508498, 5035149.485898669809103 ], [ 292018.64455562812509, 5035140.608248256146908 ], [ 292034.677177928271703, 5035131.811598422005773 ], [ 292047.94938054389786, 5035124.319707399234176 ], [ 292061.280375680071302, 5035116.936116768978536 ], [ 292074.596759556792676, 5035109.525126572698355 ], [ 292107.851403576612938, 5035090.929800375364721 ], [ 292122.401441639929544, 5035082.598903616890311 ], [ 292137.024997149477713, 5035074.400707128457725 ], [ 292141.568126065423712, 5035071.919339007697999 ], [ 292151.736170993244741, 5035066.363710708916187 ], [ 292156.552999947802164, 5035063.743644742295146 ], [ 292166.689854437776376, 5035058.226116728037596 ], [ 292171.246688602259383, 5035055.682249701581895 ], [ 292181.556844132370315, 5035049.93132458999753 ], [ 292185.619788617419545, 5035047.658854263834655 ], [ 292200.52559345291229, 5035039.337763699702919 ], [ 292208.159498490800615, 5035035.080920089036226 ], [ 292215.160613970423583, 5035031.167872095480561 ], [ 292230.293258689402137, 5035023.265681093558669 ], [ 292233.745926739415154, 5035021.518605678342283 ], [ 292245.76530366030056, 5035014.911295604892075 ], [ 292257.771287698706146, 5035008.279586288146675 ], [ 292259.989067314134445, 5035007.059803082607687 ], [ 292269.78538024937734, 5035001.662477532401681 ], [ 292281.665570843790192, 5034994.74947121925652 ], [ 292305.391977149818558, 5034980.945960273966193 ], [ 292320.707269579754211, 5034972.034883694723248 ], [ 292350.352341415768024, 5035009.531789726577699 ], [ 292374.064441595168319, 5035038.070739914663136 ], [ 292384.674239789543208, 5035051.551065383478999 ], [ 292394.397684754338115, 5035063.601798551157117 ], [ 292403.83212041243678, 5035075.811728578060865 ], [ 292418.920422076771501, 5035093.452226133085787 ], [ 292428.472781936288811, 5035105.513644135557115 ], [ 292443.412620170798618, 5035123.404239907860756 ], [ 292407.418714210914914, 5035143.048489175736904 ], [ 292398.223725435382221, 5035148.067922077141702 ], [ 292332.104761761962436, 5035184.156350497156382 ], [ 292330.001295471272897, 5035185.303835827857256 ], [ 292303.247345617739484, 5035199.90715064201504 ], [ 292289.856293375254609, 5035207.478357094340026 ], [ 292196.401158593362197, 5035258.920037000440061 ], [ 292183.050178811769001, 5035266.269651527516544 ], [ 292255.90695223811781, 5035335.374699394218624 ], [ 292271.715846905717626, 5035349.608023518696427 ], [ 292295.372215889394283, 5035369.893114445731044 ], [ 292310.667951261508279, 5035387.324608237482607 ], [ 292314.612893740297295, 5035400.10772614274174 ], [ 292446.456487478048075, 5035522.271635266020894 ] ] ] ] } },
{ "type": "Feature", "properties": { "id": 14, "nom": "Montréal-Est" }, "geometry": { "type": "MultiPolygon", "coordinates": [ [ [ [ 305533.832852948980872, 5054748.828644664958119 ], [ 305549.218810058489908, 5054745.225958035327494 ], [ 305454.947265484370291, 5054622.174805336631835 ], [ 305382.996093605237547, 5054526.82421940099448 ], [ 305380.197265482449438, 5054528.824219392612576 ], [ 305386.597656108264346, 5054537.124024083837867 ], [ 305379.197265482507646, 5054535.324219402857125 ], [ 305378.796874857856892, 5054538.223633462563157 ], [ 305379.597656106518116, 5054541.524414706043899 ], [ 305379.496093605994247, 5054543.524414711631835 ], [ 305378.396484233438969, 5054545.82421940099448 ], [ 305376.197265480353963, 5054548.024414710700512 ], [ 305374.396484232216608, 5054549.223633457906544 ], [ 305371.097656104597263, 5054550.723633460700512 ], [ 305369.296874856634531, 5054551.824219400063157 ], [ 305366.896484230994247, 5054552.423828775063157 ], [ 305362.996093608031515, 5054552.22363346349448 ], [ 305358.796874854364432, 5054550.223633459769189 ], [ 305354.39648423017934, 5054547.02441471349448 ], [ 305351.697265480645001, 5054544.723633456975222 ], [ 305345.796874858264346, 5054537.024414710700512 ], [ 305341.298827984253876, 5054535.82421940099448 ], [ 305337.498046731867362, 5054532.723633458837867 ], [ 305335.197265481809154, 5054532.324219396337867 ], [ 305334.298827982391231, 5054529.524414709769189 ], [ 305321.798827981285285, 5054524.423828773200512 ], [ 305313.097656107449438, 5054519.823242837563157 ], [ 305305.697265479539055, 5054513.623047525063157 ], [ 305295.998046732216608, 5054502.12304752599448 ], [ 305291.498046732565854, 5054500.023438148200512 ], [ 305285.49804673116887, 5054496.823242836631835 ], [ 305276.898437355994247, 5054497.422852215357125 ], [ 305264.597656104771886, 5054493.922852212563157 ], [ 305257.898437358555384, 5054494.123047523200512 ], [ 305252.398437355936039, 5054492.323242832906544 ], [ 305247.498046729713678, 5054491.222656897269189 ], [ 305235.097656106401701, 5054490.12304752599448 ], [ 305232.498046731867362, 5054489.023438152857125 ], [ 305228.398437357507646, 5054489.023438150063157 ], [ 305219.097656104771886, 5054488.323242835700512 ], [ 305205.898437355819624, 5054486.523438148200512 ], [ 305204.398437357682269, 5054484.623047528788447 ], [ 305198.998046730819624, 5054481.02343815099448 ], [ 305193.898437360592652, 5054474.822266276925802 ], [ 305190.398437359486707, 5054468.221680337563157 ], [ 305186.798827983264346, 5054458.622070964425802 ], [ 305184.09960923466133, 5054448.622070962563157 ], [ 305184.798827978316694, 5054441.122070956975222 ], [ 305187.298827980295755, 5054427.522461580112576 ], [ 305186.898437357449438, 5054418.522461589425802 ], [ 305182.599609229771886, 5054410.022461584769189 ], [ 305176.699218607100192, 5054404.72168033849448 ], [ 305169.199218605470378, 5054394.522461587563157 ], [ 305164.798827981692739, 5054391.921875652857125 ], [ 305153.498046733962838, 5054366.822266276925802 ], [ 305151.798827984312084, 5054365.221680335700512 ], [ 305146.599609232740477, 5054358.122070961631835 ], [ 305141.298827984079253, 5054350.122070956975222 ], [ 305139.898437358438969, 5054343.522461583837867 ], [ 305138.998046726977918, 5054334.122070964425802 ], [ 305136.599609231983777, 5054325.420899083837867 ], [ 305132.298827980586793, 5054317.220703772269189 ], [ 305125.898437358962838, 5054308.321289712563157 ], [ 305125.099609231285285, 5054304.521485025063157 ], [ 305124.49804673116887, 5054298.821289712563157 ], [ 305125.498046731343493, 5054293.220703777857125 ], [ 305128.398437356343493, 5054290.920899085700512 ], [ 305130.398437356052455, 5054288.420899086631835 ], [ 305129.699218606343493, 5054284.321289707906544 ], [ 305127.59960922942264, 5054281.220703777857125 ], [ 305125.898437356925569, 5054279.420899083837867 ], [ 305124.398437356576324, 5054275.821289711631835 ], [ 305122.199218606110662, 5054249.720703769475222 ], [ 305117.900390483846422, 5054233.621094399131835 ], [ 305113.800781106576324, 5054226.220703776925802 ], [ 305102.900390480528586, 5054210.92089908849448 ], [ 305100.499999855470378, 5054206.220703774131835 ], [ 305099.900390482041985, 5054193.220703774131835 ], [ 305099.300781107565854, 5054188.521485026925802 ], [ 305096.099609232856892, 5054182.621094398200512 ], [ 305093.999999855586793, 5054178.321289712563157 ], [ 305091.699218607740477, 5054177.12011783849448 ], [ 305088.400390481983777, 5054174.320313145406544 ], [ 305086.699218605819624, 5054172.019531897269189 ], [ 305088.800781106285285, 5054170.019531901925802 ], [ 305099.099609234079253, 5054164.820313151925802 ], [ 305101.499999857624061, 5054164.420899089425802 ], [ 305104.800781106401701, 5054165.220703772269189 ], [ 305109.199218605528586, 5054164.220703777857125 ], [ 305112.599609234544914, 5054162.821289710700512 ], [ 305117.80078110616887, 5054160.121094397269189 ], [ 305121.199218606576324, 5054157.920899084769189 ], [ 305123.900390484486707, 5054156.920899083837867 ], [ 305126.300781109021045, 5054156.821289714425802 ], [ 305128.300781107973307, 5054158.521485023200512 ], [ 305129.800781105819624, 5054160.220703774131835 ], [ 305135.499999855877832, 5054167.621094402857125 ], [ 305141.80078110989416, 5054172.521485023200512 ], [ 305146.199218605237547, 5054174.720703772269189 ], [ 305151.69921860541217, 5054177.92089908849448 ], [ 305157.998046732333023, 5054179.32128971349448 ], [ 305161.798827983322553, 5054177.42089908849448 ], [ 305166.69921861065086, 5054176.220703776925802 ], [ 305172.898437354539055, 5054173.920899085700512 ], [ 305174.298827982100192, 5054172.021485023200512 ], [ 305196.0996092329151, 5054200.821289711631835 ], [ 305205.998046730761416, 5054193.021485024131835 ], [ 305066.001952980994247, 5054008.019531899131835 ], [ 305058.640624856401701, 5054014.013672520406544 ], [ 305055.300781104131602, 5054016.419922519475222 ], [ 305056.001952984777745, 5054018.320313151925802 ], [ 305053.800781108206138, 5054018.719727208837867 ], [ 305051.900390480994247, 5054017.418945961631835 ], [ 305049.201171731867362, 5054016.218750648200512 ], [ 305046.900390483671799, 5054015.51855533849448 ], [ 305044.300781106459908, 5054015.518555335700512 ], [ 305041.800781105470378, 5054016.018555332906544 ], [ 305039.201171728724148, 5054015.619141275063157 ], [ 305036.900390481285285, 5054014.31933658849448 ], [ 305035.501952982216608, 5054012.718750650063157 ], [ 305033.601562357449438, 5054012.018555337563157 ], [ 305029.701171731809154, 5054010.218750646337867 ], [ 305019.400390478374902, 5054004.718750650063157 ], [ 305012.001952985476237, 5053998.218750648200512 ], [ 305007.601562355353963, 5053996.418945960700512 ], [ 305005.300781106925569, 5053996.119141271337867 ], [ 305001.300781108497176, 5053996.119141268543899 ], [ 304997.501952983031515, 5053993.518555334769189 ], [ 304988.800781105819624, 5053985.91894596721977 ], [ 304987.001952982798684, 5053982.718750649131835 ], [ 304991.4003904821584, 5053984.119141269475222 ], [ 304995.201171731925569, 5053971.718750649131835 ], [ 304963.302734231052455, 5053962.718750647269189 ], [ 304959.501952980004717, 5053974.418945958837867 ], [ 304967.101562356925569, 5053977.418945965357125 ], [ 304965.201171732041985, 5053979.518555340357125 ], [ 304965.101562357973307, 5053982.119141275063157 ], [ 304963.802734232798684, 5053985.71875065099448 ], [ 304889.902343608089723, 5054024.417969399131835 ], [ 304880.601562355819624, 5054011.417969395406544 ], [ 304886.701171731285285, 5054010.017578774131835 ], [ 304851.802734234312084, 5053957.417969400063157 ], [ 304838.902343610359821, 5053935.818360022269189 ], [ 304822.902343606925569, 5053913.617188146337867 ], [ 304792.802734231110662, 5053868.317383457906544 ], [ 304821.302734233322553, 5053833.617188149131835 ], [ 304967.902343606692739, 5053874.917969396337867 ], [ 304971.601562357798684, 5053863.118164708837867 ], [ 304813.503906107740477, 5053817.216797522269189 ], [ 304813.603515484137461, 5053814.317383468151093 ], [ 304812.203124855121132, 5053810.416992837563157 ], [ 304810.802734234777745, 5053807.916992836631835 ], [ 304807.8027342321584, 5053801.817383459769189 ], [ 304806.003906107624061, 5053797.016602210700512 ], [ 304803.80273422668688, 5053793.016602215357125 ], [ 304802.802734232973307, 5053789.617188148200512 ], [ 304798.503906104713678, 5053786.117188149131835 ], [ 304796.603515481809154, 5053782.715820959769189 ], [ 304794.703124854073394, 5053780.21582096349448 ], [ 304788.304687357565854, 5053776.916016275063157 ], [ 304785.304687359428499, 5053776.015625643543899 ], [ 304782.804687357041985, 5053773.316406899131835 ], [ 304781.603515481750946, 5053771.215820960700512 ], [ 304781.203124857333023, 5053768.715820960700512 ], [ 304778.904296729189809, 5053766.316406897269189 ], [ 304772.804687354946509, 5053762.215820957906544 ], [ 304765.60351548116887, 5053755.416016274131835 ], [ 304761.703124855936039, 5053753.316406897269189 ], [ 304759.103515479771886, 5053752.316406901925802 ], [ 304755.9042967321584, 5053751.416016274131835 ], [ 304752.203124856692739, 5053749.715820962563157 ], [ 304748.203124858031515, 5053744.416016273200512 ], [ 304735.603515484137461, 5053722.916016277857125 ], [ 304733.203124858089723, 5053717.215820965357125 ], [ 304731.404296730237547, 5053711.515625647269189 ], [ 304730.203124857100192, 5053704.316406897269189 ], [ 304729.003906107449438, 5053693.616211581975222 ], [ 304727.304687357740477, 5053685.61621159221977 ], [ 304725.904296731518116, 5053680.215820956975222 ], [ 304720.904296733031515, 5053669.915039711631835 ], [ 304721.404296730761416, 5053666.815430331043899 ], [ 304724.003906108438969, 5053662.915039710700512 ], [ 304725.404296731750946, 5053660.01464908849448 ], [ 304726.804687356867362, 5053652.815430334769189 ], [ 304725.904296730353963, 5053649.115235023200512 ], [ 304722.603515481285285, 5053640.514649083837867 ], [ 304720.503906108380761, 5053637.915039708837867 ], [ 304717.703124857798684, 5053630.315430340357125 ], [ 304716.404296734544914, 5053621.514649087563157 ], [ 304716.103515482041985, 5053617.915039709769189 ], [ 304716.404296734952368, 5053615.11523502971977 ], [ 304715.703124857216608, 5053609.514649084769189 ], [ 304713.003906104888301, 5053607.115235026925802 ], [ 304712.404296732100192, 5053603.014649084769189 ], [ 304712.703124855062924, 5053597.815430335700512 ], [ 304709.404296731459908, 5053590.615235021337867 ], [ 304709.4042967321584, 5053588.115235025063157 ], [ 304710.804687354364432, 5053578.014649083837867 ], [ 304710.304687359486707, 5053574.315430340357125 ], [ 304711.003906107100192, 5053566.415039708837867 ], [ 304711.804687354073394, 5053563.01464908849448 ], [ 304713.003906109603122, 5053559.71484440099448 ], [ 304713.203124854364432, 5053557.01464908849448 ], [ 304713.103515485301614, 5053553.815430336631835 ], [ 304712.804687355761416, 5053550.915039712563157 ], [ 304711.603515481692739, 5053548.415039706975222 ], [ 304708.804687354771886, 5053545.815430334769189 ], [ 304708.404296729771886, 5053542.315430340357125 ], [ 304706.603515481809154, 5053539.71484440099448 ], [ 304704.003906106576324, 5053537.214844403788447 ], [ 304702.703124856809154, 5053533.815430331975222 ], [ 304702.703124858322553, 5053530.615235024131835 ], [ 304704.904296729946509, 5053523.315430333837867 ], [ 304708.804687353724148, 5053519.815430339425802 ], [ 304712.404296728142072, 5053518.714844402857125 ], [ 304715.10546860343311, 5053515.714844396337867 ], [ 304718.205077980703209, 5053513.214844398200512 ], [ 304725.804687357391231, 5053508.315430334769189 ], [ 304729.804687357507646, 5053506.815430337563157 ], [ 304732.904296732798684, 5053504.514649091288447 ], [ 304735.705077981285285, 5053502.915039710700512 ], [ 304737.804687357100192, 5053502.615235026925802 ], [ 304809.503906110243406, 5053596.515625646337867 ], [ 304812.80468735616887, 5053597.215820961631835 ], [ 304815.203124858206138, 5053595.715820962563157 ], [ 304873.603515480121132, 5053673.617188147269189 ], [ 304885.203124856052455, 5053664.617188148200512 ], [ 304663.404296733962838, 5053371.314453777857125 ], [ 304658.00585923017934, 5053354.313477207906544 ], [ 304579.105468609137461, 5053191.111817056313157 ], [ 304497.306640480819624, 5053022.109863934107125 ], [ 304476.044921732041985, 5052978.178223305381835 ], [ 304467.107421736291144, 5052959.709961586631835 ], [ 304298.009765482507646, 5052339.507813153788447 ], [ 304284.009765484137461, 5052343.408203775063157 ], [ 304285.708984231110662, 5052353.408203772269189 ], [ 304276.208984232565854, 5052351.908203778788447 ], [ 304270.308593605528586, 5052350.308106117881835 ], [ 304266.109374856052455, 5052347.00781315099448 ], [ 304259.009765480353963, 5052338.007813147269189 ], [ 304257.009765479830094, 5052333.107910803519189 ], [ 304250.009765482216608, 5052333.908203770406544 ], [ 304240.408202982624061, 5052331.208008462563157 ], [ 304230.9082029821584, 5052328.807129558175802 ], [ 304223.009765480703209, 5052327.207031897269189 ], [ 304218.60937486164039, 5052324.407227216288447 ], [ 304207.252158990537282, 5052318.319582048803568 ], [ 304126.986367505742237, 5052338.062569255940616 ], [ 304118.863872435700614, 5052339.587541666813195 ], [ 304075.535104347101878, 5052350.140158081427217 ], [ 304066.674819504667539, 5052352.398047726601362 ], [ 303830.023098157136701, 5052410.035605974495411 ], [ 303815.150974804302678, 5052413.670060167089105 ], [ 303685.459585611242801, 5052445.474004978314042 ], [ 303661.636676006601192, 5052451.130094725638628 ], [ 303641.041331504413392, 5052455.957042302936316 ], [ 303550.109664710354991, 5052478.332872064784169 ], [ 303520.278461358859204, 5052485.592597703449428 ], [ 303502.379450561595149, 5052489.803807199932635 ], [ 303468.301257530692965, 5052498.084210481494665 ], [ 303354.91729524632683, 5052526.223172532394528 ], [ 303336.918243611697108, 5052530.063250414095819 ], [ 303307.722893470083363, 5052537.3228795286268 ], [ 303220.101720420119818, 5052558.526500594802201 ], [ 303190.291158432199154, 5052565.682082426734269 ], [ 303172.436154137132689, 5052570.066013080999255 ], [ 303142.952553919225466, 5052577.446309929713607 ], [ 303138.482795999152586, 5052578.533213539980352 ], [ 303055.719980745459907, 5052598.685854720883071 ], [ 303025.809103733918164, 5052606.065668142400682 ], [ 303007.946168408088852, 5052610.410843326710165 ], [ 302978.49426815554034, 5052617.566540571860969 ], [ 302974.024992864404339, 5052618.653444907628 ], [ 302889.973486872157082, 5052639.099066300317645 ], [ 302860.473707904631738, 5052646.283086881972849 ], [ 301899.948579940304626, 5052881.321089696139097 ], [ 301972.28079076128779, 5053172.692739301361144 ], [ 302031.890071020054165, 5053332.614921437576413 ], [ 301373.69748614251148, 5053752.387739676982164 ], [ 301147.178774170926772, 5053893.038458338938653 ], [ 301063.0307327802293, 5053945.290285396389663 ], [ 301050.913967414817307, 5053952.77713562361896 ], [ 301022.796109105926007, 5053970.128789342008531 ], [ 301021.123733677784912, 5053971.162486765533686 ], [ 300863.325488933187444, 5054068.539249987341464 ], [ 300814.357233930088114, 5054098.239384253509343 ], [ 300792.06748977402458, 5054111.899168384261429 ], [ 300790.65142993722111, 5054112.778112072497606 ], [ 300593.322631260321941, 5054235.480708501301706 ], [ 300374.475193094520364, 5054371.560150447301567 ], [ 300149.511439273075666, 5054507.260838530957699 ], [ 299900.35921853146283, 5054660.650418540462852 ], [ 299821.53740784333786, 5054709.175607768818736 ], [ 299525.887457650213037, 5054891.18986957333982 ], [ 299498.969176280894317, 5054907.762012765742838 ], [ 299485.446782458282541, 5054916.018776457756758 ], [ 299471.922667122387793, 5054924.243794624693692 ], [ 299798.235106183041353, 5055228.533171074464917 ], [ 300018.152164383442141, 5055433.577310150489211 ], [ 300297.741057597042527, 5055694.282823932357132 ], [ 300469.364036143873818, 5055854.332091826014221 ], [ 300473.628274656890426, 5055858.307535372674465 ], [ 300550.334621551330201, 5055927.399517583660781 ], [ 300629.375476574990898, 5055993.810019058175385 ], [ 300710.656854728527833, 5056057.459932213649154 ], [ 300720.873895812139381, 5056065.096658465452492 ], [ 300742.233788050361909, 5056080.947268576361239 ], [ 300763.732363750226796, 5056096.607460707426071 ], [ 300785.368646244111005, 5056112.07625818811357 ], [ 300807.140194037288893, 5056127.360496893525124 ], [ 300972.266310759529006, 5056242.153376881033182 ], [ 300984.847099403035827, 5056250.935709458775818 ], [ 301175.831857256765943, 5056383.838643017224967 ], [ 301324.058088994701393, 5056486.740201470442116 ], [ 301337.899862598453183, 5056477.803725468926132 ], [ 301438.64187722367933, 5056414.685958561487496 ], [ 301785.831541477877181, 5056183.428410581313074 ], [ 302221.829009119945113, 5055902.707407732494175 ], [ 302228.511113329557702, 5055898.363686685450375 ], [ 302641.998553959769197, 5055631.584634051658213 ], [ 303019.820096643932629, 5055387.996730064041913 ], [ 303132.884010264882818, 5055312.80109185911715 ], [ 303130.694190865848213, 5055309.769800837151706 ], [ 303213.717920078488532, 5055290.500087697058916 ], [ 303406.249101197696291, 5055245.981715591624379 ], [ 303517.891438668535557, 5055219.898378029465675 ], [ 303547.509962528361939, 5055212.714228723198175 ], [ 303907.734449892945122, 5055128.652240488678217 ], [ 304192.543038000760134, 5055062.186253507621586 ], [ 304300.948683128808625, 5055036.790065985172987 ], [ 304351.477145039185416, 5055025.098988370969892 ], [ 304369.306291418382898, 5055021.02896342612803 ], [ 304556.715252071851864, 5054977.292809114791453 ], [ 304574.502261276415084, 5054973.047879884950817 ], [ 304791.624931015190668, 5054922.323782037943602 ], [ 305013.745728640409652, 5054870.429734485223889 ], [ 305038.818985661666375, 5054864.534623175859451 ], [ 305051.402003441937268, 5054861.63223194796592 ], [ 305148.703543916344643, 5054838.898221446201205 ], [ 305260.819186444685329, 5054812.701072325929999 ], [ 305282.857969493779819, 5054807.599773364141583 ], [ 305368.02513135591289, 5054787.655061786063015 ], [ 305428.719324839068577, 5054773.441501743160188 ], [ 305425.996093609137461, 5054769.22461002971977 ], [ 305423.396484232740477, 5054764.325195956975222 ], [ 305420.597656105994247, 5054757.625000651925802 ], [ 305419.296874859312084, 5054751.025391271337867 ], [ 305418.996093607740477, 5054741.724610023200512 ], [ 305418.996093606459908, 5054735.224610024131835 ], [ 305417.896484233206138, 5054730.125000648200512 ], [ 305417.097656104713678, 5054724.424805335700512 ], [ 305414.597656106343493, 5054718.525391273200512 ], [ 305409.996093606459908, 5054712.025391273200512 ], [ 305407.097656107798684, 5054710.224610026925802 ], [ 305416.597656105761416, 5054704.224610023200512 ], [ 305400.996093606750946, 5054677.424805335700512 ], [ 305393.396484234370291, 5054678.424805335700512 ], [ 305388.496093606867362, 5054674.625000648200512 ], [ 305423.097656105703209, 5054645.424805336631835 ], [ 305433.697265481227078, 5054636.825195964425802 ], [ 305438.197265482798684, 5054631.125000646337867 ], [ 305440.097656103316694, 5054626.224610023200512 ], [ 305531.796874857973307, 5054746.026367836631835 ], [ 305533.832852948980872, 5054748.828644664958119 ] ] ] ] } },
{ "type": "Feature", "properties": { "id": 16, "nom": "Outremont" }, "geometry": { "type": "MultiPolygon", "coordinates": [ [ [ [ 295365.278273201314732, 5042644.104878160171211 ], [ 295410.225529538060073, 5042716.050417920574546 ], [ 295416.48799298790982, 5042724.820407563820481 ], [ 295429.641450186201837, 5042744.804352314211428 ], [ 295431.833186988718808, 5042747.801619770936668 ], [ 295442.722012926242314, 5042768.344630946405232 ], [ 295450.553322116844356, 5042781.557561343535781 ], [ 295462.612107426684815, 5042800.987552320584655 ], [ 295473.964145153877325, 5042817.973731935024261 ], [ 295506.773841927119065, 5042871.490259393118322 ], [ 295547.724379186693113, 5042936.88598399143666 ], [ 295561.351059382082894, 5042960.536840331740677 ], [ 295576.859709790966008, 5042989.185862795449793 ], [ 295619.241453780618031, 5043072.805475259199739 ], [ 295622.441776328429114, 5043071.244954527355731 ], [ 295637.08821010281099, 5043098.228422955609858 ], [ 295639.124475111544598, 5043101.892778288573027 ], [ 295643.026496157981455, 5043099.442193380557001 ], [ 295661.600274690135848, 5043087.857456993311644 ], [ 296018.103700523381121, 5042864.419015293940902 ], [ 296032.386585535830818, 5042855.73080418817699 ], [ 296769.425517834839411, 5042386.215244659222662 ], [ 297239.199943134444766, 5042090.245298038236797 ], [ 297660.610618985665496, 5041821.926077355630696 ], [ 297666.23151887190761, 5041818.141233570873737 ], [ 297752.344907448044978, 5041763.256388584151864 ], [ 297674.631730187160429, 5041647.434659634716809 ], [ 297667.592334068671335, 5041640.663674788549542 ], [ 297657.426455242035445, 5041632.784947426989675 ], [ 297642.885894906066824, 5041625.466879271902144 ], [ 297624.129571006225888, 5041621.043067011982203 ], [ 297609.753227942390367, 5041620.726132022216916 ], [ 297598.895039453695063, 5041622.405546898022294 ], [ 297330.452483102155384, 5041633.49906081520021 ], [ 297232.396696196985431, 5041631.505069012753665 ], [ 297216.53252554620849, 5041628.412557581439614 ], [ 297205.511872039234731, 5041624.869698548689485 ], [ 297192.691920401819516, 5041619.43981511797756 ], [ 297178.305155590351205, 5041610.566803652793169 ], [ 297166.339448249374982, 5041600.912963210605085 ], [ 297154.056306719139684, 5041587.258820973336697 ], [ 297110.617124744865578, 5041524.745223301462829 ], [ 297073.047257814498153, 5041470.559514491818845 ], [ 297081.404932456032839, 5041468.548873075284064 ], [ 297089.763977921043988, 5041467.649549678899348 ], [ 297110.236913931032177, 5041469.513651967048645 ], [ 297137.201993985392619, 5041477.259824958629906 ], [ 297150.408473016228527, 5041479.021805168129504 ], [ 297165.255175208032597, 5041480.337293868884444 ], [ 297181.350093542248942, 5041480.095470099709928 ], [ 297195.099167827691417, 5041478.300698270089924 ], [ 297207.440259808267001, 5041475.174089836888015 ], [ 297218.60562328598462, 5041468.937262309715152 ], [ 297225.785998444480356, 5041462.48300186637789 ], [ 297235.144446196150966, 5041448.02470263466239 ], [ 297238.401767592644319, 5041427.906093871220946 ], [ 297237.217322062817402, 5041417.572353033348918 ], [ 297235.413168263097759, 5041411.684593157842755 ], [ 297230.322736931615509, 5041401.911217899993062 ], [ 297228.741939443279989, 5041322.121188413351774 ], [ 297246.291043642966542, 5041296.317689092829823 ], [ 297324.525188658793923, 5041248.882279396057129 ], [ 297379.738415006082505, 5041225.034758721478283 ], [ 297426.932833375700284, 5041225.645917095243931 ], [ 297493.61017824272858, 5041182.560315159149468 ], [ 297440.225328868080396, 5041100.497047351673245 ], [ 297653.008825955097564, 5040909.550746252760291 ], [ 297494.523916128673591, 5040692.139272324740887 ], [ 297328.514134170080069, 5040464.627911431714892 ], [ 297080.773625253874343, 5040637.624786325730383 ], [ 297071.929432199744042, 5040626.189206448383629 ], [ 297054.519810713129118, 5040639.324089866131544 ], [ 297034.169360830797814, 5040612.344473317265511 ], [ 296983.262750016816426, 5040646.524792923592031 ], [ 296792.447417784307618, 5040775.788114299997687 ], [ 296709.60861541214399, 5040647.204953539185226 ], [ 296524.412451844662428, 5040766.911951999180019 ], [ 296506.611310763459187, 5040778.270786038599908 ], [ 296489.588839638396166, 5040846.527592917904258 ], [ 296107.742061951954383, 5041089.19885694142431 ], [ 296032.248143827309832, 5041135.423173650167882 ], [ 295966.826554201776162, 5041175.744284147396684 ], [ 295898.147927952348255, 5041067.599881561473012 ], [ 295842.54588728339877, 5040980.330160330049694 ], [ 295763.684686068503652, 5040858.199309607967734 ], [ 295744.41869413148379, 5040827.999498219229281 ], [ 295697.585493656981271, 5040755.38770158495754 ], [ 295621.378105812880676, 5040635.032910845242441 ], [ 295610.648987399181351, 5040618.934647146612406 ], [ 295597.727901684585959, 5040600.17247676756233 ], [ 295560.677780964702833, 5040540.105159304104745 ], [ 295504.949655585805885, 5040585.084268596023321 ], [ 295532.912556881550699, 5040629.606362875550985 ], [ 295550.927441230334807, 5040658.140401905402541 ], [ 295560.720414298877586, 5040675.240119817666709 ], [ 295579.830821156967431, 5040704.995069270022213 ], [ 295700.360236447013449, 5040890.629869620315731 ], [ 295718.607870311767329, 5040919.05292912106961 ], [ 295732.782496776781045, 5040940.814076045528054 ], [ 295588.129281248315237, 5041034.930290222167969 ], [ 295664.335397640883457, 5041157.285098826512694 ], [ 295511.3299161484465, 5041252.859998951666057 ], [ 295606.56412046297919, 5041404.413437471725047 ], [ 295566.441720955539495, 5041430.254720581695437 ], [ 295337.49841950024711, 5041576.288448966108263 ], [ 295223.227697473135777, 5041650.363907621242106 ], [ 295127.224891035351902, 5041713.411307137459517 ], [ 295110.209906462056097, 5041724.550660003907979 ], [ 295055.341330380644649, 5041760.753210064955056 ], [ 295052.606832002464216, 5041760.75745755713433 ], [ 295012.020219272817485, 5041786.603035045787692 ], [ 294955.510673628945369, 5041821.919977024197578 ], [ 294899.551285187597387, 5041858.903529196977615 ], [ 295075.459036169631872, 5042188.909901306033134 ], [ 295198.480236484843772, 5042377.976659634150565 ], [ 295360.581522424065042, 5042637.666337970644236 ], [ 295364.416807316301856, 5042642.661469080485404 ], [ 295365.278273201314732, 5042644.104878160171211 ] ] ] ] } },
{ "type": "Feature", "properties": { "id": 17, "nom": "Mercier-Ouest" }, "geometry": { "type": "MultiPolygon", "coordinates": [ [ [ [ 301255.109220932121389, 5050647.601553704589605 ], [ 301258.150842245086096, 5050645.710581427440047 ], [ 301260.256629515264649, 5050644.486934030428529 ], [ 301288.645486255176365, 5050627.35655805002898 ], [ 301328.499347635894082, 5050603.32973547372967 ], [ 301360.242211501230486, 5050584.0863116979599 ], [ 301385.667874852137174, 5050568.736125007271767 ], [ 301424.742231988813728, 5050544.599211553111672 ], [ 301462.570063626975752, 5050523.241515939123929 ], [ 301490.727317299344577, 5050508.66822796780616 ], [ 301520.055462441465352, 5050494.983511773869395 ], [ 301549.618372405820992, 5050482.410134565085173 ], [ 301576.139998132188339, 5050472.505638850852847 ], [ 301604.222221568285022, 5050462.822723159566522 ], [ 301653.991502961900551, 5050447.905774489045143 ], [ 301681.529143980122171, 5050440.89065526612103 ], [ 301694.088865554542281, 5050437.772704214788973 ], [ 301703.059882890025619, 5050435.10108270123601 ], [ 301812.742341419449076, 5050405.375437660142779 ], [ 301916.887315289815888, 5050377.765779810026288 ], [ 301918.993628403230105, 5050377.209148281253874 ], [ 301972.119404033757746, 5050362.626585632562637 ], [ 302024.153422516654246, 5050348.711752424947917 ], [ 302057.308683820825536, 5050339.917682996951044 ], [ 302107.392537108622491, 5050326.004397846758366 ], [ 302310.85138020478189, 5050271.131953275762498 ], [ 302341.58906215603929, 5050263.118279718793929 ], [ 302395.263032623450272, 5050248.761362879537046 ], [ 302404.078659160761163, 5050246.313071875832975 ], [ 302414.610623397864401, 5050243.419609816744924 ], [ 302425.922656523121987, 5050240.081340515986085 ], [ 302452.447527194570284, 5050232.403208536095917 ], [ 302485.291173060541041, 5050221.611145790666342 ], [ 302514.077728269039653, 5050210.820736392401159 ], [ 302525.857366241805721, 5050205.704361330717802 ], [ 302538.18310607643798, 5050200.36554660834372 ], [ 302549.572586760215927, 5050195.027092849835753 ], [ 302561.820026440545917, 5050188.799295051954687 ], [ 302571.805362892744597, 5050184.128177668899298 ], [ 302580.230243417026941, 5050179.457629593089223 ], [ 302601.68293047969928, 5050168.670229901559651 ], [ 302617.752784890297335, 5050159.99629118014127 ], [ 302635.148743993137032, 5050150.321744911372662 ], [ 302660.813632001983933, 5050135.754597054794431 ], [ 302688.272597593721002, 5050119.408833613619208 ], [ 302705.902628577197902, 5050109.0676124766469 ], [ 302731.177176293975208, 5050092.833901701495051 ], [ 302758.246027208224405, 5050075.377253458835185 ], [ 302807.781858335540164, 5050044.13313615322113 ], [ 302835.475860357226338, 5050028.343607701361179 ], [ 302854.823022272379603, 5050018.224533516913652 ], [ 302870.113665501936339, 5050010.551677445881069 ], [ 302881.815707095141988, 5050004.658072983846068 ], [ 302897.73075818392681, 5049997.429622041992843 ], [ 302928.07897541532293, 5049984.640267935581505 ], [ 302970.286378372635227, 5049968.73588138166815 ], [ 303012.104340130172204, 5049954.498874131590128 ], [ 303042.531649701471906, 5049943.932697364129126 ], [ 303080.839047192479484, 5049930.808458832092583 ], [ 303097.223069196741562, 5049925.025105897337198 ], [ 303118.990551637776662, 5049917.684497012756765 ], [ 303122.657483749033418, 5049916.461059110239148 ], [ 303135.452581414720044, 5049911.567826811224222 ], [ 303155.737555406638421, 5049903.894343877211213 ], [ 303173.057781554176472, 5049897.110754271037877 ], [ 303187.413242837996222, 5049891.217033341526985 ], [ 303221.195234688173514, 5049876.316708197817206 ], [ 303249.749984993541148, 5049863.195973242633045 ], [ 303271.283126954862382, 5049853.188780881464481 ], [ 303306.079142130969558, 5049835.176966685801744 ], [ 303327.378334337321576, 5049824.947759376838803 ], [ 303347.117189214623068, 5049815.385779765434563 ], [ 303365.607958876702469, 5049807.157734456472099 ], [ 303382.616365605208557, 5049799.485740247182548 ], [ 303403.44773306325078, 5049789.701427110470831 ], [ 303423.030831567419227, 5049780.473118783906102 ], [ 303441.365746880299412, 5049772.245332132093608 ], [ 303522.351668284274638, 5049734.109947324730456 ], [ 303531.012131244060583, 5049730.329692325554788 ], [ 303544.275813741434831, 5049723.992484687827528 ], [ 303550.127450173371471, 5049721.213009708561003 ], [ 303562.220885228016414, 5049715.653999032452703 ], [ 303581.570404351630714, 5049706.648498526774347 ], [ 303590.621066981868353, 5049702.757118112407625 ], [ 303599.8276720608701, 5049698.19892805069685 ], [ 303612.857508834975306, 5049692.417571681551635 ], [ 303634.001752713869791, 5049682.856232801452279 ], [ 303653.585728829668369, 5049674.739968906156719 ], [ 303680.269922814215533, 5049663.510792322456837 ], [ 303715.693122819589917, 5049649.61303847655654 ], [ 303737.61821616475936, 5049641.496632875874639 ], [ 303755.642145748133771, 5049635.15906800981611 ], [ 303779.986248445289675, 5049626.820143624208868 ], [ 303812.757432934537064, 5049616.701865123584867 ], [ 303934.714057096163742, 5049579.565687755122781 ], [ 303960.931406004703604, 5049571.560605683363974 ], [ 304000.335600523918401, 5049559.664310826919973 ], [ 304040.052056935615838, 5049547.657094269059598 ], [ 304074.150560615991708, 5049537.095496413297951 ], [ 304105.206079614232294, 5049527.756874769926071 ], [ 304370.508210227999371, 5049447.273405917920172 ], [ 304360.51752436242532, 5049411.600698038004339 ], [ 304356.536631113267504, 5049394.597769514657557 ], [ 304363.558305057173129, 5049375.593689666129649 ], [ 304377.525839554320555, 5049368.5914102261886 ], [ 304435.191305075131822, 5049344.58325481787324 ], [ 304437.298163647064939, 5049343.582943694666028 ], [ 304379.851535539841279, 5049140.43713300395757 ], [ 304333.563757756201085, 5048977.520860053598881 ], [ 304333.719826521119103, 5048977.409716412425041 ], [ 304332.314759504515678, 5048972.408880701288581 ], [ 304342.849716915923636, 5048968.963010186329484 ], [ 304338.556748644565232, 5048957.516728159040213 ], [ 304083.543552088493016, 5048428.552575561217964 ], [ 304010.089979726471938, 5048326.431188193149865 ], [ 303942.489126982633024, 5048235.423062389716506 ], [ 303861.380117278953549, 5048119.524151385761797 ], [ 303707.507769857824314, 5047905.509172611869872 ], [ 303710.239257058186922, 5047903.619455639272928 ], [ 303702.822456604219042, 5047892.952095481567085 ], [ 303700.558869365835562, 5047892.507965178228915 ], [ 303698.684818942681886, 5047887.951889702118933 ], [ 303314.287214896350633, 5047596.977102994918823 ], [ 303309.9896550286212, 5047578.085722491145134 ], [ 303313.812709623482078, 5047570.972380778752267 ], [ 303319.664996239880566, 5047562.85837559774518 ], [ 303339.567605743708555, 5047555.519006306305528 ], [ 303375.70908895356115, 5047561.845193735323846 ], [ 303478.90147718571825, 5047571.935567421838641 ], [ 303512.933980302128475, 5047572.26187645085156 ], [ 303522.846439992776141, 5047569.037025954574347 ], [ 303548.44434783043107, 5047546.583241528831422 ], [ 303556.169322989706416, 5047533.468154550530016 ], [ 303555.543700488400646, 5047527.578295474871993 ], [ 303566.703408310073428, 5047515.462726191617548 ], [ 303566.859478040714748, 5047515.240431946702302 ], [ 303566.937534790078644, 5047515.24041657987982 ], [ 303567.561857573164161, 5047514.57350314129144 ], [ 303570.527818011585623, 5047513.572734385728836 ], [ 303578.412808958557434, 5047520.016833500936627 ], [ 303582.237889253592584, 5047521.571933236904442 ], [ 303583.954682869196404, 5047519.237832717597485 ], [ 303566.152260267466772, 5047491.34724357072264 ], [ 303561.780450465506874, 5047488.236417235806584 ], [ 303557.564838750637136, 5047485.570089985616505 ], [ 303539.765132307249587, 5047472.237835956737399 ], [ 303508.069106492039282, 5047449.128889936953783 ], [ 303392.993445213360246, 5047365.471483131870627 ], [ 303135.751884672150481, 5046927.120006821118295 ], [ 303033.515582829946652, 5046748.337187530472875 ], [ 302947.44303437526105, 5046601.334921278990805 ], [ 302923.229792901605833, 5046560.890225666575134 ], [ 302904.483836472616531, 5046529.556759905070066 ], [ 302758.987739060481545, 5046605.060825911350548 ], [ 302748.921502873359714, 5046618.955564350821078 ], [ 302732.063123805564828, 5046631.963504729792476 ], [ 302693.971100773545913, 5046646.97896193806082 ], [ 302604.046022296766751, 5046672.014451246708632 ], [ 302189.978704991459381, 5046862.98630538303405 ], [ 302024.986268838401884, 5046945.961446151137352 ], [ 301942.022193540644366, 5046985.005968058481812 ], [ 301932.344371472252533, 5046989.455658365041018 ], [ 301907.993493539397605, 5047000.024363474920392 ], [ 301717.101119373866823, 5047102.023171306587756 ], [ 301615.022026094957255, 5047152.972568431869149 ], [ 301589.970508577302098, 5047164.987582361325622 ], [ 300692.212865876732394, 5047558.140554724261165 ], [ 300686.360546515847091, 5047561.033822922036052 ], [ 300709.965957923384849, 5047610.694283476099372 ], [ 300743.184856801119167, 5047680.574594346806407 ], [ 300781.248272257158533, 5047759.675920420326293 ], [ 300814.231288253969979, 5047829.334510278888047 ], [ 300843.148408717359416, 5047888.771716812625527 ], [ 300873.785246642830316, 5047953.20891766063869 ], [ 300895.824814313615207, 5047999.870527002029121 ], [ 300915.20662639872171, 5048040.532743175514042 ], [ 300932.478168220783118, 5048076.862180735915899 ], [ 300969.209079028980341, 5048154.520801300182939 ], [ 300978.274269609129988, 5048173.407686586491764 ], [ 300879.415900815161876, 5048220.033075763843954 ], [ 300465.975819715298712, 5048417.009135783649981 ], [ 300453.492701430921443, 5048423.018915075808764 ], [ 300445.459893902530894, 5048431.470526003278792 ], [ 300429.236236654222012, 5048445.484458272345364 ], [ 300293.100802367203869, 5048628.170829631388187 ], [ 300287.251590311061591, 5048633.731643257662654 ], [ 300282.028575188596733, 5048641.848046709783375 ], [ 300275.947265367081854, 5048650.187338799238205 ], [ 300269.163589107163716, 5048658.527145181782544 ], [ 300260.585600033868104, 5048667.757315868511796 ], [ 300254.03455703263171, 5048673.98546196706593 ], [ 300243.427352249447722, 5048682.994866157881916 ], [ 300232.819205158739351, 5048690.670704954303801 ], [ 300225.954665345896501, 5048695.009865091182292 ], [ 300217.138352688634768, 5048698.350273003801703 ], [ 300211.210498667147476, 5048702.911027847789228 ], [ 300156.132243196654599, 5048729.067665393464267 ], [ 300135.692371365090366, 5048738.529082464054227 ], [ 300109.948243381688371, 5048751.32849879655987 ], [ 300032.402718929515686, 5048787.616115115582943 ], [ 299986.843915149278473, 5048809.877383917570114 ], [ 299859.06203638704028, 5048871.655218259431422 ], [ 299778.633510556188412, 5048909.837510480545461 ], [ 299691.80867808876792, 5048950.359829405322671 ], [ 299537.82194753724616, 5049024.279079507105052 ], [ 299493.826150321227033, 5049045.097919009625912 ], [ 299464.495433924894314, 5049058.569833548739552 ], [ 299463.79518017009832, 5049061.015336725860834 ], [ 299460.835631491150707, 5049067.908050769008696 ], [ 299459.979779433866497, 5049070.90934766177088 ], [ 299459.281804321275558, 5049076.022020039148629 ], [ 299461.23605454119388, 5049079.909976868890226 ], [ 299465.452908313367516, 5049083.240345264784992 ], [ 299472.870038915832993, 5049087.457049200311303 ], [ 299478.490510681585874, 5049089.56377890240401 ], [ 299483.094136288389564, 5049088.893074482679367 ], [ 299487.307765664940234, 5049088.444968630559742 ], [ 299490.507289448694792, 5049088.442254099994898 ], [ 299492.147200670384336, 5049089.774448712356389 ], [ 299492.775172355701216, 5049094.108068564906716 ], [ 299492.934920935425907, 5049098.442085436545312 ], [ 299493.562420200265478, 5049102.220045271329582 ], [ 299495.595054594159592, 5049106.552474942058325 ], [ 299497.703840447822586, 5049108.662198543548584 ], [ 299501.451681703387294, 5049111.103931654244661 ], [ 299504.495778206910472, 5049111.879280598834157 ], [ 299509.177990596974269, 5049111.875321508385241 ], [ 299515.575982246198691, 5049110.647464054636657 ], [ 299519.479232830402907, 5049112.311151975765824 ], [ 299521.976974795165006, 5049112.975838203914464 ], [ 299525.488165275834035, 5049112.417218197137117 ], [ 299530.558316438633483, 5049109.745777553878725 ], [ 299534.306331159954425, 5049112.409794396720827 ], [ 299537.582945313071832, 5049111.295717940665781 ], [ 299540.874218907498289, 5049127.629372631199658 ], [ 299547.042007268872112, 5049131.069289503619075 ], [ 299563.264516240451485, 5049120.164750407449901 ], [ 299571.0028741354472, 5049135.383381263352931 ], [ 299576.862293901969679, 5049143.380001861602068 ], [ 299586.154929187032394, 5049150.929239090532064 ], [ 299590.141721686872188, 5049159.260828611440957 ], [ 299618.408517693926115, 5049180.574733976274729 ], [ 299623.24619923956925, 5049179.903938706032932 ], [ 299629.648182292818092, 5049183.566007668152452 ], [ 299633.859832223388366, 5049180.78422739636153 ], [ 299637.997665396076627, 5049183.114588413387537 ], [ 299638.868522515811492, 5049198.227839047089219 ], [ 299638.641012598993257, 5049206.22953961789608 ], [ 299641.145665018062573, 5049215.34030931442976 ], [ 299647.156417408725247, 5049217.780265351757407 ], [ 299660.188354518671986, 5049217.769551398232579 ], [ 299680.474780360120349, 5049214.307831388898194 ], [ 299706.151746555755381, 5049218.28764071315527 ], [ 299708.80287619039882, 5049215.729445041157305 ], [ 299720.282042010338046, 5049225.49974636733532 ], [ 299729.182855149789248, 5049231.382532484829426 ], [ 299730.97973875637399, 5049233.937116074375808 ], [ 299733.713404486479703, 5049236.935470445081592 ], [ 299741.207937836064957, 5049240.819033733569086 ], [ 299737.153250067029148, 5049244.711936376057565 ], [ 299736.29639098624466, 5049246.601875667460263 ], [ 299712.676294768054504, 5049276.848967667669058 ], [ 299706.910851094056852, 5049288.078001850284636 ], [ 299700.677220938378014, 5049299.307422963902354 ], [ 299695.766935567779001, 5049306.535014177672565 ], [ 299690.777810814441182, 5049312.762484406121075 ], [ 299679.009986592689529, 5049331.553433152846992 ], [ 299670.90308772091521, 5049342.117624774575233 ], [ 299662.797310725145508, 5049354.015412005595863 ], [ 299655.160862924531102, 5049367.246410073712468 ], [ 299644.169280574715231, 5049380.813576945103705 ], [ 299810.282636314397678, 5049453.470518439076841 ], [ 299789.096200287051033, 5049501.496540513820946 ], [ 299794.061111407645512, 5049660.189330836758018 ], [ 299791.907571727118921, 5049699.309589620679617 ], [ 299788.791906596219633, 5049706.202280386351049 ], [ 299649.355347222473938, 5049803.667302198708057 ], [ 299628.848977151385043, 5049821.909898077137768 ], [ 299621.987568364478648, 5049828.027844009920955 ], [ 299538.899263326078653, 5050027.357272454537451 ], [ 299530.567476207099389, 5050047.479224104434252 ], [ 299441.651388087251689, 5050267.9300726512447 ], [ 299412.842541280610021, 5050427.651969854719937 ], [ 299436.98990989086451, 5050564.212895502336323 ], [ 299432.555709916399792, 5050579.219567838124931 ], [ 299363.882554658048321, 5050739.531759072095156 ], [ 299365.682051823998336, 5050745.42021325416863 ], [ 299384.069417984574102, 5050807.193889325484633 ], [ 300032.378080403257627, 5050496.718105029314756 ], [ 300314.868618218519259, 5050361.927999006584287 ], [ 300981.991534002416302, 5050044.980695233680308 ], [ 301022.855407385795843, 5050138.862646784633398 ], [ 301042.308955820160918, 5050181.414590358734131 ], [ 301062.700108989083674, 5050226.633211398497224 ], [ 301070.826086759974714, 5050246.076511124148965 ], [ 301148.871939778735396, 5050419.39685520529747 ], [ 301169.651069730927702, 5050463.615422845818102 ], [ 301036.667062615219038, 5050530.373381173238158 ], [ 301098.595501361123752, 5050630.466671709902585 ], [ 301217.068331368442159, 5050566.830014980398118 ], [ 301255.109220932121389, 5050647.601553704589605 ] ] ] ] } },
{ "type": "Feature", "properties": { "id": 26, "nom": "Rosemont" }, "geometry": { "type": "MultiPolygon", "coordinates": [ [ [ [ 297112.672005225904286, 5045812.519396697171032 ], [ 297129.492924271500669, 5045840.392820970155299 ], [ 297465.08545308758039, 5046386.091978952288628 ], [ 297608.148041186272167, 5046621.969899055548012 ], [ 297840.267400233424269, 5046994.110274874605238 ], [ 298063.614156785595696, 5047363.935071238316596 ], [ 298032.326916867110413, 5047377.193490216508508 ], [ 297997.452746171329636, 5047393.789916567504406 ], [ 298017.160627494857181, 5047428.108288823626935 ], [ 298033.114451674278826, 5047455.873998926952481 ], [ 298070.327989316137973, 5047509.955125984735787 ], [ 298079.867142731149215, 5047525.05881913099438 ], [ 298085.966046662419103, 5047534.83188371732831 ], [ 298149.063777291274164, 5047634.6721286829561 ], [ 298188.858565611590166, 5047695.863672325387597 ], [ 298417.390979314921424, 5048067.47403921931982 ], [ 298512.454883062746376, 5048221.962442644871771 ], [ 298646.365247580455616, 5048439.759268769063056 ], [ 298771.90259963972494, 5048643.89782942365855 ], [ 298701.861699409957509, 5048686.529236862435937 ], [ 298747.734449916286394, 5048750.607926830649376 ], [ 298807.193941297417041, 5048823.675635924562812 ], [ 298810.548618451983202, 5048822.561104764230549 ], [ 298820.08176528767217, 5048835.332181359641254 ], [ 298897.895321359625086, 5048925.830992926843464 ], [ 298925.162810186622664, 5048959.700635873712599 ], [ 298926.647006632527336, 5048961.255092686973512 ], [ 299025.664702946785837, 5049115.747748992405832 ], [ 299264.591183074109722, 5049002.066031653434038 ], [ 299295.00259214034304, 5049064.050929666496813 ], [ 299356.549128828570247, 5049035.213893535546958 ], [ 299376.956955945235677, 5049081.316005733795464 ], [ 299421.498373622540385, 5049060.495873802341521 ], [ 299423.682946812652517, 5049059.938336712308228 ], [ 299425.789673675026279, 5049059.603131430223584 ], [ 299428.442568111699075, 5049059.156326080672443 ], [ 299430.862017524719704, 5049059.487646812573075 ], [ 299432.968744919169694, 5049059.152443947270513 ], [ 299435.542840654670727, 5049057.816652319394052 ], [ 299437.570103357022163, 5049055.814537527039647 ], [ 299439.986794112483039, 5049052.923033113591373 ], [ 299443.340889782935847, 5049051.142048493027687 ], [ 299446.852108015737031, 5049050.583384457044303 ], [ 299450.67557241441682, 5049050.135587670840323 ], [ 299454.344005946652032, 5049050.91037873737514 ], [ 299457.856173646869138, 5049051.463041102513671 ], [ 299459.963663564762101, 5049052.016903508454561 ], [ 299462.696780521306209, 5049054.126082642003894 ], [ 299463.791201455285773, 5049056.347791720181704 ], [ 299464.495433924894314, 5049058.569833548739552 ], [ 299493.826150321227033, 5049045.097919009625912 ], [ 299537.82194753724616, 5049024.279079507105052 ], [ 299691.80867808876792, 5048950.359829405322671 ], [ 299778.633510556188412, 5048909.837510480545461 ], [ 299859.06203638704028, 5048871.655218259431422 ], [ 299986.843915149278473, 5048809.877383917570114 ], [ 300032.402718929515686, 5048787.616115115582943 ], [ 300109.948243381688371, 5048751.32849879655987 ], [ 300135.692371365090366, 5048738.529082464054227 ], [ 300156.132243196654599, 5048729.067665393464267 ], [ 300211.210498667147476, 5048702.911027847789228 ], [ 300217.138352688634768, 5048698.350273003801703 ], [ 300225.954665345896501, 5048695.009865091182292 ], [ 300232.819205158739351, 5048690.670704954303801 ], [ 300243.427352249447722, 5048682.994866157881916 ], [ 300254.03455703263171, 5048673.98546196706593 ], [ 300260.585600033868104, 5048667.757315868511796 ], [ 300269.163589107163716, 5048658.527145181782544 ], [ 300275.947265367081854, 5048650.187338799238205 ], [ 300282.028575188596733, 5048641.848046709783375 ], [ 300287.251590311061591, 5048633.731643257662654 ], [ 300293.100802367203869, 5048628.170829631388187 ], [ 300429.236236654222012, 5048445.484458272345364 ], [ 300445.459893902530894, 5048431.470526003278792 ], [ 300453.492701430921443, 5048423.018915075808764 ], [ 300465.975819715298712, 5048417.009135783649981 ], [ 300879.415900815161876, 5048220.033075763843954 ], [ 300978.274269609129988, 5048173.407686586491764 ], [ 300969.209079028980341, 5048154.520801300182939 ], [ 300932.478168220783118, 5048076.862180735915899 ], [ 300915.20662639872171, 5048040.532743175514042 ], [ 300895.824814313615207, 5047999.870527002029121 ], [ 300873.785246642830316, 5047953.20891766063869 ], [ 300843.148408717359416, 5047888.771716812625527 ], [ 300814.231288253969979, 5047829.334510278888047 ], [ 300781.248272257158533, 5047759.675920420326293 ], [ 300743.184856801119167, 5047680.574594346806407 ], [ 300709.965957923384849, 5047610.694283476099372 ], [ 300666.584752570721321, 5047519.261284109205008 ], [ 300577.938840264279861, 5047327.062422105111182 ], [ 300563.398798526031896, 5047295.955344984307885 ], [ 300543.995566635101568, 5047230.511892446316779 ], [ 300535.511182475136593, 5047151.391858726739883 ], [ 300537.186556833039504, 5047089.712605213746428 ], [ 300540.092605988844298, 5047001.027514019981027 ], [ 300544.002023563138209, 5046895.338605299592018 ], [ 300548.372806306404527, 5046779.0918945139274 ], [ 300553.652844341937453, 5046621.948144478723407 ], [ 300556.701118594268337, 5046512.036889545619488 ], [ 300559.833290354930796, 5046410.571600876748562 ], [ 300562.355649535777047, 5046330.777403440326452 ], [ 300562.115571818256285, 5046322.109301402233541 ], [ 300560.762939242878929, 5046284.547738666646183 ], [ 300554.856707551807631, 5046209.537920205853879 ], [ 300553.753592996334191, 5046194.647036846727133 ], [ 300553.438362659479026, 5046190.313119187951088 ], [ 300553.123734491120558, 5046186.868253730237484 ], [ 300480.742931698157918, 5045270.749711588025093 ], [ 300389.98957114527002, 5045021.989725365303457 ], [ 300174.353176531847566, 5044444.373395387083292 ], [ 300032.394157863513101, 5044467.817315214313567 ], [ 300000.222698369412683, 5044472.509377889335155 ], [ 299829.136283081898, 5044496.647059670649469 ], [ 299558.725816686346661, 5044533.207242949865758 ], [ 299406.306735074031167, 5044556.89636701438576 ], [ 299046.575655626133084, 5044607.669820860959589 ], [ 299019.713812682719436, 5044610.028289903886616 ], [ 299006.28315548581304, 5044611.485395708121359 ], [ 298969.990289112844039, 5044633.41191713232547 ], [ 298959.060315603099298, 5044636.644900589250028 ], [ 298856.661448866361752, 5044698.641310414299369 ], [ 298751.376522062812001, 5044761.975763391703367 ], [ 298736.781765256018844, 5044770.54697891138494 ], [ 298708.060051887703594, 5044786.800006803125143 ], [ 298697.991750224784482, 5044792.366368594579399 ], [ 298687.846567752072588, 5044799.155266776680946 ], [ 298678.71615020459285, 5044805.498664944432676 ], [ 298662.795144484902266, 5044815.182662799023092 ], [ 298506.631150724831969, 5044909.910323061980307 ], [ 298475.570579241437372, 5044928.722793325781822 ], [ 298396.827465521986596, 5044976.478115777485073 ], [ 298301.852269260038156, 5045032.919492416083813 ], [ 298210.079298224474769, 5045088.35876605566591 ], [ 298176.523248969868291, 5045108.620060200802982 ], [ 298145.622004413744435, 5045128.545321607962251 ], [ 298133.995030334219337, 5045136.003484229557216 ], [ 298103.172260746534448, 5045156.040004347451031 ], [ 298065.092591851076577, 5045180.640860979445279 ], [ 297914.72840978577733, 5045278.488812051713467 ], [ 297650.222597437677905, 5045455.150690974667668 ], [ 297515.322128410451114, 5045544.878069010563195 ], [ 297382.612950474722311, 5045635.605962562374771 ], [ 297112.672005225904286, 5045812.519396697171032 ] ] ] ] } },
{ "type": "Feature", "properties": { "id": 18, "nom": "Saint-Laurent" }, "geometry": { "type": "MultiPolygon", "coordinates": [ [ [ [ 283415.770955486688763, 5039845.041760971769691 ], [ 283513.253315504989587, 5039921.502461862750351 ], [ 283567.963334502885118, 5039945.543900175951421 ], [ 283396.247953905316535, 5040101.71136945206672 ], [ 283628.866280800546519, 5040207.053340052254498 ], [ 283504.482068562356289, 5040330.830288177356124 ], [ 283575.452796740981285, 5040380.821467799134552 ], [ 283625.45242871058872, 5040422.882667972706258 ], [ 283763.44905623147497, 5040489.875641112215817 ], [ 283919.427447535737883, 5040348.884348761290312 ], [ 284040.434782950964291, 5040406.82713183760643 ], [ 284061.447592348209582, 5040427.87269545905292 ], [ 284122.445114216650836, 5040369.882988112047315 ], [ 284180.474052598234266, 5040430.814526395872235 ], [ 284403.469009240798187, 5040227.826383842155337 ], [ 284425.471136467007454, 5040240.868464791215956 ], [ 284526.400473049667198, 5040349.8952053533867 ], [ 284619.44432046811562, 5040267.802522706799209 ], [ 284743.456390534411184, 5040313.85807858966291 ], [ 284895.464301858097315, 5040415.837565050460398 ], [ 285023.441036415693816, 5040456.88513954449445 ], [ 285036.453469354717527, 5040444.841943618841469 ], [ 285067.412351705774199, 5040473.861020484007895 ], [ 285132.451888932322618, 5040530.889664265327156 ], [ 285095.436698031728156, 5040563.900709139183164 ], [ 284868.988058554008603, 5040765.208303274586797 ], [ 285104.498229690012522, 5040886.598528866656125 ], [ 285366.996155441214796, 5041020.582943477667868 ], [ 285428.433629922801629, 5041052.510052954778075 ], [ 286032.433316419017501, 5041362.843467791564763 ], [ 286431.439996585191693, 5041567.589720939286053 ], [ 286947.676977888739202, 5041821.813586620613933 ], [ 286371.201251156860963, 5042339.242716573178768 ], [ 286552.974053520418238, 5042521.189746179617941 ], [ 286694.944146134192124, 5042665.583111211657524 ], [ 286983.402160997502506, 5042406.709213639609516 ], [ 287196.379634508688468, 5042663.933569771237671 ], [ 287392.323196609329898, 5042897.541349110193551 ], [ 287481.904873265244532, 5043004.757798005826771 ], [ 287732.121042568236589, 5042781.586137388832867 ], [ 287763.933632682426833, 5042817.395200678147376 ], [ 287826.303079178091139, 5042887.239101919345558 ], [ 288032.408713151759002, 5042696.760652271099389 ], [ 288039.344501366489567, 5042690.518741375766695 ], [ 288152.508126264787279, 5042826.798223326914012 ], [ 288207.808180026651826, 5042794.979162896983325 ], [ 288239.001105568255298, 5042774.670760574750602 ], [ 288308.543315443443134, 5042722.25565058644861 ], [ 288334.108713499328587, 5042700.517813654616475 ], [ 288453.030554672761355, 5042590.964364408515394 ], [ 288959.18806683976436, 5042848.491238722577691 ], [ 289052.186097012308892, 5042895.710262182168663 ], [ 289252.410553049354348, 5042996.562783340923488 ], [ 289317.639324022224173, 5043029.74091487005353 ], [ 289558.275364270317368, 5043145.506320171989501 ], [ 289655.215096818516031, 5043179.055495747365057 ], [ 289754.789017755945679, 5043204.042711734771729 ], [ 289833.322603929846082, 5043217.412862304598093 ], [ 289932.857521371042822, 5043226.511173240840435 ], [ 290032.449841959401965, 5043226.942662361077964 ], [ 290108.985523090173956, 5043221.428594369441271 ], [ 290186.915153581707273, 5043210.689028246328235 ], [ 290242.443884286738466, 5043274.46055275388062 ], [ 290294.89799133152701, 5043326.459731192328036 ], [ 290336.56149339635158, 5043373.816698558628559 ], [ 290482.813203299767338, 5043421.934478121809661 ], [ 290497.117348826024681, 5043426.458233321085572 ], [ 290693.624565826845355, 5043490.02492512576282 ], [ 290765.221895369759295, 5043512.757386851124465 ], [ 290899.116404625237919, 5043556.467261870391667 ], [ 290967.195001816435251, 5043578.098510633222759 ], [ 291021.123050418973435, 5043593.871600074693561 ], [ 291098.947008486895356, 5043607.703659681603312 ], [ 291150.588364679948427, 5043613.814409515820444 ], [ 291247.131129632354714, 5043615.605378948152065 ], [ 291318.044720981677528, 5043612.563094977289438 ], [ 291390.192857528163586, 5043602.406552968546748 ], [ 291444.377838117768988, 5043592.733600780367851 ], [ 291492.933227038534824, 5043580.183641074225307 ], [ 291530.940722917963285, 5043565.878263989463449 ], [ 291609.994204032293055, 5043533.372208493761718 ], [ 291881.18590137938736, 5043421.898415919393301 ], [ 292668.821713585290127, 5043095.043670756742358 ], [ 292725.097002861555666, 5043072.375403124839067 ], [ 292728.132471219054423, 5043066.701859632506967 ], [ 292778.630878031079192, 5043045.601036041975021 ], [ 293002.795437316293828, 5042952.269579358398914 ], [ 293024.25981252535712, 5042943.227605363354087 ], [ 292984.552915534353815, 5042847.062550073489547 ], [ 292936.678472390747629, 5042728.57580647803843 ], [ 292865.972428061417304, 5042558.901319289579988 ], [ 292726.546490538225044, 5042242.666302506811917 ], [ 292727.873291172087193, 5042241.996961802244186 ], [ 292726.696747278561816, 5042239.554338895715773 ], [ 292710.683495964854956, 5042200.022459958679974 ], [ 292703.63248882512562, 5042189.700847660191357 ], [ 292702.063809338200372, 5042186.48106705583632 ], [ 292690.219573240028694, 5042161.832787647843361 ], [ 292688.729218129010405, 5042158.72399050090462 ], [ 292657.275172493304126, 5042093.439637505449355 ], [ 292474.103177629527636, 5041711.283290059305727 ], [ 292472.690738737466745, 5041708.174392565153539 ], [ 292456.210141658899374, 5041670.866726251319051 ], [ 292428.901156154810451, 5041610.131773766130209 ], [ 292365.953155291092116, 5041465.230071190744638 ], [ 292342.011397593480069, 5041409.156345166265965 ], [ 292311.164921657356899, 5041338.760539687238634 ], [ 292307.395471142197493, 5041329.21076819114387 ], [ 292298.842562473379076, 5041311.002301 ], [ 292204.737235591630451, 5041100.708204006776214 ], [ 292148.772997045249213, 5040975.464939836412668 ], [ 292107.17424337961711, 5040883.865824175998569 ], [ 292099.575146310206037, 5040874.212797259911895 ], [ 292095.965427041752264, 5040866.663192754611373 ], [ 291951.153604818857275, 5040552.346086820587516 ], [ 291934.039248689601664, 5040513.818692486733198 ], [ 291678.275440085330047, 5040216.183753294870257 ], [ 291244.925106182228774, 5039737.018895629793406 ], [ 291218.758992620452773, 5039708.070279635488987 ], [ 291097.795261014369316, 5039573.753601908683777 ], [ 291033.709793645539321, 5039503.659071161411703 ], [ 290845.113369788916316, 5039291.148661221377552 ], [ 290849.32582793792244, 5039287.471983077004552 ], [ 290703.577863967511803, 5039122.323659093119204 ], [ 290660.798360037966631, 5039076.522804568521678 ], [ 290637.844751918048132, 5039053.459317205473781 ], [ 290636.043258501624223, 5039051.796417908743024 ], [ 290627.035777119512204, 5039043.481929216533899 ], [ 290617.87244873389136, 5039035.390067046508193 ], [ 290608.475111052568536, 5039027.521008707582951 ], [ 290592.658347361255437, 5039015.221251652576029 ], [ 290576.295891214569565, 5039003.589555254206061 ], [ 290559.38799676328199, 5038992.73705399222672 ], [ 290516.263767813681625, 5038968.052821090444922 ], [ 290508.35661938629346, 5038962.514270231127739 ], [ 290442.699727020633873, 5038928.6580033833161 ], [ 290435.97026118618669, 5038925.45059828273952 ], [ 290429.241042760084383, 5038922.354330618865788 ], [ 290422.43365366832586, 5038919.258249119855464 ], [ 290406.002655823656823, 5038912.072385122068226 ], [ 290389.49396606348455, 5038905.109003925696015 ], [ 290372.829421607486438, 5038898.368285712786019 ], [ 290359.686325604561716, 5038893.397606480866671 ], [ 290346.465044306765776, 5038888.427134641446173 ], [ 290333.166345527861267, 5038883.790261363610625 ], [ 290291.068940782686695, 5038864.439485534094274 ], [ 290274.238598856551107, 5038853.698702128604054 ], [ 290946.840404054499231, 5038211.288238849490881 ], [ 290916.952143725473434, 5038057.993947125971317 ], [ 290887.616576174565125, 5037907.810261241160333 ], [ 290889.48912294395268, 5037906.139155512675643 ], [ 290787.475647400191519, 5037383.71884897723794 ], [ 290728.393946356605738, 5037080.686907455325127 ], [ 290726.441763380425982, 5037081.802584157325327 ], [ 290596.001104755327106, 5036413.75775543320924 ], [ 290597.873771163169295, 5036411.975437737070024 ], [ 290504.356950351037085, 5035932.88236737344414 ], [ 289685.474332035286352, 5036731.82540694065392 ], [ 289568.493176707357634, 5036083.883984087966383 ], [ 289227.436220186122227, 5036419.889116385951638 ], [ 289007.449521767441183, 5036628.807747333310544 ], [ 288789.437591498135589, 5036839.840669421479106 ], [ 288719.443979794625193, 5036895.806947137229145 ], [ 288563.441954090085346, 5037041.900340754538774 ], [ 288536.456122728588525, 5037067.863568060100079 ], [ 288529.434822235954925, 5037073.882799739018083 ], [ 288538.37373953795759, 5037083.750287867151201 ], [ 288525.503985424758866, 5037095.785717595368624 ], [ 288184.579294003022369, 5037410.399959407746792 ], [ 288082.562143143732101, 5037503.131363155320287 ], [ 287875.729608747409657, 5037691.273905400186777 ], [ 287612.527037049178034, 5037930.586425746791065 ], [ 287417.497126520553138, 5038107.932347998954356 ], [ 287408.763769150245935, 5038115.957948449999094 ], [ 287363.207346651586704, 5038066.630974466912448 ], [ 287360.244112290849444, 5038069.306342934258282 ], [ 287183.400813306041528, 5037870.319775632582605 ], [ 287095.069533379573841, 5037762.771113937720656 ], [ 286817.302460365463048, 5037463.506619964726269 ], [ 286772.829647308273707, 5037413.625170537270606 ], [ 286642.781448616005946, 5037268.307074227370322 ], [ 286502.764880983042531, 5037111.796472316607833 ], [ 286035.394615287543274, 5036599.30573801510036 ], [ 285831.956928756262641, 5036373.543002406135201 ], [ 285607.476842239499092, 5036124.735862970352173 ], [ 285189.929819933662657, 5035661.053542121313512 ], [ 284253.937634958361741, 5036513.638787085190415 ], [ 284285.095343517779838, 5036548.654394863173366 ], [ 283816.117652453423943, 5037261.108433652669191 ], [ 283990.896754390560091, 5037460.229867463931441 ], [ 283518.38420124410186, 5037883.666925030760467 ], [ 283418.15290448529413, 5037973.467997618950903 ], [ 283364.226505158178043, 5038023.883150080218911 ], [ 283394.305688639113214, 5038041.339334346354008 ], [ 283430.821891999628861, 5038066.664087256416678 ], [ 283561.762061968038324, 5038157.903378235176206 ], [ 283658.459207947715186, 5038226.145225181244314 ], [ 283842.501068076409865, 5038349.551063547842205 ], [ 283850.17235297447769, 5038422.983301937580109 ], [ 283933.704963828902692, 5038460.267640130594373 ], [ 283951.531431403825991, 5038484.879605743102729 ], [ 283944.08249881764641, 5038501.574041170999408 ], [ 283956.647138588072266, 5038518.868825860321522 ], [ 283994.132032198074739, 5038554.973368012346327 ], [ 283997.818110146734398, 5038558.628493754193187 ], [ 283993.717504950123839, 5038571.422184781171381 ], [ 283994.476978059043176, 5038588.311638406477869 ], [ 284000.665158001356758, 5038592.180740596726537 ], [ 284001.011320875957608, 5038602.292549875564873 ], [ 283993.510858179884963, 5038603.428706728853285 ], [ 283989.578516080335248, 5038596.218195157125592 ], [ 283984.113000329525676, 5038598.125540572218597 ], [ 283979.242926326405723, 5038614.58912823535502 ], [ 283970.630774400895461, 5038634.065677181817591 ], [ 283967.610983108635992, 5038642.743941520340741 ], [ 283965.043604730104562, 5038669.979649766348302 ], [ 283965.750059888174292, 5038670.866357394494116 ], [ 283966.846245480526704, 5038671.418378113768995 ], [ 283967.863157735555433, 5038671.637267778627574 ], [ 283968.725209704542067, 5038672.301196835003793 ], [ 283980.810495489975438, 5038686.597074070945382 ], [ 283952.866874476370867, 5038698.803089656867087 ], [ 283948.33540401031496, 5038699.484921337105334 ], [ 283945.051284571818542, 5038699.162431553006172 ], [ 283944.036221136455424, 5038699.499196483753622 ], [ 283943.256765836093109, 5038700.16857336089015 ], [ 283942.712549660005607, 5038701.059431915171444 ], [ 283942.559168294304982, 5038701.948992541059852 ], [ 283942.641025859629735, 5038703.060034750960767 ], [ 283943.112979803292546, 5038703.94751865696162 ], [ 283943.896863111876883, 5038704.611703923903406 ], [ 283948.923157563083805, 5038711.707424598746002 ], [ 283952.862484312267043, 5038721.029385429807007 ], [ 283956.48138792993268, 5038728.018652632832527 ], [ 283957.662369435594883, 5038730.570755679160357 ], [ 283958.530683821998537, 5038733.123896529898047 ], [ 283959.243033262959216, 5038735.788686470128596 ], [ 283959.325993810140062, 5038737.233119504526258 ], [ 283959.252621375664603, 5038738.67807131446898 ], [ 283958.866214377805591, 5038740.012930505909026 ], [ 283958.245308227255009, 5038741.34856791421771 ], [ 283957.467331884545274, 5038742.462463833391666 ], [ 283956.454856582509819, 5038743.577138111926615 ], [ 283955.363846398831811, 5038744.580941806547344 ], [ 283954.194670177646913, 5038745.585005140863359 ], [ 283952.946590182953514, 5038746.367067785933614 ], [ 283946.705456868046895, 5038750.055124381557107 ], [ 283942.086999865889084, 5038748.070095762610435 ], [ 283940.99267086997861, 5038748.073730273172259 ], [ 283939.977246461028699, 5038748.299365725368261 ], [ 283939.040357609104831, 5038748.635871888138354 ], [ 283938.182373497402295, 5038749.194378915242851 ], [ 283937.402925036032684, 5038749.863756595179439 ], [ 283936.70238141680602, 5038750.755135078914464 ], [ 283936.23633693397278, 5038751.645734614692628 ], [ 283935.926994375069626, 5038752.646945019252598 ], [ 283935.77398449240718, 5038753.647636080160737 ], [ 283935.855842674325686, 5038754.758678294718266 ], [ 283936.015497902757488, 5038755.758330644108355 ], [ 283936.487818078196142, 5038756.756944307126105 ], [ 283937.037935173721053, 5038757.644168151542544 ], [ 283943.305258428328671, 5038761.846345348283648 ], [ 283946.272990431170911, 5038761.058570430614054 ], [ 283947.286937039636541, 5038760.388415223918855 ], [ 283948.537227327760775, 5038760.273132568225265 ], [ 283949.710827233851887, 5038760.60263042896986 ], [ 283950.651773069635965, 5038761.488557942211628 ], [ 283947.561654915858526, 5038772.500827492214739 ], [ 283943.753292431589216, 5038779.070227215997875 ], [ 283921.43033619702328, 5038788.923964463174343 ], [ 283919.792178662784863, 5038789.929593495093286 ], [ 283918.389627634431235, 5038791.267833842895925 ], [ 283917.221944137942046, 5038792.716424966230989 ], [ 283916.367663398035802, 5038794.386237001977861 ], [ 283915.748249948315788, 5038796.166399561800063 ], [ 283915.520035093300976, 5038798.056392705999315 ], [ 283915.604483232658822, 5038799.945346123538911 ], [ 283916.001594079250935, 5038801.833259829320014 ], [ 283916.789163487905171, 5038803.608743763528764 ], [ 283917.810490360716358, 5038805.161187680438161 ], [ 283919.143740259751212, 5038806.490331808105111 ], [ 283920.632951357169077, 5038807.707826275378466 ], [ 283932.060271012771409, 5038812.226233708672225 ], [ 283932.922307648987044, 5038812.890157953836024 ], [ 283933.472420409903862, 5038813.777381549589336 ], [ 283933.553909084526822, 5038814.77729363925755 ], [ 283931.954529416339938, 5038827.451590680517256 ], [ 283929.020069412188604, 5038838.241090837866068 ], [ 283928.397702179965563, 5038839.132210641168058 ], [ 283927.461196883232333, 5038839.579848829656839 ], [ 283926.367253191885538, 5038839.694616145454347 ], [ 284031.33760660601547, 5038908.581478186883032 ], [ 284132.388700828771107, 5038974.815830308943987 ], [ 284127.954962945077568, 5038981.387178173288703 ], [ 284123.031397685699631, 5038981.625650278292596 ], [ 284101.564144244242925, 5039013.813355401158333 ], [ 284083.206386807141826, 5039040.767699910327792 ], [ 284018.718791777268052, 5039134.442335718311369 ], [ 284019.97231845575152, 5039135.327239288017154 ], [ 283827.22601257392671, 5039416.797373264096677 ], [ 283720.653916528041009, 5039567.404125555418432 ], [ 283415.770955486688763, 5039845.041760971769691 ] ] ] ] } },
{ "type": "Feature", "properties": { "id": 19, "nom": "L'Île-Dorval" }, "geometry": { "type": "MultiPolygon", "coordinates": [ [ [ [ 286003.022083140502218, 5032324.608283642679453 ], [ 285988.92102036048891, 5032328.186524082906544 ], [ 285979.963953728438355, 5032327.056809515692294 ], [ 285976.29011397564318, 5032327.446931867860258 ], [ 285968.485493867017794, 5032328.363836649805307 ], [ 285961.75393318728311, 5032330.209960602223873 ], [ 285961.753944780968595, 5032330.209957422688603 ], [ 285944.123492755228654, 5032335.045091706328094 ], [ 285932.234615966212004, 5032338.00147095695138 ], [ 285932.234620457456913, 5032338.00146983936429 ], [ 285919.544683317421004, 5032341.157046895474195 ], [ 285912.070170171384234, 5032342.938242168165743 ], [ 285864.215140365937259, 5032358.578954735770822 ], [ 285856.816689279803541, 5032360.560203496366739 ], [ 285826.367751826241147, 5032374.461906836368144 ], [ 285817.946230743255001, 5032377.459233617410064 ], [ 285817.946231409499887, 5032377.459233379922807 ], [ 285794.187377809546888, 5032385.915312449447811 ], [ 285790.349792735360097, 5032386.599703767336905 ], [ 285790.349793896428309, 5032386.599703561514616 ], [ 285786.325115909799933, 5032387.317460855469108 ], [ 285770.205975779448636, 5032388.580870882607996 ], [ 285757.085948293504771, 5032391.949704602360725 ], [ 285757.085226539580617, 5032391.950160554610193 ], [ 285757.085226540570147, 5032391.950160554610193 ], [ 285753.816478759516031, 5032394.015122406184673 ], [ 285753.816136289155111, 5032394.015003964304924 ], [ 285753.816136289155111, 5032394.015003964304924 ], [ 285752.692705134220887, 5032393.626465010456741 ], [ 285752.69270619150484, 5032393.626465374603868 ], [ 285749.724675602745265, 5032392.599971235729754 ], [ 285724.147750931733754, 5032391.531384567730129 ], [ 285712.822997901996132, 5032393.721680337563157 ], [ 285677.237975931260735, 5032398.073242832906544 ], [ 285655.349975438322872, 5032397.56054752599448 ], [ 285612.08599838957889, 5032416.504883460700512 ], [ 285575.604980321950279, 5032448.632813145406544 ], [ 285545.523986670654267, 5032481.657227214425802 ], [ 285533.619994972774293, 5032504.825195959769189 ], [ 285537.460021828708705, 5032520.184570966288447 ], [ 285550.771972507471219, 5032542.458008466288447 ], [ 285566.132018895179499, 5032562.681641275063157 ], [ 285575.987975929456297, 5032578.55371158849448 ], [ 285584.56402573408559, 5032587.513672521337867 ], [ 285587.651014667935669, 5032593.28696121275425 ], [ 285594.096306905441452, 5032600.476180324330926 ], [ 285594.096304626087658, 5032600.476177781820297 ], [ 285611.590146177681163, 5032619.989189047366381 ], [ 285639.648314059362747, 5032647.01003653369844 ], [ 285641.331355202593841, 5032649.39605644159019 ], [ 285650.228027201374061, 5032654.842774089425802 ], [ 285683.523871625133324, 5032672.12143427412957 ], [ 285684.374011015926953, 5032672.302806469611824 ], [ 285697.716003274661489, 5032669.434570962563157 ], [ 285717.741555526328739, 5032673.212231670506299 ], [ 285727.842276193434373, 5032670.427434424869716 ], [ 285733.924314432253595, 5032667.605256211943924 ], [ 285762.193572185351513, 5032656.21810753364116 ], [ 285778.657409910520073, 5032652.828809536062181 ], [ 285780.294643711764365, 5032651.993608860298991 ], [ 285780.294642037071753, 5032651.993609714321792 ], [ 285785.16413909959374, 5032649.509537343867123 ], [ 285805.020517260592896, 5032647.620288922451437 ], [ 285811.678862836619373, 5032651.422570015303791 ], [ 285821.768916210043244, 5032649.71105822455138 ], [ 285823.207138875382952, 5032648.219898049719632 ], [ 285823.207137603196315, 5032648.219899371266365 ], [ 285828.453132, 5032642.780812562443316 ], [ 285839.952055247151293, 5032638.857225013896823 ], [ 285874.294877458363771, 5032638.013117004185915 ], [ 285881.826116730633657, 5032639.34524202067405 ], [ 285900.54723834048491, 5032647.925698042847216 ], [ 285900.547234239638783, 5032647.925696166232228 ], [ 285908.290194254601374, 5032651.474528827704489 ], [ 285935.613270480243955, 5032653.889039693400264 ], [ 285943.290013724996243, 5032653.573657897301018 ], [ 285970.129806539276615, 5032661.453048810362816 ], [ 285976.672116402187385, 5032662.621881500817835 ], [ 285976.672110822866671, 5032662.62188050430268 ], [ 285997.238127140968572, 5032666.296153456903994 ], [ 286004.716616706980858, 5032668.227964036166668 ], [ 286034.685450426128227, 5032673.981499363668263 ], [ 286051.797452199098188, 5032673.113498169928789 ], [ 286084.162355772801675, 5032666.990888293832541 ], [ 286091.424962703429628, 5032664.686303931288421 ], [ 286114.837730683968402, 5032655.339978319592774 ], [ 286138.619625081599224, 5032647.155853983014822 ], [ 286150.05307437828742, 5032642.881534188054502 ], [ 286162.014005598786753, 5032643.27241584379226 ], [ 286177.226773215574212, 5032641.239449979737401 ], [ 286180.636208568059374, 5032641.601854873821139 ], [ 286180.866943212109618, 5032641.537110022269189 ], [ 286181.320343827072065, 5032641.674574822187424 ], [ 286192.48840510455193, 5032642.861680498346686 ], [ 286207.725604999926873, 5032642.656912782229483 ], [ 286222.961746805696748, 5032642.451024989597499 ], [ 286229.771259838074911, 5032644.184501909650862 ], [ 286236.780838233069517, 5032644.089882737025619 ], [ 286246.276709817699157, 5032640.311594760045409 ], [ 286252.859492478310131, 5032634.367374187335372 ], [ 286250.46265421633143, 5032602.456433488987386 ], [ 286250.695942414342426, 5032594.833394247107208 ], [ 286247.666469786898233, 5032579.337380792945623 ], [ 286242.360636073979549, 5032564.4663409544155 ], [ 286241.618818098388147, 5032562.379849974997342 ], [ 286233.219970555743203, 5032546.81738346349448 ], [ 286223.364013525424525, 5032524.033203775063157 ], [ 286221.843562342808582, 5032518.981185956858099 ], [ 286216.167119134159293, 5032510.525924380868673 ], [ 286206.595947120920755, 5032509.569336587563157 ], [ 286203.241604148526676, 5032503.482435824349523 ], [ 286202.565264155855402, 5032503.385392772965133 ], [ 286163.249450985458679, 5032463.972123847343028 ], [ 286144.70638843125198, 5032443.760174619033933 ], [ 286131.75105872459244, 5032421.52392346598208 ], [ 286127.470697678741999, 5032415.109832509420812 ], [ 286114.828867766715121, 5032392.586498578079045 ], [ 286104.567891232145485, 5032367.878621518611908 ], [ 286101.284612068615388, 5032360.550456652417779 ], [ 286094.485261593887117, 5032356.628978112712502 ], [ 286094.485263974114787, 5032356.62897948268801 ], [ 286078.447714567999355, 5032347.379433357156813 ], [ 286066.26413574104663, 5032341.597158174030483 ], [ 286054.264151333132759, 5032335.443790938705206 ], [ 286046.817866009892896, 5032331.935946962796152 ], [ 286029.217283461941406, 5032322.272761011496186 ], [ 286009.209680739731994, 5032323.951227188110352 ], [ 286003.022083140502218, 5032324.608283642679453 ] ] ] ] } },
{ "type": "Feature", "properties": { "id": 20, "nom": "Côte-des-Neiges" }, "geometry": { "type": "MultiPolygon", "coordinates": [ [ [ [ 290946.840404054499231, 5038211.288238849490881 ], [ 291020.676739378366619, 5038621.86482095811516 ], [ 291038.899053777568042, 5038697.393758193589747 ], [ 291108.46547600463964, 5039054.860479307360947 ], [ 291621.163750061939936, 5038621.909654948860407 ], [ 291677.654056431842037, 5038572.449359103105962 ], [ 291729.838791354093701, 5038557.115646086633205 ], [ 291800.382376208493952, 5038536.410072040744126 ], [ 291816.482149287010543, 5038534.932071791030467 ], [ 291831.439687325211708, 5038548.125715811736882 ], [ 291852.662090955825988, 5038566.863009843043983 ], [ 291868.645044601988047, 5038584.610985218547285 ], [ 291874.96568606904475, 5038579.263703777454793 ], [ 291913.199328004673589, 5038621.859306768514216 ], [ 291949.082208051346242, 5038661.903947849757969 ], [ 291974.547131533850916, 5038691.523778970353305 ], [ 292021.164463062537834, 5038744.549208423122764 ], [ 292032.446368131728377, 5038757.306289181113243 ], [ 292176.836419182422105, 5038921.265540496446192 ], [ 292589.595215120993089, 5039389.976627274416387 ], [ 292032.446645145653747, 5039910.621378822252154 ], [ 292002.647771889867727, 5039937.686852850951254 ], [ 292032.42250886867987, 5039937.181705811060965 ], [ 292159.257136806438211, 5039934.480164255015552 ], [ 292144.32205120252911, 5040046.752436270006001 ], [ 292118.495636802981608, 5040221.946853845380247 ], [ 292112.946037804300431, 5040260.07597300875932 ], [ 292111.865228747366928, 5040266.634882020764053 ], [ 292201.765946054656524, 5040282.123273051343858 ], [ 292254.533602612384129, 5040291.241459273733199 ], [ 292290.287764618347865, 5040390.18775918520987 ], [ 292297.080659730709158, 5040544.201717783696949 ], [ 292558.969065285346005, 5040438.222263590432703 ], [ 292952.389069327269681, 5040498.922759372740984 ], [ 293357.785509050008841, 5040232.123390297405422 ], [ 293373.162176126672421, 5040221.982475318945944 ], [ 293386.74230063467985, 5040212.289387764409184 ], [ 293406.647409265395254, 5040199.806576450355351 ], [ 293421.300968800205737, 5040221.783901872113347 ], [ 293457.422649052925408, 5040274.616806448437274 ], [ 293488.922071563196369, 5040321.346052000299096 ], [ 293484.54827269166708, 5040322.687504870817065 ], [ 293490.817808760737535, 5040332.566851546056569 ], [ 293684.052944439870771, 5040629.385605656541884 ], [ 293679.58350592845818, 5040708.963241554796696 ], [ 293739.121764718787745, 5040794.317700947634876 ], [ 293723.979749574908055, 5040804.123924618586898 ], [ 293713.755126834497787, 5040810.809831622056663 ], [ 293713.06540884723654, 5040818.479083152487874 ], [ 293730.258494529349264, 5040864.012412334792316 ], [ 293772.342150307958946, 5040933.728549622930586 ], [ 293828.217375380569138, 5041026.424952857196331 ], [ 293954.066824916226324, 5041234.687872935086489 ], [ 293972.010959993291181, 5041264.328856272622943 ], [ 294128.149433428072371, 5041646.46316990442574 ], [ 294196.229184058320243, 5041617.009157580323517 ], [ 294279.830326132068876, 5041757.671456702984869 ], [ 294562.163573294004891, 5041647.073584179393947 ], [ 294665.073868815437891, 5041606.677094144746661 ], [ 294728.632100684626494, 5041581.681414065882564 ], [ 294811.416401038586628, 5041707.238244962878525 ], [ 294872.601113727781922, 5041811.937688432633877 ], [ 294878.398217841167934, 5041821.819179939106107 ], [ 294899.551285187597387, 5041858.903529196977615 ], [ 294955.510673628945369, 5041821.919977024197578 ], [ 295012.020219272817485, 5041786.603035045787692 ], [ 295052.606832002464216, 5041760.75745755713433 ], [ 295055.341330380644649, 5041760.753210064955056 ], [ 295110.209906462056097, 5041724.550660003907979 ], [ 295127.224891035351902, 5041713.411307137459517 ], [ 295223.227697473135777, 5041650.363907621242106 ], [ 295337.49841950024711, 5041576.288448966108263 ], [ 295566.441720955539495, 5041430.254720581695437 ], [ 295606.56412046297919, 5041404.413437471725047 ], [ 295511.3299161484465, 5041252.859998951666057 ], [ 295664.335397640883457, 5041157.285098826512694 ], [ 295588.129281248315237, 5041034.930290222167969 ], [ 295732.782496776781045, 5040940.814076045528054 ], [ 295718.607870311767329, 5040919.05292912106961 ], [ 295700.360236447013449, 5040890.629869620315731 ], [ 295579.830821156967431, 5040704.995069270022213 ], [ 295560.720414298877586, 5040675.240119817666709 ], [ 295550.927441230334807, 5040658.140401905402541 ], [ 295532.912556881550699, 5040629.606362875550985 ], [ 295504.949655585805885, 5040585.084268596023321 ], [ 295560.677780964702833, 5040540.105159304104745 ], [ 295597.727901684585959, 5040600.17247676756233 ], [ 295610.648987399181351, 5040618.934647146612406 ], [ 295621.378105812880676, 5040635.032910845242441 ], [ 295697.585493656981271, 5040755.38770158495754 ], [ 295744.41869413148379, 5040827.999498219229281 ], [ 295763.684686068503652, 5040858.199309607967734 ], [ 295842.54588728339877, 5040980.330160330049694 ], [ 295898.147927952348255, 5041067.599881561473012 ], [ 295966.826554201776162, 5041175.744284147396684 ], [ 296032.248143827309832, 5041135.423173650167882 ], [ 296107.742061951954383, 5041089.19885694142431 ], [ 296489.588839638396166, 5040846.527592917904258 ], [ 296506.611310763459187, 5040778.270786038599908 ], [ 296524.412451844662428, 5040766.911951999180019 ], [ 296709.60861541214399, 5040647.204953539185226 ], [ 296792.447417784307618, 5040775.788114299997687 ], [ 296983.262750016816426, 5040646.524792923592031 ], [ 297034.169360830797814, 5040612.344473317265511 ], [ 297054.519810713129118, 5040639.324089866131544 ], [ 297071.929432199744042, 5040626.189206448383629 ], [ 297080.773625253874343, 5040637.624786325730383 ], [ 297328.514134170080069, 5040464.627911431714892 ], [ 297436.334998382313643, 5040381.93041951302439 ], [ 297427.797153023071587, 5040364.937451761215925 ], [ 297409.092551628826186, 5040341.399750293232501 ], [ 297379.686344150628429, 5040321.764318781904876 ], [ 297344.572739537514281, 5040300.024319056421518 ], [ 297304.539747537055518, 5040281.735437775962055 ], [ 297263.806266258179676, 5040266.003657349385321 ], [ 297222.829821708146483, 5040243.382335042580962 ], [ 297190.216363345040008, 5040221.973573728464544 ], [ 297093.293197485734709, 5040142.077763582579792 ], [ 296944.594124016759451, 5039969.120580199174583 ], [ 296779.109887200815137, 5039755.292317586019635 ], [ 296631.28288461494958, 5039545.446163276210427 ], [ 296620.093824887648225, 5039535.681243028491735 ], [ 296602.888144433731213, 5039527.035500077530742 ], [ 296496.020105842850171, 5039505.727734170854092 ], [ 296461.952693898521829, 5039512.440714202821255 ], [ 296449.729392593842931, 5039489.230675769969821 ], [ 296405.1500193659449, 5039408.387093698605895 ], [ 296330.053393957554363, 5039302.247169301845133 ], [ 296252.577948527177796, 5039345.248531460762024 ], [ 296077.774987474491354, 5039091.33344626519829 ], [ 296032.401341309945565, 5039118.845863093622029 ], [ 295832.324987926287577, 5039240.371784819290042 ], [ 295649.952299377706368, 5038954.807222495786846 ], [ 295600.20194807020016, 5038875.310486535541713 ], [ 295543.949670844711363, 5038787.044424380175769 ], [ 295551.404302430804819, 5038753.583175577223301 ], [ 295543.276880638732109, 5038701.808361728675663 ], [ 295668.931090767029673, 5038621.943900158628821 ], [ 295757.880938952090219, 5038564.138526240363717 ], [ 295783.183858066389803, 5038547.654849688522518 ], [ 295735.159260435088072, 5038473.377742656506598 ], [ 295642.397312838758808, 5038329.931850289925933 ], [ 295807.969331771484576, 5038224.229931953363121 ], [ 295731.295427824545186, 5038179.443502747453749 ], [ 295672.261176465719473, 5038170.194060721434653 ], [ 295570.812268933106679, 5038183.900199826806784 ], [ 295512.093797825800721, 5038176.87440549582243 ], [ 295456.47269876889186, 5038150.063349350355566 ], [ 295383.514242088596802, 5038082.938436412252486 ], [ 295266.385529691586271, 5037964.539040894247591 ], [ 295233.875398299831431, 5037920.469725023955107 ], [ 295223.228339874069206, 5037910.595348841510713 ], [ 295213.904823170858435, 5037897.162800795398653 ], [ 295191.022176426835358, 5037861.19153839815408 ], [ 295182.088723474938888, 5037847.313920334912837 ], [ 295160.695352880866267, 5037814.118747893720865 ], [ 295136.560909082298167, 5037777.927347020246089 ], [ 295116.202397907502018, 5037757.066199467517436 ], [ 295101.250257651088759, 5037744.087020384147763 ], [ 295075.661109915294219, 5037728.123814859427512 ], [ 295058.291475195495877, 5037719.149171162396669 ], [ 295046.085569664137438, 5037712.722552979364991 ], [ 295031.379293647885788, 5037707.188888225704432 ], [ 295015.031404601002578, 5037701.768944791518152 ], [ 294963.412698126980104, 5037688.736179285682738 ], [ 294946.822843815840315, 5037678.649319713003933 ], [ 294907.094788831891492, 5037670.488111715763807 ], [ 294829.660632434941363, 5037647.606552207842469 ], [ 294733.688342649315018, 5037619.199107099324465 ], [ 294676.04902589507401, 5037606.511740748770535 ], [ 294642.519223760464229, 5037612.455766930244863 ], [ 294643.229852011892945, 5037616.788699682801962 ], [ 294588.716666100895964, 5037651.660850859247148 ], [ 294581.063191321853083, 5037656.674159022979438 ], [ 294556.618336920975707, 5037672.27221164200455 ], [ 294553.10406904813135, 5037674.611679134890437 ], [ 294548.886733454943169, 5037677.285686717368662 ], [ 294545.372289866849314, 5037679.514028545469046 ], [ 294572.64708479429828, 5037721.476827962324023 ], [ 294580.378833348571789, 5037716.574511751532555 ], [ 294605.380291238601785, 5037754.984982599504292 ], [ 294233.339178913389333, 5037993.863238178193569 ], [ 293947.2208134571556, 5038177.493968846276402 ], [ 293463.965954679530114, 5038487.957058624364436 ], [ 292984.27082998707192, 5038795.561557696200907 ], [ 293029.033711627824232, 5038865.045261607505381 ], [ 293037.896285138733219, 5038881.031465345993638 ], [ 293077.796685116540175, 5038942.412095165811479 ], [ 293087.90819060098147, 5038957.618125029839575 ], [ 293149.917740147560835, 5039055.742262773215771 ], [ 293183.7205804422847, 5039117.801673731766641 ], [ 293151.16146981093334, 5039136.309675906784832 ], [ 293130.088088379008695, 5039152.573879313655198 ], [ 293036.630089192593005, 5039206.535501982085407 ], [ 292663.768297515867744, 5038621.919932457618415 ], [ 292615.234622919408139, 5038545.778316109441221 ], [ 292644.980082682333887, 5038526.717349940910935 ], [ 292628.463409449148457, 5038474.517964095808566 ], [ 292616.400006108451635, 5038421.198679447174072 ], [ 292609.103094581631012, 5038366.981124204583466 ], [ 292606.573658301203977, 5038312.30980271473527 ], [ 292606.99954261869425, 5038290.082867032848299 ], [ 292607.070164138509426, 5038286.193160956725478 ], [ 292604.151166015013587, 5037950.362418387085199 ], [ 292603.156101157015655, 5037679.428290232084692 ], [ 292205.248148486891296, 5037926.700811386108398 ], [ 292146.03879012982361, 5037834.35922182071954 ], [ 292032.66898241196759, 5037905.37873665895313 ], [ 291999.252203772368375, 5037926.450408763252199 ], [ 291543.090884259378072, 5038222.559310265816748 ], [ 291529.702466235787142, 5038212.696957018226385 ], [ 291147.874129242438357, 5038018.703255846165121 ], [ 291017.906605718540959, 5038143.119959899224341 ], [ 290946.840404054499231, 5038211.288238849490881 ] ] ] ] } },
{ "type": "Feature", "properties": { "id": 21, "nom": "Centre-Sud" }, "geometry": { "type": "MultiPolygon", "coordinates": [ [ [ [ 301035.323574296548031, 5042186.280999011360109 ], [ 301013.575290499953553, 5042136.507465525530279 ], [ 301001.449352005554829, 5042108.843215071596205 ], [ 300992.608850314689334, 5042088.28936817497015 ], [ 300976.024469910713378, 5042052.18193257600069 ], [ 300952.011182408896275, 5042004.966011888347566 ], [ 300929.096920265816152, 5041966.862235246226192 ], [ 300918.617533309618011, 5041949.865694211795926 ], [ 300911.344505454995669, 5041938.090331267565489 ], [ 300899.92750503384741, 5041921.094403307884932 ], [ 300886.711519439297263, 5041900.876824821345508 ], [ 300872.401045272010379, 5041879.659782512113452 ], [ 300858.795434510277119, 5041861.331731508485973 ], [ 300845.267661606078036, 5041842.670268977992237 ], [ 300805.309876034327317, 5041788.241491886787117 ], [ 300759.954429398232605, 5041724.370329768396914 ], [ 300743.609395569830667, 5041699.487580779008567 ], [ 300738.838838230993133, 5041692.267166197299957 ], [ 300761.174018732097466, 5041677.027833535335958 ], [ 300756.011384203680791, 5041667.585043111816049 ], [ 300728.714370332076214, 5041621.705688294954598 ], [ 300700.634924217592925, 5041574.715658609755337 ], [ 300670.282666348910425, 5041517.725485629402101 ], [ 300636.332016720203683, 5041455.070182918570936 ], [ 300596.729430300125387, 5041354.078752970322967 ], [ 300547.656354409758933, 5041231.090118793770671 ], [ 300484.082476720388513, 5041271.918488086201251 ], [ 300440.737416382122319, 5041300.175649367272854 ], [ 300348.112056050857063, 5041359.139959380961955 ], [ 300257.754123677848838, 5041417.881741338409483 ], [ 300245.961486156447791, 5041425.336048180237412 ], [ 300174.268828090920579, 5041470.285309353843331 ], [ 300076.028127645200584, 5041536.036777192726731 ], [ 300044.087606407352723, 5041556.064442811533809 ], [ 300007.852983093180228, 5041579.873996277339756 ], [ 299996.842082638759166, 5041587.105915553867817 ], [ 299962.872740350780077, 5041609.802689044736326 ], [ 299853.54677703732159, 5041681.567279734648764 ], [ 299847.221362336073071, 5041685.461847360245883 ], [ 299702.835675164882559, 5041778.593966053798795 ], [ 299652.781731709546875, 5041810.640505160205066 ], [ 299569.698086764430627, 5041863.940882534720004 ], [ 299529.64059664279921, 5041889.867888842709363 ], [ 299677.994299557991326, 5042356.939238824881613 ], [ 299678.408222366997506, 5042385.499547950923443 ], [ 299680.083313917100895, 5042427.839064409956336 ], [ 299684.858514629595447, 5042535.743313281796873 ], [ 299692.788416336174123, 5042584.745603246614337 ], [ 299713.971519431448542, 5042697.192932567559183 ], [ 299754.895441472181119, 5042879.859237081371248 ], [ 299879.776709940866567, 5043446.750679458491504 ], [ 300005.869149874313734, 5043992.751490660943091 ], [ 300100.486352717445698, 5044250.837680452503264 ], [ 300174.353176531847566, 5044444.373395387083292 ], [ 300387.138903885206673, 5044411.214017664082348 ], [ 300807.880137757747434, 5044352.810335339047015 ], [ 300863.479235351493116, 5044344.218072385527194 ], [ 300936.644760113267694, 5044326.836085604503751 ], [ 300988.954748527728952, 5044302.688591608777642 ], [ 301010.813319437904283, 5044288.561676356941462 ], [ 301031.499262510449626, 5044272.324049241840839 ], [ 301057.803945369203575, 5044248.748474155552685 ], [ 301089.411843847075943, 5044212.278648931533098 ], [ 301101.194794611539692, 5044195.602004870772362 ], [ 301213.621676089358516, 5043998.834481230936944 ], [ 301364.376989231503103, 5043752.372309849597514 ], [ 301419.716215608234052, 5043540.192952550016344 ], [ 301560.444335452513769, 5043502.556367696262896 ], [ 301517.486596385017037, 5043355.218913415446877 ], [ 301517.405346632527653, 5043349.217879123054445 ], [ 301541.223060387012083, 5043338.759138630703092 ], [ 301485.535068911325652, 5043197.763035904616117 ], [ 301507.402696990349796, 5043191.417048794217408 ], [ 301451.711573793843854, 5043048.420920777134597 ], [ 301475.530321405443829, 5043037.961936295032501 ], [ 301450.031325368152466, 5042973.741790374740958 ], [ 301419.916845443891361, 5042897.966618281789124 ], [ 301444.751539857999887, 5042887.395841564051807 ], [ 301388.121141361130867, 5042748.512690238654613 ], [ 301352.711810966487974, 5042565.054880493320525 ], [ 301334.309220960538369, 5042484.050587309524417 ], [ 301284.032220773224253, 5042262.261320339515805 ], [ 301305.903961132629775, 5042257.803865768946707 ], [ 301278.653416839952115, 5042143.798846129328012 ], [ 301253.986294794303831, 5042040.905586214736104 ], [ 301035.323574296548031, 5042186.280999011360109 ] ] ] ] } },
{ "type": "Feature", "properties": { "id": 33, "nom": "Plateau" }, "geometry": { "type": "MultiPolygon", "coordinates": [ [ [ [ 300000.22261328418972, 5044472.398246672935784 ], [ 300032.394157863513101, 5044467.817315214313567 ], [ 300174.353176531847566, 5044444.373395387083292 ], [ 300100.486352717445698, 5044250.837680452503264 ], [ 300005.869149874313734, 5043992.751490660943091 ], [ 299879.776709940866567, 5043446.750679458491504 ], [ 299754.895441472181119, 5042879.859237081371248 ], [ 299713.971519431448542, 5042697.192932567559183 ], [ 299692.788416336174123, 5042584.745603246614337 ], [ 299684.858514629595447, 5042535.743313281796873 ], [ 299680.083313917100895, 5042427.839064409956336 ], [ 299678.408222366997506, 5042385.499547950923443 ], [ 299677.994299557991326, 5042356.939238824881613 ], [ 299508.098442348476965, 5041821.985080218873918 ], [ 299375.07174846046837, 5041398.912611707113683 ], [ 299316.615203715860844, 5041205.151401115581393 ], [ 299266.538834086153656, 5041037.499107838608325 ], [ 299228.628452459757682, 5040934.06997393257916 ], [ 299178.120152063493151, 5040812.649187907576561 ], [ 299121.346293952548876, 5040677.67655548080802 ], [ 299092.92357381148031, 5040614.802394757978618 ], [ 299060.836583936004899, 5040561.822342684492469 ], [ 298853.108249462442473, 5040702.484848018735647 ], [ 298538.572896060475614, 5040922.496110296808183 ], [ 298584.79679466271773, 5041045.582994120195508 ], [ 298628.147634087188635, 5041109.329249382019043 ], [ 298666.322927511355374, 5041154.966554341837764 ], [ 298693.809005880204495, 5041216.950705518946052 ], [ 298660.811614749894943, 5041271.992623777128756 ], [ 298611.482413432211615, 5041324.605929269455373 ], [ 298579.797062101191841, 5041361.977197410538793 ], [ 298534.670110611536074, 5041396.250372683629394 ], [ 298359.548141754232347, 5041523.450174408964813 ], [ 298032.411429297178984, 5041740.721883757971227 ], [ 297905.228880282491446, 5041821.985892010852695 ], [ 297820.908921743161045, 5041874.19950591865927 ], [ 297783.818283745786175, 5041822.009353157132864 ], [ 297752.344907448044978, 5041763.256388584151864 ], [ 297666.23151887190761, 5041818.141233570873737 ], [ 297660.610618985665496, 5041821.926077355630696 ], [ 297239.199943134444766, 5042090.245298038236797 ], [ 296769.425517834839411, 5042386.215244659222662 ], [ 296032.386585535830818, 5042855.73080418817699 ], [ 296018.103700523381121, 5042864.419015293940902 ], [ 296297.975322870537639, 5043084.517617968842387 ], [ 296340.035415783990175, 5043111.021093493327498 ], [ 296375.211351621546783, 5043130.088305908255279 ], [ 296411.397167929273564, 5043145.153642281889915 ], [ 296450.623815728875343, 5043156.214415854774415 ], [ 296483.752362844010349, 5043163.282795268110931 ], [ 296505.861753677367233, 5043166.254058877937496 ], [ 296537.029359162552282, 5043167.213098296895623 ], [ 296630.681389569712337, 5043164.756655014120042 ], [ 296803.157025722844992, 5043169.646396916359663 ], [ 296893.93862061353866, 5043182.755908568389714 ], [ 296978.009249644412193, 5043201.431658253073692 ], [ 297006.37359933409607, 5043209.620052157901227 ], [ 297044.741908213938586, 5043222.574835714884102 ], [ 297097.963265119644348, 5043245.51340027526021 ], [ 297143.529344261507504, 5043268.350626466795802 ], [ 297212.78456688602455, 5043309.607254208996892 ], [ 297286.820415926340502, 5043364.972577922977507 ], [ 297338.97485174931353, 5043412.029933403246105 ], [ 297367.440908037708141, 5043441.3347646035254 ], [ 297676.311731126799714, 5043814.266033153049648 ], [ 297832.798415864643175, 5043996.56772212870419 ], [ 298032.374185621156357, 5044239.948904825374484 ], [ 298129.57353831094224, 5044356.421482806093991 ], [ 298147.087006165587809, 5044375.184066842310131 ], [ 298225.023110494948924, 5044446.114764486439526 ], [ 298251.675106992770452, 5044466.757297205738723 ], [ 298319.74229394167196, 5044511.805891070514917 ], [ 298359.202020917320624, 5044533.324706273153424 ], [ 298390.76844834262738, 5044549.406399051658809 ], [ 298434.67620127578266, 5044568.142859893850982 ], [ 298469.67612036090577, 5044581.998837769962847 ], [ 298513.032298544188961, 5044596.291150446049869 ], [ 298546.544128994282801, 5044606.148321378044784 ], [ 298579.351032561215106, 5044614.006006552837789 ], [ 298622.076191403844859, 5044622.409737752750516 ], [ 298661.362761154770851, 5044628.372236581519246 ], [ 298706.114122845232487, 5044632.662696540355682 ], [ 298744.303063840256073, 5044634.292659452185035 ], [ 298771.479209617245942, 5044634.155334490351379 ], [ 298826.454021692159586, 5044631.546686510555446 ], [ 299019.713812682719436, 5044610.028289903886616 ], [ 299046.575655626133084, 5044607.669820860959589 ], [ 299406.306735074031167, 5044556.89636701438576 ], [ 299558.725816686346661, 5044533.207242949865758 ], [ 299829.136283081898, 5044496.647059670649469 ], [ 300000.22261328418972, 5044472.398246672935784 ] ] ] ] } },
{ "type": "Feature", "properties": { "id": 22, "nom": "Notre-Dame-de-Grace" }, "geometry": { "type": "MultiPolygon", "coordinates": [ [ [ [ 294642.519223760464229, 5037612.455766930244863 ], [ 294676.04902589507401, 5037606.511740748770535 ], [ 294733.688342649315018, 5037619.199107099324465 ], [ 294829.660632434941363, 5037647.606552207842469 ], [ 294907.094788831891492, 5037670.488111715763807 ], [ 294946.822843815840315, 5037678.649319713003933 ], [ 294963.412698126980104, 5037688.736179285682738 ], [ 295015.031404601002578, 5037701.768944791518152 ], [ 295031.379293647885788, 5037707.188888225704432 ], [ 295046.085569664137438, 5037712.722552979364991 ], [ 295058.291475195495877, 5037719.149171162396669 ], [ 295075.661109915294219, 5037728.123814859427512 ], [ 295101.250257651088759, 5037744.087020384147763 ], [ 295116.202397907502018, 5037757.066199467517436 ], [ 295136.560909082298167, 5037777.927347020246089 ], [ 295160.695352880866267, 5037814.118747893720865 ], [ 295182.088723474938888, 5037847.313920334912837 ], [ 295191.022176426835358, 5037861.19153839815408 ], [ 295213.904823170858435, 5037897.162800795398653 ], [ 295223.228339874069206, 5037910.595348841510713 ], [ 295233.875398299831431, 5037920.469725023955107 ], [ 295266.385529691586271, 5037964.539040894247591 ], [ 295383.514242088596802, 5038082.938436412252486 ], [ 295456.47269876889186, 5038150.063349350355566 ], [ 295512.093797825800721, 5038176.87440549582243 ], [ 295570.812268933106679, 5038183.900199826806784 ], [ 295672.261176465719473, 5038170.194060721434653 ], [ 295731.295427824545186, 5038179.443502747453749 ], [ 295807.969331771484576, 5038224.229931953363121 ], [ 295846.473384557291865, 5038199.615124746225774 ], [ 296013.299011623428669, 5038091.027484937570989 ], [ 295858.103752516792156, 5037857.872863149270415 ], [ 296273.489825631550048, 5037592.24973058886826 ], [ 296453.702000733639579, 5037479.0994634591043 ], [ 296508.226257101574447, 5037443.687872377224267 ], [ 296528.067427158413921, 5037430.659488571807742 ], [ 296552.674168825207744, 5037414.846656405366957 ], [ 296559.157493902777787, 5037410.392942799255252 ], [ 296591.120627947384492, 5037459.804025530815125 ], [ 296642.834428647242021, 5037426.842142298817635 ], [ 296690.330483353405725, 5037396.664384287782013 ], [ 296693.455071868433151, 5037394.54887908231467 ], [ 296717.35958025988657, 5037379.404381215572357 ], [ 296728.218170443433337, 5037372.500352460891008 ], [ 296755.559923993016127, 5037355.017852957360446 ], [ 296793.760705640597735, 5037330.742688217200339 ], [ 296885.552991139411461, 5037272.283073954284191 ], [ 297100.626919728936628, 5037135.214686094783247 ], [ 297312.763697517104447, 5037346.883435321040452 ], [ 297327.401180984801613, 5037361.312925494275987 ], [ 297361.998566194204614, 5037395.388821568340063 ], [ 297258.080610795004759, 5037059.010751796886325 ], [ 297142.406583394971676, 5036965.912525020539761 ], [ 297138.182796051725745, 5036964.584112877957523 ], [ 297068.373846292379312, 5036911.771709417924285 ], [ 297052.316496377345175, 5036888.565305303782225 ], [ 297029.855327580589801, 5036871.701270561665297 ], [ 296923.976752621121705, 5036738.921549537219107 ], [ 296881.373774212202989, 5036685.743804290890694 ], [ 296839.716688700835221, 5036639.121823329478502 ], [ 296778.174886963330209, 5036574.411278767511249 ], [ 296732.908528849598952, 5036580.247981321997941 ], [ 296611.888982118223794, 5036478.164883355610073 ], [ 296540.412925137032289, 5036413.80301390402019 ], [ 296523.320158347953111, 5036378.708423926495016 ], [ 296463.779047687887214, 5036352.89382856246084 ], [ 296417.272782618005294, 5036309.50386159773916 ], [ 296333.937534595897887, 5036267.941819570027292 ], [ 296072.446628996462096, 5036098.937404320575297 ], [ 296056.048496927658562, 5036115.963078477419913 ], [ 296036.802459468948655, 5036109.433213874697685 ], [ 296032.505863212747499, 5036112.550844510085881 ], [ 295792.921468990389258, 5035960.863814334385097 ], [ 295554.277008836099412, 5035818.074931877665222 ], [ 295431.798211776476819, 5035756.579155459068716 ], [ 295418.594301550358068, 5035764.933591539040208 ], [ 295076.862722249410581, 5035421.950292949564755 ], [ 294929.629001503461041, 5035292.380018558353186 ], [ 294746.40383960591862, 5035059.742144670337439 ], [ 294747.098863031947985, 5035054.184541267342865 ], [ 294517.78045079158619, 5034767.062497246079147 ], [ 294266.946046164317522, 5034582.446534430608153 ], [ 294217.296443381346762, 5034547.190619426779449 ], [ 294157.358477857604157, 5034580.075058638118207 ], [ 294117.269693274050951, 5034601.924472138285637 ], [ 294090.46602627489483, 5034616.639196309261024 ], [ 294057.098119076516014, 5034634.810270137153566 ], [ 293892.450172228796873, 5034724.886602005921304 ], [ 293871.665738098556176, 5034737.035840883851051 ], [ 293868.383758810698055, 5034738.819622890092432 ], [ 293850.17705485643819, 5034748.964115573093295 ], [ 293826.735000670945738, 5034762.007171078585088 ], [ 293813.372939252061769, 5034769.365072649903595 ], [ 293746.485276015766431, 5034806.377405012957752 ], [ 293719.761560133425519, 5034821.093579412437975 ], [ 293693.116380150197074, 5034835.920859303325415 ], [ 293666.548753110226244, 5034850.303596089594066 ], [ 293656.390314172720537, 5034855.655824418179691 ], [ 293638.730803634913173, 5034865.244314457289875 ], [ 293546.139062152127735, 5034916.973613926209509 ], [ 293525.745603115123231, 5034928.345395416021347 ], [ 293515.822449091647286, 5034933.91969027556479 ], [ 293499.570214547507931, 5034942.950399028137326 ], [ 293439.718978964549024, 5034976.397218624129891 ], [ 293426.358025465160608, 5034983.867076175287366 ], [ 293425.342262948222924, 5034984.424563164822757 ], [ 293413.075316464994103, 5034991.336820622906089 ], [ 293412.137769128545187, 5034991.894168112426996 ], [ 293378.852624832477886, 5035010.402105334214866 ], [ 293365.570028133690357, 5035017.871950638480484 ], [ 293313.7671260983916, 5035046.415630171075463 ], [ 293293.999388138414361, 5035057.342505847103894 ], [ 293273.919278787449002, 5035068.49227658379823 ], [ 293256.651801815081853, 5035077.969998531974852 ], [ 293247.041355760302395, 5035083.210756682790816 ], [ 293219.85132642328972, 5035098.263317115604877 ], [ 293166.95602377934847, 5035127.477006355300546 ], [ 293139.688165986561216, 5035142.530059888027608 ], [ 293126.249503563973121, 5035149.88957383017987 ], [ 293113.280137040885165, 5035157.248244374990463 ], [ 293046.009863206651062, 5035194.379921320825815 ], [ 293032.649631057924125, 5035201.739490107633173 ], [ 292943.816424234246369, 5035250.581309524364769 ], [ 292938.894461165065877, 5035253.36884272377938 ], [ 292910.533602823619731, 5035268.869479146786034 ], [ 292877.250974680413492, 5035287.157825839705765 ], [ 292872.172862276551314, 5035290.056837768293917 ], [ 292863.891136499354616, 5035294.517755024135113 ], [ 292858.812825112137944, 5035297.305648197419941 ], [ 292845.453029999160208, 5035304.665616760030389 ], [ 292832.093266109295655, 5035312.025613851845264 ], [ 292830.686988125147764, 5035312.806200974620879 ], [ 292818.889739143371116, 5035319.274211789481342 ], [ 292790.451476581743918, 5035334.886671235784888 ], [ 292786.701288540265523, 5035336.894176155328751 ], [ 292768.02923060656758, 5035347.264973630197346 ], [ 292749.278812890173867, 5035357.524847135879099 ], [ 292703.106265886453912, 5035382.840033564716578 ], [ 292698.496916562842671, 5035385.404894781298935 ], [ 292663.340465945075266, 5035404.698159287683666 ], [ 292646.780845717992634, 5035415.287501933984458 ], [ 292620.062282739207149, 5035430.008373281918466 ], [ 292574.281389494717587, 5035455.101493849419057 ], [ 292455.139575655921362, 5035518.456186556257308 ], [ 292446.311657111451495, 5035523.252120511606336 ], [ 292435.999583573080599, 5035528.940026205964386 ], [ 292408.812321433622856, 5035543.440463405102491 ], [ 292413.129195782123134, 5035551.322191402316093 ], [ 292413.835675976064522, 5035552.654360316693783 ], [ 292414.77633549325401, 5035553.763807807117701 ], [ 292415.952268881956115, 5035555.2061821911484 ], [ 292416.892052053590305, 5035555.871111429296434 ], [ 292417.909384185506497, 5035556.202497840858996 ], [ 292419.004484286590014, 5035556.31147111300379 ], [ 292420.020503179926891, 5035555.976080009713769 ], [ 292420.801467093173414, 5035555.418891767039895 ], [ 292428.840045638207812, 5035546.957182356156409 ], [ 292429.854973223351408, 5035546.066144639626145 ], [ 292430.948107036470901, 5035545.174953219480813 ], [ 292432.119665737613104, 5035544.394737772643566 ], [ 292433.369649294530973, 5035543.725498346611857 ], [ 292434.698057665722445, 5035543.16723498608917 ], [ 292436.026684829732403, 5035542.720101550221443 ], [ 292437.355530718108639, 5035542.384098036214709 ], [ 292438.76301974611124, 5035542.270200314000249 ], [ 292449.084025269025005, 5035541.138614249415696 ], [ 292461.984742055705283, 5035539.446331412531435 ], [ 292464.095868210482877, 5035539.219928398728371 ], [ 292466.207648589625023, 5035539.326915014535189 ], [ 292468.319428894203156, 5035539.433902340941131 ], [ 292471.761582982202526, 5035539.982801627367735 ], [ 292472.77869684563484, 5035540.203067264519632 ], [ 292473.718258315057028, 5035540.756875333376229 ], [ 292474.97173291753279, 5035541.865718447603285 ], [ 292476.069012996158563, 5035543.08599806856364 ], [ 292476.853904527495615, 5035544.529150358401239 ], [ 292477.482601666997653, 5035546.083738972432911 ], [ 292477.798474866198376, 5035547.638940796256065 ], [ 292477.801742176990956, 5035549.305885429494083 ], [ 292477.570391889079474, 5035550.973289938643575 ], [ 292477.10420635464834, 5035552.530024698935449 ], [ 292476.169439637043979, 5035554.421068260446191 ], [ 292475.8592306090286, 5035555.755237226374447 ], [ 292475.783639083849266, 5035557.08894625864923 ], [ 292475.942447061883286, 5035558.311065718531609 ], [ 292477.205938072467688, 5035564.531872946768999 ], [ 292477.600233943259809, 5035566.198051154613495 ], [ 292478.228710947791114, 5035567.641510246321559 ], [ 292479.091804590076208, 5035569.084509580396116 ], [ 292480.189079146308359, 5035570.304789967834949 ], [ 292483.871492737322114, 5035573.742606900632381 ], [ 292502.507247094879858, 5035585.374782694503665 ], [ 292503.603862164833117, 5035586.261678232811391 ], [ 292504.544500794203486, 5035587.371139176189899 ], [ 292505.329162966576405, 5035588.703165450133383 ], [ 292505.801003289641812, 5035590.035803578794003 ], [ 292505.803176575747784, 5035591.147100072354078 ], [ 292505.492963121214416, 5035592.481267645023763 ], [ 292505.025469764193986, 5035593.371222533285618 ], [ 292504.167384619009681, 5035594.484201547689736 ], [ 292503.152454403520096, 5035595.375227329321206 ], [ 292501.980896475550253, 5035596.155429600737989 ], [ 292499.559141326404642, 5035597.493728518486023 ], [ 292498.935021181940101, 5035598.272860260680318 ], [ 292498.858990424254443, 5035599.384309795685112 ], [ 292501.781499525415711, 5035614.158892218023539 ], [ 292502.018940928566735, 5035615.603118748404086 ], [ 292502.178177180176135, 5035617.047498274594545 ], [ 292502.104320055048447, 5035619.270244352519512 ], [ 292502.028723806550261, 5035620.603953196667135 ], [ 292501.796717625809833, 5035621.937968026846647 ], [ 292501.4867239863961, 5035623.38326551951468 ], [ 292501.098308128712233, 5035624.717586372047663 ], [ 292500.709240175317973, 5035625.718518286012113 ], [ 292500.007352650456596, 5035626.720062274485826 ], [ 292499.070415716734715, 5035627.499806103296578 ], [ 292497.898429359600414, 5035628.057749873958528 ], [ 292487.815655219019391, 5035630.966871205717325 ], [ 292486.721222360269167, 5035631.191274931654334 ], [ 292485.469944465381559, 5035631.193725924007595 ], [ 292484.140679416072089, 5035631.307460031472147 ], [ 292482.811414413794409, 5035631.421194421127439 ], [ 292481.560789843031671, 5035631.757035163231194 ], [ 292480.310383187141269, 5035632.204005807638168 ], [ 292479.059976709308103, 5035632.650976705364883 ], [ 292477.966415744158439, 5035633.319900585338473 ], [ 292476.872855012421496, 5035633.988824656233191 ], [ 292471.015992394473869, 5035638.334381671622396 ], [ 292470.001073973602615, 5035639.225412889383733 ], [ 292469.064360598684289, 5035640.116290871985257 ], [ 292468.284274977922905, 5035641.117991838604212 ], [ 292467.504407615400851, 5035642.230822560377419 ], [ 292466.880949965910986, 5035643.343346528708935 ], [ 292466.102609368506819, 5035645.234085041098297 ], [ 292465.480678584310226, 5035647.124516768381 ], [ 292464.860710683977231, 5035650.015115501359105 ], [ 292463.011714950029273, 5035664.243395257741213 ], [ 292463.170304738741834, 5035665.354384934529662 ], [ 292463.641494114417583, 5035666.353631080128253 ], [ 292468.898847946722526, 5035675.344853719696403 ], [ 292469.996541998058092, 5035676.787391825579107 ], [ 292471.250426168320701, 5035678.118493712507188 ], [ 292474.070574134006165, 5035680.557825558818877 ], [ 292474.932563978247344, 5035681.445176226086915 ], [ 292475.638580852129962, 5035682.555092976428568 ], [ 292476.10998482897412, 5035683.665469743311405 ], [ 292476.346993888844736, 5035684.887436137534678 ], [ 292476.431951577891596, 5035688.332302486523986 ], [ 292474.483820084657054, 5035691.892284849658608 ], [ 292472.222438670927659, 5035695.230621943250299 ], [ 292469.726229600550141, 5035698.458290372043848 ], [ 292468.867947148683015, 5035699.4601447628811 ], [ 292468.087868978327606, 5035700.461845858022571 ], [ 292467.308009074826259, 5035701.574676721356809 ], [ 292466.762979411054403, 5035702.798177067190409 ], [ 292466.217949962592684, 5035704.021677456796169 ], [ 292465.829328621504828, 5035705.244871011935174 ], [ 292465.519129414402414, 5035706.579040822573006 ], [ 292465.365120118716732, 5035707.801774083636701 ], [ 292465.289532838214654, 5035709.135483573190868 ], [ 292465.370353355479892, 5035710.468886171467602 ], [ 292465.529377706523519, 5035711.802135327830911 ], [ 292465.766605842567515, 5035713.135231051594019 ], [ 292466.160023506265134, 5035714.356890237890184 ], [ 292438.818619014811702, 5035729.635417905636132 ], [ 292422.48871759272879, 5035737.113266835920513 ], [ 292490.638529889751226, 5035794.544846159406006 ], [ 292485.326832763501443, 5035797.666892745532095 ], [ 292581.195026379311457, 5035873.603943639434874 ], [ 292611.348636757757049, 5035897.21611846331507 ], [ 292619.415671486465726, 5035903.534898350946605 ], [ 292744.849039941676892, 5036147.001477541401982 ], [ 292811.799674776557367, 5036276.56232743896544 ], [ 292817.73776121874107, 5036273.995010127313435 ], [ 292897.622915477841161, 5036422.090885521844029 ], [ 293001.621325059153605, 5036504.686789375729859 ], [ 293043.76494415756315, 5036544.836948059499264 ], [ 293114.088877366273664, 5036727.959522415883839 ], [ 293123.383926411042921, 5036722.719123849645257 ], [ 293140.935471020755358, 5036742.467718243598938 ], [ 293154.569334898609668, 5036757.889541293494403 ], [ 293203.228587909485213, 5036813.475808393210173 ], [ 293237.782005341956392, 5036852.307724273763597 ], [ 293253.923990865703672, 5036871.281317574903369 ], [ 293290.042388857284095, 5036911.110819105990231 ], [ 293393.465198112593498, 5037028.498050973750651 ], [ 293390.76596569706453, 5037049.06205157097429 ], [ 293510.68074284150498, 5037122.302577546797693 ], [ 293505.213695054582786, 5037125.646310674026608 ], [ 293549.986570004548412, 5037153.681950679048896 ], [ 293591.478820022603031, 5037183.724105876870453 ], [ 293610.109141163877212, 5037196.137492126785219 ], [ 293626.003103639872279, 5037208.666929485276341 ], [ 293641.740829950955231, 5037221.307814811356366 ], [ 293675.805239581386559, 5037251.697113066911697 ], [ 293690.999002953118179, 5037266.339430259540677 ], [ 293727.100221938686445, 5037299.281403067521751 ], [ 293875.180913217249326, 5037433.934368178248405 ], [ 293885.199265674804337, 5037440.251383887603879 ], [ 293893.25802592310356, 5037443.682428879663348 ], [ 293907.414414327940904, 5037446.769518926739693 ], [ 293929.773191220709123, 5037445.952883421443403 ], [ 293942.670575080381241, 5037444.374758206307888 ], [ 293958.151241135085002, 5037444.681416463106871 ], [ 293966.595118170371279, 5037444.777981599792838 ], [ 293991.378706903953571, 5037444.624166664667428 ], [ 294014.365630402811803, 5037445.362575941719115 ], [ 294042.122997625323478, 5037446.870811440981925 ], [ 294069.56724262132775, 5037448.157443689182401 ], [ 294082.781555458554067, 5037449.023931547999382 ], [ 294114.055764837248717, 5037449.748574673198164 ], [ 294134.150667007546872, 5037450.936862700618804 ], [ 294166.054267427825835, 5037453.994432426057756 ], [ 294193.112796570465434, 5037458.393905299715698 ], [ 294221.973403540963773, 5037465.124196536839008 ], [ 294248.177815743489191, 5037473.08151388913393 ], [ 294273.916049323801417, 5037482.817806154489517 ], [ 294346.365085789468139, 5037514.368978739716113 ], [ 294415.064745700336061, 5037548.372048918157816 ], [ 294436.426116033981089, 5037559.227545483969152 ], [ 294642.519223760464229, 5037612.455766930244863 ] ] ] ] } },
{ "type": "Feature", "properties": { "id": 24, "nom": "Mont-Royal" }, "geometry": { "type": "MultiPolygon", "coordinates": [ [ [ [ 293024.398713634698652, 5042942.249539653770626 ], [ 293054.998905749875121, 5043016.414626377634704 ], [ 293083.90375768521335, 5043086.243826895952225 ], [ 293169.033953302074224, 5043292.73153764847666 ], [ 293225.33692613808671, 5043432.136576374061406 ], [ 293748.958703951910138, 5043214.111377467401326 ], [ 294058.836363093287218, 5043085.97676906734705 ], [ 294687.275657358870376, 5042826.120749165304005 ], [ 295209.80531520122895, 5042610.055924746207893 ], [ 295258.48231468105223, 5042684.619879475794733 ], [ 295295.824468894279562, 5042670.649842964485288 ], [ 295365.437690945342183, 5042643.07372072711587 ], [ 295364.528603941493202, 5042641.61810068320483 ], [ 295360.701448578620329, 5042636.60293351020664 ], [ 295198.571632819366641, 5042377.011500210501254 ], [ 295075.599944798334036, 5042187.896559013985097 ], [ 294899.687325907812919, 5041857.875366235151887 ], [ 294878.538327031885274, 5041820.791732967831194 ], [ 294872.739745419705287, 5041810.910698068328202 ], [ 294811.552794278715737, 5041706.210151394829154 ], [ 294728.763365126331337, 5041580.657512027770281 ], [ 294665.209019534406252, 5041605.652337144128978 ], [ 294562.293086507648695, 5041646.050400978885591 ], [ 294279.959271493367851, 5041756.658233654685318 ], [ 294196.361610468185972, 5041615.996699286624789 ], [ 294128.280080704193097, 5041645.450333906337619 ], [ 293972.139658382860944, 5041263.325233388692141 ], [ 293954.199878491461277, 5041233.682305715978146 ], [ 293828.348480139859021, 5041025.421184514649212 ], [ 293772.475039923330769, 5040932.721570728346705 ], [ 293730.392671459587291, 5040863.003841045312583 ], [ 293713.195300460851286, 5040817.468246584758162 ], [ 293713.888216495455708, 5040809.797309352084994 ], [ 293724.115967591060326, 5040803.116751153022051 ], [ 293739.251551325956825, 5040793.305696134455502 ], [ 293679.7164384360658, 5040707.945029241032898 ], [ 293684.187294661416672, 5040628.365900396369398 ], [ 293490.959005527955014, 5040331.542674998752773 ], [ 293484.6904901592643, 5040321.671632940880954 ], [ 293489.06194391095778, 5040320.321561634540558 ], [ 293457.562658537412062, 5040273.59687992092222 ], [ 293421.44460335833719, 5040220.761637001298368 ], [ 293406.787905008357484, 5040198.789499710313976 ], [ 293386.885372858552728, 5040211.270529301837087 ], [ 293373.309102010156494, 5040220.961300235241652 ], [ 293357.926477680681273, 5040231.10215300694108 ], [ 292952.533956909552217, 5040497.895728793926537 ], [ 292559.11203125299653, 5040437.207530339248478 ], [ 292297.223068980267271, 5040543.190865688025951 ], [ 292290.428972677560523, 5040389.178051176480949 ], [ 292254.681587519997265, 5040290.23078047670424 ], [ 292201.908339822199196, 5040281.120305208489299 ], [ 292112.008883857866749, 5040265.629473337903619 ], [ 292113.089569261530414, 5040259.068976601585746 ], [ 292118.641158836369868, 5040220.945885918103158 ], [ 292144.468969295325223, 5040045.751921820454299 ], [ 292159.405547045811545, 5039933.48120735399425 ], [ 292032.560430071433075, 5039936.180638387799263 ], [ 292002.791545786254574, 5039936.680347657762468 ], [ 292032.584818669594824, 5039909.618054539896548 ], [ 292589.73261844139779, 5039388.973902963101864 ], [ 292176.968656135781202, 5038920.258053420111537 ], [ 292032.572477330337279, 5038756.303053053095937 ], [ 292021.296898013795726, 5038743.541925028897822 ], [ 291974.676980704301968, 5038690.516953747719526 ], [ 291949.214188814512454, 5038660.894230598583817 ], [ 291913.325151653436478, 5038620.850261960178614 ], [ 291875.0934492238448, 5038578.255642708390951 ], [ 291868.775274837680627, 5038583.606239337474108 ], [ 291852.789632858941332, 5038565.854292677715421 ], [ 291831.566336421761662, 5038547.122218780219555 ], [ 291816.611853577487636, 5038533.920711081475019 ], [ 291800.511056905379519, 5038535.400949956849217 ], [ 291729.963192160066683, 5038556.103509080596268 ], [ 291677.776233693060931, 5038571.445385038852692 ], [ 291621.292258191446308, 5038620.901320987381041 ], [ 291108.59318232757505, 5039053.851087768562138 ], [ 291039.026150295976549, 5038696.386888240464032 ], [ 291020.805614563694689, 5038620.859418318606913 ], [ 290946.964434768364299, 5038210.217460080049932 ], [ 290274.33158817817457, 5038852.661662055179477 ], [ 290291.16598192427773, 5038863.418425798416138 ], [ 290333.303142768738326, 5038882.719212137162685 ], [ 290346.593225750082638, 5038887.438821512274444 ], [ 290359.820807188632898, 5038892.330728183500469 ], [ 290372.983787010191008, 5038897.394032136537135 ], [ 290389.624158926948439, 5038904.079133161343634 ], [ 290406.152127976005431, 5038911.037429692223668 ], [ 290422.563194034737535, 5038918.267221692018211 ], [ 290429.351479013334028, 5038921.352317025884986 ], [ 290436.118563440453727, 5038924.483911572955549 ], [ 290442.864047302457038, 5038927.661605328321457 ], [ 290508.47536368179135, 5038961.484035898 ], [ 290516.424577930651139, 5038966.989860454574227 ], [ 290559.534553119097836, 5038991.761574230156839 ], [ 290576.389274778368417, 5039002.625958709977567 ], [ 290592.753690237004776, 5039014.215838517993689 ], [ 290608.596499299048446, 5039026.50901389028877 ], [ 290617.997601643262897, 5039034.348157761618495 ], [ 290627.186501544492785, 5039042.435100020840764 ], [ 290636.15669898618944, 5039050.763940702192485 ], [ 290637.941798188083339, 5039052.467048780992627 ], [ 290660.94227994553512, 5039075.515455730259418 ], [ 290703.686045008245856, 5039121.30662898812443 ], [ 290849.43689341226127, 5039286.415189474821091 ], [ 290845.268810411042068, 5039290.169971846975386 ], [ 291033.84243730182061, 5039502.667672111652792 ], [ 291097.910678622603882, 5039572.711786941625178 ], [ 291218.906632252852432, 5039707.009684395045042 ], [ 291245.081243526132312, 5039736.015608616173267 ], [ 291678.383385623106733, 5040215.121013230644166 ], [ 291934.174458365596365, 5040512.773025519214571 ], [ 291951.290907590300776, 5040551.304454877972603 ], [ 292096.062847571272869, 5040865.695928028784692 ], [ 292099.712953558948357, 5040873.206097078509629 ], [ 292107.285798199241981, 5040882.86179647129029 ], [ 292148.915085133863613, 5040974.468837965279818 ], [ 292204.894740968942642, 5041099.6446718191728 ], [ 292298.96557318494888, 5041310.00000327732414 ], [ 292307.550973773759324, 5041328.219068937934935 ], [ 292311.281764499843121, 5041337.72390859760344 ], [ 292342.15372870414285, 5041408.137510606087744 ], [ 292366.108790479309391, 5041464.192792680114508 ], [ 292428.99091823073104, 5041609.13100828230381 ], [ 292456.365876913187094, 5041669.80951994843781 ], [ 292472.8035173843964, 5041707.127757124602795 ], [ 292474.199811211612541, 5041710.311853616498411 ], [ 292657.396258112741634, 5042092.422904317267239 ], [ 292688.871752459148411, 5042157.722174732014537 ], [ 292690.356127556355204, 5042160.861283871345222 ], [ 292702.187030882458203, 5042185.41996184643358 ], [ 292703.773404243052937, 5042188.714972835034132 ], [ 292710.845320737396833, 5042198.986932536587119 ], [ 292726.818394266592804, 5042238.553043249063194 ], [ 292727.996573540614918, 5042241.03005286026746 ], [ 292726.642068614426535, 5042241.674335261806846 ], [ 292866.085419707465917, 5042557.867401462048292 ], [ 292936.832388702023309, 5042727.57684223074466 ], [ 292984.683915244124364, 5042845.992790821008384 ], [ 293024.398713634698652, 5042942.249539653770626 ] ] ] ] } },
{ "type": "Feature", "properties": { "id": 35, "nom": "Kirkland" }, "geometry": { "type": "MultiPolygon", "coordinates": [ [ [ [ 273170.227101190190297, 5034172.921913244761527 ], [ 273184.53960093553178, 5034178.935491953976452 ], [ 273201.180265163304284, 5034186.573112400248647 ], [ 273217.385218365758192, 5034195.049636741168797 ], [ 273233.689877388940658, 5034203.336662790738046 ], [ 273266.172199419350363, 5034220.189022279344499 ], [ 273282.404664630594198, 5034228.611855429597199 ], [ 273307.849915718543343, 5034241.812955121509731 ], [ 273328.246381448814645, 5034252.395878698676825 ], [ 273337.764174642041326, 5034232.756115727126598 ], [ 273351.590795308293309, 5034204.102718661539257 ], [ 273360.411347797256894, 5034186.771654631942511 ], [ 273369.718294459802564, 5034169.8281862558797 ], [ 273385.171795641479548, 5034141.802667201496661 ], [ 273395.548951249511447, 5034123.724484500475228 ], [ 273446.359534054121468, 5034141.626553969457746 ], [ 273464.95523240842158, 5034148.179273337125778 ], [ 273500.306804743187968, 5034163.528732786886394 ], [ 273481.448688210279215, 5034212.300339521840215 ], [ 273661.514437524368986, 5034255.105155824683607 ], [ 273769.663027842994779, 5034218.681364349089563 ], [ 273806.565345867828, 5034206.251667310483754 ], [ 273900.188254611915909, 5034174.719659466296434 ], [ 273979.766171436815057, 5034142.123220069333911 ], [ 273999.084390111383982, 5034138.64279490057379 ], [ 274011.475497571751475, 5034140.865148317068815 ], [ 274007.81666652316926, 5034157.587251969613135 ], [ 274013.078292973455973, 5034162.231777786277235 ], [ 274044.798544994206168, 5034190.236824978142977 ], [ 274078.040267254400533, 5034219.581663663499057 ], [ 274081.508916898688767, 5034222.645177213475108 ], [ 274094.29391566850245, 5034235.499726317822933 ], [ 274103.403180591587443, 5034243.695059320889413 ], [ 274108.035911666054744, 5034247.861075645312667 ], [ 274109.733086351829115, 5034249.389381541870534 ], [ 274115.797495769627858, 5034254.844502286054194 ], [ 274129.000392273301259, 5034267.271345646120608 ], [ 274155.986271848494653, 5034292.674725938588381 ], [ 274171.767295606550761, 5034307.529179971665144 ], [ 274183.85110217606416, 5034315.425591811537743 ], [ 274185.981868256698363, 5034316.819076509214938 ], [ 274197.428987146820873, 5034324.298495538532734 ], [ 274249.430226066324394, 5034353.811849882826209 ], [ 274260.021868994634133, 5034360.493384825065732 ], [ 274268.408445636974648, 5034365.785334559157491 ], [ 274275.328244547068607, 5034370.1495938943699 ], [ 274293.579880842124112, 5034381.665090197697282 ], [ 274326.640027670480777, 5034400.849512345157564 ], [ 274336.76288683747407, 5034407.305462171323597 ], [ 274352.024477035098244, 5034417.03688957169652 ], [ 274372.291703070397489, 5034429.963498798198998 ], [ 274381.184177190531045, 5034436.608963496983051 ], [ 274393.967198315251153, 5034446.163615283556283 ], [ 274422.316380796430167, 5034471.500431724824011 ], [ 274431.839729525323492, 5034482.035614025779068 ], [ 274454.587322458159178, 5034515.096108876168728 ], [ 274468.522641823277809, 5034535.257379432208836 ], [ 274489.639305005315691, 5034562.480154228396714 ], [ 274494.209602714807261, 5034568.373792014084756 ], [ 274523.531210185785312, 5034600.814380576834083 ], [ 274534.935287885076832, 5034613.42975490167737 ], [ 274542.253547605825588, 5034621.527402919717133 ], [ 274578.260711494949646, 5034658.335212012752891 ], [ 274588.901127993769478, 5034669.624378954991698 ], [ 274592.625664577877615, 5034673.586302601732314 ], [ 274607.578614719735924, 5034689.484798042103648 ], [ 274632.06062208377989, 5034715.492856122553349 ], [ 274645.363117182801943, 5034729.626643067225814 ], [ 274685.151639888004865, 5034771.895507517270744 ], [ 274712.852385644742753, 5034798.904470534063876 ], [ 274725.946099626191426, 5034800.399531879462302 ], [ 274728.215584777004551, 5034800.659325188025832 ], [ 274741.721401561866514, 5034801.444377552717924 ], [ 274757.723205749352928, 5034801.989217159338295 ], [ 274759.160696897597518, 5034802.082012184895575 ], [ 274774.129405019746628, 5034803.041960434988141 ], [ 274797.943659854994621, 5034804.568178203888237 ], [ 274816.607646944641601, 5034805.765413882210851 ], [ 274835.666366565099452, 5034806.986861675046384 ], [ 274889.258528857084457, 5034810.483229475095868 ], [ 274939.262764626706485, 5034814.186646707355976 ], [ 274968.727762492548209, 5034816.367842499166727 ], [ 274985.108721596479882, 5034827.533705455251038 ], [ 274994.880256841715891, 5034834.19572192709893 ], [ 275005.108793733699713, 5034841.167333047837019 ], [ 275009.575609840045217, 5034844.213193786330521 ], [ 275025.85296853055479, 5034855.308748325332999 ], [ 275035.919505721074529, 5034861.994255030527711 ], [ 275051.661663852166384, 5034872.452106388285756 ], [ 275055.036676323739812, 5034874.692274071276188 ], [ 275108.349373090954032, 5034910.104843083769083 ], [ 275121.60332196962554, 5034918.912305089645088 ], [ 275177.414017088653054, 5034956.299650046974421 ], [ 275190.27532216795953, 5034964.837701486423612 ], [ 275202.771426771825645, 5034973.135453037917614 ], [ 275229.431724451191258, 5034990.835507811978459 ], [ 275250.156501921243034, 5035004.594156718812883 ], [ 275255.736650491540786, 5035008.350017332471907 ], [ 275268.178159479051828, 5035016.726831371895969 ], [ 275307.664811409311369, 5035043.309575526975095 ], [ 275320.108324222383089, 5035051.686500247567892 ], [ 275333.479446480399929, 5035060.689322237856686 ], [ 275337.858486742421519, 5035063.636597317643464 ], [ 275353.030427138321102, 5035073.851313469931483 ], [ 275359.196484570507891, 5035078.001680483110249 ], [ 275368.202468883420806, 5035084.066133446060121 ], [ 275383.374511992791668, 5035094.279857213608921 ], [ 275385.741734441893641, 5035095.872645664960146 ], [ 275398.183252987277228, 5035104.249586492776871 ], [ 275411.456780463806354, 5035113.185026193037629 ], [ 275424.72840897704009, 5035122.120568829588592 ], [ 275439.878957305976655, 5035132.365607069805264 ], [ 275455.027506992628332, 5035142.610649155452847 ], [ 275460.162358032539487, 5035146.082330383360386 ], [ 275468.431940574955661, 5035151.676001090556383 ], [ 275494.490643670607824, 5035169.183779262006283 ], [ 275533.525922699831426, 5035195.414284018799663 ], [ 275537.830627427552827, 5035198.304886614903808 ], [ 275553.018137838633265, 5035208.510999104008079 ], [ 275585.574727019760758, 5035230.387043154798448 ], [ 275598.588410055497661, 5035239.130167350172997 ], [ 275611.605885890545323, 5035247.883195394650102 ], [ 275630.879336816782597, 5035260.834343790076673 ], [ 275665.004211074730847, 5035283.763149737380445 ], [ 275680.062739419692662, 5035293.62160268239677 ], [ 275682.795125406992156, 5035295.409712819382548 ], [ 275693.53136735514272, 5035302.439054203219712 ], [ 275707.294985923042987, 5035311.447910920716822 ], [ 275714.835937968746293, 5035316.385443738661706 ], [ 275721.056596637237817, 5035320.456771741621196 ], [ 275746.042714412731584, 5035336.814292673952878 ], [ 275776.610856223676819, 5035356.824259030632675 ], [ 275829.221969502861612, 5035392.549863355234265 ], [ 275838.376269415603019, 5035398.764623366296291 ], [ 275853.512964907451533, 5035409.044854209758341 ], [ 275869.231754519219976, 5035419.716678332537413 ], [ 275910.294221427000593, 5035447.60112773347646 ], [ 275915.22783032344887, 5035450.949773850850761 ], [ 275936.766969154879916, 5035465.5764434132725 ], [ 275946.083385952340905, 5035471.901546129025519 ], [ 275961.800214321119711, 5035482.574285318143666 ], [ 275964.067718414124101, 5035484.113262458704412 ], [ 275977.304142330307513, 5035493.102430741302669 ], [ 275990.540466251724865, 5035502.089601941406727 ], [ 275992.655670077831019, 5035503.527081623673439 ], [ 276007.743597366148606, 5035513.771038924343884 ], [ 276031.126439590239897, 5035529.540425072424114 ], [ 276084.704736485728063, 5035565.670769303105772 ], [ 276158.420107377576642, 5035616.07661263179034 ], [ 276165.781518400995992, 5035621.108781327493489 ], [ 276193.454844414663967, 5035640.038867727853358 ], [ 276154.94947169610532, 5035702.047624963335693 ], [ 276147.284769806836266, 5035714.089711504988372 ], [ 276139.334560869145207, 5035725.945197990164161 ], [ 276131.104044891544618, 5035737.607884375378489 ], [ 276119.388161418726668, 5035753.250712994486094 ], [ 276107.16866232524626, 5035768.503450916148722 ], [ 276094.458062244171742, 5035783.349386665970087 ], [ 276206.688902291352861, 5035876.467851363122463 ], [ 276242.685707477852702, 5035906.174786718562245 ], [ 276244.59395066741854, 5035907.75198405329138 ], [ 276257.70554312801687, 5035918.573264458216727 ], [ 276269.766305631550495, 5035928.525344388559461 ], [ 276271.203836508793756, 5035929.712841869331896 ], [ 276298.274801322666463, 5035952.054589278995991 ], [ 276300.325542842445429, 5035953.747984885238111 ], [ 276315.605146408779547, 5035966.35925047006458 ], [ 276330.886739993933588, 5035978.970512938685715 ], [ 276338.841988868138287, 5035985.536892160773277 ], [ 276342.095948973845225, 5035988.22148341499269 ], [ 276346.064721714006737, 5035991.509572604671121 ], [ 276361.324795074411668, 5036004.147229061461985 ], [ 276366.264281404321082, 5036008.239014315418899 ], [ 276376.582858365960419, 5036016.783882427029312 ], [ 276379.743111649760976, 5036019.402072377502918 ], [ 276391.840911642066203, 5036029.42153265979141 ], [ 276393.682741540891584, 5036030.947926448658109 ], [ 276409.456391575804446, 5036044.011271327733994 ], [ 276424.970327056362294, 5036056.860913883894682 ], [ 276468.601741183723789, 5036092.82941163610667 ], [ 276482.142827813280746, 5036103.99343544896692 ], [ 276523.61760636640247, 5036138.184610199183226 ], [ 276551.123552628501784, 5036160.862167536281049 ], [ 276560.240755264647305, 5036168.377721440047026 ], [ 276606.226973367331084, 5036206.108997321687639 ], [ 276620.185016337374691, 5036217.631632486358285 ], [ 276630.931963267503306, 5036226.379383092746139 ], [ 276654.560714732622728, 5036245.76797787938267 ], [ 276616.800591416540556, 5036291.952896744944155 ], [ 276638.69875116890762, 5036316.20672495663166 ], [ 276650.95249538240023, 5036329.780986794270575 ], [ 276663.208224294125102, 5036343.35415003914386 ], [ 276761.252965062740259, 5036451.946807902306318 ], [ 276785.764684483059682, 5036479.09423044603318 ], [ 276798.018564225756563, 5036492.66848882753402 ], [ 276834.78597992513096, 5036533.390364488586783 ], [ 276849.082758255361114, 5036549.227333038114011 ], [ 276900.146595008438453, 5036605.785278808325529 ], [ 276910.359219494566787, 5036617.097828154452145 ], [ 276951.211974479432683, 5036662.344126153737307 ], [ 276964.487050658208318, 5036677.049190717749298 ], [ 277004.011243588931393, 5036720.825783560983837 ], [ 277016.264756888034754, 5036734.400043524801731 ], [ 277042.185771118849516, 5036763.10917067527771 ], [ 277076.600452807790134, 5036801.229440140537918 ], [ 277544.560594736307394, 5036137.780864484608173 ], [ 277696.545414574095048, 5035931.751579341478646 ], [ 278719.578585746814497, 5034475.705776810646057 ], [ 278532.556305321282707, 5034475.704696675762534 ], [ 278817.548358060012106, 5033989.768788003362715 ], [ 278337.573284749989398, 5033995.766253578476608 ], [ 278141.54399083025055, 5033998.704599014483392 ], [ 277259.56433116592234, 5034002.726449832320213 ], [ 276971.563938298262656, 5033798.736687979660928 ], [ 276239.543146439245902, 5033291.833726993761957 ], [ 275979.53567550360458, 5033730.756908394396305 ], [ 275736.532212359306868, 5033558.732706672511995 ], [ 275636.535214083502069, 5033689.775279123336077 ], [ 275559.552502131264191, 5033655.792256006971002 ], [ 275453.551427992410026, 5033607.717884126119316 ], [ 275316.536739687493537, 5033567.804315569810569 ], [ 275389.571847735787742, 5033258.735484570264816 ], [ 275385.546680929837748, 5033250.754809794016182 ], [ 275377.512905128009152, 5033238.783644681796432 ], [ 275351.522094064508565, 5033235.793326060287654 ], [ 275329.523729386681225, 5033215.791467460803688 ], [ 275301.553466964513063, 5033206.800560547038913 ], [ 275297.520118137996178, 5033197.819783271290362 ], [ 275284.512198927230202, 5033210.770926089026034 ], [ 275243.542205199366435, 5033215.741359330713749 ], [ 275219.498039059457369, 5033211.750939503312111 ], [ 275209.517435285320971, 5033217.791511089541018 ], [ 275189.548010969127063, 5033214.781193487346172 ], [ 275187.560183662571944, 5033206.780410474166274 ], [ 275174.552240949415136, 5033220.741760363802314 ], [ 275153.502277838299051, 5033219.721636633388698 ], [ 275136.493939704319928, 5033228.802496201358736 ], [ 275131.5200895309099, 5033236.723171401768923 ], [ 275125.49873205285985, 5033236.753161257132888 ], [ 275085.56661132798763, 5033396.748336426913738 ], [ 274928.551628045446705, 5033281.797227660194039 ], [ 274985.567637479107361, 5033045.815310935489833 ], [ 274820.502357051416766, 5032983.81952918227762 ], [ 274775.487282979709562, 5033127.722373215481639 ], [ 274724.489251010701992, 5033129.743029144592583 ], [ 274670.529956525133457, 5033134.78401389438659 ], [ 274601.485610444273334, 5033110.772371180355549 ], [ 274615.508616205013823, 5033047.806220572441816 ], [ 274019.558357606525533, 5032871.772013958543539 ], [ 273974.512442488921806, 5033051.811186096630991 ], [ 273497.556076422333717, 5032892.795746454037726 ], [ 273488.499149669427425, 5032927.739418867975473 ], [ 273407.550706018635537, 5032901.807178998365998 ], [ 273401.487975582131185, 5032925.729642992839217 ], [ 273323.546793298097327, 5033283.745830715633929 ], [ 273313.541593600763008, 5033284.795966688543558 ], [ 273293.522360412578564, 5033380.805371299386024 ], [ 273286.502845628419891, 5033416.728950168937445 ], [ 273282.510551555780694, 5033431.750388108193874 ], [ 273275.540655516728293, 5033445.791837397962809 ], [ 273252.552396181563381, 5033463.803660871461034 ], [ 273238.521997772739269, 5033458.763311552815139 ], [ 273200.480737361009233, 5033455.723165110684931 ], [ 273163.503381726972293, 5033475.805176523514092 ], [ 273142.494058234733529, 5033592.826667116954923 ], [ 273121.543385270691942, 5033704.727207602933049 ], [ 273101.483514827501494, 5033806.736741571687162 ], [ 273097.532511187775526, 5033829.758983940817416 ], [ 273094.546605482581072, 5033842.780151758342981 ], [ 273076.50753139751032, 5033941.779515639878809 ], [ 273178.531465964915697, 5033975.712668002583086 ], [ 273151.483874885074329, 5034166.770840141922235 ], [ 273170.227101190190297, 5034172.921913244761527 ] ] ] ] } },
{ "type": "Feature", "properties": { "id": 36, "nom": "Saint-Henri" }, "geometry": { "type": "MultiPolygon", "coordinates": [ [ [ [ 298863.321423617715482, 5037536.03739023860544 ], [ 298733.773191078915261, 5037371.910870260559022 ], [ 298728.918966493627522, 5037364.803234237246215 ], [ 298476.25050793949049, 5036996.10070036072284 ], [ 298467.637981379928533, 5036984.329592025838792 ], [ 298461.296127620211337, 5036975.778975089080632 ], [ 298267.217880659736693, 5036735.381299812346697 ], [ 298231.986041280440986, 5036691.52168367896229 ], [ 298091.60336070676567, 5036591.430740122683346 ], [ 297959.119976881018374, 5036497.001962878741324 ], [ 297954.347359025385231, 5036494.451170854270458 ], [ 297564.15014312491985, 5036283.296893018297851 ], [ 297456.478957789076958, 5036221.300145237706602 ], [ 297357.323723931156565, 5036154.62769728153944 ], [ 297348.401612211600877, 5036148.303863555192947 ], [ 297347.619101737218443, 5036147.860271655954421 ], [ 297313.734862675191835, 5036127.452634811401367 ], [ 297313.10861199896317, 5036126.89773119892925 ], [ 297141.758278231194708, 5035984.635635020211339 ], [ 297131.975503160676453, 5035978.313157760538161 ], [ 297111.314405623706989, 5035965.113939491100609 ], [ 296455.722108123474754, 5035584.996798324398696 ], [ 296439.521035527577624, 5035575.572286038659513 ], [ 296156.023512924846727, 5035460.269524254836142 ], [ 295991.295023503480479, 5035387.0413478910923 ], [ 295896.916888834792189, 5035345.167211828753352 ], [ 295877.111878965864889, 5035332.304228275083005 ], [ 295522.333075332222506, 5035103.890307232737541 ], [ 295296.555665227759164, 5034961.425706869922578 ], [ 295144.617230279603973, 5034828.190303117968142 ], [ 295050.540830114332493, 5034737.764693178236485 ], [ 295017.560752183897421, 5034704.921501316130161 ], [ 295015.680274763843045, 5034702.812961422838271 ], [ 294904.649211667070631, 5034576.854422622360289 ], [ 294802.051165453041904, 5034444.438918611034751 ], [ 294701.086634306411725, 5034309.021977125667036 ], [ 294684.944634540588595, 5034291.378294049762189 ], [ 294477.61035766225541, 5034405.845411905087531 ], [ 294456.119031565263867, 5034417.549347061663866 ], [ 294381.954784583067521, 5034457.789610327221453 ], [ 294349.835409609600902, 5034475.179144195280969 ], [ 294324.515155469824094, 5034488.89023151062429 ], [ 294246.601642638503108, 5034531.249813376925886 ], [ 294222.063461209356319, 5034544.626614131964743 ], [ 294217.296443381346762, 5034547.190619426779449 ], [ 294266.946046164317522, 5034582.446534430608153 ], [ 294517.78045079158619, 5034767.062497246079147 ], [ 294747.098863031947985, 5035054.184541267342865 ], [ 294746.40383960591862, 5035059.742144670337439 ], [ 294929.629001503461041, 5035292.380018558353186 ], [ 295076.862722249410581, 5035421.950292949564755 ], [ 295418.594301550358068, 5035764.933591539040208 ], [ 295431.798211776476819, 5035756.579155459068716 ], [ 295554.277008836099412, 5035818.074931877665222 ], [ 295792.921468990389258, 5035960.863814334385097 ], [ 296032.505863212747499, 5036112.550844510085881 ], [ 296036.802459468948655, 5036109.433213874697685 ], [ 296056.048496927658562, 5036115.963078477419913 ], [ 296072.446628996462096, 5036098.937404320575297 ], [ 296333.937534595897887, 5036267.941819570027292 ], [ 296417.272782618005294, 5036309.50386159773916 ], [ 296463.779047687887214, 5036352.89382856246084 ], [ 296523.320158347953111, 5036378.708423926495016 ], [ 296540.412925137032289, 5036413.80301390402019 ], [ 296611.888982118223794, 5036478.164883355610073 ], [ 296732.908528849598952, 5036580.247981321997941 ], [ 296778.174886963330209, 5036574.411278767511249 ], [ 296839.716688700835221, 5036639.121823329478502 ], [ 296881.373774212202989, 5036685.743804290890694 ], [ 296923.976752621121705, 5036738.921549537219107 ], [ 297029.855327580589801, 5036871.701270561665297 ], [ 297052.316496377345175, 5036888.565305303782225 ], [ 297068.373846292379312, 5036911.771709417924285 ], [ 297138.182796051725745, 5036964.584112877957523 ], [ 297142.406583394971676, 5036965.912525020539761 ], [ 297258.080610795004759, 5037059.010751796886325 ], [ 297361.998566194204614, 5037395.388821568340063 ], [ 297397.143376898602583, 5037429.908784625120461 ], [ 297458.117978454101831, 5037490.180900664068758 ], [ 297469.858709374326281, 5037501.724726486951113 ], [ 297491.774866353196558, 5037523.480703140608966 ], [ 297532.475641183729749, 5037563.662604147568345 ], [ 297561.357108769647311, 5037592.078580529429018 ], [ 297586.950799071637448, 5037617.053429330699146 ], [ 297593.681932826584671, 5037623.713514357805252 ], [ 297630.467867656610906, 5037659.899859468452632 ], [ 297696.055952749738935, 5037724.947630669921637 ], [ 297719.770406371506397, 5037748.258196066133678 ], [ 297723.448798332421575, 5037751.810217170976102 ], [ 297750.215361833106726, 5037778.117975610308349 ], [ 297763.441892587463371, 5037790.99424793664366 ], [ 297814.235081267659552, 5037841.057273956015706 ], [ 298019.122348860895727, 5038043.86765100993216 ], [ 298023.426635458949022, 5038048.197084603831172 ], [ 298026.870036502019502, 5038051.638407604768872 ], [ 298048.769210173806641, 5038061.172032085247338 ], [ 298054.08543634210946, 5038061.499711384996772 ], [ 298059.479597974161152, 5038061.605051121674478 ], [ 298064.795227431575768, 5038061.377089035697281 ], [ 298070.188793680397794, 5038060.926787517033517 ], [ 298075.503948227036744, 5038060.254314139485359 ], [ 298080.740810479153879, 5038059.470798787660897 ], [ 298089.349033875914756, 5038067.907493317499757 ], [ 298095.218285415729042, 5038073.679997326806188 ], [ 298145.370092005643528, 5038039.509692047722638 ], [ 298205.970129711437039, 5038127.794308750890195 ], [ 298310.669983390311245, 5038227.813609433360398 ], [ 298485.710121452051681, 5038395.108493775129318 ], [ 298499.011793498997577, 5038407.76398556958884 ], [ 298539.500056745251641, 5038325.375980749726295 ], [ 298555.879007881565485, 5038288.131045655347407 ], [ 298586.686366751790047, 5038216.866016970016062 ], [ 298622.718279517197516, 5038131.593602147884667 ], [ 298652.593859825865366, 5038065.219562325626612 ], [ 298680.205479652562644, 5038001.40387218259275 ], [ 298709.60903157183202, 5037930.696502697654068 ], [ 298755.675325779768173, 5037870.752851187251508 ], [ 298757.930484625685494, 5037858.304104044102132 ], [ 298769.410455664328765, 5037845.735365573316813 ], [ 298788.073537348944228, 5037823.491447034291923 ], [ 298861.403403448523022, 5037740.074094194918871 ], [ 298894.828188887913711, 5037702.147213242948055 ], [ 298918.022897747869138, 5037676.009875345975161 ], [ 298943.865030750981532, 5037638.201494296081364 ], [ 298947.230695551319513, 5037642.421302235685289 ], [ 298883.046703200961929, 5037561.134184653870761 ], [ 298863.321423617715482, 5037536.03739023860544 ] ] ], [ [ [ 298898.85278315807227, 5037492.329790184274316 ], [ 298901.98369849397568, 5037496.216403341852129 ], [ 298901.827126737800427, 5037495.994290146976709 ], [ 298898.85278315807227, 5037492.329790184274316 ] ] ] ] } },
{ "type": "Feature", "properties": { "id": 39, "nom": "Hampstead" }, "geometry": { "type": "MultiPolygon", "coordinates": [ [ [ [ 292603.273908935661893, 5037678.415420794859529 ], [ 292604.276477810402866, 5037949.351373925805092 ], [ 292607.20169973873999, 5038285.184003259055316 ], [ 292607.12743400898762, 5038289.074414596892893 ], [ 292693.561939817038365, 5038232.898778840899467 ], [ 292760.605866143596359, 5038339.899106924422085 ], [ 292710.637381504639052, 5038370.882286611013114 ], [ 292840.270097828819416, 5038567.377526638098061 ], [ 292882.098897933901753, 5038632.846048908308148 ], [ 292951.127480514114723, 5038742.581079018302262 ], [ 292960.493735969357658, 5038757.471788386814296 ], [ 292984.361765289504547, 5038794.509183833375573 ], [ 293464.065540421346668, 5038486.940600940957665 ], [ 293947.315520638017915, 5038176.451788158155978 ], [ 293942.579604132915847, 5038168.625581839121878 ], [ 293922.981020645762328, 5038137.874651704914868 ], [ 293935.809317336301319, 5038129.633347557857633 ], [ 294063.613427876087371, 5038047.519013755023479 ], [ 294101.978972809505649, 5038022.870689737610519 ], [ 294121.302733457298018, 5038010.454738275147974 ], [ 294127.748951870133169, 5038006.314055998809636 ], [ 294193.15528649231419, 5037964.290879082866013 ], [ 294208.773606140865013, 5037954.404244138859212 ], [ 294440.247605519660283, 5037805.674540476873517 ], [ 294459.790856554813217, 5037792.974567158147693 ], [ 294572.809166238352191, 5037720.485461634583771 ], [ 294545.494704587734304, 5037678.504206869751215 ], [ 294548.98582057497697, 5037676.265436582267284 ], [ 294553.199740458920132, 5037673.575972644612193 ], [ 294556.718057968828361, 5037671.306502856314182 ], [ 294581.185094482556451, 5037655.614316647872329 ], [ 294588.878843100741506, 5037650.68078516703099 ], [ 294643.376765725435689, 5037615.729188163764775 ], [ 294642.679428610834293, 5037611.478176894597709 ], [ 294436.543575143732596, 5037558.19763711374253 ], [ 294415.186610909586307, 5037547.322379622608423 ], [ 294346.511580067803152, 5037513.390880418010056 ], [ 294274.061309312528465, 5037481.792497549206018 ], [ 294248.302989348070696, 5037472.07442032918334 ], [ 294222.112944972584955, 5037464.123943656682968 ], [ 294193.255250326066744, 5037457.400944799184799 ], [ 294166.188172044989187, 5037452.950470466166735 ], [ 294134.251623674819712, 5037449.932654733769596 ], [ 294114.167541377421003, 5037448.702958569861948 ], [ 294082.888805844006129, 5037447.966257796622813 ], [ 294069.691217733721714, 5037447.167328679934144 ], [ 294042.283974150079302, 5037445.82743210811168 ], [ 294014.491202683362644, 5037444.393168467096984 ], [ 293991.479513856815174, 5037443.608248782344162 ], [ 293966.745040264562704, 5037443.734554453752935 ], [ 293958.262783001235221, 5037443.668258781544864 ], [ 293942.790560306981206, 5037443.387248360551894 ], [ 293929.897632919542957, 5037444.983114585280418 ], [ 293907.553248258307576, 5037445.735293593257666 ], [ 293893.412409655225929, 5037442.628054012544453 ], [ 293885.340941536123864, 5037439.232638258486986 ], [ 293875.321878487360664, 5037432.87533316668123 ], [ 293727.210046928375959, 5037298.235851507633924 ], [ 293691.152357144921552, 5037265.369005291722715 ], [ 293675.90759918524418, 5037250.712958117946982 ], [ 293641.854980908683501, 5037220.28683921508491 ], [ 293626.125055390992202, 5037207.674015955999494 ], [ 293610.268024794058874, 5037195.115784778259695 ], [ 293591.584868974983692, 5037182.710879562422633 ], [ 293550.110885938687716, 5037152.708845448680222 ], [ 293505.373431687126867, 5037124.629574298858643 ], [ 293470.661201333161443, 5037145.80558745842427 ], [ 293450.918011953181121, 5037157.329127921722829 ], [ 293339.564199348795228, 5037225.775995867326856 ], [ 293313.448945180978626, 5037242.204820917919278 ], [ 293298.520289891632274, 5037251.597541014663875 ], [ 293253.625865323003381, 5037278.510971284471452 ], [ 293226.535999442043249, 5037295.559948502108455 ], [ 293213.561541207775008, 5037303.569827477447689 ], [ 293200.570688110077754, 5037311.554202780127525 ], [ 293187.514938337495551, 5037319.372674866579473 ], [ 293171.714720499177929, 5037328.242858091369271 ], [ 293161.787161467538681, 5037333.704807949252427 ], [ 293137.764654895581771, 5037348.784016037359834 ], [ 293131.735905763402116, 5037352.567241058684886 ], [ 293115.803917653858662, 5037362.568303165026009 ], [ 293071.54671015922213, 5037390.346741886809468 ], [ 293006.942262870375998, 5037430.898521312512457 ], [ 292603.273908935661893, 5037678.415420794859529 ] ] ] ] } },
{ "type": "Feature", "properties": { "id": 41, "nom": "Saint-Michel" }, "geometry": { "type": "MultiPolygon", "coordinates": [ [ [ [ 297112.672005225904286, 5045812.519396697171032 ], [ 297111.813828704704065, 5045813.076107615604997 ], [ 297047.373771368991584, 5045855.49664859380573 ], [ 296985.174148007994518, 5045878.133631251752377 ], [ 296868.228694830613676, 5045951.182927817106247 ], [ 296834.448499123856891, 5045972.340792979113758 ], [ 296798.718339918705169, 5045994.834911135956645 ], [ 296684.040109951747581, 5046066.884589673951268 ], [ 296651.821494715055451, 5046087.152370417490602 ], [ 296618.198910241713747, 5046108.311204657889903 ], [ 296504.772974736639298, 5046179.584630521945655 ], [ 296471.463379346649162, 5046200.521580000407994 ], [ 296438.856811115867458, 5046221.568901361897588 ], [ 296292.909548833908048, 5046315.449412828311324 ], [ 296113.502719587530009, 5046429.827896118164062 ], [ 296078.088022295502014, 5046450.881003017537296 ], [ 296059.060318143572658, 5046466.243706490844488 ], [ 296043.075251057336573, 5046480.046369884163141 ], [ 296037.854993127752095, 5046487.499498180113733 ], [ 296021.801767313037999, 5046508.303614688105881 ], [ 295950.230258776049595, 5046465.951960784383118 ], [ 295916.476329127501231, 5046446.440535984002054 ], [ 295693.707110807590652, 5046315.180331950075924 ], [ 295570.323557402414735, 5046241.902772436849773 ], [ 295524.689454468840268, 5046215.187405304051936 ], [ 295375.749706567148678, 5046127.282168751582503 ], [ 295328.550264193152543, 5046099.125871872529387 ], [ 295279.177810643450357, 5046079.863772128708661 ], [ 295115.697744055476505, 5046186.578543299809098 ], [ 294943.946378540480509, 5046292.532697907648981 ], [ 294797.394251776044257, 5046383.781912602484226 ], [ 294592.975622993544675, 5046510.135126241482794 ], [ 294413.600859329802915, 5046621.895212570205331 ], [ 294032.411609061062336, 5046859.360939953476191 ], [ 293666.923532962042373, 5047086.597976964898407 ], [ 293507.382561326841824, 5047183.568440891802311 ], [ 293452.642927034525201, 5047216.340191943570971 ], [ 293467.848005790903699, 5047250.207943111658096 ], [ 293489.237702803104185, 5047294.066447336226702 ], [ 293511.246967506653164, 5047335.367872155271471 ], [ 293528.710145702236332, 5047366.453403849154711 ], [ 293564.414769299561158, 5047427.623031093738973 ], [ 293688.355338262568694, 5047638.664043097756803 ], [ 294032.334458907600492, 5048221.951504222117364 ], [ 294127.358888580987696, 5048382.59712599683553 ], [ 294167.277869242359884, 5048450.542132998816669 ], [ 294160.728681897046044, 5048454.442886248230934 ], [ 294145.524817200144753, 5048463.248186039738357 ], [ 294147.325336358044297, 5048466.467957265675068 ], [ 294272.995966631860938, 5048662.737216556444764 ], [ 294271.982534718350507, 5048663.405714202672243 ], [ 294323.699944351916201, 5048741.778342152014375 ], [ 294358.362808244826738, 5048795.952986184507608 ], [ 294374.872369379096199, 5048821.708162290044129 ], [ 294372.925612332881428, 5048824.267446929588914 ], [ 294374.720729719265364, 5048824.375589654780924 ], [ 294427.616987645218614, 5048909.303929986432195 ], [ 294498.482820364413783, 5048865.400795901194215 ], [ 294599.093998716736678, 5049019.709937399253249 ], [ 294595.513304025458638, 5049025.272388566285372 ], [ 294620.159436986490618, 5049064.684232205152512 ], [ 294635.176568622991908, 5049085.552705167792737 ], [ 294659.82221588678658, 5049124.964707963168621 ], [ 294693.296778883435763, 5049171.2527528507635 ], [ 294733.519084620347712, 5049240.645649686455727 ], [ 294750.413434165122453, 5049264.734221717342734 ], [ 294751.19556857610587, 5049265.844289505854249 ], [ 294908.672753460879903, 5049514.085413644090295 ], [ 295017.032740154594649, 5049447.124559504911304 ], [ 295061.724244262848515, 5049433.385588753968477 ], [ 295103.144923592393752, 5049423.76390118803829 ], [ 295123.882301634876058, 5049411.173854244872928 ], [ 295136.740795412857551, 5049400.151887794025242 ], [ 295154.272780551167671, 5049383.566127461381257 ], [ 295167.514883321942762, 5049368.209472751244903 ], [ 295180.519021284300834, 5049350.297168646939099 ], [ 295218.244079964933917, 5049321.900563200004399 ], [ 295232.746912500297185, 5049314.321381785906851 ], [ 295288.334279937611427, 5049280.56357513088733 ], [ 295322.943382943107281, 5049255.172914367169142 ], [ 295335.024547404318582, 5049245.708389164879918 ], [ 295370.572802999988198, 5049221.872426515445113 ], [ 295383.74827489774907, 5049213.517670915462077 ], [ 295505.058569002256263, 5049137.099617195315659 ], [ 295608.830665706656873, 5049072.489677295088768 ], [ 295673.465034855005797, 5049032.165236392058432 ], [ 295745.739643100881949, 5048986.051536335609853 ], [ 295841.639524819212966, 5048924.790842457674444 ], [ 295854.347536975401454, 5048916.104357114061713 ], [ 295904.322763583855703, 5048882.248951021581888 ], [ 296032.345183909696061, 5048797.163346589542925 ], [ 296049.342554397007916, 5048786.026346509344876 ], [ 296064.778387614176609, 5048774.335910566151142 ], [ 296112.186679942416959, 5048744.931046821177006 ], [ 296168.329976666369475, 5048711.069208742119372 ], [ 296316.020135036436841, 5048621.40594500862062 ], [ 296332.317150095768739, 5048611.048593001440167 ], [ 296533.271057851205114, 5048487.089979792013764 ], [ 296634.721271519258153, 5048421.055517765693367 ], [ 296654.533991000091191, 5048412.69480440299958 ], [ 296776.247148318041582, 5048321.96500145830214 ], [ 296778.118561917392071, 5048320.629018737003207 ], [ 296809.974317555432208, 5048269.356404532678425 ], [ 296849.261374753143173, 5048292.310733435675502 ], [ 296864.138656545605045, 5048268.842995024286211 ], [ 296898.617523899301887, 5048254.463356455788016 ], [ 296926.770487660192885, 5048236.757897658273578 ], [ 296931.853789581917226, 5048244.864148043096066 ], [ 296940.354155172826722, 5048239.408001985400915 ], [ 296943.560109943384305, 5048244.182656973600388 ], [ 296953.230924933799542, 5048238.50279588624835 ], [ 296942.439550804090686, 5048221.957652704790235 ], [ 296866.73717098205816, 5048102.141632405109704 ], [ 297068.02744624071056, 5047975.977282907813787 ], [ 297314.560620082018431, 5047819.870707655325532 ], [ 297546.7564500446897, 5047674.57029010169208 ], [ 297563.057834542531054, 5047664.105030750855803 ], [ 297745.030198445194401, 5047548.653608426451683 ], [ 297995.263008523965254, 5047390.013811934739351 ], [ 297997.452746171329636, 5047393.789916567504406 ], [ 298032.326916867110413, 5047377.193490216508508 ], [ 298063.614156785595696, 5047363.935071238316596 ], [ 297840.267400233424269, 5046994.110274874605238 ], [ 297608.148041186272167, 5046621.969899055548012 ], [ 297465.08545308758039, 5046386.091978952288628 ], [ 297129.492924271500669, 5045840.392820970155299 ], [ 297112.672005225904286, 5045812.519396697171032 ] ] ] ] } },
{ "type": "Feature", "properties": { "id": 42, "nom": "Hochelaga-Maisonneuve" }, "geometry": { "type": "MultiPolygon", "coordinates": [ [ [ [ 300686.360546515847091, 5047561.033822922036052 ], [ 300692.212865876732394, 5047558.140554724261165 ], [ 301589.970508577302098, 5047164.987582361325622 ], [ 301615.022026094957255, 5047152.972568431869149 ], [ 301717.101119373866823, 5047102.023171306587756 ], [ 301907.993493539397605, 5047000.024363474920392 ], [ 301932.344371472252533, 5046989.455658365041018 ], [ 301942.022193540644366, 5046985.005968058481812 ], [ 302024.986268838401884, 5046945.961446151137352 ], [ 302189.978704991459381, 5046862.98630538303405 ], [ 302604.046022296766751, 5046672.014451246708632 ], [ 302693.971100773545913, 5046646.97896193806082 ], [ 302732.063123805564828, 5046631.963504729792476 ], [ 302748.921502873359714, 5046618.955564350821078 ], [ 302758.987739060481545, 5046605.060825911350548 ], [ 302904.483836472616531, 5046529.556759905070066 ], [ 302827.857849648746196, 5046401.667962765321136 ], [ 302829.652984813146759, 5046400.111555989831686 ], [ 302827.543957741174381, 5046396.556009406223893 ], [ 302840.578948155452963, 5046387.550262275151908 ], [ 302826.517697228002362, 5046360.549705401062965 ], [ 302852.510102018655743, 5046343.538443403318524 ], [ 302844.5418294564588, 5046327.537980977445841 ], [ 302919.556283648533281, 5046286.507475179620087 ], [ 302943.536854030855466, 5046328.508050378412008 ], [ 302953.294551792845596, 5046324.282167658209801 ], [ 302958.368323329195846, 5046321.280122278258204 ], [ 302958.680773148254957, 5046321.835688217543066 ], [ 302959.539463065913878, 5046321.502041255123913 ], [ 303069.28271805064287, 5046511.950275731272995 ], [ 303099.978228564141318, 5046564.618245292454958 ], [ 303099.744052934169304, 5046564.729440439492464 ], [ 303189.562990278645884, 5046720.512222870253026 ], [ 303202.519759456336033, 5046711.507244209758937 ], [ 303123.557859190041199, 5046575.502787646837533 ], [ 303140.496065947518218, 5046565.496434391476214 ], [ 303141.745163323590532, 5046565.496103648096323 ], [ 303150.798018325935118, 5046553.713765049353242 ], [ 303158.523124973347876, 5046539.59802411403507 ], [ 303143.837239367305301, 5046505.817886528559029 ], [ 303131.655819714127574, 5046496.041539137251675 ], [ 303123.297362072044052, 5046477.262533255852759 ], [ 303107.990361403557472, 5046457.485227580182254 ], [ 303101.662117906147614, 5046440.594940426759422 ], [ 303107.592686926480383, 5046430.36923093535006 ], [ 303105.562108516169246, 5046427.591490491293371 ], [ 303109.54018580133561, 5046414.588022192940116 ], [ 303132.564851122675464, 5046391.57761781476438 ], [ 303140.839085493702441, 5046386.796763929538429 ], [ 303142.397326352598611, 5046374.794142715632915 ], [ 303139.27266151359072, 5046367.904813404195011 ], [ 303141.143689094111323, 5046357.791345828212798 ], [ 303153.866341478656977, 5046346.563702911138535 ], [ 303161.208940110576805, 5046361.453406791202724 ], [ 303168.159701908822171, 5046370.78664359729737 ], [ 303175.497282099095173, 5046366.56173750013113 ], [ 303309.512677488732152, 5046557.563600890338421 ], [ 303350.414522581850179, 5046530.993553624488413 ], [ 303059.490563698287588, 5046110.323562737554312 ], [ 303009.889947404910345, 5046028.211351775564253 ], [ 302917.478846550686285, 5045868.320221466943622 ], [ 302825.14114681648789, 5045708.541599960066378 ], [ 302679.359912954678293, 5045456.432028903625906 ], [ 302544.740149252815172, 5045223.658772877417505 ], [ 302634.155890834575985, 5045246.96482330840081 ], [ 302655.997304514923599, 5045181.500941178761423 ], [ 302545.729317692515906, 5045151.534164879471064 ], [ 302360.411069975874852, 5045101.038791979663074 ], [ 302280.786092581809498, 5044965.490060240961611 ], [ 302281.64064604905434, 5044954.487715899012983 ], [ 302536.001188427326269, 5045025.736992173828185 ], [ 302509.181056468223687, 5044927.173253879882395 ], [ 302273.872024125244934, 5044860.584881947375834 ], [ 302293.144079487887211, 5044820.236482479609549 ], [ 302308.137688766175415, 5044820.897291945293546 ], [ 302312.736242879240308, 5044798.780337695963681 ], [ 302171.843045454006642, 5044756.496804114431143 ], [ 302181.973913502879441, 5044706.261224465444684 ], [ 302349.889907627773937, 5044754.090927135199308 ], [ 302352.77771860192297, 5044750.089072806760669 ], [ 302350.325622892123647, 5044670.075510549359024 ], [ 302162.020812000147998, 5044611.919139941222966 ], [ 302099.772465355985332, 5044592.719935405068099 ], [ 302102.579085419944022, 5044581.716732399538159 ], [ 301944.418410398473497, 5044362.635973298922181 ], [ 301660.029636401683092, 5043968.811880714260042 ], [ 301581.378182158106938, 5043657.12893608585 ], [ 301581.143354266299866, 5043656.128876680508256 ], [ 301603.008969830058049, 5043648.783037931658328 ], [ 301560.444335452513769, 5043502.556367696262896 ], [ 301419.716215608234052, 5043540.192952550016344 ], [ 301364.376989231503103, 5043752.372309849597514 ], [ 301213.621676089358516, 5043998.834481230936944 ], [ 301101.194794611539692, 5044195.602004870772362 ], [ 301089.411843847075943, 5044212.278648931533098 ], [ 301057.803945369203575, 5044248.748474155552685 ], [ 301031.499262510449626, 5044272.324049241840839 ], [ 301010.813319437904283, 5044288.561676356941462 ], [ 300988.954748527728952, 5044302.688591608777642 ], [ 300936.644760113267694, 5044326.836085604503751 ], [ 300863.479235351493116, 5044344.218072385527194 ], [ 300807.880137757747434, 5044352.810335339047015 ], [ 300387.138903885206673, 5044411.214017664082348 ], [ 300174.353176531847566, 5044444.373395387083292 ], [ 300389.98957114527002, 5045021.989725365303457 ], [ 300480.742931698157918, 5045270.749711588025093 ], [ 300553.123734491120558, 5046186.868253730237484 ], [ 300553.438362659479026, 5046190.313119187951088 ], [ 300553.753592996334191, 5046194.647036846727133 ], [ 300554.856707551807631, 5046209.537920205853879 ], [ 300560.762939242878929, 5046284.547738666646183 ], [ 300562.115571818256285, 5046322.109301402233541 ], [ 300562.355649535777047, 5046330.777403440326452 ], [ 300559.833290354930796, 5046410.571600876748562 ], [ 300556.701118594268337, 5046512.036889545619488 ], [ 300553.652844341937453, 5046621.948144478723407 ], [ 300548.372806306404527, 5046779.0918945139274 ], [ 300544.002023563138209, 5046895.338605299592018 ], [ 300540.092605988844298, 5047001.027514019981027 ], [ 300537.186556833039504, 5047089.712605213746428 ], [ 300535.511182475136593, 5047151.391858726739883 ], [ 300543.995566635101568, 5047230.511892446316779 ], [ 300563.398798526031896, 5047295.955344984307885 ], [ 300577.938840264279861, 5047327.062422105111182 ], [ 300666.584752570721321, 5047519.261284109205008 ], [ 300686.360546515847091, 5047561.033822922036052 ] ] ], [ [ [ 303566.152260267466772, 5047491.34724357072264 ], [ 303583.954682869196404, 5047519.237832717597485 ], [ 303590.509771636046935, 5047510.568286251276731 ], [ 303570.7582803722471, 5047494.680290513671935 ], [ 303566.152260267466772, 5047491.34724357072264 ] ] ] ] } },
{ "type": "Feature", "properties": { "id": 45, "nom": "Saint-Léonard" }, "geometry": { "type": "MultiPolygon", "coordinates": [ [ [ [ 294751.19556857610587, 5049265.844289505854249 ], [ 294738.337652879650705, 5049276.978178258053958 ], [ 294723.377317244885489, 5049290.893786545842886 ], [ 294699.376518520410173, 5049311.93648305349052 ], [ 294684.348196514241863, 5049331.964575251564384 ], [ 295704.37072348035872, 5051073.956389690749347 ], [ 296019.363540011167061, 5051613.944392269477248 ], [ 296158.372939588269219, 5051841.90623736102134 ], [ 296167.364131110254675, 5051857.00787153840065 ], [ 296171.351927182113286, 5051864.003730468451977 ], [ 296176.356505147763528, 5051872.998579069972038 ], [ 296180.342902611009777, 5051878.994251231662929 ], [ 296189.333835055236705, 5051893.984785219654441 ], [ 296206.376800199970603, 5051921.966793457046151 ], [ 296215.368981630948838, 5051937.957558467052877 ], [ 296225.373765204160009, 5051952.946753703989089 ], [ 296241.320287141483277, 5051977.929778169840574 ], [ 296265.321244654478505, 5052017.904768376611173 ], [ 296275.32593266654294, 5052033.00517763197422 ], [ 296331.984479887818452, 5052112.832657700404525 ], [ 296354.330305472423788, 5052140.919030387885869 ], [ 296371.363924660719931, 5052163.011471261270344 ], [ 296382.38195875211386, 5052177.999555542133749 ], [ 296404.333156812936068, 5052202.974922073073685 ], [ 296451.357607894053217, 5052254.922109278850257 ], [ 296471.354477699438576, 5052277.010869582183659 ], [ 296477.368267575860955, 5052283.004033742472529 ], [ 296482.368081075197551, 5052288.99855225160718 ], [ 296488.381848887074739, 5052294.991727096028626 ], [ 296508.378312695829663, 5052316.969474262557924 ], [ 296514.392028725065757, 5052322.962674313224852 ], [ 296625.344369524857029, 5052175.010068533942103 ], [ 296723.328489533974789, 5052249.008310765028 ], [ 296679.334922469162848, 5052306.9654580373317 ], [ 296759.357936384854838, 5052365.98469658382237 ], [ 297225.354776658990886, 5052082.014404430985451 ], [ 297529.333730653510429, 5051891.95013259164989 ], [ 297621.387913941289298, 5051833.943683056160808 ], [ 297857.336702352738939, 5051683.981669563800097 ], [ 298584.359260625089519, 5051229.907269414514303 ], [ 298783.325814323616214, 5051108.911719610914588 ], [ 298758.388799450127408, 5051055.925557920709252 ], [ 298764.394808032375295, 5051054.919568445533514 ], [ 298783.346218792314176, 5051049.01129253488034 ], [ 298814.395284936064854, 5051048.981509136036038 ], [ 298828.357654018036555, 5051046.967781610786915 ], [ 298853.394994534028228, 5051041.942971718497574 ], [ 298889.346618512121495, 5051028.906403298489749 ], [ 298980.339487489196472, 5050976.922238282859325 ], [ 299017.372950888471678, 5050951.994229428470135 ], [ 299130.344547288026661, 5050873.986990650184453 ], [ 299169.331297895230819, 5050850.947369025088847 ], [ 299365.682051823998336, 5050745.42021325416863 ], [ 299363.882554658048321, 5050739.531759072095156 ], [ 299432.555709916399792, 5050579.219567838124931 ], [ 299436.98990989086451, 5050564.212895502336323 ], [ 299412.842541280610021, 5050427.651969854719937 ], [ 299441.651388087251689, 5050267.9300726512447 ], [ 299530.567476207099389, 5050047.479224104434252 ], [ 299538.899263326078653, 5050027.357272454537451 ], [ 299621.987568364478648, 5049828.027844009920955 ], [ 299628.848977151385043, 5049821.909898077137768 ], [ 299649.355347222473938, 5049803.667302198708057 ], [ 299788.791906596219633, 5049706.202280386351049 ], [ 299791.907571727118921, 5049699.309589620679617 ], [ 299794.061111407645512, 5049660.189330836758018 ], [ 299789.096200287051033, 5049501.496540513820946 ], [ 299810.282636314397678, 5049453.470518439076841 ], [ 299644.169280574715231, 5049380.813576945103705 ], [ 299655.160862924531102, 5049367.246410073712468 ], [ 299662.797310725145508, 5049354.015412005595863 ], [ 299670.90308772091521, 5049342.117624774575233 ], [ 299679.009986592689529, 5049331.553433152846992 ], [ 299690.777810814441182, 5049312.762484406121075 ], [ 299695.766935567779001, 5049306.535014177672565 ], [ 299700.677220938378014, 5049299.307422963902354 ], [ 299706.910851094056852, 5049288.078001850284636 ], [ 299712.676294768054504, 5049276.848967667669058 ], [ 299736.29639098624466, 5049246.601875667460263 ], [ 299737.153250067029148, 5049244.711936376057565 ], [ 299741.207937836064957, 5049240.819033733569086 ], [ 299733.713404486479703, 5049236.935470445081592 ], [ 299730.97973875637399, 5049233.937116074375808 ], [ 299729.182855149789248, 5049231.382532484829426 ], [ 299720.282042010338046, 5049225.49974636733532 ], [ 299708.80287619039882, 5049215.729445041157305 ], [ 299706.151746555755381, 5049218.28764071315527 ], [ 299680.474780360120349, 5049214.307831388898194 ], [ 299660.188354518671986, 5049217.769551398232579 ], [ 299647.156417408725247, 5049217.780265351757407 ], [ 299641.145665018062573, 5049215.34030931442976 ], [ 299638.641012598993257, 5049206.22953961789608 ], [ 299638.868522515811492, 5049198.227839047089219 ], [ 299637.997665396076627, 5049183.114588413387537 ], [ 299633.859832223388366, 5049180.78422739636153 ], [ 299629.648182292818092, 5049183.566007668152452 ], [ 299623.24619923956925, 5049179.903938706032932 ], [ 299618.408517693926115, 5049180.574733976274729 ], [ 299590.141721686872188, 5049159.260828611440957 ], [ 299586.154929187032394, 5049150.929239090532064 ], [ 299576.862293901969679, 5049143.380001861602068 ], [ 299571.0028741354472, 5049135.383381263352931 ], [ 299563.264516240451485, 5049120.164750407449901 ], [ 299547.042007268872112, 5049131.069289503619075 ], [ 299540.874218907498289, 5049127.629372631199658 ], [ 299537.582945313071832, 5049111.295717940665781 ], [ 299534.306331159954425, 5049112.409794396720827 ], [ 299530.558316438633483, 5049109.745777553878725 ], [ 299525.488165275834035, 5049112.417218197137117 ], [ 299521.976974795165006, 5049112.975838203914464 ], [ 299519.479232830402907, 5049112.311151975765824 ], [ 299515.575982246198691, 5049110.647464054636657 ], [ 299509.177990596974269, 5049111.875321508385241 ], [ 299504.495778206910472, 5049111.879280598834157 ], [ 299501.451681703387294, 5049111.103931654244661 ], [ 299497.703840447822586, 5049108.662198543548584 ], [ 299495.595054594159592, 5049106.552474942058325 ], [ 299493.562420200265478, 5049102.220045271329582 ], [ 299492.934920935425907, 5049098.442085436545312 ], [ 299492.775172355701216, 5049094.108068564906716 ], [ 299492.147200670384336, 5049089.774448712356389 ], [ 299490.507289448694792, 5049088.442254099994898 ], [ 299487.307765664940234, 5049088.444968630559742 ], [ 299483.094136288389564, 5049088.893074482679367 ], [ 299478.490510681585874, 5049089.56377890240401 ], [ 299472.870038915832993, 5049087.457049200311303 ], [ 299465.452908313367516, 5049083.240345264784992 ], [ 299461.23605454119388, 5049079.909976868890226 ], [ 299459.281804321275558, 5049076.022020039148629 ], [ 299459.979779433866497, 5049070.90934766177088 ], [ 299460.835631491150707, 5049067.908050769008696 ], [ 299463.79518017009832, 5049061.015336725860834 ], [ 299464.495433924894314, 5049058.569833548739552 ], [ 299463.791201455285773, 5049056.347791720181704 ], [ 299462.696780521306209, 5049054.126082642003894 ], [ 299459.963663564762101, 5049052.016903508454561 ], [ 299457.856173646869138, 5049051.463041102513671 ], [ 299454.344005946652032, 5049050.91037873737514 ], [ 299450.67557241441682, 5049050.135587670840323 ], [ 299446.852108015737031, 5049050.583384457044303 ], [ 299443.340889782935847, 5049051.142048493027687 ], [ 299439.986794112483039, 5049052.923033113591373 ], [ 299437.570103357022163, 5049055.814537527039647 ], [ 299435.542840654670727, 5049057.816652319394052 ], [ 299432.968744919169694, 5049059.152443947270513 ], [ 299430.862017524719704, 5049059.487646812573075 ], [ 299428.442568111699075, 5049059.156326080672443 ], [ 299425.789673675026279, 5049059.603131430223584 ], [ 299423.682946812652517, 5049059.938336712308228 ], [ 299421.498373622540385, 5049060.495873802341521 ], [ 299376.956955945235677, 5049081.316005733795464 ], [ 299356.549128828570247, 5049035.213893535546958 ], [ 299295.00259214034304, 5049064.050929666496813 ], [ 299264.591183074109722, 5049002.066031653434038 ], [ 299025.664702946785837, 5049115.747748992405832 ], [ 298926.647006632527336, 5048961.255092686973512 ], [ 298925.162810186622664, 5048959.700635873712599 ], [ 298897.895321359625086, 5048925.830992926843464 ], [ 298820.08176528767217, 5048835.332181359641254 ], [ 298810.548618451983202, 5048822.561104764230549 ], [ 298807.193941297417041, 5048823.675635924562812 ], [ 298747.734449916286394, 5048750.607926830649376 ], [ 298701.861699409957509, 5048686.529236862435937 ], [ 298771.90259963972494, 5048643.89782942365855 ], [ 298646.365247580455616, 5048439.759268769063056 ], [ 298512.454883062746376, 5048221.962442644871771 ], [ 298417.390979314921424, 5048067.47403921931982 ], [ 298188.858565611590166, 5047695.863672325387597 ], [ 298149.063777291274164, 5047634.6721286829561 ], [ 298085.966046662419103, 5047534.83188371732831 ], [ 298079.867142731149215, 5047525.05881913099438 ], [ 298070.327989316137973, 5047509.955125984735787 ], [ 298033.114451674278826, 5047455.873998926952481 ], [ 298017.160627494857181, 5047428.108288823626935 ], [ 297997.452746171329636, 5047393.789916567504406 ], [ 297995.263008523965254, 5047390.013811934739351 ], [ 297745.030198445194401, 5047548.653608426451683 ], [ 297563.057834542531054, 5047664.105030750855803 ], [ 297546.7564500446897, 5047674.57029010169208 ], [ 297314.560620082018431, 5047819.870707655325532 ], [ 297068.02744624071056, 5047975.977282907813787 ], [ 296866.73717098205816, 5048102.141632405109704 ], [ 296942.439550804090686, 5048221.957652704790235 ], [ 296953.230924933799542, 5048238.50279588624835 ], [ 296943.560109943384305, 5048244.182656973600388 ], [ 296940.354155172826722, 5048239.408001985400915 ], [ 296931.853789581917226, 5048244.864148043096066 ], [ 296926.770487660192885, 5048236.757897658273578 ], [ 296898.617523899301887, 5048254.463356455788016 ], [ 296864.138656545605045, 5048268.842995024286211 ], [ 296849.261374753143173, 5048292.310733435675502 ], [ 296809.974317555432208, 5048269.356404532678425 ], [ 296778.118561917392071, 5048320.629018737003207 ], [ 296776.247148318041582, 5048321.96500145830214 ], [ 296654.533991000091191, 5048412.69480440299958 ], [ 296634.721271519258153, 5048421.055517765693367 ], [ 296533.271057851205114, 5048487.089979792013764 ], [ 296332.317150095768739, 5048611.048593001440167 ], [ 296316.020135036436841, 5048621.40594500862062 ], [ 296168.329976666369475, 5048711.069208742119372 ], [ 296112.186679942416959, 5048744.931046821177006 ], [ 296064.778387614176609, 5048774.335910566151142 ], [ 296049.342554397007916, 5048786.026346509344876 ], [ 296032.345183909696061, 5048797.163346589542925 ], [ 295904.322763583855703, 5048882.248951021581888 ], [ 295854.347536975401454, 5048916.104357114061713 ], [ 295841.639524819212966, 5048924.790842457674444 ], [ 295745.739643100881949, 5048986.051536335609853 ], [ 295673.465034855005797, 5049032.165236392058432 ], [ 295608.830665706656873, 5049072.489677295088768 ], [ 295505.058569002256263, 5049137.099617195315659 ], [ 295383.74827489774907, 5049213.517670915462077 ], [ 295370.572802999988198, 5049221.872426515445113 ], [ 295335.024547404318582, 5049245.708389164879918 ], [ 295322.943382943107281, 5049255.172914367169142 ], [ 295288.334279937611427, 5049280.56357513088733 ], [ 295232.746912500297185, 5049314.321381785906851 ], [ 295218.244079964933917, 5049321.900563200004399 ], [ 295180.519021284300834, 5049350.297168646939099 ], [ 295167.514883321942762, 5049368.209472751244903 ], [ 295154.272780551167671, 5049383.566127461381257 ], [ 295136.740795412857551, 5049400.151887794025242 ], [ 295123.882301634876058, 5049411.173854244872928 ], [ 295103.144923592393752, 5049423.76390118803829 ], [ 295061.724244262848515, 5049433.385588753968477 ], [ 295017.032740154594649, 5049447.124559504911304 ], [ 294908.672753460879903, 5049514.085413644090295 ], [ 294751.19556857610587, 5049265.844289505854249 ] ] ] ] } },
{ "type": "Feature", "properties": { "id": 43, "nom": "LaSalle" }, "geometry": { "type": "MultiPolygon", "coordinates": [ [ [ [ 297031.720634216326289, 5033064.172680918127298 ], [ 297028.192020362941548, 5033057.731534745544195 ], [ 297026.545477890467737, 5033054.844205050729215 ], [ 296930.905859661696013, 5032902.493603826500475 ], [ 296871.112807958154008, 5032825.667158544994891 ], [ 296831.633990335743874, 5032789.37773641385138 ], [ 296750.708585890708491, 5032708.689713949337602 ], [ 296750.395194859534968, 5032708.356726869940758 ], [ 296594.41507775982609, 5032553.643927924335003 ], [ 296417.450236560427584, 5032393.406467393040657 ], [ 296256.692233473237138, 5032246.932007410563529 ], [ 296236.013582025188953, 5032231.179757398553193 ], [ 296231.548959323961753, 5032227.851956525817513 ], [ 295872.253033408254851, 5031907.854630094952881 ], [ 295823.91060845751781, 5031864.805248557589948 ], [ 295763.493871326209046, 5031805.882085083052516 ], [ 295579.357085917377844, 5031639.788718730211258 ], [ 295576.302068545657676, 5031637.681740042753518 ], [ 295529.297665512480307, 5031602.633969361893833 ], [ 295488.642764620075468, 5031575.245068286545575 ], [ 295420.285362697672099, 5031548.119907876476645 ], [ 295405.876549765875097, 5031541.584773285314441 ], [ 295250.428117099625524, 5031468.695680075325072 ], [ 295139.928446180245373, 5031416.966957570053637 ], [ 295048.865031516586896, 5031384.657641932368279 ], [ 294920.125777302542701, 5031331.516376151703298 ], [ 294849.467240243277047, 5031287.620516138151288 ], [ 294755.45131231151754, 5031221.759099515154958 ], [ 294740.407345211307984, 5031210.447946490719914 ], [ 294692.302301704941783, 5031177.186251278035343 ], [ 294687.679772492614575, 5031173.970929191447794 ], [ 294684.304760397702921, 5031167.864247562363744 ], [ 294677.95799065916799, 5031163.095895227044821 ], [ 294634.181383549352176, 5031096.711198218166828 ], [ 294591.056134303158615, 5030998.209431893192232 ], [ 294584.226925424882211, 5030985.662917379289865 ], [ 294581.315336316241883, 5030975.888278746977448 ], [ 294567.175485800660681, 5030943.572668083943427 ], [ 294519.511958150949795, 5030799.071335097774863 ], [ 294488.0176138227107, 5030684.104223250411451 ], [ 294486.915514096792322, 5030680.216510300524533 ], [ 294452.19165045482805, 5030553.475204764865339 ], [ 294364.552153805270791, 5030566.066299581900239 ], [ 294047.252841085777618, 5030611.496324844658375 ], [ 294013.204109980084468, 5030610.109885810874403 ], [ 293956.232424927642569, 5030614.208393682725728 ], [ 293896.4587820226443, 5030627.313726947642863 ], [ 293856.632436319545377, 5030634.050568027421832 ], [ 293804.675194237497635, 5030641.031092217192054 ], [ 293790.831086655147374, 5030646.278352227993309 ], [ 293730.125921201892197, 5030663.387544900178909 ], [ 293665.518572403525468, 5030686.616326490417123 ], [ 293631.640881844446994, 5030693.232947329990566 ], [ 293548.363190502452198, 5030735.832552505657077 ], [ 293524.759978968766518, 5030754.322217178530991 ], [ 293496.946342807146721, 5030781.598732644692063 ], [ 293408.820081208948977, 5030868.438317216932774 ], [ 293364.516612981969956, 5030908.302882090210915 ], [ 293304.330357925675344, 5030950.419328489340842 ], [ 293240.507173569814768, 5031014.657747332006693 ], [ 293220.902589597797487, 5031036.030585390515625 ], [ 293098.422408099868335, 5031120.381884476169944 ], [ 293028.982995246245991, 5031150.627366739325225 ], [ 292989.088240675628185, 5031160.370334319770336 ], [ 292932.7265565241687, 5031194.481885924935341 ], [ 292880.501668824115768, 5031222.474001637659967 ], [ 292853.529493174224626, 5031236.971936335787177 ], [ 292831.019068291119765, 5031251.906019798479974 ], [ 292814.996430148428772, 5031262.716045467182994 ], [ 292762.633324960246682, 5031299.710882677696645 ], [ 292681.843441831530072, 5031367.210251787677407 ], [ 292661.218717557843775, 5031385.586327984929085 ], [ 292645.52626334055094, 5031404.953111206181347 ], [ 292603.263930244778749, 5031443.707864658907056 ], [ 292533.165340447507333, 5031494.074543513357639 ], [ 292502.436877833737526, 5031507.581153302453458 ], [ 292461.890551146352664, 5031542.666246853768826 ], [ 292419.704157176078297, 5031579.199512687511742 ], [ 292400.276391507883091, 5031608.575910108163953 ], [ 292345.297529110510368, 5031665.582703734748065 ], [ 292336.559025621332694, 5031678.713269699364901 ], [ 292272.582665162626654, 5031735.960791138000786 ], [ 292260.788774912070949, 5031747.208346647210419 ], [ 292121.266689806478098, 5031826.834263579919934 ], [ 292092.932716438604984, 5031862.341696464456618 ], [ 292088.013180940761231, 5031867.463585249148309 ], [ 292049.223984036361799, 5031879.210640897974372 ], [ 292030.213594545319211, 5031881.582901288755238 ], [ 291997.536109618202318, 5031897.207410344853997 ], [ 291986.766160301398486, 5031911.342768614180386 ], [ 291941.630540527636185, 5031957.220161274075508 ], [ 291933.830245779769029, 5031969.349215335212648 ], [ 291906.251786458771676, 5031990.85364396777004 ], [ 291841.349697106692474, 5032051.107998233288527 ], [ 291840.646367753273807, 5032051.553964445367455 ], [ 291810.089844357280526, 5032070.508974432945251 ], [ 291816.950937834742945, 5032096.387991518713534 ], [ 291817.147554379189387, 5032115.835250058211386 ], [ 291817.824434566893615, 5032140.504605679772794 ], [ 291823.137686219473835, 5032326.52448311727494 ], [ 291823.487334985518828, 5032344.304490002803504 ], [ 291823.308054442110006, 5032371.198211576789618 ], [ 291840.695932640170213, 5032379.608226040378213 ], [ 291862.704801496991422, 5032390.231377771124244 ], [ 291921.464202167699113, 5032427.005863111466169 ], [ 292004.503722625551745, 5032476.066860187798738 ], [ 292079.323457312304527, 5032523.700878503732383 ], [ 292150.159264027839527, 5032575.122198458760977 ], [ 292238.673775683972053, 5032625.064314764924347 ], [ 292300.632500296807848, 5032659.724489089101553 ], [ 292373.04910177201964, 5032720.924578971229494 ], [ 292483.333762268943246, 5032822.613561515696347 ], [ 292600.766048795776442, 5032900.17549461312592 ], [ 292627.871298256330192, 5032918.014863649383187 ], [ 292835.047851906681899, 5033041.41583932749927 ], [ 292910.396968357206788, 5033086.28048550337553 ], [ 292955.43945093289949, 5033116.200519793666899 ], [ 293055.651384402066469, 5033195.248065992258489 ], [ 293157.897766787209548, 5033275.849258624017239 ], [ 293315.685513222939335, 5033398.357477405108511 ], [ 293364.328777456539683, 5033431.718885162845254 ], [ 293378.657982073898893, 5033438.694020566530526 ], [ 293415.694353726343252, 5033456.629889168776572 ], [ 293708.178330493101384, 5033619.356820114888251 ], [ 293865.649264150823001, 5033705.762251434847713 ], [ 294076.128693997859955, 5033822.975071302615106 ], [ 294262.010721400729381, 5033924.344549131579697 ], [ 294359.882390223909169, 5033977.856967258267105 ], [ 294448.437795934616588, 5034027.830083625391126 ], [ 294528.47588667680975, 5034084.263871789909899 ], [ 294604.908501170517411, 5034137.1483722794801 ], [ 294695.876025183591992, 5034230.461643589660525 ], [ 294769.930211011960637, 5034314.46829154714942 ], [ 294835.466461154574063, 5034404.823701218701899 ], [ 294907.428246577095706, 5034503.726679477840662 ], [ 294962.201267625496257, 5034566.317928968928754 ], [ 295056.842788852285594, 5034665.631709308363497 ], [ 295087.945328854431864, 5034698.255745125934482 ], [ 295183.75152151734801, 5034794.569141545332968 ], [ 295321.369648919207975, 5034923.048473669216037 ], [ 295408.895628337573726, 5034978.593166186474264 ], [ 295553.796855403808877, 5035066.170955226756632 ], [ 295877.023082977975719, 5035269.738262037746608 ], [ 295908.099992437229957, 5035289.364211863838136 ], [ 295918.665121600381099, 5035294.238990711979568 ], [ 295932.908561739779543, 5035300.886675679124892 ], [ 296032.527288057433907, 5035230.735185096040368 ], [ 296445.041567558422685, 5034962.906393891200423 ], [ 296462.700901405420154, 5034891.204276097938418 ], [ 296603.221440965135116, 5034327.92548706009984 ], [ 296603.75088423100533, 5034314.033594576641917 ], [ 296601.777536672947463, 5034300.367223716340959 ], [ 296598.085336405376438, 5034288.258909741416574 ], [ 296590.394679223769344, 5034269.154650739394128 ], [ 296581.062185570248403, 5034250.719324642792344 ], [ 296570.088134788093157, 5034233.175197517499328 ], [ 296557.707330546283629, 5034216.633099739439785 ], [ 296543.920059370982926, 5034201.315298354253173 ], [ 296438.845863947470207, 5034067.765206842683256 ], [ 296236.136150502599776, 5033815.662696218118072 ], [ 296212.546167609456461, 5033783.800678284838796 ], [ 296191.847803016949911, 5033750.045589778572321 ], [ 296174.197846849623602, 5033714.619446580298245 ], [ 296159.596642030228395, 5033677.744481992907822 ], [ 296148.357609060301911, 5033639.753632643260062 ], [ 296053.44210791029036, 5033285.715193960815668 ], [ 297023.508114917320199, 5033066.072025885805488 ], [ 297031.720634216326289, 5033064.172680918127298 ] ] ], [ [ [ 298237.924848104070406, 5032790.421050851233304 ], [ 298208.626498143537901, 5032755.557080063968897 ], [ 298128.028380953182932, 5032672.072812769562006 ], [ 298087.37927666521864, 5032632.998544425703585 ], [ 298029.185043187404517, 5032576.940618355758488 ], [ 297966.55391211778624, 5032543.002770402468741 ], [ 297925.584533904562704, 5032498.929083135910332 ], [ 297905.295544146327302, 5032477.169948901049793 ], [ 297868.803730881831143, 5032449.87224449403584 ], [ 297835.451227324898355, 5032431.461615800857544 ], [ 297817.725045884842984, 5032392.808286087587476 ], [ 297757.574150947504677, 5032340.422318865545094 ], [ 297711.912098678585608, 5032300.689323496073484 ], [ 297674.401218310697004, 5032273.393897843547165 ], [ 297636.807211838138755, 5032242.098139263689518 ], [ 297607.109967219410464, 5032205.681631905026734 ], [ 297599.729666344879661, 5032183.797618512064219 ], [ 297596.941774997976609, 5032140.793809235095978 ], [ 297600.599989048263524, 5032123.786856857128441 ], [ 297617.493271316867322, 5032116.433027756400406 ], [ 297632.437339656113181, 5032115.193569150753319 ], [ 297682.267054614028893, 5032102.246029932051897 ], [ 297720.899767406343017, 5032082.532590824179351 ], [ 297738.563446176296566, 5032064.176432806998491 ], [ 297760.737600121530704, 5032020.700086459517479 ], [ 297772.540767959260847, 5032009.462850254960358 ], [ 297793.511346544837579, 5032009.106081945821643 ], [ 297823.810039204312488, 5032023.519215545617044 ], [ 297837.131042523193173, 5032040.284967858344316 ], [ 297878.963899158174172, 5032083.579201187007129 ], [ 297898.310752082208637, 5032101.227493522688746 ], [ 297904.337969629443251, 5032103.110082655213773 ], [ 297902.138237809820566, 5032095.111192668788135 ], [ 297831.621591141622048, 5032011.397482817061245 ], [ 297792.679851384309586, 5031965.099860563874245 ], [ 297792.013756694272161, 5031929.094756847247481 ], [ 297762.812287487031426, 5031916.680875069461763 ], [ 297743.466730822867248, 5031901.033325525932014 ], [ 297693.312456873478368, 5031835.968079970218241 ], [ 297683.815823788987473, 5031811.085883836261928 ], [ 297657.255889657244552, 5031782.555782549083233 ], [ 297636.116800352814607, 5031773.022702403366566 ], [ 297585.448035591514781, 5031738.852806081064045 ], [ 297550.04406152642332, 5031709.777656609192491 ], [ 297544.124591932224575, 5031733.899497285485268 ], [ 297560.654942899767775, 5031750.327573465183377 ], [ 297591.040668440866284, 5031770.851586530916393 ], [ 297605.466237204847857, 5031794.505585541017354 ], [ 297608.003459689032752, 5031823.507390140555799 ], [ 297602.477423178672325, 5031849.629055025056005 ], [ 297589.819218101503793, 5031865.868398335762322 ], [ 297570.038030991679989, 5031880.226750481873751 ], [ 297551.519320793042425, 5031903.58517265599221 ], [ 297528.682058822829276, 5031914.057655978947878 ], [ 297516.877988491673023, 5031924.295187000185251 ], [ 297505.239603130496107, 5031942.422718891873956 ], [ 297453.707447977387346, 5031972.487533327192068 ], [ 297441.817043839138933, 5031975.613040376454592 ], [ 297427.645940281625371, 5031968.961874015629292 ], [ 297425.440868237288669, 5031956.962507066316903 ], [ 297419.251783048268408, 5031950.746528630144894 ], [ 297404.053024805325549, 5031935.31741654407233 ], [ 297392.686918249295559, 5031918.550279504619539 ], [ 297342.031197007047012, 5031829.484516900964081 ], [ 297210.165477716422174, 5031625.8313132757321 ], [ 297199.978157933510374, 5031614.063918927684426 ], [ 297172.395457585633267, 5031583.536776492372155 ], [ 297145.663570606906433, 5031545.007425277493894 ], [ 297096.773191936314106, 5031496.948164492845535 ], [ 296997.556631564802956, 5031380.718202460557222 ], [ 296955.28948567219777, 5031311.537316816858947 ], [ 296872.36533919617068, 5031211.069393519312143 ], [ 296812.015225777635351, 5031140.134215042926371 ], [ 296751.831784432928544, 5031078.200859001837671 ], [ 296719.315501499862876, 5031048.793316042050719 ], [ 296665.499264935730025, 5031009.856330184265971 ], [ 296593.67309591837693, 5030964.164384167641401 ], [ 296581.532203222915996, 5030956.4011892657727 ], [ 296527.113041443692055, 5030936.358109387569129 ], [ 296478.885595892148558, 5030923.308441729284823 ], [ 296430.409715302695986, 5030900.146732080727816 ], [ 296419.600459815643262, 5030893.493369528092444 ], [ 296343.387031860824209, 5030846.809959447942674 ], [ 296311.972638785722665, 5030824.293042246252298 ], [ 296264.429285077494569, 5030797.241837905719876 ], [ 296193.453225394769106, 5030747.552662408910692 ], [ 296154.136006059125066, 5030727.26992142945528 ], [ 296106.420744577248115, 5030690.107407222501934 ], [ 296085.113561592355836, 5030676.579124890267849 ], [ 296066.090970547229517, 5030673.827258434146643 ], [ 296055.057099938276224, 5030675.064992871135473 ], [ 296045.201401899452321, 5030679.3015914587304 ], [ 295997.22659986076178, 5030681.14654628559947 ], [ 295893.896308045194019, 5030668.067507743835449 ], [ 295870.487684736028314, 5030663.210986363701522 ], [ 295832.673531914129853, 5030655.263439835980535 ], [ 295763.641046401578933, 5030654.473103770054877 ], [ 295674.654076370643452, 5030656.157251723110676 ], [ 295662.601331863028463, 5030656.396989580243826 ], [ 295611.870585497817956, 5030646.913720285519958 ], [ 295551.196850094536785, 5030635.445134630426764 ], [ 295478.769176324538421, 5030614.770814072340727 ], [ 295442.51016359613277, 5030600.488952822051942 ], [ 295401.070398316136561, 5030576.21341977827251 ], [ 295369.738698365399614, 5030559.813172741793096 ], [ 295282.532498913991731, 5030549.498257541097701 ], [ 295241.525632953562308, 5030553.227632661350071 ], [ 295221.741083070694003, 5030564.592858525924385 ], [ 295191.934102747531142, 5030573.195206965319812 ], [ 295107.025100397586357, 5030580.770991483703256 ], [ 294969.980585789715406, 5030582.317002712748945 ], [ 294870.885392646305263, 5030577.138295848853886 ], [ 294767.806522200524341, 5030577.07943048607558 ], [ 294715.750335272576194, 5030572.050650696270168 ], [ 294686.795201112341601, 5030574.541930317878723 ], [ 294680.428369474888314, 5030557.660543226636946 ], [ 294675.33148445567349, 5030551.778896995820105 ], [ 294645.01202242920408, 5030533.380300196819007 ], [ 294633.974768813350238, 5030532.509078208357096 ], [ 294571.145061659743078, 5030544.723900118842721 ], [ 294530.04399070359068, 5030538.456447580829263 ], [ 294512.517008141207043, 5030541.596673078835011 ], [ 294549.130782621214166, 5030676.11426376644522 ], [ 294589.364992631133646, 5030824.072840235196054 ], [ 294634.613321852346417, 5030976.468769564293325 ], [ 294695.610548888158519, 5031092.945040559396148 ], [ 294762.887873211293481, 5031173.850569014437497 ], [ 294862.62228641443653, 5031242.814680637791753 ], [ 294974.721095618908294, 5031312.872354246675968 ], [ 295126.148554394661915, 5031361.75691859703511 ], [ 295255.738518083293457, 5031409.789161290042102 ], [ 295271.789845043618698, 5031415.432432374916971 ], [ 295352.359074191364925, 5031443.648932044394314 ], [ 295467.165227512421552, 5031498.486609674058855 ], [ 295615.760904523602221, 5031596.728498640470207 ], [ 295616.936026208742987, 5031597.615817627869546 ], [ 295802.251764048647601, 5031767.153592907823622 ], [ 295810.086890642007347, 5031774.032407998107374 ], [ 295872.14048217900563, 5031828.508524688892066 ], [ 295958.872947802301496, 5031904.842996533028781 ], [ 296279.850313079310581, 5032186.890808793716133 ], [ 296282.906031353166327, 5032189.887162554077804 ], [ 296318.712207557808142, 5032224.73339350707829 ], [ 296322.472861565824132, 5032228.284462884999812 ], [ 296646.88521623617271, 5032529.682924250140786 ], [ 296648.216936959419399, 5032530.903621254488826 ], [ 296799.243906426534522, 5032667.398833679035306 ], [ 296891.288326540321577, 5032755.185766570270061 ], [ 296931.945617182354908, 5032795.474743068218231 ], [ 296985.160743176937103, 5032867.975883729755878 ], [ 297096.395994538033847, 5033042.534058722667396 ], [ 297098.826645872497465, 5033046.86512859724462 ], [ 297099.846038024174049, 5033048.753080255351961 ], [ 298236.829718595428858, 5032790.644451638683677 ], [ 298237.924848104070406, 5032790.421050851233304 ] ] ], [ [ [ 299290.649068792234175, 5031721.126653351821005 ], [ 299290.236789688817225, 5031697.123137520626187 ], [ 299275.409292003605515, 5031654.351448902860284 ], [ 299275.081350869324524, 5031637.348992375656962 ], [ 299261.025598502717912, 5031582.57472775131464 ], [ 299243.632071165950038, 5031558.919573009945452 ], [ 299206.979811433237046, 5031526.613485498353839 ], [ 299165.397034929250367, 5031494.312023992650211 ], [ 299125.607522450562101, 5031455.119222050532699 ], [ 299101.006348900671583, 5031423.580806033685803 ], [ 299068.340867888065986, 5031388.160309614613652 ], [ 299021.582363758003339, 5031345.974035702645779 ], [ 299007.490598016709555, 5031340.208278809674084 ], [ 298972.346839023695793, 5031333.906362471170723 ], [ 298912.767096396535635, 5031306.957453733310103 ], [ 298800.973881222016644, 5031265.056235948577523 ], [ 298712.765825785754714, 5031254.694787645712495 ], [ 298613.193385505350307, 5031227.565254898741841 ], [ 298570.064250215946231, 5031219.38424363732338 ], [ 298518.020490724651609, 5031218.324673155322671 ], [ 298476.762368696916383, 5031203.141307254321873 ], [ 298402.646471981483046, 5031199.437803442589939 ], [ 298363.591499408474192, 5031196.254872201010585 ], [ 298248.135224506084342, 5031174.370434274896979 ], [ 298208.065658938779961, 5031174.078877593390644 ], [ 298175.368218040850479, 5031188.671100245788693 ], [ 298155.745480974321254, 5031208.139356527477503 ], [ 298088.464172620209865, 5031302.337007451802492 ], [ 298085.962742060713936, 5031305.006771566346288 ], [ 298049.223165723786224, 5031344.163483578711748 ], [ 298025.423818227776792, 5031408.643896348774433 ], [ 298024.800240765558556, 5031483.656679899431765 ], [ 298041.343114746210631, 5031512.310194360092282 ], [ 298060.693403797748033, 5031531.959292201325297 ], [ 298086.221963691292331, 5031548.045726786367595 ], [ 298090.059091580158565, 5031550.486474823206663 ], [ 298130.627475491492078, 5031580.670467544347048 ], [ 298146.9191094841226, 5031594.433232048526406 ], [ 298180.27711328829173, 5031614.734682977199554 ], [ 298230.526150938007049, 5031623.794621843844652 ], [ 298275.441412324900739, 5031620.969676916487515 ], [ 298332.160607627825812, 5031605.908714247867465 ], [ 298352.191451606980991, 5031603.554452896118164 ], [ 298418.240461693552788, 5031605.376335074193776 ], [ 298489.381788039172534, 5031612.972514276392758 ], [ 298567.730290082050487, 5031628.563649964518845 ], [ 298666.280259880877566, 5031656.693626891821623 ], [ 298726.713723263179418, 5031678.63858125731349 ], [ 298753.879787027777638, 5031691.058883628807962 ], [ 298804.209445386135485, 5031704.123969791457057 ], [ 298890.95344871171983, 5031745.604210124351084 ], [ 298937.294280755100772, 5031761.674591436982155 ], [ 298969.627955034957267, 5031778.091660768724978 ], [ 299004.771182213618886, 5031786.505014897324145 ], [ 299075.220024229434785, 5031810.111037998460233 ], [ 299117.07716490450548, 5031801.40503729134798 ], [ 299133.118603207520209, 5031801.057186569087207 ], [ 299252.500794375606347, 5031765.834044978022575 ], [ 299285.362988244451117, 5031761.248874855227768 ], [ 299290.649068792234175, 5031721.126653351821005 ] ] ], [ [ [ 299218.510977253608871, 5031822.42879440728575 ], [ 299190.496322014078032, 5031822.009183728136122 ], [ 299153.645552411151584, 5031828.70987977553159 ], [ 299108.654044361843262, 5031832.528791576623917 ], [ 299075.631297798769083, 5031832.11422280035913 ], [ 299028.519822506350465, 5031828.045470758341253 ], [ 298982.340736929210834, 5031816.86394773889333 ], [ 298941.006614060199354, 5031798.677119048312306 ], [ 298869.704734737286344, 5031783.963727901689708 ], [ 298815.382212936296128, 5031768.012556896544993 ], [ 298762.1596476167324, 5031756.950479034334421 ], [ 298721.924866342393216, 5031743.764843141660094 ], [ 298650.29515460098628, 5031715.051988985389471 ], [ 298567.953147441148758, 5031695.57426090259105 ], [ 298531.626163596112747, 5031678.274197351187468 ], [ 298504.54975140444003, 5031677.745575187727809 ], [ 298497.419741995690856, 5031668.862384296953678 ], [ 298506.334590828453656, 5031662.741364802233875 ], [ 298524.249464426306076, 5031657.389281643554568 ], [ 298532.839277793245856, 5031639.155555099248886 ], [ 298526.808815248368774, 5031634.271883278153837 ], [ 298510.683731278928462, 5031629.620553818531334 ], [ 298484.703674808202777, 5031630.091082911007106 ], [ 298455.837389658787288, 5031639.677211639471352 ], [ 298412.960743774659932, 5031646.388318193145096 ], [ 298323.383905504480936, 5031670.150346129201353 ], [ 298276.516770900983829, 5031676.977619597688317 ], [ 298214.541859862685669, 5031679.153609124012291 ], [ 298212.670046314480714, 5031685.15653867367655 ], [ 298227.863590777502395, 5031696.920339684002101 ], [ 298257.063076902297325, 5031707.336053378880024 ], [ 298338.797327819862403, 5031743.813091677613556 ], [ 298376.22817277762806, 5031769.112212823703885 ], [ 298502.517865189758595, 5031836.884468894451857 ], [ 298544.866306276351679, 5031851.066764898598194 ], [ 298568.975333282374777, 5031858.599630003795028 ], [ 298730.319666847412009, 5031928.564433862455189 ], [ 298783.704032154928427, 5031946.62722250353545 ], [ 298815.790045936999377, 5031950.041635331697762 ], [ 298862.737643146014307, 5031947.10781475994736 ], [ 298932.60680698021315, 5031937.818574630655348 ], [ 299038.062283671926707, 5031908.827579555101693 ], [ 299086.881152762973215, 5031898.003553004935384 ], [ 299193.026228897098918, 5031851.011620449833572 ], [ 299217.738312322413549, 5031833.5423878505826 ], [ 299218.510977253608871, 5031822.42879440728575 ] ] ], [ [ [ 291862.64359903242439, 5032512.696286348626018 ], [ 291822.381203594792169, 5032490.886665724217892 ], [ 291822.066992800566368, 5032528.226852635852993 ], [ 291862.64359903242439, 5032512.696286348626018 ] ] ], [ [ [ 291834.896220833470579, 5032412.959040131419897 ], [ 291829.157771509606391, 5032400.079836538992822 ], [ 291823.044572699174751, 5032395.202739384025335 ], [ 291822.86506766511593, 5032421.985334052704275 ], [ 291822.799198240158148, 5032427.986466404981911 ], [ 291832.651392372616101, 5032424.743399259634316 ], [ 291834.896220833470579, 5032412.959040131419897 ] ] ], [ [ [ 294466.430219797883183, 5030549.67343264259398 ], [ 294466.195415751542896, 5030549.673817997798324 ], [ 294452.19165045482805, 5030553.475204764865339 ], [ 294466.430219797883183, 5030549.67343264259398 ] ] ] ] } },
{ "type": "Feature", "properties": { "id": 46, "nom": "Sainte-Anne-de-Bellevue" }, "geometry": { "type": "MultiPolygon", "coordinates": [ [ [ [ 268803.327148288488388, 5029596.926758466288447 ], [ 268803.32714828843018, 5029604.926758457906544 ], [ 268815.327148292039055, 5029605.926758465357125 ], [ 268943.328124854655471, 5029548.926758465357125 ], [ 269047.329101416631602, 5029472.925781897269189 ], [ 269055.329101417504717, 5029489.925781900063157 ], [ 269001.329101415583864, 5029546.92675846349448 ], [ 269003.329101418319624, 5029549.926758456975222 ], [ 269034.329101418436039, 5029526.926758468151093 ], [ 269044.329101419367362, 5029524.926758462563157 ], [ 269065.329101415816694, 5029508.925781903788447 ], [ 269091.329101418319624, 5029493.925781907513738 ], [ 269158.329101417039055, 5029447.925781900063157 ], [ 269203.330077981227078, 5029423.925781903788447 ], [ 269432.331054539768957, 5029306.92578190099448 ], [ 269439.331054538954049, 5029296.924805345013738 ], [ 269435.331054541398771, 5029292.924805339425802 ], [ 269431.331054540583864, 5029291.924805334769189 ], [ 269228.330077980994247, 5029393.925781900063157 ], [ 269230.330077978782356, 5029398.925781898200512 ], [ 269189.329101415874902, 5029419.925781902857125 ], [ 269181.329101414419711, 5029417.92578190471977 ], [ 269134.329101415467449, 5029442.925781897269189 ], [ 269117.329101417039055, 5029428.925781895406544 ], [ 269121.329101418145001, 5029424.925781902857125 ], [ 269116.329101417562924, 5029419.925781897269189 ], [ 269113.329101415816694, 5029421.925781901925802 ], [ 269102.329101415525656, 5029424.925781898200512 ], [ 269045.32812485366594, 5029463.92578190099448 ], [ 268936.328124854539055, 5029542.926758466288447 ], [ 268813.327148292388301, 5029597.92675846349448 ], [ 268803.327148288488388, 5029596.926758466288447 ] ] ], [ [ [ 271559.120768526976462, 5033493.908817959018052 ], [ 271580.945100738317706, 5033504.06014854926616 ], [ 271566.188802194374148, 5033538.987940600141883 ], [ 271724.572738544899039, 5033608.658156458288431 ], [ 271706.500019810395315, 5033653.513706789352 ], [ 271934.776665777550079, 5033777.42367425840348 ], [ 272269.358844119589776, 5033959.034753491170704 ], [ 272368.056414742663037, 5034007.17109923902899 ], [ 272478.001887966878712, 5034071.180510458536446 ], [ 272517.545038562093396, 5034092.466455007903278 ], [ 272557.435903570905793, 5034109.445802289061248 ], [ 272578.822732093918603, 5034126.213323746807873 ], [ 272633.719580679142382, 5034154.591031734831631 ], [ 272688.297947997052688, 5034185.216855138540268 ], [ 272698.794097864010837, 5034190.22952230554074 ], [ 272709.782454623666126, 5034194.542987855151296 ], [ 272888.193108916981146, 5034278.656736362725496 ], [ 272975.179512167698704, 5034304.923193980939686 ], [ 273076.210595015611034, 5034356.520712462253869 ], [ 273091.150421854224987, 5034327.973771610297263 ], [ 273102.691736974113155, 5034307.553842818364501 ], [ 273139.288569021737203, 5034235.667063518427312 ], [ 273155.783310935366899, 5034202.416034756228328 ], [ 273170.227101190190297, 5034172.921913244761527 ], [ 273151.483874885074329, 5034166.770840141922235 ], [ 273178.531465964915697, 5033975.712668002583086 ], [ 273076.50753139751032, 5033941.779515639878809 ], [ 273094.546605482581072, 5033842.780151758342981 ], [ 273097.532511187775526, 5033829.758983940817416 ], [ 273101.483514827501494, 5033806.736741571687162 ], [ 273121.543385270691942, 5033704.727207602933049 ], [ 273142.494058234733529, 5033592.826667116954923 ], [ 273163.503381726972293, 5033475.805176523514092 ], [ 273200.480737361009233, 5033455.723165110684931 ], [ 273238.521997772739269, 5033458.763311552815139 ], [ 273252.552396181563381, 5033463.803660871461034 ], [ 273275.540655516728293, 5033445.791837397962809 ], [ 273282.510551555780694, 5033431.750388108193874 ], [ 273286.502845628419891, 5033416.728950168937445 ], [ 273293.522360412578564, 5033380.805371299386024 ], [ 273313.541593600763008, 5033284.795966688543558 ], [ 273323.546793298097327, 5033283.745830715633929 ], [ 273401.487975582131185, 5032925.729642992839217 ], [ 273407.550706018635537, 5032901.807178998365998 ], [ 273408.524097309855279, 5032892.796223458833992 ], [ 273410.487327020324301, 5032879.784939894452691 ], [ 273375.514724850188941, 5032863.733447708189487 ], [ 273288.528723307361361, 5032819.829548586159945 ], [ 273195.546359290776309, 5032767.734839303418994 ], [ 273134.559035937010776, 5032728.811355163343251 ], [ 272216.480902766517829, 5032039.816245704889297 ], [ 271229.534260968037415, 5031312.741874971427023 ], [ 271155.504776809830219, 5031269.798322590067983 ], [ 271058.479099156102166, 5031229.755228000693023 ], [ 270964.484530283429194, 5030468.772763004526496 ], [ 270930.517625004402362, 5030222.80179528426379 ], [ 270869.497353368613403, 5029692.711949206888676 ], [ 270859.036969629290979, 5029597.305067321285605 ], [ 270853.443784681265242, 5029546.771337315440178 ], [ 270850.531657749146689, 5029500.115642916411161 ], [ 270850.346679540467449, 5029499.930664708837867 ], [ 270848.346679539885372, 5029497.930664706975222 ], [ 270842.346679542446509, 5029493.930664712563157 ], [ 270837.345702979189809, 5029489.930664715357125 ], [ 270835.345702981401701, 5029486.930664710700512 ], [ 270817.34570297668688, 5029470.92968815471977 ], [ 270796.34570297942264, 5029459.929688148200512 ], [ 270789.345702980295755, 5029459.929688152857125 ], [ 270784.345702978724148, 5029460.929688145406544 ], [ 270779.34570298017934, 5029455.929688147269189 ], [ 270772.344726418901701, 5029455.929688147269189 ], [ 270762.344726415642072, 5029459.929688152857125 ], [ 270757.344726416573394, 5029462.929688152857125 ], [ 270752.344726417446509, 5029467.92968815099448 ], [ 270746.344726415467449, 5029472.929688150063157 ], [ 270741.344726417446509, 5029475.92968815471977 ], [ 270740.344726417039055, 5029470.92968815471977 ], [ 270740.34472641791217, 5029461.92968815471977 ], [ 270744.344726416515186, 5029449.92968815099448 ], [ 270747.344726416340563, 5029442.929688147269189 ], [ 270748.344726414885372, 5029434.92968815099448 ], [ 270741.344726418610662, 5029437.929688153788447 ], [ 270739.344726417795755, 5029442.92968815099448 ], [ 270736.344726417795755, 5029453.929688151925802 ], [ 270731.344726416748017, 5029454.929688149131835 ], [ 270729.344726413371973, 5029460.929688149131835 ], [ 270730.344726415118203, 5029471.929688149131835 ], [ 270730.344726416456979, 5029477.929688146337867 ], [ 270725.344726414303295, 5029478.929688149131835 ], [ 270719.344726416980848, 5029478.929688148200512 ], [ 270714.344726416515186, 5029479.929688150063157 ], [ 270709.34472641616594, 5029482.929688152857125 ], [ 270700.344726414070465, 5029482.92968815471977 ], [ 270691.344726416049525, 5029480.92968815099448 ], [ 270681.344726414245088, 5029478.929688148200512 ], [ 270675.344726417097263, 5029478.929688153788447 ], [ 270665.344726416748017, 5029477.929688148200512 ], [ 270659.343749853258487, 5029477.929688156582415 ], [ 270654.3437498571584, 5029475.92968815099448 ], [ 270633.343749851803295, 5029469.929688151925802 ], [ 270628.343749853607733, 5029468.929688150063157 ], [ 270617.34374985244358, 5029460.929688149131835 ], [ 270607.343749853549525, 5029455.929688152857125 ], [ 270524.34277329116594, 5029415.928711585700512 ], [ 270506.341796729131602, 5029407.928711587563157 ], [ 270500.341796730004717, 5029404.928711591288447 ], [ 270495.341796727734618, 5029400.928711585700512 ], [ 270489.34179672767641, 5029399.928711581975222 ], [ 270476.341796732041985, 5029399.928711586631835 ], [ 270473.341796731227078, 5029393.928711595013738 ], [ 270469.341796729539055, 5029387.928711590357125 ], [ 270466.341796730470378, 5029381.928711587563157 ], [ 270462.341796726279426, 5029374.92871158849448 ], [ 270459.34082016616594, 5029367.927735027857125 ], [ 270456.340820165001787, 5029362.927735027857125 ], [ 270453.340820163837634, 5029356.92773502599448 ], [ 270450.340820167213678, 5029351.927735025063157 ], [ 270445.340820166980848, 5029347.92773502599448 ], [ 270439.340820164303295, 5029346.927735021337867 ], [ 270434.340820168028586, 5029348.927735023200512 ], [ 270428.340820159239229, 5029348.927735022269189 ], [ 270423.340820161160082, 5029346.927735024131835 ], [ 270420.340820165409241, 5029341.927735026925802 ], [ 270417.340820167446509, 5029335.927735026925802 ], [ 270414.340820165467449, 5029330.927735024131835 ], [ 270408.340820167795755, 5029329.927735024131835 ], [ 270402.340820165816694, 5029327.927735028788447 ], [ 270392.339843604713678, 5029325.92773502599448 ], [ 270376.339843601221219, 5029323.927735027857125 ], [ 270368.339843604189809, 5029321.92773502599448 ], [ 270357.339843603607733, 5029316.927735024131835 ], [ 270351.339843602385372, 5029314.927735026925802 ], [ 270343.339843604189809, 5029312.927735024131835 ], [ 270334.339843604480848, 5029310.927735028788447 ], [ 270329.33984360541217, 5029308.927735022269189 ], [ 270322.339843600988388, 5029306.927735025063157 ], [ 270314.338867044076324, 5029304.927735028788447 ], [ 270294.338867042737547, 5029304.926758460700512 ], [ 270288.338867039245088, 5029303.926758460700512 ], [ 270281.338867042039055, 5029303.926758461631835 ], [ 270274.338867039477918, 5029302.926758465357125 ], [ 270263.338867043145001, 5029300.926758462563157 ], [ 270258.33886704291217, 5029299.926758459769189 ], [ 270249.338867042271886, 5029297.926758465357125 ], [ 270244.338867037789896, 5029296.926758459769189 ], [ 270236.33886704116594, 5029297.926758456975222 ], [ 270211.337890477327164, 5029287.926758458837867 ], [ 270173.337890478083864, 5029287.926758466288447 ], [ 270161.337890478840563, 5029281.926758460700512 ], [ 270154.33789047942264, 5029279.926758466288447 ], [ 270149.33789047569735, 5029278.926758462563157 ], [ 270142.337890476861503, 5029276.926758460700512 ], [ 270135.336913915758487, 5029273.926758464425802 ], [ 270126.336913916864432, 5029271.926758460700512 ], [ 270119.336913916456979, 5029269.926758460700512 ], [ 270110.336913915700279, 5029266.926758461631835 ], [ 270103.336913916806225, 5029264.926758462563157 ], [ 270095.336913916631602, 5029261.926758465357125 ], [ 270086.336913917795755, 5029259.926758459769189 ], [ 270081.336913915351033, 5029258.926758464425802 ], [ 270076.336913916456979, 5029256.92675846349448 ], [ 270071.336913916282356, 5029252.925781896337867 ], [ 270066.336913914594334, 5029250.925781898200512 ], [ 270061.336913918086793, 5029249.925781897269189 ], [ 270054.335937351570465, 5029246.92578190099448 ], [ 270032.385742042446509, 5029244.90625065099448 ], [ 269994.33593735616887, 5029244.925781898200512 ], [ 269942.334960794192739, 5029249.925781905651093 ], [ 269898.334960794949438, 5029243.925781896337867 ], [ 269897.334960790583864, 5029243.925781902857125 ], [ 269849.333984231052455, 5029245.925781899131835 ], [ 269847.333984230645001, 5029265.925781901925802 ], [ 269837.333984225988388, 5029263.925781898200512 ], [ 269839.333984228083864, 5029249.925781899131835 ], [ 269837.33398422866594, 5029246.925781898200512 ], [ 269775.333984227036126, 5029237.925781894475222 ], [ 269774.333984228316694, 5029231.92578190099448 ], [ 269772.552734229015186, 5029232.924805335700512 ], [ 269771.764648292039055, 5029235.29199284221977 ], [ 269770.975585793145001, 5029233.713867839425802 ], [ 269728.333007663371973, 5029237.925781902857125 ], [ 269731.333007671462838, 5029249.92578190471977 ], [ 269721.333007667737547, 5029254.925781902857125 ], [ 269710.333007668028586, 5029259.92578190099448 ], [ 269705.333007665700279, 5029262.925781901925802 ], [ 269701.333007670124061, 5029267.925781897269189 ], [ 269692.333007666224148, 5029266.925781895406544 ], [ 269666.333007664710749, 5029269.92578190471977 ], [ 269601.332031103083864, 5029286.925781899131835 ], [ 269599.332031101046596, 5029283.925781903788447 ], [ 269592.332031105645001, 5029286.925781896337867 ], [ 269591.332031105528586, 5029281.925781897269189 ], [ 269547.33203110517934, 5029296.92578190471977 ], [ 269541.332031103258487, 5029310.925781897269189 ], [ 269519.332031102268957, 5029315.925781896337867 ], [ 269487.331054540467449, 5029318.925781899131835 ], [ 269483.331054539361503, 5029321.925781901925802 ], [ 269470.331054540351033, 5029323.925781899131835 ], [ 269210.33007797843311, 5029455.925781899131835 ], [ 269200.330077976861503, 5029459.925781899131835 ], [ 269174.330077979131602, 5029468.925781900063157 ], [ 269173.330077979946509, 5029468.925781900063157 ], [ 269141.329101415816694, 5029475.925781897269189 ], [ 269050.329101418145001, 5029539.92675846349448 ], [ 268965.329101418028586, 5029651.926758462563157 ], [ 268975.329101416107733, 5029658.926758466288447 ], [ 268978.329101419483777, 5029652.926758461631835 ], [ 268984.329101417446509, 5029655.926758462563157 ], [ 268977.329101415991317, 5029666.927735024131835 ], [ 268989.329101413954049, 5029686.927735022269189 ], [ 268985.32910141616594, 5029711.927735028788447 ], [ 269000.330077978258487, 5029758.927735020406544 ], [ 268993.330077982740477, 5029768.927735025063157 ], [ 269021.33105454017641, 5029823.928711584769189 ], [ 269029.331054539361503, 5029820.928711590357125 ], [ 269031.331054543901701, 5029835.928711591288447 ], [ 269026.331054541049525, 5029839.928711583837867 ], [ 269029.331054540292826, 5029845.928711584769189 ], [ 269036.331054537731688, 5029839.928711585700512 ], [ 269039.331054537033197, 5029844.928711585700512 ], [ 269033.331054542562924, 5029847.928711589425802 ], [ 269033.331054542213678, 5029852.928711587563157 ], [ 269041.331054541049525, 5029863.928711591288447 ], [ 269038.331054539477918, 5029867.92871158849448 ], [ 269038.331054541224148, 5029869.928711586631835 ], [ 269036.331054537557065, 5029875.928711591288447 ], [ 269028.331054543145001, 5029888.928711590357125 ], [ 269024.331054540351033, 5029892.928711586631835 ], [ 269018.331054540292826, 5029899.928711585700512 ], [ 269014.331054542155471, 5029904.92871158849448 ], [ 269007.331054540059995, 5029912.929688145406544 ], [ 269004.331054542039055, 5029917.929688152857125 ], [ 268996.331054539303295, 5029927.92968815099448 ], [ 268993.331054541689809, 5029932.929688150063157 ], [ 268988.331054538837634, 5029935.929688149131835 ], [ 268981.331054540292826, 5029940.929688145406544 ], [ 268977.926409356179647, 5029944.33433333132416 ], [ 269019.47174984117737, 5029988.779206968843937 ], [ 269010.456173910934012, 5030000.720782164484262 ], [ 269054.456091500353068, 5030070.710141028277576 ], [ 269202.423201108933426, 5029879.725367965176702 ], [ 269451.459031906735618, 5030287.740572607144713 ], [ 269611.475804412970319, 5030543.785090113990009 ], [ 269610.427798406453803, 5030580.798196092247963 ], [ 269600.438387736794539, 5030642.75339366029948 ], [ 269595.422771022131201, 5030697.787969386205077 ], [ 269589.458825623616576, 5030736.721264182589948 ], [ 269589.458380246825982, 5030777.724613464437425 ], [ 269590.497173625684809, 5030824.728579083457589 ], [ 269594.456012535025366, 5030874.712828161194921 ], [ 269580.466624226653948, 5030906.805738001130521 ], [ 269527.470926264650188, 5030973.772273131646216 ], [ 269228.491877333493903, 5031514.785879689268768 ], [ 269159.47952546965098, 5032015.824347896501422 ], [ 268936.465959622466471, 5032127.786022122949362 ], [ 269513.423593763320241, 5033038.81294181663543 ], [ 269623.419183814083226, 5032966.735570249147713 ], [ 269895.475915742164943, 5032656.825019721873105 ], [ 269902.453961598628666, 5032659.785290874540806 ], [ 269745.460726257588249, 5033033.731418117880821 ], [ 269839.426215103711002, 5033061.773633163422346 ], [ 269783.415313988982234, 5033191.776360153220594 ], [ 269866.427499868965242, 5033218.758569517172873 ], [ 269952.43880291248206, 5033038.800712866708636 ], [ 270061.474124902917538, 5033075.763010467402637 ], [ 270183.48331358388532, 5033167.770626849494874 ], [ 270353.504982105921954, 5033240.747479462996125 ], [ 270428.436488444218412, 5033064.73977511189878 ], [ 270567.442992256896105, 5033131.776831251569092 ], [ 270613.436160474666394, 5033100.743535707704723 ], [ 270619.482940745423548, 5033075.820917154662311 ], [ 270950.438629810581915, 5033223.835774318315089 ], [ 271103.443250589829404, 5033290.802449212409556 ], [ 271041.456015092902817, 5033417.824682361446321 ], [ 271358.45458726742072, 5033562.828994563780725 ], [ 271419.468437502393499, 5033428.816049050539732 ], [ 271559.120768526976462, 5033493.908817959018052 ] ] ] ] } },
{ "type": "Feature", "properties": { "id": 47, "nom": "Anjou" }, "geometry": { "type": "MultiPolygon", "coordinates": [ [ [ [ 296816.967249440029263, 5052525.719853310845792 ], [ 296889.936238738999236, 5052560.633961129002273 ], [ 296988.194286980491597, 5052611.520402299240232 ], [ 297117.917671764269471, 5052691.597585008479655 ], [ 297240.241862967784982, 5052782.688553535379469 ], [ 297354.151878151053097, 5052884.127289322204888 ], [ 297495.864721529302187, 5053021.987146851606667 ], [ 297549.893469530798029, 5053074.49011096637696 ], [ 298032.364421323640272, 5053543.485750229097903 ], [ 298220.414817633572966, 5053726.320964111015201 ], [ 298391.438241967989597, 5053892.620484108105302 ], [ 298556.676855650206562, 5054053.373834161087871 ], [ 298796.98726576496847, 5054286.962293677031994 ], [ 298893.293680196511559, 5054380.555693388916552 ], [ 299029.631841500173323, 5054513.121203385293484 ], [ 299471.758887770934962, 5054925.254669866524637 ], [ 299485.317693620163482, 5054917.019270773977041 ], [ 299498.876535187824629, 5054908.783901240676641 ], [ 299525.760337328363676, 5054892.202315215021372 ], [ 299821.413870825024787, 5054710.146000224165618 ], [ 299900.200567928259261, 5054661.629703481681645 ], [ 300149.349199306394439, 5054508.297963362187147 ], [ 300374.35132660047384, 5054372.552279715426266 ], [ 300593.203135628136806, 5054236.48547712340951 ], [ 300790.552021172537934, 5054113.77609181124717 ], [ 300791.954991748498287, 5054112.886128294281662 ], [ 300814.247051161888521, 5054099.313651965931058 ], [ 300863.196450461749919, 5054069.610130149871111 ], [ 301020.959059507586062, 5053972.16029835306108 ], [ 301022.67393253208138, 5053971.159065403975546 ], [ 301050.812963814823888, 5053953.805386827327311 ], [ 301062.894865989801474, 5053946.352245514281094 ], [ 301147.079036612296477, 5053894.070008120499551 ], [ 301373.603782827965915, 5053753.358614942990243 ], [ 302031.794556751614437, 5053333.617159331217408 ], [ 301972.14228681800887, 5053173.723779207095504 ], [ 301899.791900422424078, 5052882.366860176436603 ], [ 301847.202140865440015, 5052665.127040052786469 ], [ 301390.072129790962208, 5052779.60403449088335 ], [ 301363.797916057461407, 5052795.621529126539826 ], [ 301268.67124796792632, 5052696.988684482872486 ], [ 301266.325705424766056, 5052686.765801236964762 ], [ 301259.99845287122298, 5052669.321546692401171 ], [ 301231.653817626764067, 5052610.881862343288958 ], [ 301236.020551624533255, 5052609.32351438049227 ], [ 301233.756212218548171, 5052604.879497963003814 ], [ 301229.467468960792758, 5052606.437802959233522 ], [ 301204.402805305900984, 5052556.331326034851372 ], [ 301190.664587819366716, 5052536.779889793135226 ], [ 301329.851094613142777, 5052477.133992346003652 ], [ 301284.626953839033376, 5052361.3590296683833 ], [ 301277.36309032374993, 5052343.248496972024441 ], [ 301275.409981785167474, 5052337.581832957454026 ], [ 301262.764280560135376, 5052319.474353385157883 ], [ 301356.564277215045877, 5052264.522483247332275 ], [ 301424.096714992308989, 5052239.591956678777933 ], [ 301447.490770081582014, 5052229.688569203019142 ], [ 301499.27134083135752, 5052210.546216184273362 ], [ 301590.278037688869517, 5052176.936799072660506 ], [ 301567.702773181546945, 5052111.824724147096276 ], [ 301563.009058929339517, 5052085.266462914645672 ], [ 301555.974552226718515, 5052057.264696436934173 ], [ 301551.827212543226779, 5052031.595223043113947 ], [ 301609.685009847395122, 5051995.225090281106532 ], [ 301599.770194733166136, 5051978.226872626692057 ], [ 301592.118504302634392, 5051963.450161217711866 ], [ 301552.3018319910625, 5051894.12399282772094 ], [ 301871.709888327110093, 5051704.263062223792076 ], [ 301852.889485027058981, 5051659.040969535708427 ], [ 301901.788844716618769, 5051637.79181269928813 ], [ 301951.301968676911201, 5051421.949785493314266 ], [ 301952.391551900887862, 5051416.392666231840849 ], [ 301939.834785110317171, 5051421.955018126405776 ], [ 301935.778366433514748, 5051421.956874157302082 ], [ 301941.690678065468092, 5051386.280649903230369 ], [ 301945.19030837767059, 5051362.718971219845116 ], [ 301839.204398722737096, 5051422.001838776282966 ], [ 301834.369269389368128, 5051424.893573311157525 ], [ 301734.469921172538307, 5051483.953075535595417 ], [ 301724.008092702890281, 5051465.954750052653253 ], [ 301510.02301341923885, 5051594.421661324799061 ], [ 301450.678367423824966, 5051482.098205973394215 ], [ 301545.972017820982728, 5051421.925238552503288 ], [ 301700.691819470142946, 5051324.605765759013593 ], [ 301621.683260587451514, 5051200.288207266479731 ], [ 301356.19916539179394, 5051318.006848452612758 ], [ 301308.46879355161218, 5051338.370546657592058 ], [ 301287.429246653511655, 5051240.25236988812685 ], [ 301299.828721714497078, 5051232.799546306021512 ], [ 301304.971076067129616, 5051221.461162249557674 ], [ 301302.702743525907863, 5051210.682583356276155 ], [ 301303.091492431005463, 5051208.348584842868149 ], [ 301329.608478730777279, 5051196.331515396945179 ], [ 301302.781978817365598, 5051073.322860519401729 ], [ 301327.89241249288898, 5051056.083350107073784 ], [ 301351.455992069328204, 5050921.377850355580449 ], [ 301378.130013306450564, 5050908.805244963616133 ], [ 301217.068331368442159, 5050566.830014980398118 ], [ 301098.595501361123752, 5050630.466671709902585 ], [ 301036.667062615219038, 5050530.373381173238158 ], [ 301169.651069730927702, 5050463.615422845818102 ], [ 301148.871939778735396, 5050419.39685520529747 ], [ 301070.826086759974714, 5050246.076511124148965 ], [ 301062.700108989083674, 5050226.633211398497224 ], [ 301042.308955820160918, 5050181.414590358734131 ], [ 301022.855407385795843, 5050138.862646784633398 ], [ 300981.991534002416302, 5050044.980695233680308 ], [ 300314.868618218519259, 5050361.927999006584287 ], [ 300032.378080403257627, 5050496.718105029314756 ], [ 299384.069417984574102, 5050807.193889325484633 ], [ 299365.682051823998336, 5050745.42021325416863 ], [ 299169.331297895230819, 5050850.947369025088847 ], [ 299130.344547288026661, 5050873.986990650184453 ], [ 299017.372950888471678, 5050951.994229428470135 ], [ 298980.339487489196472, 5050976.922238282859325 ], [ 298889.346618512121495, 5051028.906403298489749 ], [ 298853.394994534028228, 5051041.942971718497574 ], [ 298828.357654018036555, 5051046.967781610786915 ], [ 298814.395284936064854, 5051048.981509136036038 ], [ 298783.346218792314176, 5051049.01129253488034 ], [ 298764.394808032375295, 5051054.919568445533514 ], [ 298758.388799450127408, 5051055.925557920709252 ], [ 298783.325814323616214, 5051108.911719610914588 ], [ 298584.359260625089519, 5051229.907269414514303 ], [ 297857.336702352738939, 5051683.981669563800097 ], [ 297621.387913941289298, 5051833.943683056160808 ], [ 297529.333730653510429, 5051891.95013259164989 ], [ 297225.354776658990886, 5052082.014404430985451 ], [ 296759.357936384854838, 5052365.98469658382237 ], [ 296870.374129580450244, 5052448.970267009921372 ], [ 296816.967249440029263, 5052525.719853310845792 ] ] ] ] } }
]
}
