"COL0","COL1","COL2","COL3","COL4","COL5","COL6","COL7","COL8","COL9","COL10","COL11","COL12","COL13","COL14","COL15","COL16","COL17","COL18","COL19","COL20","COL21","COL22","COL23","COL24","COL25","COL26","COL27","COL28","COL29","COL30","COL31","COL32","COL33"
"4620000.00","462","Montréal","0000.00",4098927.00,4.20,890.20,66.70,16.40,146085.00,711775.00,151365.00,2.30,33040.00,29665.00,961760.00,765545.00,423420.00,15.50,36.00,777.00,842.00,111595.00,300794.00,15.30,14.80,17.20,40.60,179265.00,70865.00,936305.00,3002625.00,117890.00,204725.00
"4620001.00","462","Montréal","0001.00",2638.00,1.20,5710.00,71.70,15.90,455.00,795.00,5.00,1.90,31629.00,28718.00,640.00,700.00,390.00,22.70,36.00,731.00,778.00,105.00,297350.00,18.90,18.50,18.30,42.50,45.00,10.00,405.00,2285.00,55.00,120.00
"4620002.00","462","Montréal","0002.00",3516.00,15.70,9029.30,68.00,16.40,385.00,1015.00,155.00,2.00,30296.00,27512.00,720.00,1050.00,560.00,22.20,38.10,727.00,757.00,130.00,259273.00,20.40,17.90,27.00,41.10,70.00,20.00,435.00,2880.00,60.00,130.00
"4620003.00","462","Montréal","0003.00",6373.00,2.20,8612.20,67.80,16.70,805.00,1685.00,15.00,2.10,30149.00,27539.00,1170.00,1770.00,800.00,22.60,30.00,711.00,745.00,235.00,323884.00,18.30,17.50,16.30,42.00,275.00,40.00,1430.00,4780.00,205.00,310.00
"4620004.00","462","Montréal","0004.00",3176.00,-2.60,7087.70,69.60,18.30,350.00,900.00,0.00,1.90,31152.00,28208.00,595.00,1010.00,415.00,18.50,30.20,692.00,727.00,95.00,330575.00,18.90,18.60,21.20,43.80,100.00,40.00,400.00,2700.00,85.00,125.00
"4620005.00","462","Montréal","0005.00",3060.00,-3.30,5418.80,69.40,17.30,420.00,930.00,0.00,1.90,30443.00,27616.00,570.00,1005.00,515.00,23.50,39.00,702.00,720.00,125.00,324554.00,19.70,19.20,21.90,43.10,125.00,20.00,395.00,2620.00,45.00,105.00
"4620006.00","462","Montréal","0006.00",4467.00,0.20,6891.40,69.10,12.90,355.00,1445.00,0.00,2.20,26496.00,24800.00,525.00,1440.00,605.00,28.80,31.60,713.00,763.00,180.00,349548.00,26.90,25.00,21.50,38.20,195.00,35.00,840.00,3400.00,145.00,325.00
"4620007.00","462","Montréal","0007.00",5682.00,-0.70,5210.50,69.30,17.50,445.00,1470.00,105.00,2.00,32361.00,29081.00,1445.00,1360.00,640.00,13.10,33.10,682.00,725.00,225.00,300514.00,17.00,16.00,19.00,43.10,300.00,30.00,1175.00,4445.00,200.00,280.00
"4620008.00","462","Montréal","0008.00",3016.00,2.50,4842.60,70.30,14.60,370.00,705.00,30.00,2.10,36275.00,31927.00,785.00,710.00,275.00,12.70,24.60,701.00,743.00,135.00,300922.00,11.80,11.70,13.60,41.40,75.00,10.00,395.00,2745.00,95.00,95.00
"4620009.00","462","Montréal","0009.00",3470.00,-0.50,813.80,73.70,12.40,455.00,920.00,5.00,2.10,31081.00,28151.00,695.00,980.00,395.00,16.50,28.40,735.00,759.00,195.00,299474.00,17.10,16.90,15.30,40.10,110.00,75.00,585.00,2840.00,75.00,160.00
"4620010.00","462","Montréal","0010.00",1479.00,3.60,1605.00,71.50,12.90,240.00,390.00,5.00,2.00,30059.00,27607.00,255.00,440.00,200.00,15.40,36.40,758.00,760.00,35.00,299285.00,18.90,16.40,23.70,40.30,120.00,0.00,285.00,1195.00,40.00,70.00
"4620011.00","462","Montréal","0011.00",6622.00,5.40,5301.80,61.00,25.40,380.00,1615.00,235.00,2.00,34359.00,30808.00,1425.00,1400.00,580.00,13.00,28.60,703.00,730.00,140.00,348676.00,17.70,14.40,25.70,46.20,315.00,55.00,1495.00,4230.00,220.00,360.00
"4620012.01","462","Montréal","0012.01",2502.00,3.60,10525.90,65.00,21.00,135.00,1175.00,10.00,1.90,25015.00,23829.00,130.00,1175.00,420.00,33.30,31.50,721.00,758.00,85.00,400512.00,24.80,22.30,26.70,43.30,155.00,20.00,705.00,1775.00,80.00,115.00
"4620012.02","462","Montréal","0012.02",4034.00,-0.10,10176.60,65.70,20.70,210.00,1625.00,175.00,1.90,25344.00,23979.00,230.00,1790.00,625.00,31.10,31.10,713.00,749.00,105.00,400975.00,27.50,26.20,30.70,43.20,525.00,75.00,1345.00,2455.00,140.00,300.00
"4620013.00","462","Montréal","0013.00",5166.00,7.10,4764.80,63.20,26.40,695.00,1450.00,280.00,1.80,33920.00,30379.00,1055.00,1705.00,865.00,21.00,37.50,731.00,967.00,190.00,324680.00,16.60,16.90,16.30,47.90,180.00,50.00,820.00,3995.00,105.00,230.00
"4620014.01","462","Montréal","0014.01",7545.00,12.50,8375.00,77.60,9.90,210.00,3515.00,155.00,1.80,30941.00,28022.00,1630.00,2460.00,1170.00,19.40,35.00,675.00,708.00,330.00,278957.00,26.90,25.20,32.60,38.30,480.00,270.00,1840.00,5295.00,375.00,415.00
"4620014.02","462","Montréal","0014.02",0.00,-100.00,0.00,,,,,,,,,,,,,,,,,,,,,,,,,,,
"4620015.00","462","Montréal","0015.00",4103.00,1.50,10883.30,76.90,8.80,135.00,1960.00,100.00,1.80,30485.00,27528.00,665.00,1545.00,740.00,31.80,34.30,701.00,745.00,215.00,268622.00,26.60,23.60,47.00,37.00,150.00,65.00,545.00,3270.00,100.00,115.00
"4620016.00","462","Montréal","0016.00",2539.00,1.00,4893.00,72.00,15.60,45.00,1125.00,5.00,1.90,25664.00,24192.00,280.00,865.00,430.00,26.80,40.20,742.00,783.00,155.00,270183.00,30.30,27.90,41.40,41.90,55.00,15.00,230.00,1955.00,15.00,45.00
"4620017.00","462","Montréal","0017.00",2141.00,4.40,9541.00,76.20,10.30,35.00,1150.00,0.00,1.80,29408.00,27088.00,355.00,795.00,395.00,30.00,36.20,766.00,771.00,90.00,267535.00,23.80,22.20,34.10,38.10,75.00,10.00,225.00,1775.00,40.00,70.00
"4620018.00","462","Montréal","0018.00",2004.00,1.40,5448.60,78.80,9.00,35.00,1050.00,35.00,1.70,28245.00,25446.00,220.00,900.00,375.00,18.60,36.90,685.00,726.00,150.00,299932.00,26.50,26.40,32.40,37.70,70.00,40.00,220.00,1695.00,30.00,30.00
"4620019.00","462","Montréal","0019.00",2340.00,-2.00,7029.10,72.40,15.80,75.00,1070.00,135.00,1.80,24416.00,23179.00,325.00,1025.00,400.00,18.50,33.30,692.00,717.00,135.00,300701.00,33.00,27.00,58.10,40.00,80.00,20.00,300.00,2115.00,35.00,85.00
"4620021.00","462","Montréal","0021.00",2891.00,-2.90,6523.00,78.50,8.10,10.00,1330.00,85.00,2.00,20999.00,20237.00,200.00,1260.00,510.00,32.50,35.60,720.00,743.00,180.00,268605.00,35.70,33.30,41.70,36.30,105.00,75.00,320.00,2470.00,90.00,90.00
"4620022.00","462","Montréal","0022.00",1550.00,-1.80,9069.60,81.30,8.70,60.00,735.00,5.00,1.90,27600.00,25696.00,190.00,570.00,200.00,18.40,30.10,764.00,830.00,115.00,279505.00,26.40,24.20,33.30,37.90,20.00,30.00,170.00,1140.00,30.00,50.00
"4620023.00","462","Montréal","0023.00",1282.00,2.20,3581.00,80.50,8.60,50.00,625.00,0.00,1.90,24421.00,22822.00,140.00,540.00,200.00,20.70,31.50,753.00,751.00,85.00,279344.00,31.20,28.90,47.60,37.40,100.00,20.00,225.00,1130.00,35.00,75.00
"4620024.00","462","Montréal","0024.00",2647.00,1.80,9594.10,79.60,10.60,60.00,1300.00,70.00,1.80,23988.00,22739.00,270.00,1195.00,430.00,22.60,31.00,703.00,746.00,165.00,268986.00,29.10,26.80,47.30,38.30,140.00,70.00,465.00,2125.00,120.00,95.00
"4620025.00","462","Montréal","0025.00",3016.00,-2.00,13500.40,77.10,11.80,45.00,1445.00,5.00,1.90,26778.00,25051.00,335.00,1120.00,410.00,23.90,29.50,758.00,784.00,150.00,250230.00,27.30,25.40,41.50,39.50,155.00,45.00,450.00,2260.00,90.00,90.00
"4620026.00","462","Montréal","0026.00",2581.00,12.20,14757.00,79.50,10.50,55.00,1370.00,65.00,1.70,29824.00,27008.00,460.00,1045.00,495.00,18.50,39.00,693.00,727.00,120.00,245554.00,27.20,23.10,52.80,38.30,60.00,20.00,300.00,2160.00,35.00,70.00
"4620027.00","462","Montréal","0027.00",1650.00,1.90,17386.70,81.50,8.80,105.00,810.00,0.00,1.80,24875.00,23744.00,185.00,750.00,320.00,32.40,34.70,710.00,771.00,95.00,300367.00,26.10,27.30,37.90,36.80,50.00,55.00,180.00,1485.00,45.00,60.00
"4620028.00","462","Montréal","0028.00",2077.00,5.20,13178.90,82.00,7.20,10.00,1115.00,0.00,1.80,26976.00,25344.00,240.00,945.00,435.00,29.20,38.10,775.00,831.00,135.00,299759.00,26.30,24.90,33.30,35.90,75.00,80.00,235.00,1830.00,30.00,40.00
"4620029.00","462","Montréal","0029.00",3679.00,-1.10,9170.00,78.50,12.10,160.00,1810.00,10.00,1.70,26706.00,24784.00,410.00,1570.00,625.00,20.70,34.10,702.00,729.00,235.00,279006.00,29.00,28.80,31.10,39.00,140.00,160.00,510.00,2800.00,105.00,85.00
"4620030.00","462","Montréal","0030.00",3131.00,-1.90,10381.30,79.90,10.10,70.00,1710.00,0.00,1.70,25872.00,24277.00,390.00,1430.00,730.00,26.00,43.70,695.00,730.00,190.00,289512.00,30.60,31.40,27.10,37.90,255.00,145.00,735.00,2115.00,80.00,150.00
"4620031.00","462","Montréal","0031.00",2659.00,1.50,10350.30,80.60,10.50,190.00,1170.00,55.00,1.70,27776.00,25523.00,390.00,1125.00,520.00,20.50,39.30,675.00,749.00,140.00,400110.00,25.90,27.90,26.00,39.30,190.00,180.00,620.00,1825.00,105.00,105.00
"4620032.00","462","Montréal","0032.00",1609.00,5.60,13049.50,84.70,6.20,125.00,770.00,50.00,1.70,26330.00,24341.00,195.00,760.00,375.00,31.60,41.40,655.00,694.00,125.00,321372.00,27.70,28.00,35.00,36.50,115.00,105.00,320.00,1100.00,25.00,85.00
"4620033.00","462","Montréal","0033.00",1735.00,1.90,11317.70,80.70,10.70,160.00,760.00,5.00,1.80,22857.00,21862.00,215.00,755.00,355.00,32.60,38.40,704.00,720.00,115.00,311141.00,31.40,30.20,40.50,38.50,85.00,95.00,330.00,1305.00,65.00,60.00
"4620034.00","462","Montréal","0034.00",2559.00,1.60,11985.90,80.30,9.40,105.00,1120.00,0.00,1.90,23232.00,22160.00,395.00,975.00,380.00,22.80,29.90,689.00,733.00,200.00,270198.00,30.30,29.40,29.80,38.70,215.00,90.00,695.00,1860.00,90.00,205.00
"4620035.00","462","Montréal","0035.00",2002.00,0.10,11036.40,80.30,8.50,50.00,1065.00,0.00,1.80,29072.00,26389.00,150.00,955.00,305.00,20.00,28.90,765.00,792.00,115.00,300277.00,25.60,24.20,30.30,36.40,90.00,155.00,290.00,1515.00,40.00,60.00
"4620036.00","462","Montréal","0036.00",2074.00,2.00,11174.60,83.90,6.50,45.00,1085.00,15.00,1.70,28000.00,25899.00,290.00,915.00,445.00,25.90,40.40,712.00,767.00,140.00,345418.00,26.80,26.90,33.30,36.80,95.00,135.00,405.00,1495.00,70.00,95.00
"4620037.00","462","Montréal","0037.00",3337.00,11.40,6598.80,68.80,23.40,130.00,935.00,1025.00,1.60,24320.00,23296.00,445.00,1660.00,810.00,28.10,41.50,707.00,734.00,115.00,250635.00,32.10,28.90,40.80,45.60,155.00,165.00,685.00,2370.00,120.00,115.00
"4620038.00","462","Montréal","0038.00",1917.00,-4.90,9115.50,76.80,9.70,55.00,730.00,190.00,1.90,22056.00,21196.00,245.00,755.00,255.00,22.90,27.20,671.00,682.00,90.00,290470.00,39.60,31.90,70.30,36.80,120.00,90.00,475.00,1465.00,75.00,145.00
"4620039.00","462","Montréal","0039.00",2366.00,34.30,4963.30,75.50,17.30,20.00,830.00,325.00,1.70,27046.00,24922.00,430.00,775.00,420.00,28.20,38.50,777.00,790.00,75.00,250384.00,28.50,25.70,58.60,43.30,180.00,130.00,490.00,1425.00,85.00,90.00
"4620040.00","462","Montréal","0040.00",0.00,,0.00,,,,,,,,,,,,,,,,,,,,,,,,,,,
"4620041.00","462","Montréal","0041.00",1680.00,2.70,6476.50,84.80,9.20,0.00,655.00,325.00,1.60,27157.00,25097.00,150.00,835.00,380.00,13.30,42.80,916.00,908.00,95.00,275684.00,27.50,27.20,29.00,39.10,150.00,170.00,400.00,1075.00,40.00,90.00
"4620042.00","462","Montréal","0042.00",944.00,4.90,9200.80,84.70,12.70,5.00,505.00,95.00,1.60,26720.00,24811.00,170.00,400.00,210.00,23.50,43.20,787.00,778.00,45.00,324114.00,31.60,28.30,47.80,42.90,80.00,120.00,210.00,590.00,40.00,15.00
"4620043.00","462","Montréal","0043.00",1015.00,6.40,2869.70,86.70,7.90,5.00,520.00,35.00,1.60,30699.00,27968.00,180.00,370.00,215.00,33.30,41.90,770.00,865.00,25.00,274729.00,27.40,27.30,38.50,40.90,65.00,85.00,190.00,580.00,10.00,25.00
"4620044.00","462","Montréal","0044.00",2053.00,-2.70,15051.30,84.10,9.50,15.00,1050.00,80.00,1.70,27200.00,24880.00,315.00,880.00,380.00,17.70,36.60,756.00,801.00,130.00,299759.00,30.50,27.80,47.40,39.40,125.00,175.00,460.00,1405.00,35.00,85.00
"4620045.00","462","Montréal","0045.00",1400.00,-4.20,11925.00,78.60,16.40,15.00,725.00,155.00,1.50,26336.00,24741.00,145.00,750.00,390.00,35.70,45.30,790.00,831.00,80.00,383171.00,31.30,31.30,26.10,43.90,55.00,95.00,285.00,1000.00,60.00,35.00
"4620046.00","462","Montréal","0046.00",1995.00,-0.90,12539.30,82.70,6.80,20.00,1135.00,5.00,1.70,31504.00,28608.00,380.00,840.00,360.00,21.10,33.90,750.00,788.00,70.00,285828.00,28.60,25.90,40.70,38.40,130.00,170.00,440.00,1390.00,50.00,95.00
"4620047.00","462","Montréal","0047.00",742.00,3.50,6272.20,87.20,4.10,15.00,365.00,0.00,1.90,27994.00,26272.00,75.00,295.00,135.00,33.30,37.30,825.00,868.00,40.00,240177.00,22.30,22.40,16.70,36.00,75.00,55.00,220.00,490.00,35.00,50.00
"4620048.00","462","Montréal","0048.00",2214.00,10.80,15780.50,85.30,5.00,25.00,1190.00,0.00,1.80,28416.00,26138.00,295.00,945.00,415.00,32.20,33.30,817.00,874.00,150.00,300131.00,24.10,23.30,25.00,34.40,185.00,110.00,525.00,1550.00,60.00,75.00
"4620049.00","462","Montréal","0049.00",1312.00,-0.50,7990.30,77.90,15.60,0.00,660.00,115.00,1.60,25621.00,24064.00,210.00,655.00,330.00,20.90,44.60,747.00,861.00,80.00,300792.00,33.30,29.40,55.00,40.50,50.00,135.00,235.00,985.00,50.00,45.00
"4620050.00","462","Montréal","0050.00",1308.00,-2.10,18526.90,70.60,17.20,10.00,475.00,195.00,1.70,20843.00,20467.00,115.00,550.00,245.00,26.10,38.70,726.00,769.00,60.00,349201.00,42.30,38.30,63.00,41.20,90.00,125.00,385.00,660.00,55.00,85.00
"4620051.00","462","Montréal","0051.00",1463.00,8.50,6836.40,82.90,10.20,50.00,690.00,75.00,1.70,27605.00,25792.00,185.00,660.00,355.00,21.10,47.70,836.00,943.00,90.00,349272.00,30.00,30.10,22.70,38.70,130.00,205.00,380.00,790.00,10.00,60.00
"4620052.00","462","Montréal","0052.00",1959.00,2.50,14063.20,75.50,16.60,45.00,655.00,390.00,1.70,20864.00,20224.00,100.00,970.00,370.00,40.00,34.20,773.00,787.00,80.00,399972.00,40.50,35.50,63.90,40.70,110.00,250.00,475.00,1120.00,100.00,120.00
"4620053.00","462","Montréal","0053.00",1088.00,7.90,10092.80,72.90,24.80,0.00,240.00,500.00,1.40,30656.00,28288.00,255.00,515.00,365.00,27.50,56.90,950.00,1014.00,30.00,300367.00,27.00,23.70,39.60,47.70,105.00,120.00,385.00,595.00,55.00,90.00
"4620054.00","462","Montréal","0054.00",1406.00,29.90,9342.20,85.80,10.70,0.00,545.00,140.00,1.50,38426.00,33248.00,335.00,395.00,245.00,28.40,39.70,950.00,984.00,70.00,310665.00,24.80,25.30,18.80,42.60,100.00,170.00,335.00,575.00,30.00,65.00
"4620055.01","462","Montréal","0055.01",4758.00,5.00,6500.00,78.50,14.80,0.00,1485.00,1320.00,1.70,52672.00,43077.00,1450.00,1345.00,785.00,23.40,33.20,1223.00,1227.00,195.00,484846.00,16.20,15.60,17.90,43.90,240.00,200.00,1305.00,2980.00,110.00,240.00
"4620055.02","462","Montréal","0055.02",822.00,6.10,625.50,63.00,32.10,0.00,5.00,450.00,1.80,68032.00,54315.00,325.00,80.00,105.00,23.40,37.50,1972.00,2022.00,65.00,648171.00,10.40,11.80,7.50,53.00,30.00,25.00,220.00,495.00,0.00,50.00
"4620056.00","462","Montréal","0056.00",1552.00,-0.60,5381.40,63.30,30.90,0.00,160.00,780.00,1.60,23787.00,22736.00,150.00,765.00,480.00,40.00,55.30,1238.00,1306.00,30.00,358790.00,36.10,27.50,52.10,49.50,85.00,150.00,795.00,555.00,30.00,230.00
"4620057.00","462","Montréal","0057.00",1617.00,22.50,11105.80,67.00,28.10,0.00,130.00,595.00,1.60,20032.00,19568.00,250.00,455.00,315.00,40.80,47.80,946.00,880.00,30.00,300386.00,42.20,39.10,54.50,48.60,150.00,130.00,535.00,445.00,25.00,220.00
"4620058.00","462","Montréal","0058.00",1123.00,17.30,7417.40,73.30,21.80,5.00,315.00,430.00,1.50,24224.00,23275.00,155.00,580.00,305.00,41.90,39.70,763.00,838.00,55.00,348666.00,38.10,32.90,58.30,44.60,130.00,110.00,480.00,450.00,40.00,145.00
"4620059.00","462","Montréal","0059.00",1384.00,1.80,6827.80,80.10,15.90,0.00,355.00,465.00,1.60,36565.00,32149.00,385.00,485.00,315.00,28.00,43.80,991.00,1070.00,80.00,411619.00,22.70,25.20,11.60,42.20,95.00,200.00,415.00,820.00,35.00,75.00
"4620060.00","462","Montréal","0060.00",1246.00,-24.30,13632.40,56.60,29.70,0.00,165.00,380.00,2.10,17285.00,17285.00,10.00,590.00,65.00,0.00,11.80,401.00,449.00,105.00,0.00,65.90,54.30,86.70,45.70,0.00,0.00,605.00,685.00,165.00,245.00
"4620061.00","462","Montréal","0061.00",699.00,15.20,3221.20,87.90,7.90,0.00,245.00,145.00,1.70,33792.00,29056.00,220.00,205.00,150.00,31.00,42.90,1161.00,1233.00,10.00,399478.00,29.90,29.90,18.20,37.80,35.00,75.00,245.00,400.00,0.00,20.00
"4620062.00","462","Montréal","0062.00",2492.00,23.40,3006.00,88.40,7.00,5.00,55.00,1450.00,1.60,33856.00,30016.00,670.00,870.00,695.00,41.20,51.20,1583.00,1624.00,20.00,445870.00,35.50,36.40,18.20,35.70,240.00,450.00,965.00,1135.00,25.00,115.00
"4620063.00","462","Montréal","0063.00",1134.00,185.60,3120.50,86.80,7.50,0.00,185.00,515.00,1.50,13952.00,13920.00,270.00,375.00,390.00,61.10,60.80,1002.00,1027.00,15.00,320167.00,52.60,52.90,55.60,34.10,130.00,230.00,390.00,305.00,10.00,75.00
"4620064.00","462","Montréal","0064.00",1763.00,-10.40,7342.80,87.80,7.40,0.00,150.00,880.00,1.70,13840.00,13576.00,205.00,865.00,685.00,55.00,69.50,1050.00,1352.00,55.00,897312.00,53.60,55.50,28.00,33.70,255.00,485.00,795.00,565.00,15.00,130.00
"4620065.01","462","Montréal","0065.01",6883.00,1.80,50277.60,86.70,7.00,5.00,365.00,3820.00,1.60,12121.00,12096.00,170.00,4080.00,2800.00,43.80,67.90,905.00,941.00,295.00,400959.00,59.60,61.70,36.10,32.50,1230.00,2630.00,2725.00,1560.00,115.00,315.00
"4620065.02","462","Montréal","0065.02",3642.00,41.20,25065.40,84.10,10.00,0.00,670.00,1515.00,1.60,15290.00,14965.00,240.00,1920.00,1390.00,53.20,66.70,1097.00,1149.00,140.00,399554.00,52.30,54.90,27.30,35.00,605.00,1045.00,1390.00,1140.00,55.00,165.00
"4620066.01","462","Montréal","0066.01",2939.00,5.80,12845.30,82.10,9.20,5.00,300.00,1245.00,1.90,14643.00,14448.00,325.00,1280.00,970.00,46.20,65.30,935.00,1092.00,125.00,401215.00,52.60,54.40,31.50,34.50,395.00,1060.00,1085.00,835.00,60.00,170.00
"4620066.02","462","Montréal","0066.02",2213.00,11.80,12246.80,74.90,18.80,25.00,485.00,1000.00,1.40,17821.00,17809.00,155.00,1345.00,860.00,35.50,60.20,741.00,804.00,75.00,448554.00,55.90,54.40,65.40,40.60,260.00,430.00,865.00,855.00,105.00,125.00
"4620067.00","462","Montréal","0067.00",1817.00,5.30,12394.30,72.50,9.10,15.00,485.00,70.00,2.20,23061.00,22438.00,260.00,540.00,175.00,25.50,20.40,723.00,722.00,70.00,400366.00,36.50,34.30,29.40,35.50,110.00,70.00,690.00,1095.00,160.00,175.00
"4620068.00","462","Montréal","0068.00",2053.00,-3.50,12743.60,68.00,8.30,0.00,490.00,50.00,2.80,16352.00,16352.00,45.00,645.00,90.00,0.00,12.50,379.00,502.00,115.00,570450.00,60.30,56.40,44.40,34.60,20.00,15.00,880.00,1065.00,315.00,275.00
"4620069.01","462","Montréal","0069.01",3959.00,7.10,9101.10,78.70,10.50,5.00,490.00,1270.00,1.90,41856.00,36608.00,1160.00,815.00,690.00,30.40,42.00,1401.00,1260.00,115.00,393557.00,23.40,22.90,16.00,38.80,325.00,425.00,1415.00,1865.00,75.00,180.00
"4620069.02","462","Montréal","0069.02",1469.00,641.90,5663.10,87.40,3.40,0.00,110.00,800.00,1.60,55893.00,45653.00,525.00,390.00,240.00,24.00,28.60,1147.00,1170.00,0.00,345495.00,14.30,12.90,20.00,34.30,115.00,35.00,425.00,990.00,55.00,95.00
"4620070.01","462","Montréal","0070.01",2002.00,64.10,7644.10,88.00,5.00,5.00,115.00,1180.00,1.60,58752.00,47637.00,745.00,545.00,390.00,26.80,35.20,1343.00,1427.00,20.00,400927.00,12.50,12.00,20.00,37.60,85.00,140.00,530.00,1340.00,40.00,70.00
"4620070.02","462","Montréal","0070.02",3334.00,150.30,9341.60,94.30,1.70,0.00,95.00,1940.00,1.50,51702.00,43057.00,1055.00,995.00,640.00,26.20,36.90,1380.00,1361.00,20.00,299921.00,13.90,14.00,10.00,32.10,235.00,190.00,805.00,2020.00,50.00,140.00
"4620071.00","462","Montréal","0071.00",0.00,,0.00,,,,,,,,,,,,,,,,,,,,,,,,,,,
"4620072.00","462","Montréal","0072.00",3585.00,2.00,1386.80,71.30,10.90,245.00,990.00,170.00,2.00,25003.00,23757.00,605.00,1195.00,395.00,17.50,24.30,642.00,643.00,180.00,399859.00,32.30,29.00,48.70,37.30,170.00,35.00,855.00,2715.00,165.00,250.00
"4620073.00","462","Montréal","0073.00",1848.00,49.20,5598.30,73.00,16.80,55.00,580.00,390.00,1.70,30421.00,27552.00,370.00,745.00,425.00,31.10,41.90,741.00,854.00,75.00,400597.00,29.30,25.50,50.00,41.70,80.00,55.00,375.00,1335.00,65.00,85.00
"4620074.00","462","Montréal","0074.00",3610.00,-2.10,9016.00,75.60,7.80,345.00,1085.00,5.00,2.10,29696.00,27173.00,625.00,1110.00,485.00,25.60,29.60,712.00,763.00,180.00,424319.00,26.50,23.00,31.50,36.30,140.00,90.00,665.00,2915.00,155.00,170.00
"4620075.00","462","Montréal","0075.00",2797.00,1.90,9045.90,75.20,10.50,110.00,980.00,75.00,2.00,25139.00,23648.00,310.00,1075.00,395.00,29.00,28.50,689.00,739.00,105.00,299980.00,29.60,25.60,41.40,37.20,125.00,70.00,545.00,2105.00,115.00,145.00
"4620076.00","462","Montréal","0076.00",2989.00,13.00,8100.30,77.60,11.50,50.00,1135.00,240.00,1.80,31488.00,28704.00,515.00,1065.00,385.00,19.40,26.30,700.00,759.00,120.00,348780.00,25.70,22.60,40.40,39.30,90.00,110.00,570.00,2115.00,140.00,125.00
"4620077.00","462","Montréal","0077.00",2967.00,25.50,7098.10,72.10,13.30,0.00,630.00,565.00,2.00,26672.00,25248.00,495.00,845.00,255.00,23.20,16.80,451.00,698.00,110.00,401270.00,35.30,31.60,37.70,39.50,115.00,80.00,995.00,1665.00,230.00,275.00
"4620078.00","462","Montréal","0078.00",4013.00,4.80,10773.20,68.50,17.90,80.00,1020.00,595.00,1.90,31787.00,28928.00,940.00,1105.00,435.00,17.00,24.70,666.00,846.00,115.00,448671.00,30.50,25.10,36.80,42.10,90.00,135.00,1325.00,2390.00,195.00,340.00
"4620079.00","462","Montréal","0079.00",4599.00,2.70,7716.40,77.10,11.10,40.00,2095.00,140.00,1.80,32832.00,29717.00,810.00,1735.00,600.00,22.80,24.10,761.00,815.00,205.00,348753.00,26.60,23.40,33.30,38.30,220.00,90.00,960.00,3510.00,145.00,245.00
"4620080.00","462","Montréal","0080.00",780.00,-5.50,8657.00,87.80,5.80,0.00,375.00,0.00,2.00,33536.00,29536.00,125.00,285.00,155.00,32.00,38.60,1162.00,1116.00,70.00,348690.00,16.00,15.40,33.30,34.10,50.00,60.00,185.00,590.00,15.00,45.00
"4620081.00","462","Montréal","0081.00",3501.00,16.80,13316.90,86.70,5.10,5.00,1495.00,610.00,1.60,35910.00,31543.00,770.00,1345.00,685.00,25.30,36.60,825.00,884.00,150.00,275268.00,20.80,19.20,37.10,36.10,125.00,150.00,680.00,2650.00,60.00,150.00
"4620082.00","462","Montréal","0082.00",2226.00,13.90,7417.50,76.90,8.10,10.00,775.00,310.00,2.00,24373.00,23047.00,180.00,940.00,300.00,20.00,28.70,717.00,728.00,150.00,300047.00,31.40,27.20,50.00,35.20,135.00,55.00,470.00,1700.00,65.00,145.00
"4620083.00","462","Montréal","0083.00",3339.00,2.80,8088.70,77.70,8.80,85.00,1565.00,5.00,1.90,30096.00,27285.00,485.00,1345.00,575.00,16.50,36.80,767.00,794.00,180.00,376662.00,23.60,22.40,20.00,37.10,125.00,95.00,570.00,2700.00,65.00,105.00
"4620084.00","462","Montréal","0084.00",2600.00,13.20,7547.20,66.70,21.70,75.00,855.00,375.00,1.80,26650.00,25024.00,325.00,965.00,465.00,21.20,41.70,839.00,884.00,105.00,299151.00,31.10,26.20,47.50,42.90,115.00,50.00,565.00,1800.00,170.00,135.00
"4620085.00","462","Montréal","0085.00",751.00,-9.00,662.90,76.70,9.30,55.00,255.00,0.00,2.10,26624.00,25152.00,115.00,205.00,100.00,29.20,31.70,782.00,800.00,25.00,324340.00,27.60,25.20,23.10,38.50,10.00,10.00,130.00,530.00,40.00,30.00
"4620086.00","462","Montréal","0086.00",4068.00,3.40,7719.20,69.50,18.90,400.00,1415.00,95.00,1.90,29989.00,27557.00,725.00,1405.00,535.00,16.70,29.50,702.00,727.00,140.00,399551.00,21.80,20.20,29.10,43.10,170.00,90.00,760.00,3175.00,70.00,115.00
"4620087.00","462","Montréal","0087.00",3406.00,-0.30,12975.20,73.00,7.90,335.00,995.00,235.00,2.20,26854.00,25216.00,550.00,1025.00,435.00,23.60,29.80,686.00,740.00,150.00,275248.00,28.20,25.90,32.70,35.60,210.00,45.00,945.00,2520.00,190.00,185.00
"4620088.00","462","Montréal","0088.00",3542.00,-0.10,10479.30,66.10,20.60,625.00,990.00,195.00,1.90,28480.00,26232.00,525.00,1290.00,570.00,21.90,35.40,729.00,741.00,240.00,399416.00,23.80,22.50,28.20,43.40,125.00,90.00,545.00,2800.00,65.00,95.00
"4620089.00","462","Montréal","0089.00",4888.00,-1.00,9292.80,70.90,15.40,860.00,1390.00,0.00,2.00,27334.00,25571.00,870.00,1575.00,745.00,23.10,34.60,723.00,745.00,230.00,399706.00,23.60,23.90,22.00,40.90,360.00,185.00,1390.00,3465.00,90.00,290.00
"4620090.00","462","Montréal","0090.00",4593.00,1.80,10544.10,68.60,15.50,1040.00,810.00,75.00,2.10,25267.00,24109.00,785.00,1330.00,680.00,29.30,33.70,702.00,727.00,130.00,399641.00,26.90,26.50,22.70,40.50,370.00,175.00,1555.00,2710.00,175.00,280.00
"4620091.00","462","Montréal","0091.00",5.00,,5.00,,,,,,,,,,,,,,,,,,,,,,,,,,,
"4620092.00","462","Montréal","0092.00",6124.00,2.10,10967.00,66.50,19.10,1655.00,610.00,105.00,2.10,27173.00,25163.00,1005.00,1795.00,825.00,27.90,30.60,704.00,726.00,215.00,401366.00,23.50,22.30,26.50,42.90,305.00,135.00,1645.00,4140.00,180.00,335.00
"4620093.00","462","Montréal","0093.00",3242.00,2.60,4409.70,74.20,11.90,785.00,630.00,10.00,2.10,27539.00,25613.00,525.00,1020.00,505.00,28.60,35.30,746.00,770.00,165.00,348234.00,24.10,22.60,23.60,39.00,205.00,40.00,680.00,2350.00,75.00,125.00
"4620094.01","462","Montréal","0094.01",6102.00,-0.30,3403.00,72.00,12.50,790.00,2035.00,100.00,2.00,22288.00,21379.00,500.00,2415.00,1090.00,35.00,37.70,722.00,771.00,310.00,394650.00,33.20,32.30,36.40,37.70,640.00,295.00,2535.00,3125.00,370.00,525.00
"4620094.02","462","Montréal","0094.02",5.00,-50.00,2.70,,,,,,,,,,,,,,,,,,,,,,,,,,,
"4620095.00","462","Montréal","0095.00",2109.00,4.50,9525.70,80.10,11.60,95.00,935.00,0.00,1.80,25600.00,23936.00,180.00,865.00,370.00,19.40,38.40,912.00,976.00,135.00,449187.00,28.90,29.70,18.20,37.40,110.00,180.00,475.00,1250.00,60.00,80.00
"4620096.00","462","Montréal","0096.00",2276.00,1.90,11786.60,74.50,10.10,560.00,465.00,50.00,2.10,30304.00,27691.00,480.00,645.00,315.00,15.80,36.90,962.00,996.00,185.00,376427.00,19.20,20.10,19.60,36.90,115.00,50.00,580.00,1725.00,55.00,100.00
"4620097.01","462","Montréal","0097.01",6285.00,0.10,17819.70,74.10,10.80,675.00,1265.00,1275.00,1.90,23567.00,22562.00,560.00,2730.00,1355.00,27.40,44.10,718.00,772.00,330.00,400480.00,32.80,33.70,30.80,38.40,990.00,275.00,3075.00,2915.00,295.00,445.00
"4620097.02","462","Montréal","0097.02",3831.00,5.50,9728.30,72.60,13.40,325.00,540.00,1085.00,1.90,21056.00,20538.00,275.00,1680.00,955.00,37.00,50.40,802.00,843.00,210.00,448696.00,42.90,42.90,28.00,39.30,900.00,320.00,1800.00,1545.00,155.00,225.00
"4620098.00","462","Montréal","0098.00",5332.00,-2.00,5139.80,64.80,17.60,495.00,835.00,10.00,2.40,33229.00,30222.00,1345.00,900.00,585.00,16.40,40.60,762.00,830.00,170.00,460322.00,15.80,15.70,16.80,41.50,225.00,105.00,2020.00,3195.00,145.00,350.00
"4620099.00","462","Montréal","0099.00",5627.00,-1.70,8138.60,62.10,20.00,125.00,1020.00,710.00,2.10,30688.00,28267.00,1135.00,1500.00,760.00,13.70,40.30,786.00,776.00,225.00,501352.00,21.60,20.60,28.30,41.90,240.00,180.00,2110.00,3350.00,230.00,290.00
"4620100.01","462","Montréal","0100.01",4061.00,-0.10,8864.90,66.40,15.30,390.00,785.00,355.00,2.20,28171.00,26103.00,585.00,1275.00,630.00,22.20,39.60,816.00,846.00,145.00,493908.00,22.50,24.10,17.10,39.60,395.00,225.00,1750.00,2060.00,165.00,270.00
"4620100.02","462","Montréal","0100.02",3474.00,-0.30,9769.40,66.30,13.00,385.00,575.00,270.00,2.40,25216.00,23883.00,495.00,960.00,515.00,29.30,39.30,776.00,804.00,170.00,450138.00,24.70,24.00,24.20,37.80,425.00,65.00,1725.00,1735.00,130.00,255.00
"4620101.01","462","Montréal","0101.01",4016.00,-1.80,11360.70,61.10,22.30,390.00,620.00,665.00,2.20,23434.00,22479.00,685.00,1110.00,570.00,19.90,39.40,743.00,787.00,180.00,424926.00,29.60,29.90,25.30,42.70,490.00,135.00,2160.00,1655.00,240.00,345.00
"4620101.02","462","Montréal","0101.02",3808.00,-2.30,10616.10,67.00,15.00,410.00,1035.00,0.00,2.40,22857.00,21906.00,335.00,1205.00,510.00,19.70,37.10,732.00,797.00,210.00,500548.00,30.50,31.40,23.30,39.30,465.00,120.00,1955.00,1610.00,185.00,410.00
"4620102.00","462","Montréal","0102.00",4213.00,3.00,7141.90,68.20,15.80,700.00,750.00,175.00,2.10,39140.00,34243.00,860.00,1130.00,525.00,15.60,34.40,943.00,1001.00,180.00,501548.00,15.40,15.00,20.50,40.40,290.00,130.00,1210.00,2865.00,60.00,240.00
"4620103.00","462","Montréal","0103.00",2413.00,0.00,7246.20,68.70,15.80,5.00,550.00,0.00,2.20,46064.00,38933.00,615.00,485.00,255.00,9.80,40.60,770.00,807.00,145.00,717957.00,11.60,13.60,10.50,40.90,55.00,70.00,535.00,1810.00,25.00,85.00
"4620104.00","462","Montréal","0104.00",2821.00,2.50,7427.60,64.50,17.20,170.00,240.00,100.00,2.50,51744.00,43376.00,795.00,375.00,205.00,11.30,30.70,873.00,896.00,160.00,800801.00,11.30,9.50,21.60,40.70,90.00,60.00,730.00,2105.00,85.00,140.00
"4620105.00","462","Montréal","0105.00",3342.00,0.40,11018.80,66.30,15.90,945.00,465.00,110.00,2.20,44416.00,37824.00,755.00,755.00,385.00,16.80,34.00,1019.00,1176.00,205.00,499900.00,13.10,13.20,10.40,40.20,160.00,155.00,945.00,2145.00,50.00,145.00
"4620106.00","462","Montréal","0106.00",2114.00,3.80,8901.10,64.10,22.50,330.00,225.00,295.00,2.10,36800.00,31712.00,375.00,520.00,320.00,17.30,48.60,878.00,1005.00,65.00,501583.00,18.70,19.20,13.70,44.10,140.00,65.00,575.00,1185.00,50.00,85.00
"4620107.00","462","Montréal","0107.00",1544.00,6.10,9942.00,78.00,10.00,25.00,490.00,255.00,1.90,27008.00,25024.00,155.00,675.00,355.00,29.00,45.90,812.00,924.00,115.00,400461.00,27.20,28.10,24.10,37.00,210.00,65.00,690.00,855.00,75.00,115.00
"4620108.00","462","Montréal","0108.00",4107.00,-1.50,7283.20,62.60,23.80,130.00,610.00,265.00,2.30,42960.00,36666.00,790.00,850.00,470.00,20.40,36.50,1024.00,1214.00,155.00,851225.00,13.10,14.80,9.70,44.80,165.00,190.00,995.00,2490.00,45.00,170.00
"4620109.00","462","Montréal","0109.00",2120.00,2.20,12709.80,74.50,13.40,260.00,600.00,80.00,2.00,28960.00,26411.00,230.00,850.00,390.00,34.80,36.50,970.00,1012.00,155.00,449384.00,23.90,25.50,16.10,38.60,140.00,165.00,795.00,1145.00,80.00,120.00
"4620110.00","462","Montréal","0110.00",3836.00,2.30,15612.50,76.00,9.10,200.00,1140.00,610.00,2.00,25338.00,24055.00,220.00,1705.00,715.00,25.00,38.80,817.00,861.00,190.00,434630.00,27.10,27.20,30.00,36.50,650.00,225.00,1820.00,1870.00,115.00,290.00
"4620111.00","462","Montréal","0111.00",6542.00,-3.00,8723.80,66.90,16.80,1335.00,830.00,510.00,2.30,25044.00,23808.00,1020.00,1810.00,985.00,32.80,36.00,866.00,887.00,235.00,481221.00,21.90,21.60,25.90,40.70,395.00,270.00,3165.00,3040.00,325.00,645.00
"4620112.01","462","Montréal","0112.01",5346.00,5.10,8481.70,66.50,9.10,130.00,1530.00,70.00,3.00,21947.00,21139.00,550.00,1240.00,510.00,31.80,27.10,693.00,702.00,160.00,501181.00,26.50,25.40,26.90,34.10,500.00,240.00,2860.00,2320.00,320.00,635.00
"4620112.02","462","Montréal","0112.02",4087.00,-4.60,14791.90,66.00,18.60,40.00,1105.00,705.00,2.20,20430.00,20072.00,230.00,1650.00,690.00,32.60,37.70,714.00,719.00,180.00,500906.00,33.60,28.00,60.40,41.40,505.00,240.00,2620.00,1145.00,300.00,510.00
"4620113.00","462","Montréal","0113.00",5099.00,-6.70,10290.60,71.30,11.60,650.00,1465.00,15.00,2.40,24282.00,22997.00,490.00,1625.00,710.00,29.60,34.70,812.00,888.00,220.00,500587.00,24.90,26.00,19.70,36.80,765.00,300.00,2730.00,2115.00,265.00,495.00
"4620114.00","462","Montréal","0114.00",1989.00,-2.10,7020.80,68.60,16.60,40.00,400.00,180.00,2.30,29696.00,27520.00,320.00,550.00,335.00,19.00,50.00,951.00,1079.00,85.00,849708.00,23.90,27.70,10.60,39.50,170.00,135.00,860.00,975.00,65.00,115.00
"4620115.01","462","Montréal","0115.01",2005.00,-1.40,9155.30,68.60,17.00,315.00,360.00,0.00,2.30,35296.00,30688.00,375.00,485.00,270.00,20.00,39.80,926.00,1108.00,165.00,749727.00,18.50,21.70,10.30,40.10,220.00,170.00,875.00,910.00,45.00,110.00
"4620115.02","462","Montréal","0115.02",5866.00,-1.50,13734.50,69.80,20.70,10.00,660.00,2740.00,1.70,25728.00,24558.00,290.00,3130.00,1600.00,37.90,47.70,1001.00,1054.00,365.00,219619.00,33.30,35.40,20.50,42.30,1085.00,625.00,2940.00,2220.00,160.00,345.00
"4620116.00","462","Montréal","0116.00",6649.00,-2.50,10366.40,69.20,16.70,415.00,2240.00,235.00,2.10,21653.00,21094.00,390.00,2585.00,1115.00,25.30,39.50,781.00,819.00,335.00,501413.00,33.80,34.30,33.80,39.10,800.00,700.00,3225.00,2330.00,350.00,635.00
"4620117.00","462","Montréal","0117.00",4359.00,-2.70,16114.60,69.00,15.20,30.00,1205.00,270.00,2.70,22112.00,21174.00,155.00,1325.00,435.00,25.80,30.00,741.00,792.00,145.00,491163.00,27.50,26.20,28.60,40.00,710.00,325.00,2560.00,1085.00,210.00,530.00
"4620118.00","462","Montréal","0118.00",4411.00,-0.90,14519.40,70.60,10.10,95.00,1445.00,0.00,2.80,22452.00,21349.00,335.00,1270.00,505.00,38.80,29.60,758.00,808.00,180.00,501398.00,26.40,26.10,21.60,36.10,620.00,260.00,2530.00,1675.00,270.00,575.00
"4620119.00","462","Montréal","0119.00",6337.00,-1.90,11013.20,70.70,9.30,35.00,2230.00,115.00,2.60,20040.00,19584.00,280.00,2115.00,705.00,33.90,28.90,668.00,693.00,305.00,449123.00,33.60,32.20,38.10,36.00,945.00,350.00,4030.00,1950.00,515.00,1160.00
"4620120.01","462","Montréal","0120.01",5690.00,62.60,2160.10,76.40,8.20,10.00,900.00,1525.00,2.10,27954.00,25944.00,1210.00,1445.00,1025.00,38.20,39.20,716.00,827.00,140.00,344196.00,25.00,24.40,31.90,35.60,800.00,285.00,3180.00,2090.00,380.00,710.00
"4620120.02","462","Montréal","0120.02",1029.00,-4.60,5186.50,51.50,34.00,30.00,30.00,265.00,2.30,46720.00,40149.00,390.00,60.00,105.00,17.90,58.30,1842.00,1628.00,0.00,450385.00,9.70,10.10,7.10,48.70,30.00,10.00,385.00,640.00,10.00,45.00
"4620121.00","462","Montréal","0121.00",1769.00,-3.30,4590.00,61.60,18.60,50.00,110.00,175.00,2.60,42027.00,37248.00,400.00,305.00,175.00,12.30,41.70,1146.00,1294.00,45.00,699122.00,15.50,15.00,10.60,41.20,205.00,60.00,805.00,950.00,50.00,95.00
"4620122.00","462","Montréal","0122.00",6595.00,-3.80,9900.90,71.00,11.10,50.00,2875.00,0.00,2.20,18732.00,18575.00,140.00,2805.00,1105.00,27.60,38.10,641.00,664.00,470.00,500805.00,41.00,40.50,50.80,37.10,1135.00,400.00,4065.00,1955.00,625.00,1040.00
"4620123.00","462","Montréal","0123.00",6249.00,-1.90,15226.60,76.00,10.40,100.00,2345.00,670.00,1.90,21162.00,20732.00,325.00,2805.00,1445.00,37.50,47.70,804.00,858.00,270.00,458866.00,37.10,38.60,30.20,35.30,1190.00,770.00,3075.00,2205.00,200.00,535.00
"4620124.00","462","Montréal","0124.00",5729.00,-1.80,15136.10,71.90,7.90,45.00,2060.00,470.00,2.20,20501.00,20090.00,325.00,2265.00,1105.00,35.40,43.70,724.00,775.00,340.00,473316.00,36.60,37.90,33.30,33.20,1040.00,490.00,2950.00,2270.00,270.00,710.00
"4620125.00","462","Montréal","0125.00",6272.00,-1.10,13184.80,55.30,24.80,150.00,865.00,1530.00,2.40,33004.00,29956.00,1185.00,1410.00,880.00,22.80,43.60,970.00,1070.00,210.00,648214.00,19.30,22.90,13.10,41.90,640.00,325.00,2750.00,3115.00,150.00,340.00
"4620126.00","462","Montréal","0126.00",2536.00,20.40,3399.00,83.80,8.30,110.00,595.00,180.00,2.10,18534.00,18261.00,230.00,625.00,415.00,12.80,62.10,892.00,993.00,90.00,599068.00,37.40,44.60,6.10,31.80,140.00,320.00,445.00,1115.00,20.00,70.00
"4620127.01","462","Montréal","0127.01",5554.00,4.00,11425.60,77.90,13.50,90.00,2120.00,985.00,1.70,18513.00,18268.00,375.00,2915.00,1665.00,21.10,55.80,844.00,901.00,230.00,400157.00,46.00,50.30,26.70,36.60,800.00,1055.00,2075.00,2385.00,120.00,280.00
"4620127.02","462","Montréal","0127.02",5.00,0.00,3.80,,,,,,,,,,,,,,,,,,,,,,,,,,,
"4620128.00","462","Montréal","0128.00",3491.00,-5.40,1162.20,63.50,27.90,20.00,350.00,965.00,1.90,48320.00,41011.00,885.00,885.00,610.00,28.20,40.90,1121.00,1311.00,135.00,901119.00,17.50,21.60,7.90,47.00,240.00,190.00,1215.00,2065.00,40.00,190.00
"4620129.01","462","Montréal","0129.01",3835.00,-6.60,13484.50,66.60,27.20,10.00,240.00,1835.00,1.70,35468.00,31296.00,745.00,1495.00,1025.00,28.40,55.30,1258.00,1393.00,200.00,609047.00,28.70,35.10,10.10,46.30,290.00,435.00,1555.00,1940.00,115.00,170.00
"4620129.02","462","Montréal","0129.02",3438.00,-7.30,9581.90,73.80,21.70,0.00,105.00,1965.00,1.60,20800.00,19922.00,315.00,1770.00,1315.00,31.70,69.80,1371.00,1482.00,165.00,699534.00,42.90,52.40,12.80,40.60,310.00,695.00,1255.00,1315.00,50.00,95.00
"4620130.00","462","Montréal","0130.00",2946.00,-0.90,19192.20,91.50,6.30,10.00,995.00,990.00,1.40,12992.00,12896.00,190.00,1905.00,1370.00,35.90,70.20,762.00,890.00,150.00,401101.00,57.10,60.30,26.30,30.80,170.00,1075.00,800.00,1040.00,10.00,105.00
"4620131.00","462","Montréal","0131.00",3137.00,1.70,29961.80,82.00,12.90,25.00,520.00,1495.00,1.50,16661.00,16544.00,95.00,1910.00,1220.00,36.80,62.80,933.00,1017.00,130.00,400032.00,52.70,55.60,38.00,36.30,325.00,845.00,980.00,1200.00,55.00,115.00
"4620132.00","462","Montréal","0132.00",4865.00,-0.80,18214.20,76.60,19.50,95.00,1210.00,1690.00,1.40,21413.00,20850.00,290.00,2770.00,1545.00,31.00,53.00,845.00,911.00,220.00,448768.00,42.20,44.80,31.50,42.60,415.00,825.00,1335.00,2195.00,90.00,175.00
"4620133.00","462","Montréal","0133.00",2508.00,5.10,17237.10,83.20,9.40,140.00,745.00,510.00,1.70,21899.00,21264.00,280.00,1135.00,675.00,33.30,51.60,880.00,1000.00,130.00,449518.00,36.80,40.30,19.60,35.80,305.00,410.00,775.00,1255.00,40.00,115.00
"4620134.00","462","Montréal","0134.00",1057.00,15.80,12276.40,78.70,13.70,20.00,480.00,105.00,1.70,36704.00,32608.00,320.00,280.00,230.00,24.60,52.60,1072.00,1082.00,55.00,499848.00,21.30,23.80,13.30,40.70,80.00,140.00,230.00,660.00,20.00,25.00
"4620135.00","462","Montréal","0135.00",1758.00,10.50,14589.20,73.60,15.60,205.00,600.00,5.00,1.90,31526.00,28608.00,330.00,570.00,330.00,24.20,43.90,987.00,1081.00,85.00,598500.00,26.10,28.60,21.20,40.70,75.00,265.00,410.00,1020.00,25.00,65.00
"4620136.00","462","Montréal","0136.00",2774.00,1.60,15283.70,83.80,7.90,135.00,1270.00,10.00,1.90,26208.00,24640.00,430.00,1030.00,560.00,12.90,49.00,917.00,999.00,125.00,469868.00,26.60,28.10,29.50,36.40,130.00,265.00,760.00,1680.00,50.00,125.00
"4620137.00","462","Montréal","0137.00",1165.00,8.20,6390.60,82.00,13.70,70.00,425.00,135.00,1.70,19872.00,19733.00,105.00,495.00,320.00,30.00,58.60,829.00,990.00,90.00,499866.00,38.20,39.60,35.00,37.80,55.00,205.00,300.00,510.00,10.00,45.00
"4620138.00","462","Montréal","0138.00",1994.00,-2.10,7152.10,79.70,12.80,10.00,910.00,110.00,1.90,23288.00,22354.00,295.00,730.00,415.00,33.90,42.80,1129.00,1168.00,115.00,400619.00,29.40,28.80,44.00,37.60,50.00,280.00,515.00,1145.00,35.00,90.00
"4620139.00","462","Montréal","0139.00",3174.00,0.50,14394.60,81.30,7.10,165.00,1300.00,125.00,1.90,31728.00,28846.00,625.00,1070.00,615.00,25.40,43.20,941.00,1029.00,185.00,424692.00,24.40,25.20,24.40,35.70,205.00,370.00,855.00,2065.00,60.00,145.00
"4620140.00","462","Montréal","0140.00",1420.00,2.90,12023.70,75.40,11.30,110.00,545.00,0.00,2.10,41664.00,36480.00,320.00,390.00,190.00,21.50,30.80,1065.00,1074.00,35.00,483849.00,12.90,13.20,19.40,38.60,120.00,175.00,330.00,940.00,10.00,70.00
"4620141.00","462","Montréal","0141.00",1623.00,-0.60,13513.70,77.50,7.70,140.00,610.00,0.00,2.00,39744.00,33971.00,345.00,480.00,240.00,13.00,42.10,1102.00,1128.00,75.00,401035.00,16.00,17.50,12.00,36.00,160.00,160.00,465.00,1070.00,10.00,45.00
"4620142.00","462","Montréal","0142.00",1657.00,4.50,15050.00,73.20,12.70,50.00,695.00,105.00,1.90,27968.00,25984.00,245.00,580.00,260.00,18.00,37.90,828.00,931.00,100.00,420709.00,29.70,26.70,46.30,37.50,90.00,180.00,410.00,1025.00,45.00,95.00
"4620143.00","462","Montréal","0143.00",2418.00,8.70,13985.00,66.10,26.70,20.00,815.00,570.00,1.60,30144.00,27443.00,240.00,1180.00,580.00,25.50,43.60,829.00,960.00,155.00,500278.00,28.60,29.90,27.20,46.00,145.00,265.00,500.00,1480.00,35.00,85.00
"4620144.00","462","Montréal","0144.00",3512.00,5.30,18387.40,76.60,13.10,30.00,1595.00,385.00,1.70,36454.00,32192.00,600.00,1415.00,690.00,23.30,38.90,903.00,974.00,135.00,449129.00,23.90,25.30,21.10,40.10,270.00,450.00,755.00,2175.00,40.00,130.00
"4620145.00","462","Montréal","0145.00",0.00,,0.00,,,,,,,,,,,,,,,,,,,,,,,,,,,
"4620146.00","462","Montréal","0146.00",2391.00,4.30,16897.50,81.40,7.10,115.00,1015.00,180.00,1.70,33778.00,30170.00,455.00,995.00,515.00,22.00,41.60,755.00,846.00,170.00,500182.00,25.60,26.40,32.40,37.00,230.00,225.00,585.00,1600.00,20.00,65.00
"4620147.00","462","Montréal","0147.00",2749.00,4.20,16353.40,79.60,8.00,45.00,1270.00,155.00,1.80,36297.00,31904.00,455.00,1060.00,520.00,15.60,42.50,903.00,1017.00,235.00,401177.00,18.20,19.40,22.70,36.70,200.00,210.00,615.00,1920.00,25.00,80.00
"4620148.00","462","Montréal","0148.00",1306.00,6.90,9164.90,65.50,23.40,0.00,460.00,0.00,2.10,34048.00,30784.00,170.00,290.00,140.00,22.90,32.80,1102.00,1113.00,50.00,399369.00,14.40,14.50,18.20,44.70,30.00,65.00,220.00,720.00,10.00,35.00
"4620149.00","462","Montréal","0149.00",3161.00,0.60,22856.10,78.60,11.60,70.00,1075.00,605.00,1.80,31392.00,28192.00,515.00,1220.00,640.00,25.50,42.10,901.00,996.00,220.00,318349.00,22.00,23.30,20.60,38.60,300.00,305.00,765.00,1990.00,45.00,110.00
"4620150.00","462","Montréal","0150.00",2474.00,1.70,15030.40,78.70,10.50,20.00,1340.00,0.00,1.70,27184.00,25062.00,330.00,1070.00,575.00,22.70,46.90,699.00,785.00,165.00,345511.00,31.50,31.30,37.50,38.80,250.00,130.00,620.00,1670.00,110.00,95.00
"4620151.00","462","Montréal","0151.00",2215.00,4.30,18915.50,76.30,11.50,45.00,995.00,80.00,1.90,33190.00,29904.00,320.00,785.00,305.00,22.20,29.50,927.00,938.00,135.00,390743.00,19.80,18.50,48.60,38.20,105.00,95.00,400.00,1555.00,20.00,75.00
"4620152.00","462","Montréal","0152.00",1525.00,-1.40,11180.40,81.30,7.20,15.00,845.00,0.00,1.80,33664.00,29333.00,210.00,685.00,325.00,19.00,41.60,854.00,918.00,155.00,311058.00,20.80,21.50,23.80,36.80,70.00,75.00,250.00,1215.00,0.00,55.00
"4620153.00","462","Montréal","0153.00",785.00,-6.90,2804.60,79.00,8.30,50.00,375.00,0.00,1.70,23648.00,22541.00,85.00,325.00,140.00,35.30,33.80,727.00,777.00,55.00,349581.00,31.80,31.90,50.00,36.40,50.00,10.00,180.00,510.00,10.00,55.00
"4620154.00","462","Montréal","0154.00",1144.00,85.70,9196.10,77.60,5.70,55.00,550.00,0.00,1.90,42470.00,36843.00,265.00,355.00,170.00,18.90,33.30,855.00,911.00,20.00,400141.00,15.30,16.00,15.40,34.50,75.00,10.00,210.00,920.00,10.00,40.00
"4620155.00","462","Montréal","0155.00",1753.00,2.70,16537.70,80.90,7.70,25.00,880.00,90.00,1.70,31824.00,28661.00,190.00,800.00,320.00,31.60,32.50,853.00,902.00,120.00,369929.00,20.20,19.10,32.10,36.60,85.00,80.00,320.00,1260.00,15.00,50.00
"4620156.00","462","Montréal","0156.00",1923.00,1.10,13985.50,80.00,7.80,145.00,875.00,55.00,1.80,32512.00,29227.00,265.00,805.00,375.00,24.10,38.80,833.00,930.00,95.00,448999.00,22.40,21.30,30.00,37.40,95.00,145.00,270.00,1455.00,25.00,60.00
"4620157.00","462","Montréal","0157.00",2132.00,1.60,13242.20,80.60,8.00,125.00,950.00,0.00,1.90,38784.00,33701.00,375.00,760.00,325.00,22.70,31.60,978.00,1042.00,80.00,425362.00,14.50,15.10,17.60,37.20,110.00,155.00,420.00,1540.00,25.00,80.00
"4620158.00","462","Montréal","0158.00",2021.00,-1.10,14623.70,77.00,10.60,135.00,870.00,150.00,1.70,36480.00,32096.00,285.00,920.00,405.00,27.60,35.30,811.00,879.00,140.00,499775.00,22.30,21.50,45.50,38.10,155.00,185.00,380.00,1420.00,20.00,45.00
"4620159.00","462","Montréal","0159.00",1942.00,7.60,15699.30,78.60,6.70,225.00,670.00,0.00,2.00,41344.00,35552.00,470.00,545.00,295.00,18.10,38.50,1087.00,1183.00,90.00,500704.00,16.00,17.40,14.80,35.40,155.00,195.00,400.00,1450.00,10.00,60.00
"4620160.00","462","Montréal","0160.00",1749.00,2.50,14550.70,77.40,12.60,190.00,620.00,175.00,1.70,28768.00,26368.00,305.00,715.00,400.00,21.70,46.90,720.00,892.00,125.00,400217.00,27.90,26.10,55.00,38.00,125.00,250.00,390.00,1070.00,25.00,80.00
"4620161.00","462","Montréal","0161.00",1934.00,7.00,13893.70,78.00,8.00,95.00,805.00,35.00,1.90,29584.00,27400.00,265.00,715.00,285.00,17.00,33.80,885.00,867.00,95.00,420655.00,26.10,23.70,32.30,36.20,105.00,200.00,625.00,1135.00,40.00,115.00
"4620162.00","462","Montréal","0162.00",1574.00,-1.50,16870.30,84.80,7.30,45.00,795.00,60.00,1.70,30016.00,27520.00,275.00,620.00,380.00,29.10,47.60,974.00,996.00,70.00,400598.00,24.00,24.10,30.40,36.40,75.00,200.00,355.00,975.00,15.00,45.00
"4620163.00","462","Montréal","0163.00",3096.00,2.50,15304.00,78.50,10.20,45.00,1330.00,75.00,2.10,28400.00,25963.00,485.00,960.00,520.00,18.40,45.30,1009.00,1079.00,155.00,450472.00,18.30,19.70,14.30,36.70,135.00,240.00,810.00,1920.00,30.00,130.00
"4620164.00","462","Montréal","0164.00",1301.00,1.40,18746.40,79.20,11.20,15.00,550.00,170.00,1.70,33664.00,30432.00,225.00,500.00,230.00,26.70,34.30,905.00,1019.00,55.00,449159.00,18.70,21.00,13.80,38.60,85.00,125.00,315.00,870.00,10.00,65.00
"4620165.00","462","Montréal","0165.00",2455.00,5.00,16355.80,72.10,5.70,35.00,1015.00,5.00,2.20,25856.00,24608.00,245.00,855.00,500.00,42.00,46.20,902.00,966.00,165.00,499843.00,26.70,28.90,33.30,31.00,110.00,185.00,490.00,1925.00,10.00,180.00
"4620166.00","462","Montréal","0166.00",491.00,2.30,2091.10,81.60,5.10,25.00,230.00,0.00,1.80,33152.00,29440.00,120.00,135.00,90.00,20.80,44.40,729.00,780.00,65.00,349329.00,21.40,20.00,40.00,37.00,20.00,25.00,120.00,305.00,25.00,30.00
"4620167.00","462","Montréal","0167.00",2549.00,3.70,12397.90,72.10,7.10,100.00,1025.00,0.00,2.20,28629.00,26394.00,300.00,900.00,430.00,35.60,36.30,904.00,949.00,170.00,449266.00,20.20,22.20,22.20,32.70,160.00,150.00,675.00,1820.00,50.00,160.00
"4620168.00","462","Montréal","0168.00",2886.00,6.30,16946.60,67.90,7.30,135.00,925.00,30.00,2.50,29184.00,27349.00,365.00,735.00,390.00,27.40,40.10,1030.00,1071.00,105.00,425649.00,18.40,20.40,25.00,31.70,110.00,125.00,665.00,1920.00,30.00,155.00
"4620169.00","462","Montréal","0169.00",2216.00,5.30,15064.60,75.20,10.80,20.00,855.00,0.00,2.20,32491.00,29397.00,340.00,625.00,320.00,23.90,37.90,1062.00,1134.00,80.00,500129.00,15.80,16.10,21.70,38.60,70.00,125.00,460.00,1480.00,10.00,95.00
"4620170.00","462","Montréal","0170.00",2111.00,-0.10,13343.90,78.20,9.50,130.00,895.00,0.00,2.00,28448.00,26240.00,285.00,750.00,380.00,35.70,38.30,933.00,989.00,125.00,500967.00,21.60,22.60,22.50,37.70,70.00,160.00,545.00,1370.00,10.00,110.00
"4620171.00","462","Montréal","0171.00",4735.00,4.30,9805.30,71.70,19.90,150.00,1885.00,575.00,1.70,30528.00,28306.00,930.00,1745.00,880.00,17.70,41.00,841.00,869.00,285.00,350139.00,27.50,24.70,47.80,43.40,300.00,260.00,1190.00,3035.00,80.00,250.00
"4620172.00","462","Montréal","0172.00",2496.00,13.50,12593.30,87.40,4.40,20.00,1420.00,95.00,1.60,31712.00,28646.00,435.00,1080.00,655.00,24.10,50.70,863.00,907.00,145.00,306711.00,28.70,29.60,34.80,33.90,215.00,440.00,660.00,1380.00,25.00,100.00
"4620173.00","462","Montréal","0173.00",2029.00,3.00,10867.70,82.00,6.90,75.00,1065.00,0.00,1.70,34517.00,30409.00,350.00,830.00,435.00,15.70,46.10,842.00,911.00,100.00,359221.00,20.30,22.00,18.50,35.50,165.00,215.00,490.00,1345.00,35.00,30.00
"4620174.00","462","Montréal","0174.00",2091.00,3.00,9091.30,80.10,8.10,55.00,1140.00,0.00,1.70,44582.00,37788.00,510.00,700.00,285.00,11.80,32.40,945.00,981.00,95.00,350208.00,12.90,13.40,17.60,37.90,100.00,135.00,410.00,1550.00,10.00,55.00
"4620175.00","462","Montréal","0175.00",1978.00,-3.20,16621.80,78.00,6.60,55.00,975.00,0.00,1.90,46771.00,39501.00,470.00,600.00,245.00,17.20,27.70,969.00,1025.00,60.00,383879.00,12.50,13.10,19.20,36.90,160.00,185.00,360.00,1470.00,25.00,50.00
"4620176.00","462","Montréal","0176.00",1572.00,1.40,13789.50,85.40,5.70,15.00,855.00,0.00,1.80,34325.00,30912.00,210.00,645.00,310.00,24.40,41.40,913.00,998.00,105.00,428597.00,17.40,17.40,22.20,36.40,55.00,70.00,265.00,1205.00,15.00,60.00
"4620177.00","462","Montréal","0177.00",1346.00,13.20,13623.50,82.50,5.60,85.00,625.00,15.00,1.80,38997.00,33792.00,230.00,515.00,190.00,13.30,31.10,804.00,893.00,75.00,349664.00,15.60,16.00,18.80,35.90,75.00,90.00,215.00,1000.00,35.00,25.00
"4620178.00","462","Montréal","0178.00",2353.00,2.40,8406.60,82.20,5.90,45.00,1280.00,0.00,1.80,31328.00,28256.00,310.00,1035.00,440.00,24.20,35.10,855.00,938.00,165.00,349967.00,20.00,21.00,25.90,34.90,140.00,130.00,370.00,2000.00,15.00,55.00
"4620179.00","462","Montréal","0179.00",3819.00,3.10,7668.70,81.70,7.20,215.00,1855.00,80.00,1.70,29286.00,26923.00,510.00,1675.00,775.00,26.20,38.20,708.00,781.00,255.00,349038.00,25.10,25.30,40.40,36.50,205.00,145.00,590.00,3040.00,70.00,135.00
"4620180.00","462","Montréal","0180.00",3378.00,-2.20,12790.60,77.80,8.90,295.00,1560.00,35.00,1.80,28974.00,26549.00,430.00,1485.00,695.00,30.20,38.30,722.00,773.00,235.00,383714.00,24.60,24.50,31.70,37.60,120.00,95.00,650.00,2545.00,75.00,130.00
"4620181.00","462","Montréal","0181.00",4468.00,25.20,13341.30,73.60,11.10,340.00,1645.00,420.00,1.80,31910.00,28933.00,600.00,1830.00,840.00,25.00,37.80,781.00,839.00,240.00,349355.00,22.00,21.40,33.30,37.70,220.00,60.00,760.00,3575.00,90.00,160.00
"4620182.00","462","Montréal","0182.00",2155.00,0.00,15638.60,72.20,11.60,265.00,770.00,75.00,1.90,34020.00,30656.00,295.00,820.00,285.00,20.30,28.00,791.00,840.00,95.00,400738.00,17.60,17.70,27.70,38.20,55.00,30.00,295.00,1800.00,55.00,80.00
"4620183.00","462","Montréal","0183.00",2205.00,0.00,16742.60,75.30,11.30,220.00,930.00,60.00,1.80,33621.00,30080.00,315.00,915.00,275.00,19.00,23.80,729.00,784.00,120.00,380170.00,21.30,19.40,36.70,39.10,50.00,25.00,255.00,1985.00,30.00,55.00
"4620184.00","462","Montréal","0184.00",2943.00,1.10,13426.10,72.80,11.20,355.00,1165.00,5.00,1.90,33408.00,30170.00,595.00,945.00,545.00,29.40,39.50,766.00,812.00,105.00,449326.00,17.80,18.50,27.30,38.50,125.00,50.00,465.00,2460.00,35.00,120.00
"4620185.00","462","Montréal","0185.00",5217.00,-0.90,13274.80,73.20,11.30,570.00,2070.00,45.00,1.90,32421.00,29146.00,795.00,1955.00,770.00,19.50,31.40,705.00,737.00,235.00,449234.00,20.10,19.90,30.20,39.20,170.00,65.00,900.00,4180.00,125.00,185.00
"4620186.00","462","Montréal","0186.00",4539.00,2.60,11722.60,72.10,13.00,250.00,2125.00,5.00,1.90,27984.00,25984.00,640.00,1830.00,750.00,16.50,35.20,713.00,743.00,230.00,341228.00,25.60,24.20,31.60,38.90,370.00,165.00,1195.00,3235.00,160.00,240.00
"4620187.01","462","Montréal","0187.01",3032.00,14.50,8311.40,69.70,20.10,225.00,1060.00,390.00,1.70,28553.00,26578.00,400.00,1295.00,610.00,15.00,41.90,757.00,869.00,125.00,349898.00,27.10,25.40,35.90,43.70,145.00,80.00,620.00,2155.00,80.00,175.00
"4620187.03","462","Montréal","0187.03",4805.00,1.70,13501.00,69.30,16.50,75.00,2415.00,0.00,1.90,35851.00,31698.00,975.00,1560.00,575.00,17.40,25.60,755.00,772.00,130.00,286109.00,19.30,15.70,37.20,42.00,210.00,95.00,1095.00,3480.00,165.00,215.00
"4620187.04","462","Montréal","0187.04",5679.00,13.30,7381.10,65.00,16.30,60.00,1795.00,5.00,2.20,51285.00,42592.00,1470.00,940.00,385.00,9.50,25.70,708.00,805.00,120.00,399606.00,11.40,10.80,20.60,41.20,150.00,45.00,995.00,4210.00,65.00,210.00
"4620188.01","462","Montréal","0188.01",2186.00,3.70,14457.70,74.60,11.20,165.00,795.00,30.00,1.90,30859.00,28192.00,385.00,785.00,310.00,16.90,30.60,695.00,735.00,95.00,401002.00,23.30,22.20,26.50,38.40,145.00,65.00,485.00,1655.00,45.00,70.00
"4620188.02","462","Montréal","0188.02",2671.00,4.20,11679.10,73.40,12.40,325.00,935.00,5.00,1.90,29968.00,27684.00,425.00,980.00,400.00,20.20,31.60,704.00,740.00,130.00,421374.00,22.00,21.80,25.80,38.70,245.00,50.00,855.00,1815.00,155.00,135.00
"4620189.00","462","Montréal","0189.00",0.00,,0.00,,,,,,,,,,,,,,,,,,,,,,,,,,,
"4620190.01","462","Montréal","0190.01",3599.00,4.90,7929.10,66.10,21.10,495.00,1240.00,0.00,2.00,34909.00,31072.00,730.00,1030.00,335.00,14.60,22.40,750.00,775.00,100.00,450250.00,13.40,13.30,13.30,44.10,170.00,50.00,820.00,2665.00,100.00,190.00
"4620190.02","462","Montréal","0190.02",4145.00,15.70,3974.50,47.80,46.80,0.00,305.00,1720.00,1.70,46390.00,38746.00,1210.00,1055.00,650.00,13.60,46.00,1266.00,1268.00,160.00,399432.00,7.80,8.20,6.90,58.50,90.00,30.00,455.00,3415.00,10.00,105.00
"4620191.00","462","Montréal","0191.00",6171.00,-0.10,3647.60,64.30,21.40,565.00,1305.00,615.00,2.10,33331.00,29865.00,1080.00,1795.00,810.00,17.10,34.80,826.00,863.00,180.00,449598.00,16.10,16.30,15.50,43.90,490.00,185.00,1735.00,4100.00,170.00,310.00
"4620192.00","462","Montréal","0192.00",3290.00,2.10,4219.60,53.20,35.30,15.00,455.00,205.00,2.20,40256.00,34709.00,810.00,365.00,150.00,11.70,15.10,623.00,629.00,60.00,348395.00,15.50,14.00,15.60,52.30,50.00,10.00,515.00,2020.00,130.00,110.00
"4620193.00","462","Montréal","0193.00",2003.00,1.30,7567.10,66.80,16.00,90.00,635.00,0.00,2.20,34283.00,30170.00,425.00,500.00,195.00,15.30,26.00,741.00,757.00,60.00,349880.00,14.50,13.60,15.40,40.80,115.00,15.00,520.00,1500.00,105.00,85.00
"4620194.00","462","Montréal","0194.00",7557.00,29.00,6248.60,66.50,11.30,120.00,2055.00,85.00,2.40,37157.00,32657.00,1530.00,1530.00,610.00,15.60,24.50,723.00,719.00,135.00,360110.00,17.10,14.70,20.60,36.60,345.00,50.00,1860.00,5565.00,365.00,430.00
"4620195.01","462","Montréal","0195.01",3479.00,4.30,6310.50,52.80,35.30,175.00,1305.00,0.00,1.90,31664.00,28672.00,505.00,1115.00,490.00,17.80,35.30,775.00,778.00,80.00,518480.00,15.70,15.10,16.90,51.20,125.00,45.00,930.00,2185.00,55.00,190.00
"4620195.02","462","Montréal","0195.02",5390.00,0.80,8981.80,62.30,21.90,295.00,1905.00,0.00,2.20,27975.00,25762.00,750.00,1580.00,560.00,18.70,26.30,704.00,730.00,120.00,501666.00,21.80,21.30,19.10,43.40,310.00,20.00,1955.00,3065.00,285.00,415.00
"4620195.03","462","Montréal","0195.03",4978.00,0.40,5668.40,64.40,20.70,385.00,1680.00,5.00,2.20,30448.00,27781.00,805.00,1470.00,550.00,21.10,25.90,773.00,800.00,125.00,528273.00,14.60,14.00,15.50,43.20,365.00,45.00,1915.00,3225.00,145.00,360.00
"4620196.00","462","Montréal","0196.00",3944.00,-2.70,9743.10,67.60,16.00,430.00,1520.00,5.00,1.90,30693.00,28109.00,525.00,1480.00,565.00,18.30,31.80,695.00,742.00,185.00,459200.00,22.90,22.00,26.20,40.80,345.00,55.00,1005.00,2760.00,125.00,240.00
"4620197.00","462","Montréal","0197.00",5027.00,4.40,8434.60,65.50,16.80,495.00,1865.00,5.00,2.00,29192.00,26728.00,630.00,1785.00,725.00,21.30,33.30,692.00,731.00,180.00,450263.00,21.00,20.50,23.00,40.80,515.00,105.00,1650.00,3210.00,170.00,375.00
"4620198.00","462","Montréal","0198.00",4940.00,1.00,7637.60,66.00,16.10,250.00,1650.00,0.00,2.00,28169.00,26103.00,745.00,1660.00,700.00,14.10,36.30,721.00,747.00,170.00,424803.00,23.10,22.60,28.80,40.50,520.00,95.00,1585.00,3210.00,120.00,290.00
"4620199.00","462","Montréal","0199.00",2613.00,0.30,11597.90,72.80,11.90,130.00,1040.00,5.00,1.90,28139.00,26104.00,385.00,965.00,440.00,23.40,36.80,692.00,741.00,105.00,376634.00,23.30,22.80,24.20,39.40,250.00,60.00,775.00,1730.00,100.00,150.00
"4620200.00","462","Montréal","0200.00",4667.00,6.60,15192.10,69.00,12.60,325.00,1615.00,80.00,2.00,26080.00,24535.00,715.00,1585.00,790.00,24.30,39.10,676.00,717.00,180.00,365202.00,27.30,27.20,30.50,38.50,500.00,75.00,1715.00,2970.00,200.00,480.00
"4620201.00","462","Montréal","0201.00",7118.00,-0.10,7588.50,62.80,22.00,525.00,2310.00,450.00,1.90,26128.00,24713.00,875.00,2630.00,1115.00,20.70,35.60,673.00,726.00,270.00,401067.00,28.80,26.00,37.30,43.50,715.00,160.00,2270.00,4485.00,295.00,555.00
"4620202.00","462","Montréal","0202.00",4224.00,-1.60,6871.60,66.60,20.10,365.00,1645.00,120.00,1.80,31111.00,28264.00,600.00,1615.00,595.00,22.70,28.80,668.00,701.00,180.00,500630.00,20.00,18.20,31.30,44.20,195.00,85.00,885.00,2865.00,125.00,125.00
"4620203.00","462","Montréal","0203.00",2700.00,-0.90,11349.30,73.00,12.00,360.00,1040.00,0.00,1.80,37213.00,32640.00,500.00,930.00,405.00,17.00,34.40,750.00,819.00,145.00,480282.00,15.80,16.10,24.60,40.20,145.00,25.00,440.00,2150.00,45.00,50.00
"4620204.00","462","Montréal","0204.00",2670.00,-0.90,11376.20,74.20,10.70,245.00,1120.00,10.00,1.80,38336.00,33488.00,470.00,980.00,445.00,22.30,34.90,753.00,819.00,125.00,500293.00,16.30,16.40,21.40,38.80,95.00,60.00,325.00,2225.00,30.00,75.00
"4620205.00","462","Montréal","0205.00",2115.00,2.20,11955.90,73.00,12.50,315.00,805.00,10.00,1.80,37197.00,32558.00,355.00,750.00,305.00,11.30,34.70,660.00,736.00,110.00,421188.00,16.10,16.30,24.50,40.70,55.00,60.00,220.00,1710.00,10.00,45.00
"4620206.00","462","Montréal","0206.00",2564.00,1.00,11042.20,72.90,12.30,340.00,975.00,0.00,1.90,37856.00,33152.00,520.00,855.00,350.00,16.50,31.20,754.00,828.00,145.00,500598.00,13.50,14.40,19.00,40.00,45.00,40.00,360.00,2280.00,25.00,75.00
"4620207.00","462","Montréal","0207.00",3331.00,1.10,13021.90,74.20,13.80,390.00,1270.00,55.00,1.80,28560.00,26295.00,530.00,1290.00,600.00,19.80,38.00,685.00,749.00,150.00,401351.00,22.50,24.10,25.70,40.40,80.00,50.00,700.00,2595.00,65.00,150.00
"4620208.00","462","Montréal","0208.00",2465.00,0.40,12374.50,76.90,10.30,240.00,970.00,5.00,1.80,33728.00,30118.00,460.00,865.00,395.00,19.60,35.30,728.00,787.00,155.00,375442.00,18.00,18.10,24.00,38.30,95.00,60.00,385.00,2040.00,25.00,120.00
"4620209.00","462","Montréal","0209.00",5819.00,4.40,8755.60,72.60,15.30,505.00,2345.00,95.00,1.80,28757.00,26601.00,775.00,2215.00,975.00,26.50,34.80,723.00,755.00,270.00,388169.00,23.10,23.10,28.80,41.00,400.00,215.00,1415.00,3790.00,160.00,300.00
"4620210.00","462","Montréal","0210.00",3961.00,2.90,12142.90,78.50,10.70,175.00,1930.00,60.00,1.70,33005.00,29595.00,640.00,1590.00,670.00,16.40,35.80,720.00,785.00,205.00,341133.00,23.30,21.20,51.80,37.70,200.00,200.00,815.00,2810.00,65.00,135.00
"4620211.00","462","Montréal","0211.00",2281.00,0.20,12923.50,77.40,11.00,150.00,1105.00,0.00,1.70,33075.00,29504.00,260.00,1005.00,390.00,15.40,34.70,755.00,809.00,90.00,359041.00,22.00,20.60,46.30,37.80,145.00,130.00,355.00,1735.00,20.00,65.00
"4620212.00","462","Montréal","0212.00",2565.00,5.60,13221.60,78.90,7.40,100.00,1270.00,0.00,1.80,34125.00,30208.00,390.00,990.00,375.00,17.90,31.30,790.00,861.00,120.00,415472.00,18.70,18.80,26.30,36.10,135.00,90.00,485.00,1990.00,30.00,85.00
"4620213.00","462","Montréal","0213.00",2664.00,5.40,13911.20,72.80,14.10,165.00,1095.00,60.00,1.80,35488.00,31573.00,360.00,990.00,380.00,17.80,31.80,761.00,846.00,150.00,400812.00,17.30,17.50,22.50,39.20,135.00,85.00,425.00,1960.00,20.00,80.00
"4620214.00","462","Montréal","0214.00",2737.00,6.30,10784.10,76.80,10.20,275.00,960.00,105.00,1.90,29056.00,26598.00,360.00,1065.00,455.00,18.30,36.80,814.00,879.00,170.00,425076.00,22.10,19.20,52.70,36.20,150.00,245.00,650.00,1900.00,65.00,205.00
"4620215.00","462","Montréal","0215.00",3031.00,27.50,12953.00,74.80,13.20,110.00,1050.00,460.00,1.80,33455.00,30098.00,485.00,1135.00,395.00,21.60,25.30,722.00,789.00,120.00,375020.00,22.00,19.50,50.00,38.80,115.00,125.00,620.00,2135.00,60.00,135.00
"4620216.00","462","Montréal","0216.00",2233.00,1.60,6898.40,81.80,6.30,90.00,1115.00,20.00,1.80,30248.00,27728.00,335.00,895.00,390.00,27.90,32.40,797.00,854.00,110.00,321116.00,21.80,22.20,25.90,35.10,110.00,160.00,470.00,1585.00,35.00,140.00
"4620217.00","462","Montréal","0217.00",2650.00,1.70,16307.70,78.90,10.20,110.00,1155.00,170.00,1.80,32224.00,29024.00,315.00,1165.00,385.00,25.40,25.80,802.00,835.00,170.00,400830.00,21.80,19.00,49.10,38.20,150.00,140.00,495.00,2070.00,60.00,85.00
"4620218.00","462","Montréal","0218.00",3042.00,6.20,10848.80,81.70,8.60,120.00,1440.00,45.00,1.80,29817.00,27271.00,360.00,1305.00,570.00,26.80,36.00,843.00,899.00,225.00,448743.00,21.30,21.10,29.40,37.50,195.00,195.00,685.00,2080.00,90.00,175.00
"4620219.00","462","Montréal","0219.00",2778.00,11.80,8881.10,80.90,8.80,140.00,1355.00,10.00,1.80,31808.00,29038.00,635.00,880.00,475.00,19.70,40.30,825.00,882.00,145.00,348634.00,20.50,20.10,31.30,37.60,160.00,105.00,855.00,1765.00,85.00,175.00
"4620220.00","462","Montréal","0220.00",5798.00,-0.20,13808.00,69.40,16.50,220.00,2160.00,390.00,2.00,18900.00,18767.00,545.00,2225.00,1160.00,29.40,44.70,656.00,700.00,250.00,286664.00,43.30,40.90,50.00,40.30,530.00,370.00,2865.00,2290.00,700.00,690.00
"4620221.00","462","Montréal","0221.00",5988.00,-5.60,18217.20,68.50,15.80,340.00,2195.00,110.00,2.20,18593.00,18461.00,480.00,2220.00,1085.00,37.50,40.90,648.00,677.00,330.00,400218.00,38.30,37.90,37.00,39.60,645.00,290.00,3430.00,2270.00,770.00,1010.00
"4620222.00","462","Montréal","0222.00",3587.00,-4.50,18016.10,66.00,17.30,380.00,905.00,140.00,2.40,19208.00,19001.00,420.00,1095.00,550.00,33.30,37.30,670.00,695.00,105.00,400830.00,35.10,34.80,36.30,39.50,345.00,175.00,2110.00,1405.00,425.00,560.00
"4620223.01","462","Montréal","0223.01",3883.00,-1.80,26872.00,67.40,12.50,15.00,1415.00,45.00,2.60,18224.00,18037.00,275.00,1195.00,515.00,34.50,35.30,671.00,680.00,95.00,499973.00,37.50,37.50,36.50,36.50,505.00,245.00,2335.00,1245.00,520.00,830.00
"4620223.02","462","Montréal","0223.02",3085.00,-5.80,15796.20,65.60,14.70,10.00,855.00,160.00,2.60,19982.00,19696.00,270.00,930.00,410.00,24.10,36.80,742.00,735.00,125.00,400243.00,33.20,31.60,35.20,38.50,385.00,165.00,1860.00,1115.00,380.00,645.00
"4620224.00","462","Montréal","0224.00",5937.00,-3.30,15681.50,64.90,16.40,315.00,1880.00,165.00,2.50,18468.00,18368.00,535.00,1835.00,875.00,34.60,37.30,656.00,680.00,210.00,425307.00,39.10,37.00,43.60,39.10,425.00,335.00,3195.00,2270.00,760.00,980.00
"4620225.00","462","Montréal","0225.00",1400.00,0.40,2150.50,68.30,16.40,405.00,230.00,0.00,2.20,29536.00,27029.00,260.00,410.00,205.00,28.30,32.10,838.00,810.00,55.00,480803.00,15.60,16.40,11.10,41.30,45.00,25.00,495.00,985.00,110.00,125.00
"4620226.00","462","Montréal","0226.00",3143.00,3.70,12833.80,77.40,10.00,400.00,1155.00,0.00,2.00,35409.00,31589.00,520.00,1075.00,405.00,18.30,28.50,814.00,868.00,145.00,450558.00,12.70,12.40,17.50,37.50,125.00,75.00,625.00,2380.00,55.00,150.00
"4620227.00","462","Montréal","0227.00",1592.00,2.60,13736.00,76.40,8.50,180.00,585.00,0.00,2.00,37184.00,32786.00,240.00,555.00,195.00,20.80,26.10,850.00,860.00,80.00,400279.00,13.50,13.40,15.40,36.10,60.00,60.00,255.00,1310.00,30.00,65.00
"4620228.00","462","Montréal","0228.00",1721.00,-0.70,15216.60,69.60,16.20,230.00,540.00,0.00,2.00,34816.00,30925.00,285.00,495.00,150.00,12.50,25.50,805.00,857.00,50.00,421819.00,13.80,13.60,18.20,40.40,50.00,50.00,305.00,1280.00,30.00,70.00
"4620229.00","462","Montréal","0229.00",0.00,,0.00,,,,,,,,,,,,,,,,,,,,,,,,,,,
"4620230.00","462","Montréal","0230.00",1880.00,2.50,16333.60,74.70,10.60,220.00,715.00,0.00,2.00,34080.00,30592.00,310.00,665.00,225.00,12.90,27.80,801.00,834.00,105.00,528133.00,15.40,15.90,17.50,37.90,55.00,40.00,430.00,1420.00,55.00,75.00
"4620231.00","462","Montréal","0231.00",1688.00,3.50,16325.00,78.70,6.50,155.00,710.00,0.00,1.90,37171.00,32683.00,270.00,605.00,230.00,18.50,30.00,793.00,853.00,55.00,449946.00,17.30,16.20,33.30,36.20,75.00,65.00,295.00,1355.00,30.00,55.00
"4620232.00","462","Montréal","0232.00",3737.00,16.20,10255.20,78.00,10.80,220.00,1730.00,75.00,1.80,40320.00,35264.00,955.00,1080.00,535.00,16.10,34.70,812.00,900.00,160.00,400738.00,15.00,14.20,17.30,39.60,125.00,160.00,760.00,2775.00,70.00,200.00
"4620233.00","462","Montréal","0233.00",2017.00,-1.20,19394.20,79.70,10.70,65.00,985.00,90.00,1.70,26075.00,24640.00,185.00,985.00,505.00,22.20,46.70,814.00,869.00,120.00,349074.00,25.20,24.50,32.60,36.20,105.00,205.00,500.00,1410.00,110.00,90.00
"4620234.00","462","Montréal","0234.00",2188.00,-1.70,14635.50,74.20,16.00,120.00,1070.00,0.00,1.70,23413.00,22541.00,265.00,970.00,390.00,22.60,34.20,691.00,698.00,115.00,399590.00,31.30,27.10,58.60,40.10,120.00,95.00,680.00,1285.00,85.00,160.00
"4620235.00","462","Montréal","0235.00",1972.00,9.10,16912.50,80.80,8.40,185.00,810.00,0.00,1.90,33993.00,30517.00,280.00,770.00,280.00,22.80,27.90,811.00,822.00,100.00,439060.00,17.00,17.00,28.10,36.00,60.00,60.00,330.00,1535.00,15.00,50.00
"4620236.00","462","Montréal","0236.00",1761.00,-0.60,16335.80,74.70,12.50,210.00,590.00,95.00,1.80,30635.00,27712.00,230.00,715.00,275.00,21.70,30.80,782.00,796.00,110.00,449582.00,22.40,18.30,48.90,38.30,70.00,75.00,335.00,1395.00,35.00,80.00
"4620237.00","462","Montréal","0237.00",3435.00,12.40,15764.10,79.20,8.60,365.00,1035.00,265.00,2.00,35947.00,31757.00,605.00,1115.00,365.00,20.80,22.00,850.00,890.00,150.00,349924.00,14.40,13.20,27.10,36.50,115.00,55.00,645.00,2830.00,75.00,115.00
"4620238.00","462","Montréal","0238.00",2358.00,1.10,14439.70,76.70,8.90,395.00,690.00,85.00,1.90,33847.00,29920.00,335.00,875.00,335.00,23.50,29.50,748.00,779.00,125.00,448883.00,16.90,17.40,23.30,37.20,125.00,45.00,490.00,1810.00,30.00,100.00
"4620239.00","462","Montréal","0239.00",4696.00,2.40,8664.20,75.00,10.90,430.00,1720.00,210.00,1.90,27733.00,25874.00,610.00,1900.00,830.00,21.50,36.80,690.00,704.00,175.00,375666.00,26.50,26.40,35.60,37.50,480.00,215.00,1550.00,2760.00,185.00,315.00
"4620240.00","462","Montréal","0240.00",3226.00,5.10,10487.60,67.40,16.40,80.00,1240.00,115.00,2.00,23104.00,22123.00,360.00,1190.00,485.00,25.40,33.30,664.00,690.00,90.00,348866.00,32.60,29.80,41.90,40.40,210.00,70.00,1215.00,1790.00,150.00,385.00
"4620241.00","462","Montréal","0241.00",2914.00,0.70,14125.10,71.70,11.30,175.00,1055.00,0.00,2.20,23232.00,22421.00,340.00,1005.00,435.00,34.30,31.30,704.00,742.00,160.00,348969.00,27.80,26.50,30.30,37.60,155.00,50.00,1195.00,1715.00,245.00,360.00
"4620242.00","462","Montréal","0242.00",6261.00,1.30,16903.30,70.80,13.00,545.00,2275.00,50.00,2.10,23794.00,22818.00,655.00,2365.00,1055.00,30.00,36.40,723.00,762.00,295.00,401096.00,27.60,26.70,31.30,38.20,510.00,115.00,2420.00,3720.00,350.00,650.00
"4620243.00","462","Montréal","0243.00",3946.00,-1.50,15492.70,72.20,11.40,380.00,1395.00,5.00,2.20,24943.00,23908.00,390.00,1375.00,570.00,26.60,34.30,768.00,796.00,200.00,449157.00,26.40,24.90,26.70,36.90,410.00,70.00,1730.00,2105.00,165.00,455.00
"4620244.00","462","Montréal","0244.00",2142.00,1.60,12205.10,73.20,11.20,260.00,805.00,5.00,2.00,28779.00,26569.00,235.00,875.00,280.00,25.50,25.10,675.00,704.00,95.00,449596.00,22.20,22.80,27.70,37.40,150.00,55.00,485.00,1640.00,55.00,115.00
"4620245.00","462","Montréal","0245.00",2886.00,3.30,13142.10,77.20,10.70,205.00,1235.00,90.00,1.80,27968.00,26162.00,415.00,1160.00,480.00,21.70,33.50,717.00,765.00,110.00,350035.00,26.20,25.20,48.30,37.10,165.00,165.00,760.00,1945.00,65.00,210.00
"4620247.00","462","Montréal","0247.00",2239.00,1.20,11595.00,78.30,7.60,190.00,960.00,0.00,1.90,34651.00,30605.00,380.00,800.00,385.00,21.10,38.10,793.00,857.00,150.00,400483.00,18.10,18.10,34.30,36.00,90.00,105.00,375.00,1725.00,45.00,65.00
"4620249.00","462","Montréal","0249.00",4194.00,2.30,7913.20,70.40,15.70,415.00,1325.00,35.00,1.90,26795.00,25083.00,790.00,1335.00,600.00,15.30,36.10,653.00,704.00,185.00,420927.00,24.20,24.90,23.10,41.40,190.00,120.00,1245.00,2680.00,125.00,285.00
"4620250.00","462","Montréal","0250.00",4052.00,2.00,9038.60,70.20,14.40,325.00,1215.00,0.00,2.10,26643.00,24896.00,740.00,1180.00,565.00,20.90,34.70,734.00,765.00,110.00,379582.00,21.10,21.40,23.10,39.90,260.00,155.00,1630.00,2365.00,225.00,330.00
"4620251.01","462","Montréal","0251.01",3822.00,1.20,8046.30,58.30,28.20,480.00,760.00,140.00,2.20,22240.00,21446.00,450.00,1095.00,425.00,27.80,28.00,681.00,696.00,100.00,400162.00,26.80,24.80,34.60,47.00,260.00,40.00,1500.00,1765.00,220.00,470.00
"4620251.02","462","Montréal","0251.02",2723.00,2.50,11508.90,71.70,11.70,190.00,980.00,0.00,2.20,20690.00,20211.00,345.00,885.00,485.00,34.80,40.70,653.00,699.00,125.00,379791.00,33.60,32.90,39.10,38.70,375.00,110.00,1400.00,1275.00,290.00,435.00
"4620252.00","462","Montréal","0252.00",5258.00,4.20,16148.60,68.30,12.80,340.00,1745.00,10.00,2.30,21784.00,21133.00,655.00,1625.00,840.00,33.60,38.10,724.00,744.00,280.00,344530.00,32.20,31.10,30.60,37.80,610.00,160.00,2485.00,2580.00,410.00,665.00
"4620253.00","462","Montréal","0253.00",3436.00,14.60,7497.30,69.60,10.50,220.00,1175.00,0.00,2.40,24192.00,23066.00,595.00,880.00,475.00,26.30,37.10,667.00,705.00,115.00,230208.00,27.40,25.80,26.40,36.60,385.00,100.00,1685.00,1715.00,285.00,500.00
"4620254.00","462","Montréal","0254.00",4069.00,3.50,6630.30,69.30,13.90,80.00,1260.00,5.00,2.20,24256.00,23066.00,740.00,1065.00,580.00,24.30,37.90,645.00,682.00,150.00,348179.00,28.60,28.30,23.90,39.80,355.00,130.00,1760.00,2100.00,335.00,485.00
"4620256.00","462","Montréal","0256.00",3772.00,-2.40,2049.70,68.90,12.20,500.00,840.00,0.00,2.60,21600.00,20779.00,515.00,925.00,500.00,28.40,39.00,713.00,739.00,180.00,299732.00,25.10,23.10,26.10,37.40,305.00,55.00,1830.00,1590.00,355.00,730.00
"4620257.00","462","Montréal","0257.00",4520.00,-2.20,3398.50,64.10,14.60,730.00,920.00,0.00,2.70,20176.00,19846.00,420.00,1260.00,490.00,25.90,30.30,694.00,705.00,150.00,369727.00,29.60,27.20,33.30,37.70,310.00,65.00,2410.00,2185.00,455.00,895.00
"4620258.00","462","Montréal","0258.00",5162.00,5.50,13045.20,64.20,8.00,145.00,1430.00,0.00,2.90,21008.00,20416.00,320.00,1460.00,445.00,20.30,26.50,691.00,686.00,160.00,348411.00,40.90,36.90,28.90,32.80,680.00,120.00,2630.00,2280.00,690.00,860.00
"4620259.00","462","Montréal","0259.00",5969.00,-1.60,16106.30,66.20,10.20,320.00,1980.00,5.00,2.60,20303.00,19978.00,375.00,1945.00,865.00,40.00,36.80,676.00,718.00,270.00,376660.00,37.30,36.20,28.70,35.00,830.00,105.00,3145.00,2705.00,645.00,1150.00
"4620260.00","462","Montréal","0260.00",2312.00,-0.20,4264.90,64.40,11.90,255.00,505.00,0.00,2.80,22731.00,21952.00,260.00,570.00,205.00,19.20,27.00,696.00,728.00,55.00,348782.00,25.80,23.20,21.80,35.70,265.00,15.00,1215.00,1020.00,145.00,435.00
"4620261.00","462","Montréal","0261.00",2713.00,-3.80,4309.80,64.80,14.40,415.00,615.00,0.00,2.50,21003.00,20448.00,330.00,750.00,365.00,31.80,35.30,698.00,712.00,90.00,359785.00,31.20,29.60,29.50,37.60,270.00,45.00,1375.00,1290.00,255.00,545.00
"4620262.00","462","Montréal","0262.00",4525.00,-1.50,5972.00,64.20,14.50,580.00,1080.00,0.00,2.60,21318.00,20779.00,650.00,1095.00,535.00,28.20,32.00,742.00,744.00,140.00,349010.00,29.70,28.80,22.70,37.60,455.00,75.00,2675.00,2070.00,590.00,930.00
"4620263.00","462","Montréal","0263.00",4085.00,1.40,5431.50,62.30,19.00,645.00,995.00,0.00,2.40,22992.00,22336.00,580.00,1125.00,460.00,27.60,26.70,695.00,701.00,105.00,400057.00,24.00,20.30,31.40,40.60,290.00,35.00,1940.00,2165.00,330.00,625.00
"4620264.01","462","Montréal","0264.01",5530.00,1.20,4515.80,59.80,24.90,390.00,1275.00,235.00,2.20,36873.00,32625.00,830.00,1445.00,400.00,12.70,20.40,758.00,768.00,100.00,499744.00,13.50,13.10,7.60,44.70,185.00,35.00,1110.00,3865.00,230.00,330.00
"4620264.02","462","Montréal","0264.02",5249.00,4.60,5754.20,72.10,15.70,0.00,1705.00,725.00,1.90,42123.00,36197.00,1495.00,1095.00,470.00,15.70,21.50,778.00,810.00,75.00,300014.00,16.50,14.30,17.70,41.30,235.00,35.00,1295.00,3545.00,240.00,335.00
"4620265.00","462","Montréal","0265.00",4565.00,3.70,9447.40,72.10,13.30,330.00,1685.00,0.00,2.10,32192.00,29274.00,805.00,1420.00,630.00,24.20,31.00,750.00,780.00,165.00,401214.00,14.90,15.60,19.00,38.80,255.00,65.00,1135.00,3335.00,145.00,255.00
"4620266.00","462","Montréal","0266.00",3357.00,3.00,4456.40,70.70,16.70,170.00,1305.00,175.00,1.90,26765.00,24677.00,430.00,1230.00,450.00,24.40,28.00,702.00,725.00,150.00,399530.00,25.20,22.40,42.20,40.70,230.00,45.00,995.00,2230.00,200.00,235.00
"4620267.00","462","Montréal","0267.00",6334.00,5.00,5626.70,67.60,15.20,445.00,1945.00,190.00,2.40,25432.00,24099.00,1130.00,1535.00,730.00,25.70,28.70,757.00,758.00,150.00,448598.00,19.40,17.90,17.10,39.60,485.00,140.00,3135.00,3020.00,465.00,790.00
"4620268.01","462","Montréal","0268.01",6777.00,12.10,11656.30,58.50,25.10,0.00,715.00,2300.00,2.10,25813.00,24614.00,1410.00,1755.00,1090.00,20.80,45.30,843.00,994.00,145.00,224907.00,27.40,26.10,25.80,44.30,1030.00,215.00,3700.00,2625.00,630.00,610.00
"4620268.02","462","Montréal","0268.02",5598.00,68.60,18487.50,66.60,11.30,0.00,525.00,1530.00,2.60,24948.00,23925.00,995.00,1125.00,700.00,27.50,38.40,871.00,887.00,70.00,274513.00,26.60,23.80,33.10,35.50,960.00,110.00,3500.00,1925.00,815.00,775.00
"4620268.03","462","Montréal","0268.03",0.00,-100.00,0.00,,,,,,,,,,,,,,,,,,,,,,,,,,,
"4620269.00","462","Montréal","0269.00",4137.00,4.20,5358.10,68.20,11.00,255.00,1550.00,5.00,2.10,26286.00,24870.00,420.00,1500.00,645.00,26.20,35.70,683.00,729.00,150.00,500547.00,30.50,29.10,29.10,36.40,585.00,135.00,1910.00,2090.00,300.00,560.00
"4620270.00","462","Montréal","0270.00",4529.00,3.70,6672.10,71.70,14.20,595.00,1235.00,460.00,1.90,32576.00,29134.00,875.00,1535.00,655.00,18.90,31.60,664.00,719.00,115.00,401381.00,21.80,23.40,17.20,40.30,430.00,125.00,1290.00,3045.00,155.00,315.00
"4620271.00","462","Montréal","0271.00",3454.00,6.50,7224.40,69.70,15.80,355.00,925.00,0.00,2.10,39040.00,34163.00,945.00,725.00,325.00,12.70,28.30,781.00,809.00,95.00,400762.00,9.20,9.00,12.80,40.80,145.00,30.00,630.00,2945.00,65.00,155.00
"4620272.00","462","Montréal","0272.00",3796.00,1.30,7524.30,67.60,14.90,190.00,1350.00,5.00,2.10,30016.00,27533.00,610.00,1255.00,475.00,16.50,29.50,681.00,738.00,115.00,420823.00,22.80,22.50,17.70,40.50,375.00,110.00,1435.00,2340.00,125.00,405.00
"4620273.00","462","Montréal","0273.00",4661.00,6.40,8188.70,59.80,24.10,635.00,1455.00,0.00,2.00,29766.00,27653.00,750.00,1425.00,720.00,26.70,36.10,742.00,830.00,150.00,401112.00,19.60,18.20,21.30,44.40,320.00,35.00,1660.00,2625.00,170.00,375.00
"4620274.00","462","Montréal","0274.00",3014.00,-0.90,6287.00,62.50,19.90,520.00,690.00,75.00,2.20,26320.00,24998.00,440.00,895.00,325.00,18.20,27.90,711.00,737.00,80.00,428807.00,20.10,18.70,22.70,41.80,190.00,10.00,1245.00,1690.00,155.00,230.00
"4620275.00","462","Montréal","0275.00",4011.00,0.70,6461.00,66.50,17.60,375.00,1440.00,0.00,2.00,30152.00,27712.00,670.00,1345.00,630.00,20.70,36.40,698.00,781.00,195.00,424163.00,21.50,22.90,17.00,42.60,375.00,50.00,1425.00,2570.00,190.00,350.00
"4620276.00","462","Montréal","0276.00",5112.00,1.90,5954.60,66.90,15.90,430.00,1810.00,100.00,2.00,29936.00,27576.00,810.00,1720.00,670.00,24.70,27.00,674.00,727.00,220.00,425459.00,21.70,21.20,25.80,40.80,495.00,50.00,1665.00,3345.00,305.00,400.00
"4620277.00","462","Montréal","0277.00",4410.00,0.20,7882.00,58.80,26.60,150.00,1480.00,110.00,1.90,28979.00,26841.00,570.00,1350.00,630.00,15.80,40.20,685.00,738.00,115.00,501251.00,26.90,27.90,21.40,46.60,530.00,100.00,1275.00,2415.00,145.00,325.00
"4620278.00","462","Montréal","0278.00",4343.00,0.10,7364.80,69.20,14.00,565.00,1235.00,85.00,2.10,34336.00,30933.00,750.00,1360.00,590.00,18.80,33.50,731.00,787.00,220.00,479634.00,18.80,19.20,18.90,39.80,355.00,25.00,1090.00,3200.00,105.00,240.00
"4620279.00","462","Montréal","0279.00",5261.00,26.30,5602.80,54.80,34.10,400.00,1220.00,670.00,1.90,34789.00,31136.00,825.00,1730.00,905.00,16.40,44.50,758.00,953.00,155.00,552284.00,19.90,20.90,19.80,50.80,335.00,75.00,1130.00,3525.00,160.00,245.00
"4620280.00","462","Montréal","0280.00",4494.00,0.50,7605.30,67.00,13.30,375.00,1295.00,5.00,2.20,32640.00,29323.00,770.00,1245.00,535.00,13.50,34.50,660.00,703.00,145.00,501523.00,21.10,22.00,18.50,38.50,520.00,70.00,1475.00,2835.00,170.00,420.00
"4620281.00","462","Montréal","0281.00",3914.00,10.00,3607.40,67.20,20.90,375.00,715.00,0.00,2.10,44117.00,37781.00,845.00,620.00,245.00,9.40,26.60,732.00,799.00,90.00,500423.00,9.90,9.90,10.80,44.40,170.00,25.00,610.00,2545.00,95.00,105.00
"4620282.00","462","Montréal","0282.00",7032.00,4.10,5272.20,61.50,21.10,315.00,1550.00,235.00,2.40,25504.00,24239.00,1120.00,1620.00,870.00,25.40,36.50,736.00,764.00,240.00,449016.00,24.70,24.80,21.30,42.90,805.00,90.00,3140.00,3255.00,525.00,690.00
"4620283.01","462","Montréal","0283.01",3663.00,1.40,6017.70,57.50,27.20,285.00,650.00,0.00,2.60,24082.00,22827.00,760.00,595.00,390.00,24.30,33.60,767.00,810.00,85.00,549097.00,16.40,16.20,17.70,45.90,265.00,25.00,1990.00,1640.00,340.00,270.00
"4620283.02","462","Montréal","0283.02",2853.00,1.10,6076.70,60.80,22.80,220.00,760.00,0.00,2.40,23296.00,22419.00,495.00,680.00,440.00,25.30,46.30,680.00,744.00,65.00,538568.00,24.40,25.80,22.50,43.70,280.00,30.00,1440.00,1215.00,220.00,205.00
"4620284.00","462","Montréal","0284.00",3467.00,3.10,5957.00,61.40,23.20,35.00,1065.00,90.00,2.20,27168.00,25461.00,695.00,895.00,440.00,25.20,29.10,649.00,704.00,140.00,501263.00,20.90,18.70,26.90,44.10,275.00,45.00,1600.00,1895.00,250.00,365.00
"4620285.00","462","Montréal","0285.00",6577.00,0.40,4348.70,56.30,24.70,225.00,1215.00,5.00,2.50,27251.00,25700.00,1020.00,1240.00,625.00,18.10,35.50,654.00,734.00,190.00,401062.00,23.80,24.20,14.60,44.10,720.00,180.00,2685.00,2860.00,450.00,615.00
"4620286.00","462","Montréal","0286.00",5305.00,-0.30,6705.00,64.20,11.60,145.00,710.00,515.00,2.70,23336.00,22452.00,750.00,1210.00,575.00,20.00,34.60,701.00,742.00,155.00,399498.00,29.70,29.10,24.40,35.90,860.00,75.00,3055.00,2170.00,685.00,680.00
"4620287.01","462","Montréal","0287.01",6641.00,7.80,12376.10,67.60,9.60,125.00,2695.00,110.00,2.20,22054.00,21335.00,600.00,2455.00,1080.00,17.50,40.00,618.00,674.00,300.00,299690.00,35.70,36.00,38.30,35.20,1350.00,265.00,3775.00,2565.00,760.00,980.00
"4620287.02","462","Montréal","0287.02",4642.00,3.30,4193.70,58.90,22.10,55.00,1015.00,5.00,2.60,29178.00,27664.00,920.00,835.00,515.00,22.80,37.30,857.00,832.00,110.00,599353.00,18.50,16.30,22.40,42.10,290.00,55.00,2155.00,2390.00,260.00,460.00
"4620288.00","462","Montréal","0288.00",1519.00,-3.90,805.10,56.30,29.30,5.00,0.00,0.00,3.10,48512.00,40192.00,380.00,10.00,65.00,17.10,0.00,0.00,0.00,30.00,822744.00,6.40,6.30,4.90,48.10,10.00,0.00,390.00,790.00,10.00,60.00
"4620290.01","462","Montréal","0290.01",2655.00,18.30,2204.80,65.00,15.30,15.00,420.00,0.00,2.60,31936.00,28992.00,715.00,280.00,195.00,17.60,25.50,683.00,737.00,25.00,400236.00,11.90,9.80,21.00,39.10,60.00,0.00,835.00,1745.00,100.00,160.00
"4620290.02","462","Montréal","0290.02",5738.00,-3.30,3188.50,66.50,19.10,5.00,1095.00,0.00,2.60,28261.00,26298.00,1470.00,760.00,500.00,16.00,34.20,741.00,753.00,100.00,349354.00,11.50,9.90,14.20,42.70,95.00,40.00,2060.00,3615.00,100.00,385.00
"4620290.03","462","Montréal","0290.03",4171.00,0.10,6526.40,66.40,17.30,5.00,1290.00,0.00,2.40,28343.00,26149.00,950.00,790.00,385.00,20.00,24.50,789.00,795.00,90.00,269559.00,15.80,14.30,18.10,41.00,225.00,25.00,1715.00,2495.00,270.00,440.00
"4620290.04","462","Montréal","0290.04",6889.00,2.30,2430.90,68.30,13.60,95.00,870.00,0.00,2.80,29376.00,26900.00,1730.00,715.00,535.00,17.30,32.90,802.00,831.00,155.00,324739.00,12.30,10.90,11.20,38.90,175.00,40.00,2265.00,4585.00,345.00,570.00
"4620290.05","462","Montréal","0290.05",5100.00,-11.70,2296.70,49.50,40.50,25.00,760.00,845.00,2.00,29478.00,27213.00,1105.00,1255.00,975.00,15.50,64.30,1273.00,1209.00,75.00,289354.00,12.40,10.30,15.10,54.20,75.00,10.00,1425.00,3290.00,150.00,370.00
"4620290.06","462","Montréal","0290.06",5381.00,-5.60,6002.20,64.40,20.10,40.00,780.00,0.00,2.70,27217.00,25353.00,1275.00,705.00,405.00,14.80,30.70,728.00,783.00,150.00,348791.00,13.80,11.40,14.50,42.40,190.00,45.00,2435.00,2885.00,220.00,555.00
"4620290.07","462","Montréal","0290.07",4121.00,2.80,7075.90,64.70,15.40,15.00,740.00,0.00,2.60,27648.00,25776.00,870.00,710.00,310.00,11.50,30.50,707.00,703.00,45.00,358400.00,16.40,14.40,21.10,39.60,185.00,10.00,1600.00,2685.00,145.00,385.00
"4620290.08","462","Montréal","0290.08",4076.00,-1.80,3610.30,66.70,18.90,70.00,390.00,0.00,2.70,31268.00,28114.00,1235.00,245.00,285.00,17.70,26.50,744.00,904.00,55.00,325258.00,9.20,7.30,13.10,43.20,95.00,20.00,1295.00,2530.00,90.00,250.00
"4620290.09","462","Montréal","0290.09",4910.00,-4.20,4416.70,65.20,18.60,15.00,500.00,75.00,2.80,28665.00,26722.00,1345.00,405.00,325.00,17.80,22.00,651.00,705.00,115.00,320131.00,12.90,9.20,15.90,41.80,65.00,10.00,1810.00,3075.00,190.00,510.00
"4620291.01","462","Montréal","0291.01",3923.00,-2.30,3995.70,69.00,13.60,60.00,375.00,0.00,2.90,30197.00,27584.00,1115.00,250.00,225.00,14.40,26.00,675.00,697.00,95.00,299145.00,7.90,6.30,17.00,39.10,140.00,15.00,1365.00,2510.00,225.00,420.00
"4620291.03","462","Montréal","0291.03",5352.00,12.90,765.60,71.60,7.80,115.00,280.00,20.00,3.00,39708.00,34748.00,1485.00,295.00,315.00,14.20,35.00,781.00,859.00,35.00,349332.00,5.80,5.50,10.10,35.70,120.00,10.00,1155.00,4080.00,165.00,305.00
"4620291.04","462","Montréal","0291.04",5230.00,9.50,1634.40,72.30,6.40,25.00,90.00,0.00,3.20,39403.00,34467.00,1355.00,120.00,180.00,11.10,25.00,773.00,771.00,30.00,317832.00,5.80,4.60,12.90,34.80,90.00,0.00,1270.00,3490.00,200.00,360.00
"4620300.00","462","Montréal","0300.00",2699.00,-0.30,5226.60,67.40,23.70,80.00,1060.00,120.00,1.80,24165.00,23088.00,220.00,1035.00,505.00,25.60,44.20,699.00,730.00,115.00,250758.00,30.90,30.50,37.20,45.10,205.00,150.00,545.00,1455.00,85.00,85.00
"4620301.00","462","Montréal","0301.00",5005.00,0.80,11936.60,74.50,13.90,180.00,2300.00,5.00,1.90,31595.00,28352.00,965.00,1670.00,685.00,20.20,29.60,746.00,793.00,270.00,290560.00,21.40,19.30,30.50,40.10,285.00,190.00,1360.00,3405.00,90.00,340.00
"4620302.00","462","Montréal","0302.00",2926.00,3.50,14176.40,78.80,7.70,200.00,1295.00,5.00,1.90,28224.00,26069.00,400.00,1165.00,495.00,23.80,33.90,753.00,784.00,205.00,324927.00,27.80,26.30,37.80,36.20,225.00,140.00,615.00,2190.00,75.00,90.00
"4620303.00","462","Montréal","0303.00",2291.00,3.50,8687.90,76.60,9.80,140.00,995.00,85.00,1.80,28437.00,26139.00,340.00,885.00,375.00,25.00,32.20,734.00,747.00,140.00,300593.00,28.70,25.10,53.30,37.30,95.00,55.00,470.00,1725.00,55.00,130.00
"4620304.00","462","Montréal","0304.00",3277.00,12.60,12092.30,70.60,16.00,175.00,1125.00,385.00,1.80,27783.00,25520.00,560.00,1210.00,530.00,25.20,32.40,731.00,739.00,135.00,320939.00,28.00,25.60,41.90,41.00,350.00,145.00,890.00,2135.00,125.00,250.00
"4620305.00","462","Montréal","0305.00",3762.00,1.40,10727.10,75.50,13.40,255.00,1375.00,415.00,1.80,31080.00,28264.00,760.00,1335.00,675.00,23.30,37.50,741.00,768.00,205.00,321341.00,23.50,23.60,22.00,40.40,405.00,175.00,1065.00,2530.00,75.00,225.00
"4620306.00","462","Montréal","0306.00",2847.00,1.70,12766.80,75.30,12.60,195.00,1000.00,230.00,1.90,27968.00,26096.00,305.00,1195.00,515.00,26.20,36.00,816.00,836.00,180.00,285247.00,24.40,22.20,29.20,39.20,230.00,40.00,485.00,2220.00,55.00,120.00
"4620307.00","462","Montréal","0307.00",3079.00,-5.80,17736.20,78.70,8.10,180.00,1345.00,0.00,2.00,25549.00,23883.00,220.00,1360.00,470.00,20.50,31.20,780.00,802.00,240.00,300640.00,28.20,25.00,35.40,36.00,225.00,130.00,585.00,2430.00,40.00,145.00
"4620308.00","462","Montréal","0308.00",2693.00,6.80,15477.00,78.30,8.50,170.00,1110.00,0.00,2.00,28288.00,26055.00,170.00,1170.00,375.00,17.60,29.10,780.00,821.00,150.00,348175.00,24.50,21.20,34.80,36.70,110.00,90.00,340.00,2365.00,10.00,110.00
"4620309.00","462","Montréal","0309.00",1364.00,4.50,7313.70,71.30,13.60,85.00,420.00,0.00,2.20,33600.00,30391.00,225.00,395.00,150.00,19.60,26.60,784.00,834.00,60.00,399621.00,15.80,13.80,21.60,40.00,45.00,45.00,200.00,1105.00,10.00,45.00
"4620310.00","462","Montréal","0310.00",3387.00,-1.00,7915.40,71.20,12.70,1165.00,235.00,0.00,2.10,35942.00,31424.00,600.00,995.00,435.00,20.20,31.70,797.00,831.00,175.00,414840.00,13.90,13.10,17.40,39.80,100.00,20.00,340.00,2970.00,35.00,90.00
"4620311.00","462","Montréal","0311.00",4003.00,0.40,11203.50,70.50,17.40,650.00,1145.00,150.00,1.90,27749.00,25357.00,295.00,1700.00,575.00,20.30,29.90,763.00,789.00,285.00,340983.00,24.80,21.80,41.20,41.90,120.00,60.00,495.00,3235.00,40.00,95.00
"4620312.00","462","Montréal","0312.00",3241.00,0.70,10563.90,65.90,17.30,1010.00,395.00,145.00,2.00,32245.00,29020.00,495.00,1145.00,465.00,22.00,31.10,772.00,772.00,145.00,401328.00,20.70,17.60,33.90,41.20,55.00,50.00,315.00,2865.00,15.00,100.00
"4620313.00","462","Montréal","0313.00",3249.00,-1.20,8173.60,68.30,16.80,1275.00,200.00,5.00,2.10,34048.00,30320.00,460.00,1085.00,395.00,12.10,31.30,825.00,853.00,135.00,448947.00,14.00,12.90,15.60,41.90,105.00,10.00,395.00,2830.00,35.00,85.00
"4620314.00","462","Montréal","0314.00",2466.00,1.80,9573.00,66.70,18.30,1120.00,15.00,5.00,2.10,34802.00,30848.00,390.00,755.00,245.00,20.80,22.50,812.00,862.00,100.00,449092.00,12.10,10.80,15.90,42.60,35.00,10.00,265.00,2180.00,25.00,70.00
"4620315.00","462","Montréal","0315.00",240.00,155.30,295.90,,,,,,,,,,,,,,,,,,,,,,,,,,,
"4620316.00","462","Montréal","0316.00",2239.00,2.40,3930.80,64.00,19.70,245.00,40.00,0.00,2.40,48832.00,40925.00,650.00,195.00,115.00,8.50,30.80,703.00,778.00,70.00,448860.00,4.20,4.10,9.10,44.60,40.00,10.00,215.00,1805.00,10.00,30.00
"4620317.02","462","Montréal","0317.02",7929.00,19.10,6100.20,59.70,26.80,120.00,630.00,2630.00,2.00,45696.00,38708.00,2115.00,1740.00,1220.00,24.80,39.80,1079.00,1229.00,215.00,401407.00,16.90,18.40,8.60,46.40,875.00,240.00,3005.00,4340.00,235.00,395.00
"4620317.03","462","Montréal","0317.03",4349.00,5.00,5387.80,66.60,18.00,20.00,405.00,1205.00,2.00,60736.00,48512.00,1845.00,355.00,445.00,17.10,36.60,1479.00,1403.00,55.00,400102.00,10.50,10.60,7.00,43.80,250.00,45.00,1425.00,2950.00,40.00,220.00
"4620317.04","462","Montréal","0317.04",8183.00,8.80,5031.70,63.80,18.00,0.00,940.00,1865.00,2.20,43237.00,37260.00,1615.00,1970.00,1185.00,20.80,43.40,1062.00,1252.00,105.00,696737.00,17.70,17.60,10.50,41.80,1165.00,265.00,3305.00,4405.00,215.00,410.00
"4620320.00","462","Montréal","0320.00",4683.00,3.10,6895.90,65.60,17.50,1630.00,210.00,0.00,2.20,33980.00,30345.00,1045.00,1120.00,540.00,20.10,29.60,794.00,804.00,210.00,401296.00,13.90,13.50,14.20,41.40,185.00,45.00,925.00,3795.00,125.00,220.00
"4620321.00","462","Montréal","0321.00",2921.00,2.50,2624.00,70.90,13.40,930.00,260.00,5.00,2.10,31904.00,28544.00,570.00,785.00,365.00,21.10,31.60,714.00,744.00,110.00,399460.00,16.20,16.20,19.20,40.80,75.00,10.00,580.00,2220.00,65.00,105.00
"4620322.02","462","Montréal","0322.02",3850.00,1.90,4956.90,65.80,18.30,890.00,310.00,0.00,2.30,34700.00,31120.00,780.00,865.00,390.00,17.90,28.90,763.00,796.00,95.00,449279.00,13.00,12.30,12.10,42.30,165.00,35.00,965.00,2750.00,135.00,190.00
"4620322.03","462","Montréal","0322.03",4751.00,2.20,6194.30,59.80,25.70,1285.00,635.00,255.00,2.00,28245.00,26071.00,590.00,1750.00,815.00,27.10,37.70,811.00,813.00,125.00,549824.00,19.40,17.80,19.30,45.60,240.00,20.00,1180.00,3420.00,175.00,170.00
"4620322.04","462","Montréal","0322.04",3345.00,-3.80,7335.50,51.40,39.00,705.00,380.00,0.00,2.00,30464.00,27392.00,640.00,755.00,260.00,15.70,21.10,713.00,709.00,55.00,501737.00,17.10,12.90,26.40,53.80,60.00,35.00,890.00,2010.00,65.00,140.00
"4620323.00","462","Montréal","0323.00",2862.00,-2.70,4618.40,61.20,25.50,1035.00,90.00,0.00,2.10,34192.00,30344.00,455.00,765.00,265.00,16.70,25.80,755.00,782.00,105.00,449536.00,14.90,15.40,12.80,46.30,125.00,30.00,600.00,1940.00,115.00,140.00
"4620324.01","462","Montréal","0324.01",4894.00,5.40,7279.50,66.40,16.20,1425.00,600.00,0.00,2.30,27192.00,25426.00,810.00,1335.00,700.00,29.20,34.50,805.00,831.00,155.00,500025.00,23.40,23.60,13.40,40.50,630.00,95.00,1955.00,2800.00,420.00,335.00
"4620324.02","462","Montréal","0324.02",2806.00,4.00,4178.70,65.80,15.20,695.00,310.00,0.00,2.40,27723.00,26048.00,420.00,720.00,295.00,20.20,27.80,683.00,730.00,90.00,425012.00,20.10,20.10,13.10,38.60,205.00,65.00,1135.00,1565.00,240.00,280.00
"4620325.01","462","Montréal","0325.01",3715.00,1.20,9424.20,62.60,18.80,875.00,515.00,0.00,2.60,26576.00,24942.00,545.00,900.00,435.00,27.80,31.70,816.00,804.00,100.00,450208.00,18.60,17.30,15.00,40.60,275.00,45.00,1655.00,1905.00,220.00,425.00
"4620325.02","462","Montréal","0325.02",6575.00,0.20,6733.20,62.90,19.60,790.00,1690.00,155.00,2.30,25796.00,24408.00,705.00,2065.00,835.00,25.00,32.00,786.00,819.00,215.00,450233.00,24.30,23.10,18.90,41.20,730.00,145.00,2620.00,3710.00,430.00,630.00
"4620325.03","462","Montréal","0325.03",3702.00,2.50,7927.20,62.70,20.00,815.00,665.00,10.00,2.40,26411.00,24896.00,525.00,980.00,465.00,26.40,33.30,861.00,874.00,80.00,499214.00,16.80,17.20,11.50,41.50,190.00,105.00,1535.00,2025.00,220.00,405.00
"4620325.05","462","Montréal","0325.05",6994.00,39.00,7659.60,61.30,25.50,940.00,975.00,755.00,2.10,28819.00,26748.00,1910.00,1130.00,1010.00,31.00,37.70,898.00,946.00,105.00,334279.00,18.00,18.80,15.40,45.80,590.00,180.00,3010.00,3290.00,255.00,540.00
"4620325.06","462","Montréal","0325.06",4225.00,1.50,5458.70,66.50,20.00,335.00,1120.00,0.00,2.20,33512.00,29888.00,1220.00,710.00,375.00,15.60,26.10,844.00,835.00,95.00,335138.00,11.70,12.40,8.80,43.60,335.00,80.00,1500.00,2680.00,95.00,305.00
"4620326.01","462","Montréal","0326.01",2822.00,-1.70,1111.10,64.60,17.20,1085.00,0.00,5.00,2.50,26061.00,24576.00,345.00,790.00,340.00,34.30,27.20,860.00,865.00,95.00,500540.00,19.10,18.30,13.40,39.90,175.00,110.00,1205.00,1675.00,240.00,305.00
"4620326.02","462","Montréal","0326.02",3386.00,-3.10,3117.30,67.90,15.20,1080.00,360.00,10.00,2.20,27191.00,25612.00,560.00,1020.00,445.00,29.50,27.50,722.00,755.00,175.00,399998.00,23.80,22.80,21.40,40.00,360.00,55.00,1440.00,2030.00,295.00,340.00
"4620326.03","462","Montréal","0326.03",4976.00,0.50,3771.40,65.40,16.70,1145.00,365.00,5.00,2.60,24885.00,23616.00,690.00,1205.00,585.00,27.20,33.10,837.00,857.00,135.00,449167.00,20.40,19.90,15.20,39.70,395.00,140.00,2040.00,2620.00,310.00,450.00
"4620327.00","462","Montréal","0327.00",4737.00,-1.00,4342.30,68.60,15.20,1620.00,270.00,5.00,2.30,27957.00,25920.00,795.00,1265.00,620.00,25.30,33.30,774.00,795.00,155.00,400430.00,20.70,20.70,16.30,40.60,370.00,75.00,1560.00,3105.00,270.00,335.00
"4620328.00","462","Montréal","0328.00",1940.00,-1.00,4383.20,63.70,11.90,10.00,745.00,0.00,2.40,19430.00,19174.00,10.00,785.00,225.00,0.00,28.70,604.00,659.00,85.00,0.00,45.40,40.40,58.70,36.00,240.00,30.00,970.00,915.00,225.00,215.00
"4620329.00","462","Montréal","0329.00",3669.00,1.90,5832.10,69.50,12.50,565.00,880.00,0.00,2.20,31834.00,28832.00,675.00,1045.00,540.00,23.70,35.90,743.00,781.00,170.00,399946.00,21.00,19.40,18.50,39.20,255.00,45.00,1185.00,2415.00,165.00,225.00
"4620330.00","462","Montréal","0330.00",5239.00,0.50,2546.00,70.40,11.50,400.00,1385.00,110.00,2.20,26144.00,24459.00,760.00,1615.00,850.00,27.60,40.10,711.00,758.00,245.00,330885.00,25.80,23.60,32.80,38.40,235.00,45.00,1420.00,3765.00,205.00,350.00
"4620340.00","462","Montréal","0340.00",5050.00,-0.70,3689.60,64.60,16.90,215.00,420.00,0.00,2.70,45227.00,38810.00,1435.00,415.00,360.00,14.30,36.90,971.00,1041.00,170.00,600784.00,8.30,8.00,7.00,40.90,145.00,50.00,1190.00,3800.00,75.00,140.00
"4620350.00","462","Montréal","0350.00",2525.00,1.40,4511.30,58.90,28.30,10.00,465.00,405.00,2.00,35669.00,31424.00,530.00,610.00,370.00,20.00,43.40,985.00,1138.00,80.00,750798.00,22.30,22.60,20.70,47.20,115.00,190.00,595.00,1485.00,25.00,90.00
"4620351.00","462","Montréal","0351.00",4984.00,1.30,10811.30,52.60,37.20,75.00,505.00,1825.00,1.80,46859.00,39473.00,850.00,1840.00,1110.00,18.90,52.60,1502.00,1717.00,210.00,1196276.00,19.80,24.80,11.10,50.90,365.00,195.00,1745.00,3020.00,65.00,175.00
"4620352.00","462","Montréal","0352.00",3113.00,3.20,6415.90,55.90,28.50,45.00,290.00,675.00,2.10,42650.00,36754.00,565.00,770.00,455.00,15.00,48.10,1227.00,1337.00,105.00,830390.00,18.50,19.00,8.30,46.30,275.00,240.00,1000.00,1625.00,40.00,120.00
"4620353.00","462","Montréal","0353.00",2999.00,1.30,7238.70,63.30,18.50,90.00,250.00,125.00,2.60,52992.00,44006.00,710.00,470.00,305.00,17.00,38.30,1520.00,1805.00,120.00,1105777.00,9.50,9.80,5.40,41.00,95.00,270.00,580.00,2200.00,25.00,95.00
"4620354.00","462","Montréal","0354.00",3092.00,-2.10,3816.30,64.70,15.90,20.00,0.00,40.00,3.10,70400.00,55680.00,890.00,95.00,160.00,14.80,30.00,1148.00,1700.00,65.00,1501090.00,5.30,5.50,3.10,39.90,45.00,85.00,500.00,2460.00,25.00,40.00
"4620355.00","462","Montréal","0355.00",1573.00,13.40,5117.10,63.70,23.90,20.00,125.00,125.00,2.30,54080.00,44587.00,375.00,305.00,205.00,12.00,53.30,1321.00,1482.00,50.00,1597790.00,14.10,16.60,8.00,44.10,80.00,65.00,375.00,1160.00,10.00,65.00
"4620356.00","462","Montréal","0356.00",2026.00,1.50,2016.90,63.00,19.00,5.00,5.00,0.00,3.10,78592.00,62720.00,640.00,25.00,125.00,18.10,0.00,0.00,0.00,50.00,1954383.00,7.40,6.90,5.30,41.40,95.00,110.00,475.00,1425.00,15.00,50.00
"4620360.00","462","Montréal","0360.00",1923.00,-0.60,1349.00,62.60,19.70,20.00,70.00,25.00,2.90,73557.00,59349.00,545.00,100.00,105.00,11.90,40.00,2250.00,1935.00,70.00,1504447.00,6.20,6.00,4.30,41.90,45.00,15.00,315.00,1495.00,20.00,70.00
"4620361.00","462","Montréal","0361.00",1419.00,2.50,12602.10,62.20,24.70,20.00,170.00,410.00,2.00,36821.00,32896.00,185.00,440.00,255.00,24.30,46.60,1031.00,1133.00,45.00,801085.00,16.80,20.10,10.70,44.10,135.00,90.00,435.00,750.00,10.00,15.00
"4620362.00","462","Montréal","0362.00",2366.00,-7.30,4517.90,60.90,18.00,120.00,235.00,0.00,2.80,56384.00,45653.00,620.00,240.00,215.00,16.90,45.80,1297.00,1344.00,45.00,1295435.00,7.90,8.80,7.70,39.60,90.00,0.00,415.00,1980.00,0.00,80.00
"4620363.00","462","Montréal","0363.00",4936.00,-1.50,13402.10,55.20,21.30,160.00,725.00,845.00,2.40,41504.00,36425.00,880.00,1195.00,750.00,25.00,44.50,1256.00,1322.00,110.00,752382.00,15.00,17.70,9.30,39.50,225.00,190.00,1210.00,3505.00,40.00,325.00
"4620364.00","462","Montréal","0364.00",3112.00,6.00,13293.50,57.30,5.60,35.00,870.00,30.00,3.20,29483.00,27952.00,355.00,590.00,375.00,34.70,41.50,1133.00,1207.00,125.00,500766.00,17.70,21.40,17.60,26.30,110.00,160.00,565.00,2315.00,15.00,260.00
"4620365.00","462","Montréal","0365.00",3080.00,10.80,12414.30,63.30,12.00,10.00,1090.00,160.00,2.40,40722.00,35917.00,685.00,595.00,370.00,25.50,33.10,1311.00,1265.00,140.00,474551.00,14.50,14.90,11.00,35.10,175.00,170.00,785.00,2195.00,30.00,205.00
"4620366.00","462","Montréal","0366.00",2570.00,1.30,7282.50,62.50,15.70,150.00,570.00,30.00,2.50,51424.00,42931.00,685.00,375.00,245.00,16.20,35.10,1115.00,1219.00,85.00,842168.00,8.50,9.70,6.20,38.60,125.00,140.00,730.00,1775.00,15.00,105.00
"4620367.00","462","Montréal","0367.00",4548.00,2.60,8305.30,58.80,23.80,140.00,1065.00,270.00,2.30,48491.00,41198.00,985.00,695.00,395.00,17.30,32.60,1146.00,1228.00,145.00,549059.00,12.20,11.80,13.20,44.30,300.00,145.00,1275.00,2525.00,50.00,195.00
"4620370.00","462","Montréal","0370.00",6973.00,-2.50,3884.20,63.40,17.90,335.00,470.00,245.00,2.80,46025.00,39501.00,1655.00,820.00,585.00,17.80,35.60,914.00,1188.00,140.00,1001525.00,10.80,11.40,6.80,40.10,295.00,200.00,1980.00,4780.00,135.00,290.00
"4620380.00","462","Montréal","0380.00",4060.00,-0.80,5305.10,56.20,28.50,65.00,200.00,835.00,2.30,30842.00,28608.00,685.00,1135.00,670.00,20.40,47.30,887.00,984.00,130.00,600652.00,17.60,18.90,14.70,45.90,320.00,75.00,1715.00,2390.00,65.00,300.00
"4620381.00","462","Montréal","0381.00",6290.00,-1.40,10691.80,58.30,20.90,170.00,295.00,1660.00,2.40,23866.00,23060.00,630.00,1845.00,990.00,37.30,41.20,902.00,905.00,260.00,375690.00,28.10,28.10,23.10,41.40,1190.00,175.00,3605.00,2105.00,335.00,430.00
"4620382.01","462","Montréal","0382.01",3873.00,4.10,6666.10,48.90,32.30,70.00,105.00,800.00,2.50,33963.00,30583.00,995.00,435.00,550.00,30.50,58.10,1149.00,1188.00,100.00,450532.00,16.30,17.60,14.50,46.70,245.00,55.00,1450.00,2015.00,85.00,135.00
"4620382.02","462","Montréal","0382.02",4445.00,-3.80,2846.10,60.20,18.30,145.00,250.00,0.00,3.00,33963.00,30501.00,1120.00,355.00,315.00,15.60,39.40,802.00,946.00,135.00,499949.00,10.70,11.20,6.10,39.40,225.00,80.00,1760.00,2540.00,85.00,250.00
"4620383.01","462","Montréal","0383.01",3232.00,-2.30,1873.10,50.30,30.50,225.00,135.00,115.00,2.70,31552.00,28629.00,680.00,365.00,350.00,28.90,41.90,1172.00,1113.00,75.00,488577.00,14.20,14.70,16.00,46.40,115.00,160.00,1185.00,1560.00,50.00,140.00
"4620383.02","462","Montréal","0383.02",8002.00,4.60,5327.60,48.30,37.20,15.00,275.00,2670.00,2.10,34621.00,30816.00,2060.00,1790.00,1515.00,28.80,52.00,1029.00,1106.00,170.00,425753.00,17.70,20.50,13.40,49.90,585.00,140.00,3390.00,4470.00,180.00,420.00
"4620385.00","462","Montréal","0385.00",1517.00,3.50,40889.50,51.80,41.90,0.00,105.00,840.00,1.60,33152.00,30400.00,60.00,885.00,465.00,23.10,50.30,1171.00,1301.00,30.00,349396.00,21.10,24.70,14.20,55.10,110.00,90.00,600.00,830.00,35.00,60.00
"4620390.00","462","Montréal","0390.00",1198.00,25.70,1167.30,71.00,14.10,170.00,365.00,0.00,1.90,30528.00,27840.00,230.00,385.00,140.00,27.70,19.20,695.00,752.00,30.00,300157.00,22.80,20.30,32.40,41.30,15.00,0.00,145.00,1055.00,35.00,30.00
"4620391.00","462","Montréal","0391.00",1656.00,-0.50,5228.90,65.40,22.00,180.00,445.00,115.00,1.90,26133.00,24427.00,235.00,590.00,275.00,25.50,36.40,711.00,745.00,110.00,348160.00,27.30,24.00,35.70,44.70,20.00,0.00,220.00,1445.00,35.00,105.00
"4620392.00","462","Montréal","0392.00",1522.00,3.50,3472.50,66.40,20.70,135.00,420.00,0.00,1.90,36736.00,32128.00,270.00,455.00,190.00,22.60,28.90,760.00,820.00,40.00,300386.00,17.20,15.90,23.10,45.70,60.00,10.00,250.00,1025.00,15.00,50.00
"4620393.00","462","Montréal","0393.00",6874.00,32.00,6593.80,69.50,13.20,650.00,1400.00,580.00,2.10,33029.00,29772.00,1500.00,1690.00,790.00,21.30,27.50,720.00,746.00,220.00,280376.00,18.70,17.00,19.50,39.10,275.00,55.00,1365.00,5310.00,150.00,320.00
"4620394.00","462","Montréal","0394.00",3689.00,11.10,2743.60,73.20,13.30,785.00,910.00,0.00,2.00,29760.00,27520.00,675.00,1210.00,585.00,23.70,34.70,732.00,749.00,180.00,299878.00,20.50,19.20,19.40,40.20,160.00,30.00,655.00,2925.00,80.00,195.00
"4620395.01","462","Montréal","0395.01",2731.00,-3.80,357.40,61.10,17.40,55.00,1015.00,0.00,2.30,18406.00,18112.00,55.00,1030.00,300.00,45.50,26.70,629.00,609.00,90.00,348963.00,52.90,50.30,38.60,39.90,245.00,25.00,785.00,1660.00,325.00,150.00
"4620395.02","462","Montréal","0395.02",6451.00,2.90,9372.40,64.70,20.10,180.00,1735.00,315.00,2.10,27535.00,25339.00,945.00,1855.00,830.00,22.10,33.80,708.00,751.00,195.00,349257.00,23.10,21.80,28.20,43.10,455.00,100.00,1920.00,3970.00,250.00,465.00
"4620395.03","462","Montréal","0395.03",4590.00,0.50,7470.70,68.10,16.00,335.00,1445.00,0.00,2.00,36212.00,31872.00,1125.00,1235.00,580.00,11.60,37.00,725.00,750.00,150.00,325425.00,17.80,16.60,22.60,41.90,290.00,40.00,1145.00,3400.00,110.00,225.00
"4620396.00","462","Montréal","0396.00",6501.00,4.70,4454.60,59.20,26.60,275.00,1210.00,5.00,2.20,39191.00,33937.00,1405.00,1130.00,575.00,15.30,32.40,769.00,813.00,285.00,425688.00,12.20,12.20,12.80,46.80,180.00,25.00,1030.00,4615.00,85.00,170.00
"4620397.00","462","Montréal","0397.00",4038.00,3.30,3403.60,65.50,15.60,195.00,175.00,0.00,2.70,43952.00,37461.00,1300.00,215.00,270.00,12.70,54.80,1018.00,941.00,60.00,400776.00,6.90,5.60,15.10,40.80,25.00,0.00,625.00,3405.00,60.00,110.00
"4620400.00","462","Montréal","0400.00",5232.00,6.20,3794.30,63.30,16.50,230.00,695.00,55.00,2.60,49609.00,41799.00,1380.00,580.00,485.00,16.70,43.10,1048.00,1180.00,115.00,798728.00,10.50,10.60,8.00,39.90,285.00,215.00,1710.00,3275.00,50.00,185.00
"4620401.00","462","Montréal","0401.00",3116.00,-0.60,3217.70,61.20,19.30,60.00,485.00,0.00,2.60,49554.00,41877.00,745.00,485.00,280.00,13.40,37.50,1062.00,1085.00,120.00,1002529.00,10.90,10.70,7.50,41.30,125.00,145.00,880.00,2125.00,25.00,105.00
"4620402.00","462","Montréal","0402.00",1686.00,29.30,691.60,65.60,16.00,0.00,230.00,240.00,2.40,38912.00,34099.00,450.00,250.00,165.00,15.40,35.30,977.00,1013.00,30.00,598577.00,13.90,13.30,13.00,39.10,205.00,45.00,790.00,850.00,45.00,70.00
"4620403.00","462","Montréal","0403.00",5198.00,3.40,3946.20,59.90,18.60,125.00,320.00,245.00,2.90,49199.00,41114.00,1190.00,580.00,325.00,9.70,36.50,972.00,1133.00,120.00,1000473.00,11.40,11.70,9.80,40.20,395.00,75.00,1840.00,3130.00,90.00,240.00
"4620404.00","462","Montréal","0404.00",5044.00,-1.30,3521.10,58.00,23.00,75.00,250.00,290.00,2.80,47488.00,40397.00,1185.00,525.00,465.00,17.80,49.50,991.00,1116.00,95.00,1000999.00,11.90,11.60,12.10,43.30,345.00,65.00,1725.00,2995.00,105.00,205.00
"4620410.01","462","Montréal","0410.01",5540.00,2.70,6360.50,63.10,18.10,420.00,660.00,330.00,2.70,25072.00,23672.00,1075.00,1000.00,520.00,19.20,31.70,794.00,810.00,125.00,401136.00,22.00,20.90,17.50,40.30,465.00,80.00,2785.00,2675.00,350.00,610.00
"4620410.02","462","Montréal","0410.02",5948.00,4.60,7790.40,52.40,35.20,5.00,30.00,2650.00,2.00,26650.00,25156.00,1445.00,1230.00,985.00,26.70,49.20,888.00,925.00,205.00,278993.00,26.70,26.80,21.60,49.90,790.00,205.00,3350.00,1885.00,375.00,415.00
"4620410.03","462","Montréal","0410.03",1905.00,0.80,863.30,65.10,13.40,30.00,225.00,45.00,3.00,24976.00,23573.00,375.00,270.00,165.00,18.40,35.80,851.00,937.00,80.00,365337.00,21.00,18.20,17.60,37.30,265.00,15.00,1080.00,825.00,320.00,125.00
"4620412.00","462","Montréal","0412.00",7329.00,8.20,4876.60,65.70,17.10,315.00,1300.00,350.00,2.60,27980.00,26048.00,1630.00,1090.00,785.00,25.20,34.10,835.00,894.00,200.00,400113.00,17.00,16.30,18.00,40.30,570.00,160.00,3750.00,3210.00,390.00,770.00
"4620413.01","462","Montréal","0413.01",3865.00,-2.60,4785.20,58.10,25.60,0.00,145.00,325.00,2.80,36679.00,32064.00,1315.00,80.00,295.00,19.80,43.80,1331.00,1251.00,60.00,480664.00,7.90,7.60,10.10,44.80,60.00,40.00,1900.00,2010.00,120.00,180.00
"4620413.02","462","Montréal","0413.02",3812.00,-0.70,4726.60,63.20,13.40,10.00,775.00,410.00,2.60,25972.00,24755.00,435.00,995.00,455.00,23.00,35.70,831.00,874.00,160.00,400966.00,22.50,21.40,24.30,36.20,530.00,30.00,2215.00,1475.00,350.00,470.00
"4620415.03","462","Montréal","0415.03",4193.00,1.20,16417.40,61.40,23.60,0.00,635.00,1270.00,2.20,24300.00,23369.00,560.00,1380.00,710.00,34.20,37.80,931.00,957.00,120.00,348524.00,23.20,22.50,22.70,43.70,525.00,125.00,2580.00,1625.00,355.00,395.00
"4620415.04","462","Montréal","0415.04",4748.00,-0.80,9951.80,62.20,21.60,135.00,1240.00,510.00,2.30,24512.00,23411.00,585.00,1430.00,735.00,33.30,37.40,915.00,938.00,160.00,400561.00,23.50,22.70,22.80,42.70,600.00,110.00,2770.00,1870.00,405.00,445.00
"4620415.05","462","Montréal","0415.05",7819.00,19.70,717.80,68.10,9.10,5.00,730.00,470.00,2.80,51367.00,42694.00,2350.00,485.00,595.00,18.30,34.40,1307.00,1319.00,55.00,526987.00,7.70,7.20,12.50,35.90,405.00,145.00,2965.00,4705.00,205.00,505.00
"4620415.06","462","Montréal","0415.06",7683.00,31.50,427.70,69.30,6.30,0.00,1205.00,110.00,2.60,57111.00,47008.00,2515.00,360.00,610.00,17.90,45.10,1549.00,1517.00,20.00,474370.00,8.60,8.30,13.80,34.30,365.00,135.00,2700.00,4590.00,215.00,485.00
"4620416.01","462","Montréal","0416.01",4050.00,-0.70,4747.90,59.80,24.40,15.00,235.00,0.00,2.90,29589.00,26999.00,1210.00,220.00,285.00,17.80,29.50,775.00,845.00,95.00,400505.00,10.00,8.70,12.60,44.70,135.00,15.00,2035.00,1930.00,105.00,490.00
"4620416.02","462","Montréal","0416.02",3067.00,-1.30,2949.90,61.10,16.60,25.00,830.00,5.00,2.90,26283.00,24812.00,475.00,580.00,265.00,21.10,28.40,922.00,911.00,105.00,450023.00,16.80,14.70,20.40,38.90,170.00,45.00,1480.00,1605.00,180.00,340.00
"4620417.01","462","Montréal","0417.01",4804.00,13.00,7190.50,65.50,13.60,105.00,670.00,565.00,2.70,24501.00,23450.00,1135.00,650.00,535.00,29.10,31.50,758.00,760.00,165.00,267414.00,22.30,20.10,24.40,38.00,385.00,95.00,2540.00,2150.00,385.00,630.00
"4620417.02","462","Montréal","0417.02",2857.00,-6.10,7909.70,69.40,6.00,90.00,695.00,40.00,3.30,18534.00,18231.00,115.00,755.00,295.00,22.70,35.10,836.00,853.00,105.00,350109.00,35.50,32.80,32.40,32.10,690.00,175.00,1790.00,875.00,445.00,440.00
"4620418.00","462","Montréal","0418.00",5907.00,6.50,4534.80,70.30,13.80,605.00,1360.00,160.00,2.30,26601.00,24896.00,970.00,1575.00,700.00,19.60,32.70,853.00,845.00,205.00,421568.00,21.80,20.10,32.50,39.10,630.00,145.00,2745.00,3010.00,485.00,535.00
"4620419.00","462","Montréal","0419.00",4746.00,-5.60,12529.00,67.30,7.60,325.00,1255.00,0.00,2.90,20462.00,19989.00,310.00,1340.00,560.00,24.20,36.30,802.00,827.00,180.00,376372.00,35.40,33.70,28.20,32.40,1355.00,295.00,3160.00,1290.00,625.00,700.00
"4620420.00","462","Montréal","0420.00",5157.00,1.90,6189.40,58.90,24.80,290.00,430.00,85.00,2.70,29205.00,26854.00,1085.00,625.00,370.00,14.30,32.80,732.00,808.00,110.00,420365.00,14.90,12.80,17.80,44.50,300.00,45.00,2145.00,2500.00,315.00,420.00
"4620421.01","462","Montréal","0421.01",7897.00,3.50,19038.10,64.10,10.10,25.00,130.00,2800.00,2.60,20744.00,20314.00,155.00,2800.00,1225.00,32.30,42.10,900.00,928.00,160.00,279015.00,39.10,36.10,39.60,33.90,1875.00,160.00,5290.00,2350.00,1135.00,945.00
"4620421.02","462","Montréal","0421.02",7501.00,3.70,13459.50,65.00,12.30,505.00,1245.00,920.00,2.70,20348.00,19957.00,555.00,2230.00,1165.00,30.60,44.70,849.00,892.00,210.00,501180.00,36.30,34.40,33.00,36.10,1570.00,260.00,4900.00,2345.00,955.00,1035.00
"4620430.00","462","Montréal","0430.00",6711.00,11.80,3377.50,69.50,18.90,75.00,1775.00,570.00,1.90,36395.00,32020.00,1590.00,1810.00,855.00,11.90,37.00,761.00,804.00,325.00,348316.00,15.20,14.80,16.30,43.70,270.00,110.00,1555.00,4780.00,125.00,375.00
"4620431.00","462","Montréal","0431.00",5413.00,-0.20,2443.90,65.70,20.80,105.00,825.00,220.00,2.30,34551.00,30630.00,1200.00,1160.00,570.00,11.30,37.40,901.00,962.00,205.00,420734.00,13.40,12.80,12.50,43.90,255.00,70.00,1675.00,3655.00,125.00,225.00
"4620432.00","462","Montréal","0432.00",3267.00,0.50,2504.40,61.60,23.10,25.00,60.00,0.00,2.50,40806.00,35493.00,1110.00,105.00,180.00,14.00,30.00,759.00,1050.00,80.00,359301.00,6.30,6.60,6.20,44.90,55.00,10.00,645.00,2385.00,15.00,60.00
"4620433.00","462","Montréal","0433.00",3589.00,1.70,233.00,68.80,16.00,20.00,265.00,0.00,2.60,33813.00,30016.00,1125.00,290.00,230.00,14.20,22.40,805.00,865.00,160.00,299992.00,8.10,7.60,9.50,41.50,65.00,0.00,940.00,2735.00,65.00,275.00
"4620440.00","462","Montréal","0440.00",5.00,0.00,26.10,,,,,,,,,,,,,,,,,,,,,,,,,,,
"4620450.00","462","Montréal","0450.00",7183.00,-1.80,1911.50,57.10,30.10,70.00,440.00,810.00,2.20,41523.00,35451.00,2140.00,1095.00,825.00,15.70,45.00,1076.00,1173.00,250.00,425889.00,9.20,8.90,10.10,48.70,150.00,115.00,1465.00,5455.00,65.00,165.00
"4620451.00","462","Montréal","0451.00",6731.00,-0.90,2024.20,63.50,20.00,0.00,145.00,465.00,2.40,36578.00,32251.00,1995.00,760.00,595.00,11.30,48.70,1095.00,1020.00,210.00,349296.00,8.60,6.80,16.40,43.40,75.00,40.00,1520.00,5150.00,110.00,200.00
"4620452.00","462","Montréal","0452.00",7275.00,1.90,2306.80,56.90,29.30,0.00,385.00,665.00,2.40,37274.00,32729.00,1515.00,1210.00,675.00,9.60,43.80,1077.00,1133.00,185.00,380343.00,11.90,11.60,6.70,47.70,410.00,175.00,1885.00,4345.00,120.00,270.00
"4620453.01","462","Montréal","0453.01",5212.00,2.20,2638.50,66.60,15.70,25.00,250.00,0.00,2.70,40229.00,34767.00,1665.00,250.00,245.00,13.20,10.00,890.00,1015.00,175.00,358745.00,5.00,4.60,6.10,40.90,120.00,20.00,1215.00,4025.00,135.00,280.00
"4620453.02","462","Montréal","0453.02",4979.00,12.00,744.00,63.80,20.60,5.00,110.00,240.00,2.70,36361.00,32267.00,1385.00,360.00,440.00,15.20,63.00,1719.00,1974.00,75.00,348215.00,7.40,6.90,10.10,44.00,140.00,55.00,1860.00,2735.00,140.00,420.00
"4620460.00","462","Montréal","0460.00",5345.00,-0.30,1492.10,62.10,19.50,0.00,20.00,0.00,2.90,48209.00,40460.00,1800.00,60.00,235.00,11.70,38.50,1584.00,1522.00,125.00,549864.00,5.00,5.60,3.00,42.10,105.00,70.00,1190.00,4030.00,25.00,175.00
"4620461.00","462","Montréal","0461.00",2942.00,-0.70,1567.00,62.60,20.90,5.00,30.00,0.00,2.80,46464.00,39152.00,930.00,90.00,175.00,13.50,58.80,1936.00,1931.00,60.00,488093.00,7.00,6.50,7.20,43.50,50.00,25.00,595.00,2250.00,20.00,105.00
"4620462.01","462","Montréal","0462.01",5085.00,0.00,2135.50,63.10,19.50,0.00,215.00,0.00,2.70,43974.00,37224.00,1590.00,295.00,320.00,11.90,43.10,1035.00,1159.00,90.00,448943.00,6.90,6.80,5.10,42.20,165.00,30.00,1370.00,3640.00,115.00,180.00
"4620462.02","462","Montréal","0462.02",5952.00,-2.40,1868.60,66.90,15.00,0.00,60.00,0.00,3.10,47904.00,40438.00,1660.00,240.00,250.00,10.50,30.60,1242.00,1303.00,50.00,599160.00,5.80,5.90,4.50,40.20,140.00,35.00,1265.00,4520.00,15.00,185.00
"4620470.01","462","Montréal","0470.01",7159.00,-4.90,2037.60,63.00,21.90,5.00,40.00,215.00,2.70,40375.00,34804.00,2265.00,295.00,430.00,13.00,45.80,1047.00,1180.00,120.00,449506.00,6.70,6.30,6.20,44.00,90.00,25.00,1885.00,5035.00,55.00,260.00
"4620470.03","462","Montréal","0470.03",5156.00,-6.00,2131.50,74.10,9.10,0.00,0.00,0.00,3.30,42720.00,36759.00,1550.00,30.00,190.00,11.30,0.00,0.00,0.00,50.00,563482.00,5.00,5.00,5.30,38.60,180.00,10.00,1235.00,3915.00,45.00,210.00
"4620470.04","462","Montréal","0470.04",3642.00,-5.10,2312.70,67.70,17.00,0.00,0.00,0.00,3.00,37088.00,32666.00,1195.00,25.00,185.00,15.10,0.00,0.00,0.00,55.00,400361.00,5.90,4.90,7.30,42.30,140.00,10.00,1235.00,2395.00,105.00,200.00
"4620470.05","462","Montréal","0470.05",4194.00,-4.60,1976.70,70.40,15.30,0.00,0.00,0.00,3.20,40249.00,34803.00,1295.00,20.00,215.00,16.30,0.00,0.00,0.00,65.00,551046.00,6.30,5.40,7.90,41.90,130.00,60.00,1380.00,2755.00,60.00,220.00
"4620480.00","462","Montréal","0480.00",3823.00,-0.70,633.90,60.50,24.00,0.00,45.00,0.00,2.80,43584.00,37427.00,1250.00,85.00,230.00,15.20,41.20,1708.00,1859.00,90.00,593854.00,6.70,7.00,5.60,45.30,120.00,100.00,960.00,2655.00,30.00,150.00
"4620490.00","462","Montréal","0490.00",2432.00,0.40,3530.80,71.20,18.50,85.00,580.00,65.00,1.90,27575.00,25728.00,425.00,845.00,420.00,15.50,41.80,850.00,860.00,115.00,345560.00,25.50,29.10,13.80,42.40,90.00,260.00,340.00,1890.00,35.00,75.00
"4620491.00","462","Montréal","0491.00",2526.00,-4.70,257.90,67.90,19.20,0.00,0.00,0.00,3.00,46507.00,39275.00,630.00,55.00,65.00,10.20,0.00,812.00,875.00,30.00,400386.00,2.70,2.40,2.90,44.60,60.00,15.00,345.00,1615.00,40.00,35.00
"4620500.00","462","Montréal","0500.00",921.00,0.10,122.40,62.00,23.90,10.00,5.00,0.00,2.70,48213.00,40064.00,305.00,40.00,55.00,14.80,0.00,850.00,868.00,25.00,647854.00,10.30,11.50,4.70,44.60,45.00,15.00,240.00,670.00,0.00,30.00
"4620511.01","462","Montréal","0511.01",3295.00,-1.10,2261.70,64.30,17.30,20.00,105.00,70.00,2.70,36907.00,32747.00,995.00,155.00,170.00,12.10,32.30,763.00,884.00,65.00,349547.00,9.70,9.10,9.60,41.30,80.00,30.00,1095.00,2010.00,150.00,225.00
"4620511.02","462","Montréal","0511.02",6209.00,1.80,4042.60,66.30,11.10,0.00,1455.00,0.00,2.80,25840.00,24826.00,1020.00,1250.00,580.00,12.70,36.50,753.00,774.00,135.00,296528.00,23.30,20.10,24.60,36.00,785.00,70.00,3275.00,2925.00,555.00,835.00
"4620512.02","462","Montréal","0512.02",4449.00,-0.10,3027.10,63.10,22.90,10.00,105.00,540.00,2.50,34336.00,30496.00,1375.00,390.00,340.00,13.90,37.20,903.00,972.00,115.00,320347.00,10.90,10.40,10.30,45.00,240.00,25.00,1570.00,2745.00,135.00,270.00
"4620512.03","462","Montréal","0512.03",2512.00,13.50,3659.10,62.50,21.70,0.00,730.00,360.00,1.90,31184.00,28425.00,755.00,570.00,385.00,22.50,37.50,886.00,899.00,30.00,234892.00,17.40,15.80,20.90,42.90,145.00,30.00,1015.00,1520.00,75.00,250.00
"4620512.04","462","Montréal","0512.04",6674.00,1.20,3770.40,67.90,14.30,55.00,740.00,0.00,2.80,29639.00,27150.00,1650.00,745.00,595.00,18.10,39.60,801.00,855.00,175.00,300766.00,12.90,11.70,15.20,39.60,350.00,35.00,2825.00,3775.00,395.00,695.00
"4620513.01","462","Montréal","0513.01",5229.00,0.90,4816.70,67.40,15.20,10.00,595.00,0.00,2.90,26176.00,24636.00,1115.00,695.00,445.00,14.30,40.30,729.00,841.00,95.00,331068.00,14.00,12.60,15.70,39.70,340.00,55.00,2495.00,2665.00,300.00,610.00
"4620513.02","462","Montréal","0513.02",4227.00,8.40,3387.80,63.20,18.20,5.00,790.00,180.00,2.50,25973.00,24256.00,855.00,830.00,420.00,11.20,39.40,750.00,747.00,135.00,348635.00,21.90,18.60,31.20,40.40,340.00,75.00,1905.00,2235.00,300.00,445.00
"4620514.01","462","Montréal","0514.01",6997.00,-2.30,3494.80,65.80,17.90,5.00,1070.00,170.00,2.50,32819.00,29573.00,1910.00,850.00,725.00,19.80,41.40,976.00,1083.00,160.00,300719.00,11.80,10.60,13.90,41.80,370.00,20.00,2525.00,4385.00,345.00,480.00
"4620514.02","462","Montréal","0514.02",6255.00,-1.10,3344.20,69.00,13.30,5.00,535.00,0.00,2.90,30880.00,28425.00,1685.00,495.00,410.00,13.40,36.70,815.00,899.00,110.00,348193.00,10.40,9.60,10.30,39.30,440.00,70.00,2440.00,3730.00,245.00,505.00
"4620515.01","462","Montréal","0515.01",5975.00,8.40,655.20,70.70,8.40,30.00,320.00,0.00,3.00,38693.00,34137.00,1565.00,340.00,425.00,18.60,39.10,842.00,961.00,60.00,449652.00,8.20,7.20,12.20,36.90,250.00,35.00,2120.00,3580.00,295.00,540.00
"4620515.02","462","Montréal","0515.02",4551.00,0.60,4881.50,71.50,8.10,5.00,495.00,0.00,3.00,34676.00,30976.00,1065.00,485.00,325.00,18.30,27.60,850.00,930.00,60.00,400515.00,9.80,8.70,12.70,36.50,295.00,10.00,1750.00,2910.00,195.00,330.00
"4620515.03","462","Montréal","0515.03",3328.00,-5.00,3442.60,71.10,12.60,10.00,135.00,0.00,2.80,31923.00,28928.00,1000.00,170.00,190.00,10.00,52.90,782.00,868.00,70.00,324779.00,10.50,9.20,10.70,40.50,215.00,0.00,1295.00,2020.00,100.00,245.00
"4620515.04","462","Montréal","0515.04",3655.00,-1.60,4377.20,70.00,12.70,20.00,295.00,0.00,2.80,31251.00,28352.00,925.00,365.00,255.00,14.10,34.20,822.00,911.00,75.00,348323.00,11.80,10.70,9.70,39.40,370.00,30.00,1395.00,2230.00,170.00,220.00
"4620520.02","462","Montréal","0520.02",7081.00,-1.10,4370.20,66.50,17.20,25.00,565.00,90.00,2.90,27994.00,25890.00,1830.00,620.00,565.00,20.10,33.10,865.00,917.00,190.00,325071.00,11.70,10.60,12.00,40.60,130.00,80.00,3335.00,3655.00,465.00,895.00
"4620520.03","462","Montréal","0520.03",3655.00,-5.10,2470.40,66.50,16.80,5.00,380.00,0.00,2.80,28378.00,26169.00,840.00,430.00,295.00,15.50,38.40,724.00,813.00,100.00,379380.00,14.00,13.70,9.80,40.70,185.00,50.00,1795.00,1770.00,185.00,535.00
"4620520.04","462","Montréal","0520.04",4544.00,0.00,4286.80,66.60,16.10,0.00,600.00,0.00,2.60,27226.00,25330.00,930.00,820.00,495.00,22.60,34.80,875.00,934.00,180.00,299914.00,16.90,16.20,14.40,39.90,345.00,70.00,2235.00,2275.00,290.00,555.00
"4620521.01","462","Montréal","0521.01",4819.00,3.60,5733.50,65.70,17.80,5.00,195.00,325.00,2.50,31072.00,27956.00,1325.00,610.00,505.00,21.90,35.50,1028.00,1104.00,160.00,286021.00,13.30,11.80,13.40,40.90,225.00,40.00,1865.00,2970.00,150.00,405.00
"4620521.04","462","Montréal","0521.04",4983.00,-1.40,3554.20,63.90,18.80,0.00,205.00,105.00,2.90,34901.00,30859.00,1400.00,320.00,335.00,15.00,39.10,853.00,964.00,105.00,400950.00,9.00,8.70,9.70,41.40,95.00,30.00,1535.00,3375.00,100.00,300.00
"4620521.05","462","Montréal","0521.05",4882.00,1.30,3624.40,68.60,14.40,5.00,70.00,210.00,3.20,36672.00,32256.00,1250.00,195.00,355.00,19.30,59.00,920.00,1063.00,55.00,650574.00,8.20,7.30,11.70,40.00,110.00,20.00,1465.00,3235.00,145.00,285.00
"4620521.06","462","Montréal","0521.06",5029.00,-1.80,2407.10,61.30,21.90,5.00,395.00,185.00,2.70,39168.00,34284.00,1585.00,275.00,465.00,17.70,65.50,1132.00,1312.00,85.00,449916.00,8.30,6.70,13.60,43.30,100.00,30.00,1715.00,3360.00,130.00,315.00
"4620521.07","462","Montréal","0521.07",4291.00,-3.70,2084.70,60.30,24.50,0.00,0.00,0.00,3.10,35328.00,31184.00,1155.00,90.00,195.00,15.20,21.10,1238.00,1310.00,45.00,424593.00,7.20,6.70,6.70,45.40,65.00,0.00,1510.00,2330.00,120.00,255.00
"4620522.01","462","Montréal","0522.01",3557.00,-4.70,2903.40,62.90,21.90,0.00,40.00,165.00,2.70,35230.00,31225.00,1105.00,225.00,250.00,11.80,55.60,848.00,873.00,110.00,380799.00,7.70,7.50,7.70,43.30,120.00,15.00,1315.00,2280.00,95.00,275.00
"4620522.02","462","Montréal","0522.02",3595.00,-3.50,3307.60,62.70,24.10,0.00,170.00,255.00,2.50,32807.00,29402.00,935.00,435.00,285.00,12.80,37.90,966.00,946.00,60.00,379286.00,9.80,9.10,11.80,45.60,190.00,35.00,1335.00,2070.00,115.00,195.00
"4620523.00","462","Montréal","0523.00",2463.00,-2.40,3228.00,64.50,18.10,0.00,0.00,0.00,3.00,35054.00,31168.00,810.00,15.00,120.00,14.20,0.00,0.00,0.00,70.00,366037.00,6.70,5.80,7.90,41.20,50.00,10.00,1035.00,1455.00,65.00,215.00
"4620530.00","462","Montréal","0530.00",5941.00,1.00,2642.00,65.80,17.00,100.00,230.00,0.00,2.80,35058.00,30912.00,1805.00,310.00,355.00,14.10,33.30,830.00,912.00,200.00,348625.00,8.30,7.70,8.50,41.60,120.00,10.00,2040.00,3840.00,200.00,430.00
"4620540.00","462","Montréal","0540.00",3700.00,7.20,4215.10,62.40,23.10,90.00,1075.00,145.00,2.00,26901.00,24968.00,600.00,1050.00,585.00,21.50,43.30,795.00,920.00,135.00,276331.00,24.40,23.20,24.30,44.90,410.00,65.00,1125.00,2160.00,100.00,260.00
"4620550.02","462","Montréal","0550.02",3233.00,12.40,242.50,68.20,16.20,50.00,160.00,0.00,2.50,36826.00,32240.00,1025.00,240.00,260.00,18.00,31.20,729.00,737.00,70.00,399737.00,9.50,9.40,10.70,41.90,75.00,30.00,865.00,2300.00,25.00,160.00
"4620550.03","462","Montréal","0550.03",6683.00,0.30,1331.60,68.30,14.60,25.00,120.00,0.00,2.90,42240.00,36413.00,2030.00,180.00,360.00,13.80,47.20,754.00,844.00,125.00,414906.00,6.00,5.20,9.10,41.10,125.00,0.00,1565.00,4870.00,155.00,240.00
"4620550.04","462","Montréal","0550.04",4797.00,-6.10,1083.30,70.00,14.40,40.00,310.00,0.00,2.60,38827.00,33632.00,1475.00,330.00,260.00,11.60,25.80,815.00,816.00,50.00,349332.00,6.90,6.20,8.80,41.40,20.00,60.00,920.00,3810.00,35.00,170.00
"4620570.00","462","Montréal","0570.00",3850.00,3.30,314.50,71.00,13.50,320.00,845.00,80.00,2.10,29605.00,26950.00,760.00,975.00,510.00,18.30,38.70,711.00,734.00,210.00,250023.00,20.60,18.50,21.60,39.60,55.00,25.00,330.00,3365.00,50.00,145.00
"4620580.01","462","Montréal","0580.01",4260.00,2.10,3647.90,69.70,15.50,95.00,970.00,70.00,2.20,35817.00,31411.00,1140.00,720.00,365.00,7.90,37.50,698.00,766.00,165.00,259386.00,14.40,13.30,12.60,41.80,60.00,10.00,475.00,3730.00,85.00,145.00
"4620580.02","462","Montréal","0580.02",3235.00,11.20,4025.10,74.20,9.60,25.00,1135.00,5.00,2.00,42688.00,36615.00,1365.00,225.00,205.00,12.50,15.60,791.00,777.00,60.00,190229.00,7.80,6.90,6.50,38.60,45.00,10.00,480.00,2740.00,75.00,115.00
"4620580.03","462","Montréal","0580.03",3879.00,-3.70,3588.70,70.60,15.00,90.00,480.00,0.00,2.40,39367.00,33988.00,1125.00,430.00,215.00,10.20,23.30,716.00,765.00,100.00,299993.00,7.30,6.40,7.70,42.90,20.00,0.00,280.00,3510.00,60.00,110.00
"4620581.01","462","Montréal","0581.01",5708.00,-4.30,4342.70,63.50,21.60,130.00,545.00,0.00,2.50,33990.00,30309.00,1435.00,620.00,350.00,13.60,25.00,670.00,708.00,120.00,249890.00,12.20,10.70,11.30,45.10,50.00,10.00,795.00,4350.00,120.00,175.00
"4620581.02","462","Montréal","0581.02",3495.00,5.40,5224.20,69.40,14.40,35.00,710.00,105.00,2.30,30880.00,27589.00,835.00,665.00,275.00,11.40,28.20,651.00,638.00,55.00,278697.00,21.20,19.30,9.90,41.10,70.00,0.00,480.00,2940.00,50.00,210.00
"4620582.01","462","Montréal","0582.01",6465.00,-1.00,5563.70,64.60,23.00,45.00,2005.00,80.00,2.00,33293.00,29481.00,1475.00,1540.00,595.00,9.50,29.50,701.00,706.00,150.00,259250.00,12.90,10.40,19.30,46.20,200.00,20.00,725.00,5425.00,125.00,215.00
"4620582.02","462","Montréal","0582.02",6033.00,-1.50,4713.30,65.80,18.80,50.00,1445.00,10.00,2.20,32401.00,29178.00,1430.00,1220.00,520.00,12.20,28.40,704.00,712.00,150.00,250682.00,14.20,13.80,12.30,42.90,115.00,30.00,855.00,4965.00,155.00,230.00
"4620583.00","462","Montréal","0583.00",3205.00,-0.40,4327.60,66.40,18.40,175.00,420.00,45.00,2.40,32560.00,29043.00,785.00,535.00,240.00,10.20,31.50,674.00,677.00,135.00,255209.00,11.30,10.40,13.00,42.60,100.00,10.00,485.00,2685.00,95.00,165.00
"4620584.00","462","Montréal","0584.00",7022.00,3.10,4389.00,67.40,18.70,525.00,1695.00,150.00,2.10,29558.00,26910.00,1375.00,1845.00,745.00,16.80,27.60,718.00,715.00,275.00,259529.00,19.70,17.10,26.00,42.90,85.00,30.00,745.00,6020.00,160.00,260.00
"4620585.01","462","Montréal","0585.01",1995.00,-1.20,576.40,73.40,10.30,50.00,105.00,0.00,2.60,42816.00,36498.00,670.00,105.00,75.00,6.80,28.60,865.00,894.00,20.00,299364.00,5.00,5.10,4.90,39.40,15.00,0.00,215.00,1815.00,40.00,60.00
"4620585.02","462","Montréal","0585.02",3900.00,-1.70,698.10,58.60,29.40,20.00,1025.00,0.00,2.10,30469.00,27659.00,740.00,985.00,540.00,12.20,45.70,846.00,826.00,50.00,299077.00,15.30,12.80,22.30,49.30,40.00,0.00,350.00,3175.00,100.00,100.00
"4620590.01","462","Montréal","0590.01",5439.00,1.00,3637.20,65.30,15.90,60.00,1415.00,75.00,2.40,29916.00,27200.00,955.00,1255.00,570.00,15.60,33.90,739.00,776.00,105.00,349528.00,17.30,14.10,27.10,40.00,365.00,80.00,1665.00,3575.00,235.00,460.00
"4620590.02","462","Montréal","0590.02",3340.00,6.50,11129.60,66.50,10.90,145.00,1035.00,0.00,2.40,26129.00,24626.00,345.00,1015.00,420.00,30.40,30.40,738.00,785.00,105.00,336148.00,23.60,22.40,21.90,36.00,520.00,60.00,1325.00,1925.00,235.00,320.00
"4620591.01","462","Montréal","0591.01",2664.00,4.20,5469.10,65.10,16.50,110.00,650.00,0.00,2.50,35277.00,31296.00,610.00,465.00,205.00,15.40,23.40,826.00,812.00,70.00,448650.00,12.10,11.40,9.40,40.60,165.00,35.00,860.00,1815.00,85.00,190.00
"4620591.02","462","Montréal","0591.02",4158.00,2.00,6066.50,62.90,18.30,345.00,800.00,0.00,2.50,33210.00,30248.00,780.00,840.00,390.00,18.60,29.20,755.00,790.00,95.00,450084.00,15.10,14.00,12.10,41.20,335.00,35.00,1315.00,2605.00,115.00,280.00
"4620592.00","462","Montréal","0592.00",7418.00,3.30,7745.60,62.50,16.50,680.00,1710.00,200.00,2.40,29301.00,27115.00,1085.00,1985.00,740.00,21.30,25.80,746.00,778.00,215.00,421772.00,19.40,16.60,27.30,39.30,700.00,45.00,2870.00,4500.00,330.00,565.00
"4620593.01","462","Montréal","0593.01",5087.00,1.50,4880.10,35.50,60.00,50.00,455.00,2265.00,1.60,33498.00,30208.00,1740.00,1030.00,795.00,18.70,45.60,1099.00,1159.00,75.00,259090.00,11.80,11.10,11.90,64.70,65.00,15.00,1050.00,3285.00,80.00,135.00
"4620593.02","462","Montréal","0593.02",4538.00,3.10,9362.50,60.80,19.30,10.00,1460.00,330.00,2.30,28456.00,26539.00,585.00,1390.00,595.00,19.70,34.20,811.00,843.00,150.00,400462.00,20.70,19.90,17.70,40.50,375.00,25.00,1545.00,3030.00,165.00,330.00
"4620594.01","462","Montréal","0594.01",2704.00,-2.20,6756.60,64.10,19.20,0.00,1290.00,0.00,2.00,27315.00,25552.00,260.00,1075.00,335.00,23.10,25.10,699.00,714.00,30.00,280424.00,23.40,21.50,23.30,42.20,280.00,10.00,1140.00,1565.00,140.00,270.00
"4620594.02","462","Montréal","0594.02",7448.00,0.40,938.30,60.60,25.10,115.00,1825.00,605.00,2.20,34944.00,31067.00,1970.00,1400.00,590.00,11.20,26.30,785.00,805.00,105.00,320582.00,12.20,11.70,11.40,45.80,420.00,40.00,2190.00,5095.00,295.00,375.00
"4620600.01","462","Montréal","0600.01",3931.00,2.60,5306.40,60.20,19.20,75.00,1360.00,0.00,2.50,27125.00,25336.00,470.00,1080.00,425.00,29.80,26.40,827.00,833.00,90.00,600851.00,21.60,20.70,13.90,40.30,410.00,45.00,2025.00,1940.00,170.00,390.00
"4620600.02","462","Montréal","0600.02",4141.00,2.80,10024.20,61.20,15.70,285.00,1365.00,5.00,2.40,24313.00,23451.00,330.00,1395.00,600.00,28.80,36.20,744.00,789.00,150.00,501242.00,30.20,30.70,23.10,37.80,720.00,50.00,2190.00,1820.00,190.00,580.00
"4620600.03","462","Montréal","0600.03",6617.00,3.10,9494.90,51.30,32.00,355.00,1475.00,590.00,2.30,25827.00,24346.00,800.00,1630.00,740.00,23.80,33.50,805.00,858.00,165.00,449882.00,23.90,22.90,17.00,48.00,685.00,75.00,3045.00,2545.00,440.00,565.00
"4620601.01","462","Montréal","0601.01",3284.00,-0.30,10224.20,61.50,19.80,465.00,820.00,10.00,2.50,26021.00,24491.00,470.00,850.00,380.00,24.50,31.80,815.00,812.00,100.00,549484.00,19.00,17.80,16.90,41.40,215.00,35.00,1535.00,1660.00,250.00,335.00
"4620601.02","462","Montréal","0601.02",4466.00,9.30,10449.20,63.20,15.80,290.00,1010.00,675.00,2.20,27248.00,25620.00,740.00,1230.00,605.00,26.50,32.90,790.00,847.00,105.00,275127.00,25.10,23.80,20.60,38.40,645.00,75.00,2355.00,2080.00,235.00,390.00
"4620602.01","462","Montréal","0602.01",3809.00,9.20,7062.90,57.30,27.20,590.00,610.00,415.00,2.30,26688.00,25210.00,580.00,1085.00,515.00,29.30,31.80,929.00,938.00,65.00,501039.00,20.00,20.40,12.70,45.70,290.00,30.00,1740.00,2055.00,195.00,370.00
"4620602.02","462","Montréal","0602.02",2880.00,5.40,4680.60,63.40,16.80,175.00,975.00,0.00,2.50,23616.00,22640.00,305.00,850.00,410.00,33.90,35.90,797.00,821.00,60.00,571884.00,28.70,29.30,17.00,39.40,450.00,70.00,1475.00,1290.00,235.00,310.00
"4620603.01","462","Montréal","0603.01",3615.00,-3.80,6784.90,62.20,19.50,5.00,1425.00,0.00,2.40,25893.00,24437.00,385.00,1040.00,450.00,33.80,30.90,764.00,792.00,85.00,599744.00,21.90,22.00,16.90,41.30,445.00,40.00,1825.00,1465.00,255.00,365.00
"4620603.02","462","Montréal","0603.02",4072.00,10.30,6520.40,56.10,28.70,335.00,1100.00,215.00,2.30,25157.00,23907.00,575.00,1080.00,570.00,32.80,35.30,850.00,925.00,85.00,550290.00,18.90,18.10,16.20,46.40,215.00,15.00,1760.00,2035.00,270.00,355.00
"4620603.03","462","Montréal","0603.03",3532.00,0.40,9926.90,62.70,13.40,15.00,1255.00,0.00,2.80,23725.00,22680.00,290.00,995.00,350.00,33.90,25.10,784.00,815.00,145.00,552774.00,25.80,25.10,14.70,36.40,540.00,60.00,1910.00,1650.00,340.00,410.00
"4620604.01","462","Montréal","0604.01",3241.00,1.10,3473.70,62.60,21.10,65.00,305.00,0.00,2.80,32544.00,29392.00,880.00,255.00,225.00,18.20,27.50,870.00,884.00,75.00,460224.00,8.20,8.00,7.30,43.00,130.00,10.00,1250.00,2080.00,125.00,200.00
"4620604.02","462","Montréal","0604.02",4501.00,0.80,13211.00,61.00,16.10,45.00,1650.00,0.00,2.60,25893.00,24644.00,440.00,1290.00,550.00,37.50,29.80,805.00,834.00,95.00,665490.00,23.80,21.70,14.70,38.20,440.00,25.00,2340.00,2015.00,280.00,655.00
"4620604.03","462","Montréal","0604.03",3040.00,1.10,6137.70,59.90,21.50,25.00,1095.00,0.00,2.50,26025.00,24424.00,445.00,770.00,335.00,25.80,27.90,815.00,837.00,40.00,598789.00,21.40,20.60,15.30,41.80,290.00,15.00,1570.00,1540.00,180.00,290.00
"4620604.04","462","Montréal","0604.04",3468.00,4.50,4562.60,62.70,15.90,5.00,1200.00,0.00,2.60,26240.00,24960.00,410.00,940.00,410.00,34.10,29.30,815.00,865.00,65.00,699541.00,22.00,20.80,12.70,38.40,390.00,55.00,1725.00,1705.00,240.00,355.00
"4620604.05","462","Montréal","0604.05",5229.00,11.60,8867.20,63.60,12.90,80.00,1450.00,0.00,2.80,28430.00,26672.00,670.00,1195.00,485.00,23.10,28.00,802.00,834.00,90.00,599098.00,16.50,15.60,14.20,36.90,420.00,40.00,2240.00,2840.00,275.00,615.00
"4620605.01","462","Montréal","0605.01",3491.00,2.00,2585.20,58.20,25.30,125.00,1020.00,405.00,2.20,24613.00,23328.00,525.00,1095.00,405.00,26.00,24.20,726.00,752.00,50.00,500940.00,23.00,18.30,31.10,44.20,190.00,55.00,1600.00,1805.00,255.00,355.00
"4620605.02","462","Montréal","0605.02",1998.00,-0.10,3456.70,59.10,26.30,0.00,155.00,0.00,2.70,32427.00,29472.00,600.00,135.00,125.00,16.00,22.20,751.00,807.00,25.00,450171.00,6.80,6.00,6.70,45.80,20.00,35.00,850.00,1180.00,85.00,140.00
"4620605.03","462","Montréal","0605.03",5911.00,0.90,5735.50,61.70,16.10,85.00,2035.00,115.00,2.50,26941.00,25144.00,690.00,1660.00,670.00,29.00,28.30,808.00,821.00,95.00,601781.00,23.60,21.70,18.60,38.30,525.00,85.00,2695.00,3115.00,275.00,630.00
"4620605.04","462","Montréal","0605.04",4907.00,2.20,3098.60,61.70,17.40,260.00,1410.00,5.00,2.60,28428.00,26419.00,775.00,1135.00,475.00,23.20,26.00,823.00,848.00,145.00,449507.00,17.40,15.50,13.50,39.40,365.00,90.00,2105.00,2645.00,180.00,495.00
"4620605.05","462","Montréal","0605.05",2172.00,3.50,3782.00,60.50,21.40,50.00,510.00,0.00,2.60,29029.00,26992.00,465.00,370.00,150.00,19.60,18.90,821.00,864.00,35.00,500529.00,13.60,12.90,8.60,42.60,220.00,20.00,1115.00,1220.00,185.00,240.00
"4620610.01","462","Montréal","0610.01",4536.00,0.50,4856.50,66.30,15.20,70.00,1435.00,340.00,2.30,21939.00,21308.00,345.00,1610.00,600.00,30.40,30.70,712.00,723.00,135.00,375893.00,30.40,30.00,28.50,39.20,420.00,110.00,1895.00,2610.00,355.00,635.00
"4620610.02","462","Montréal","0610.02",4558.00,0.40,9876.50,62.00,19.70,605.00,1150.00,5.00,2.50,23808.00,22939.00,495.00,1255.00,525.00,30.00,30.30,767.00,799.00,140.00,449138.00,22.90,21.40,19.30,41.00,320.00,40.00,2045.00,2415.00,255.00,565.00
"4620610.03","462","Montréal","0610.03",5297.00,1.80,6742.60,53.50,32.00,100.00,995.00,445.00,2.30,26112.00,24563.00,1045.00,1160.00,780.00,21.50,47.80,775.00,911.00,145.00,300354.00,18.80,18.90,14.60,48.20,240.00,30.00,1780.00,3125.00,245.00,510.00
"4620610.04","462","Montréal","0610.04",3632.00,-8.20,18673.50,67.60,11.40,25.00,1585.00,0.00,2.30,20642.00,20136.00,65.00,1555.00,595.00,38.50,36.80,669.00,696.00,135.00,394782.00,41.70,38.50,36.90,36.50,410.00,85.00,1280.00,2285.00,220.00,415.00
"4620610.05","462","Montréal","0610.05",4406.00,2.60,11441.20,66.90,9.20,15.00,1695.00,185.00,2.30,19815.00,19546.00,220.00,1685.00,675.00,36.40,35.30,654.00,653.00,185.00,224606.00,45.60,42.10,43.20,34.30,525.00,35.00,1825.00,2530.00,265.00,790.00
"4620610.06","462","Montréal","0610.06",2792.00,0.50,8144.70,66.50,14.30,35.00,950.00,0.00,2.60,23456.00,22379.00,265.00,815.00,355.00,28.80,34.40,755.00,791.00,100.00,348978.00,24.40,23.60,18.80,37.90,320.00,35.00,1335.00,1400.00,230.00,415.00
"4620610.07","462","Montréal","0610.07",4301.00,-4.70,7815.70,44.60,41.80,10.00,1045.00,460.00,2.00,20295.00,19973.00,285.00,1325.00,425.00,19.30,27.80,651.00,659.00,160.00,299112.00,39.70,36.40,41.20,52.70,255.00,40.00,1180.00,2040.00,130.00,430.00
"4620611.01","462","Montréal","0611.01",2822.00,0.50,3963.50,63.40,16.60,440.00,505.00,0.00,2.50,23408.00,22564.00,450.00,690.00,440.00,30.00,44.20,745.00,763.00,95.00,341273.00,26.40,24.90,22.60,39.50,175.00,30.00,1235.00,1470.00,225.00,420.00
"4620611.02","462","Montréal","0611.02",5541.00,0.80,9814.00,66.10,13.70,640.00,1330.00,30.00,2.50,23477.00,22360.00,685.00,1495.00,745.00,32.60,34.30,721.00,749.00,185.00,375893.00,26.60,25.40,22.40,38.10,595.00,80.00,2455.00,2995.00,280.00,745.00
"4620612.00","462","Montréal","0612.00",4641.00,10.20,6216.20,66.50,13.00,505.00,1070.00,105.00,2.50,22768.00,21900.00,635.00,1235.00,585.00,25.20,34.40,714.00,746.00,150.00,279116.00,27.50,26.30,24.80,37.40,440.00,40.00,2175.00,2500.00,360.00,850.00
"4620613.00","462","Montréal","0613.00",7398.00,4.00,7467.40,64.70,14.70,665.00,1945.00,5.00,2.50,22701.00,21896.00,795.00,2090.00,995.00,28.80,36.60,720.00,754.00,210.00,350108.00,26.60,25.90,22.10,37.90,845.00,165.00,3560.00,3560.00,590.00,1150.00
"4620614.00","462","Montréal","0614.00",3446.00,-3.30,7752.50,66.30,16.50,315.00,875.00,150.00,2.20,23776.00,22763.00,470.00,1120.00,600.00,26.60,42.20,682.00,730.00,120.00,348395.00,24.60,23.90,23.00,40.80,300.00,35.00,1245.00,2100.00,180.00,345.00
"4620615.00","462","Montréal","0615.00",5584.00,-1.10,9975.00,64.70,13.50,495.00,1370.00,90.00,2.50,23707.00,22592.00,630.00,1550.00,725.00,31.00,34.20,728.00,767.00,210.00,341723.00,27.40,26.10,22.10,37.40,595.00,100.00,2400.00,2950.00,400.00,840.00
"4620616.00","462","Montréal","0616.00",6609.00,1.30,8757.10,64.40,15.10,560.00,1710.00,70.00,2.50,22406.00,21807.00,690.00,1890.00,945.00,34.80,37.30,707.00,732.00,270.00,324857.00,28.50,27.80,23.60,38.60,715.00,65.00,3020.00,3330.00,460.00,970.00
"4620617.01","462","Montréal","0617.01",5460.00,0.80,6035.80,63.30,18.80,85.00,1000.00,170.00,2.50,25330.00,23951.00,1025.00,1125.00,570.00,13.60,38.70,706.00,730.00,150.00,320003.00,20.20,19.90,17.10,41.50,440.00,55.00,2365.00,2990.00,425.00,565.00
"4620617.02","462","Montréal","0617.02",3926.00,-0.20,5972.00,66.60,15.90,255.00,925.00,0.00,2.40,26998.00,25172.00,760.00,890.00,460.00,20.30,33.70,709.00,750.00,140.00,310627.00,18.30,17.90,15.40,40.70,150.00,35.00,1240.00,2590.00,200.00,305.00
"4620618.00","462","Montréal","0618.00",3479.00,3.40,6915.10,62.20,21.80,175.00,1045.00,140.00,2.10,25691.00,24357.00,470.00,1140.00,470.00,22.60,32.50,696.00,731.00,140.00,299601.00,26.70,24.20,29.90,44.20,355.00,35.00,1240.00,2115.00,165.00,405.00
"4620619.00","462","Montréal","0619.00",5806.00,-3.20,10146.80,46.90,40.60,190.00,1265.00,1370.00,1.70,24990.00,24057.00,610.00,2440.00,1510.00,16.40,57.80,809.00,878.00,145.00,319875.00,28.10,26.00,30.10,53.60,525.00,60.00,1725.00,3530.00,210.00,390.00
"4620625.01","462","Montréal","0625.01",6083.00,-0.50,1179.30,67.80,15.10,85.00,325.00,5.00,2.80,33132.00,29603.00,1825.00,340.00,300.00,11.20,28.40,773.00,831.00,115.00,249961.00,7.40,6.70,9.70,40.70,85.00,25.00,1300.00,4690.00,160.00,490.00
"4620625.02","462","Montréal","0625.02",7541.00,8.00,3776.50,68.40,10.30,80.00,435.00,0.00,3.00,34304.00,30539.00,2210.00,340.00,385.00,12.50,32.40,884.00,898.00,90.00,240495.00,7.10,6.00,11.00,36.60,160.00,10.00,2285.00,5245.00,360.00,735.00
"4620626.00","462","Montréal","0626.00",7174.00,15.70,677.70,68.20,10.50,60.00,635.00,0.00,2.80,39581.00,34375.00,2230.00,290.00,405.00,13.50,36.20,799.00,851.00,145.00,299615.00,6.30,5.60,9.30,36.90,130.00,25.00,1745.00,5415.00,220.00,550.00
"4620627.00","462","Montréal","0627.00",6850.00,2.90,1333.30,63.50,24.10,165.00,1300.00,215.00,2.10,30729.00,27816.00,1260.00,1470.00,800.00,17.00,40.00,807.00,845.00,175.00,285834.00,13.50,12.50,14.20,46.40,170.00,40.00,990.00,4790.00,130.00,280.00
"4620628.01","462","Montréal","0628.01",4724.00,1.10,2701.70,65.50,17.10,40.00,785.00,80.00,2.40,34500.00,30549.00,1225.00,695.00,370.00,10.60,34.50,730.00,791.00,165.00,300965.00,12.30,12.00,9.80,41.00,100.00,35.00,970.00,3695.00,80.00,235.00
"4620628.02","462","Montréal","0628.02",3753.00,1.20,4594.80,67.50,15.20,5.00,720.00,0.00,2.40,34342.00,30630.00,935.00,660.00,370.00,15.40,34.10,780.00,821.00,105.00,290633.00,12.40,11.60,13.20,39.90,220.00,25.00,955.00,2780.00,100.00,165.00
"4620629.00","462","Montréal","0629.00",3432.00,0.50,2892.10,62.20,22.60,20.00,190.00,0.00,2.60,37560.00,32978.00,1150.00,180.00,215.00,13.50,37.10,810.00,839.00,105.00,348471.00,6.90,6.00,10.90,45.00,30.00,20.00,925.00,2480.00,90.00,190.00
"4620630.01","462","Montréal","0630.01",3697.00,0.00,3065.30,63.10,21.50,5.00,60.00,0.00,2.80,38729.00,33810.00,1250.00,60.00,160.00,10.80,33.30,896.00,1010.00,70.00,350179.00,4.10,3.40,5.60,43.90,70.00,10.00,1085.00,2605.00,90.00,135.00
"4620630.02","462","Montréal","0630.02",5186.00,-0.20,2346.20,57.90,27.60,5.00,180.00,135.00,2.60,43520.00,36664.00,1715.00,205.00,260.00,10.20,41.50,718.00,796.00,105.00,421103.00,5.00,4.10,6.70,46.40,20.00,10.00,975.00,4040.00,55.00,220.00
"4620631.00","462","Montréal","0631.00",7772.00,13.90,310.70,71.80,8.10,40.00,480.00,30.00,3.10,44109.00,37466.00,2335.00,200.00,435.00,15.80,37.50,1289.00,1198.00,40.00,494096.00,4.70,4.20,6.30,36.30,100.00,0.00,1660.00,6100.00,155.00,320.00
"4620632.01","462","Montréal","0632.01",4964.00,-1.30,3268.40,63.20,21.80,60.00,530.00,0.00,2.50,33163.00,29769.00,1435.00,600.00,390.00,10.80,38.30,805.00,841.00,115.00,300775.00,8.70,7.90,10.60,44.40,115.00,0.00,1260.00,3690.00,110.00,305.00
"4620632.02","462","Montréal","0632.02",4807.00,-0.50,2410.40,67.00,16.50,40.00,660.00,0.00,2.50,33032.00,29585.00,1215.00,630.00,295.00,10.30,26.80,780.00,814.00,105.00,300191.00,10.80,9.60,14.50,41.50,90.00,25.00,1240.00,3535.00,220.00,315.00
"4620632.03","462","Montréal","0632.03",5970.00,6.50,1419.40,53.40,35.90,15.00,600.00,0.00,2.50,37074.00,32283.00,1335.00,495.00,310.00,12.10,30.30,753.00,849.00,70.00,390370.00,7.10,6.40,7.80,51.60,105.00,0.00,1205.00,3415.00,95.00,220.00
"4620632.04","462","Montréal","0632.04",7175.00,-1.30,3780.10,71.10,15.10,25.00,1375.00,0.00,2.40,35689.00,31123.00,2085.00,925.00,600.00,13.20,34.90,764.00,833.00,75.00,300766.00,8.80,7.90,12.00,41.90,145.00,45.00,1560.00,5560.00,185.00,340.00
"4620633.00","462","Montréal","0633.00",5236.00,1.80,3205.00,57.70,29.20,15.00,290.00,405.00,2.40,37760.00,32845.00,1535.00,510.00,370.00,12.10,36.90,807.00,861.00,125.00,359986.00,8.80,8.80,9.50,48.20,145.00,10.00,1140.00,3700.00,160.00,250.00
"4620634.00","462","Montréal","0634.00",2979.00,2.40,3642.30,66.90,18.00,10.00,420.00,40.00,2.40,33792.00,30349.00,805.00,425.00,250.00,11.20,37.60,727.00,797.00,125.00,320637.00,13.00,12.70,13.10,42.40,65.00,10.00,715.00,2250.00,80.00,175.00
"4620635.00","462","Montréal","0635.00",5517.00,5.90,5328.90,56.50,30.80,435.00,785.00,170.00,2.10,28264.00,25933.00,1175.00,980.00,700.00,23.30,43.10,701.00,742.00,180.00,280234.00,20.10,20.00,17.60,48.60,240.00,30.00,1265.00,3270.00,225.00,345.00
"4620636.00","462","Montréal","0636.00",7262.00,5.10,3253.30,67.80,12.90,110.00,2190.00,55.00,2.40,28933.00,26638.00,1140.00,1905.00,810.00,22.80,28.90,802.00,835.00,245.00,290411.00,18.70,17.30,17.60,38.10,455.00,40.00,1945.00,5255.00,300.00,515.00
"4620637.01","462","Montréal","0637.01",4988.00,0.50,3139.90,65.50,19.10,25.00,600.00,0.00,2.60,31707.00,28352.00,1360.00,515.00,305.00,13.60,23.30,820.00,828.00,135.00,299415.00,9.30,8.50,10.50,42.30,180.00,40.00,1835.00,3120.00,180.00,310.00
"4620637.02","462","Montréal","0637.02",4214.00,2.00,2976.60,72.60,12.80,0.00,1775.00,140.00,2.00,30184.00,27465.00,655.00,1475.00,645.00,26.00,32.40,701.00,767.00,75.00,250439.00,19.00,17.00,24.10,39.90,195.00,20.00,1190.00,2995.00,270.00,280.00
"4620638.01","462","Montréal","0638.01",5511.00,2.50,6010.50,67.80,18.60,40.00,1610.00,120.00,2.20,30048.00,27386.00,1135.00,1410.00,665.00,19.90,31.00,769.00,795.00,110.00,299676.00,16.20,14.70,18.50,41.70,300.00,25.00,1690.00,3800.00,255.00,395.00
"4620638.02","462","Montréal","0638.02",2104.00,4.10,4687.00,64.50,18.80,35.00,325.00,0.00,2.50,31219.00,28720.00,585.00,280.00,185.00,17.90,28.60,746.00,810.00,70.00,323841.00,11.90,12.00,10.10,42.40,105.00,10.00,620.00,1595.00,145.00,120.00
"4620638.03","462","Montréal","0638.03",4312.00,4.70,6359.90,67.20,15.60,165.00,1130.00,5.00,2.40,26679.00,25005.00,665.00,1140.00,490.00,22.00,30.80,755.00,794.00,110.00,300919.00,20.20,19.50,20.20,39.40,275.00,35.00,1395.00,2735.00,215.00,345.00
"4620638.04","462","Montréal","0638.04",6331.00,3.00,7693.50,71.00,12.20,5.00,2630.00,40.00,2.10,24805.00,23534.00,560.00,2440.00,975.00,23.90,34.40,714.00,741.00,185.00,349103.00,26.60,25.80,26.00,37.80,600.00,100.00,2110.00,4115.00,230.00,560.00
"4620639.00","462","Montréal","0639.00",4135.00,4.40,3088.10,60.80,25.20,160.00,870.00,200.00,2.10,31480.00,28560.00,760.00,970.00,395.00,13.20,29.90,742.00,764.00,155.00,299890.00,19.80,16.60,27.00,45.40,375.00,105.00,1165.00,2405.00,210.00,210.00
"4620640.00","462","Montréal","0640.00",3958.00,6.40,4968.60,63.50,20.80,215.00,670.00,210.00,2.20,28442.00,26347.00,860.00,855.00,610.00,24.00,47.40,824.00,929.00,100.00,300124.00,19.20,16.90,23.00,43.20,175.00,20.00,1190.00,2685.00,215.00,255.00
"4620641.01","462","Montréal","0641.01",8489.00,12.20,6244.20,64.40,22.50,135.00,2255.00,575.00,2.10,30498.00,27927.00,1345.00,2315.00,975.00,19.30,30.70,810.00,841.00,165.00,309817.00,17.70,16.50,18.70,43.40,640.00,70.00,2260.00,5245.00,285.00,570.00
"4620641.02","462","Montréal","0641.02",3431.00,16.80,2677.50,70.80,15.00,50.00,105.00,705.00,2.20,38195.00,33109.00,1070.00,455.00,350.00,18.30,33.30,949.00,881.00,55.00,299568.00,10.50,9.90,13.60,39.90,195.00,40.00,1040.00,2250.00,115.00,240.00
"4620642.00","462","Montréal","0642.00",7369.00,0.60,765.10,66.70,16.20,5.00,1675.00,95.00,2.40,29051.00,26675.00,1665.00,1375.00,660.00,16.80,27.30,732.00,734.00,160.00,301041.00,20.10,18.10,14.40,40.30,395.00,40.00,2430.00,4830.00,465.00,465.00
"4620643.01","462","Montréal","0643.01",5540.00,51.10,1744.90,66.90,9.30,0.00,250.00,415.00,2.90,46293.00,39435.00,1520.00,350.00,415.00,17.80,42.90,1328.00,1278.00,25.00,500277.00,7.40,7.30,9.50,35.90,150.00,30.00,1640.00,3915.00,270.00,355.00
"4620643.02","462","Montréal","0643.02",6778.00,61.60,1874.10,55.00,34.90,0.00,1050.00,2330.00,1.80,33739.00,30109.00,1690.00,1885.00,1260.00,22.30,47.20,1031.00,1150.00,70.00,299744.00,20.40,17.80,22.40,50.50,540.00,40.00,2000.00,4275.00,385.00,235.00
"4620643.03","462","Montréal","0643.03",5563.00,5.90,3589.50,67.50,16.40,60.00,1805.00,0.00,2.30,26042.00,24369.00,1125.00,1315.00,660.00,21.80,32.10,783.00,806.00,135.00,239771.00,22.30,20.00,24.20,40.30,530.00,60.00,2260.00,3235.00,495.00,465.00
"4620644.00","462","Montréal","0644.00",1214.00,-1.90,817.20,68.30,18.50,15.00,180.00,0.00,2.40,30528.00,27366.00,345.00,150.00,95.00,15.90,30.00,771.00,790.00,55.00,296658.00,11.50,10.60,9.10,43.20,60.00,30.00,435.00,660.00,20.00,110.00
"4620645.00","462","Montréal","0645.00",6415.00,-2.70,4199.90,43.70,45.40,70.00,1185.00,625.00,2.10,22548.00,21751.00,745.00,1585.00,840.00,16.80,44.80,731.00,839.00,160.00,275184.00,29.30,26.70,32.60,55.80,395.00,50.00,1820.00,2950.00,380.00,435.00
"4620646.01","462","Montréal","0646.01",3618.00,2.70,6964.40,65.10,16.30,115.00,1010.00,60.00,2.40,20528.00,20032.00,505.00,935.00,515.00,29.00,39.40,743.00,770.00,165.00,200564.00,35.50,33.00,39.40,39.40,525.00,30.00,1840.00,1760.00,695.00,360.00
"4620646.02","462","Montréal","0646.02",3817.00,4.50,6066.40,61.50,19.90,220.00,800.00,195.00,2.40,24960.00,23693.00,805.00,775.00,465.00,27.50,31.60,797.00,841.00,135.00,300990.00,21.70,20.80,17.00,41.40,330.00,20.00,1660.00,2010.00,235.00,360.00
"4620646.03","462","Montréal","0646.03",3496.00,9.10,7030.00,56.90,29.20,185.00,315.00,860.00,2.00,25808.00,24559.00,510.00,1175.00,725.00,18.80,54.00,976.00,983.00,135.00,279530.00,24.40,24.40,17.90,47.40,365.00,60.00,1405.00,2115.00,280.00,265.00
"4620647.01","462","Montréal","0647.01",3001.00,1.80,9718.30,37.30,58.80,0.00,105.00,1775.00,1.60,35140.00,31303.00,1095.00,820.00,550.00,23.70,35.40,993.00,955.00,115.00,300150.00,15.50,17.80,12.70,63.50,60.00,10.00,685.00,2395.00,85.00,60.00
"4620647.02","462","Montréal","0647.02",7426.00,8.10,4596.40,56.00,30.80,170.00,1225.00,775.00,2.20,27018.00,25071.00,1740.00,1395.00,1085.00,26.50,44.60,810.00,910.00,225.00,295670.00,19.70,19.70,16.80,48.00,485.00,90.00,3015.00,3790.00,555.00,580.00
"4620648.00","462","Montréal","0648.00",5229.00,2.70,4617.60,63.10,20.70,160.00,515.00,0.00,2.80,22549.00,21696.00,1305.00,565.00,535.00,23.80,39.50,780.00,809.00,160.00,300058.00,18.10,16.30,23.00,42.60,285.00,75.00,2690.00,2340.00,395.00,510.00
"4620649.01","462","Montréal","0649.01",2628.00,-1.10,1797.00,64.40,20.30,10.00,335.00,0.00,2.70,25550.00,24272.00,635.00,305.00,235.00,18.80,37.70,791.00,844.00,50.00,348823.00,15.40,14.70,15.00,42.90,145.00,20.00,1405.00,1270.00,175.00,245.00
"4620649.02","462","Montréal","0649.02",5437.00,0.40,4199.80,62.80,22.10,50.00,630.00,0.00,2.80,22450.00,21584.00,1350.00,640.00,490.00,15.20,43.80,743.00,743.00,155.00,300945.00,18.60,16.10,23.00,43.10,225.00,90.00,2785.00,2490.00,430.00,440.00
"4620650.01","462","Montréal","0650.01",4483.00,1.60,5851.00,61.30,23.00,20.00,740.00,5.00,2.80,22828.00,21801.00,970.00,570.00,445.00,21.60,40.40,800.00,823.00,60.00,375242.00,19.10,17.00,23.00,43.50,185.00,40.00,1990.00,2220.00,305.00,310.00
"4620650.02","462","Montréal","0650.02",4080.00,3.70,5595.90,63.10,18.30,25.00,1025.00,0.00,2.80,20999.00,20518.00,750.00,760.00,535.00,32.00,39.70,762.00,812.00,110.00,376495.00,25.80,23.80,26.40,40.20,500.00,85.00,2300.00,1875.00,480.00,365.00
"4620650.04","462","Montréal","0650.04",6851.00,19.10,3847.40,70.10,9.10,5.00,1830.00,0.00,2.50,34229.00,30684.00,1280.00,1390.00,735.00,23.00,31.40,986.00,1015.00,50.00,300196.00,13.60,12.30,20.20,35.20,450.00,145.00,2555.00,4335.00,475.00,570.00
"4620650.05","462","Montréal","0650.05",4276.00,-1.80,4920.00,63.00,18.80,35.00,700.00,0.00,2.70,26976.00,25317.00,905.00,545.00,425.00,21.00,44.00,922.00,908.00,90.00,380369.00,14.90,12.90,20.80,41.50,110.00,40.00,1560.00,2155.00,170.00,300.00
"4620651.01","462","Montréal","0651.01",6389.00,2.60,2960.30,67.70,16.70,40.00,455.00,0.00,2.80,28411.00,26293.00,1830.00,415.00,445.00,13.70,48.20,762.00,862.00,120.00,309562.00,11.50,9.80,18.00,41.60,220.00,35.00,2870.00,3400.00,370.00,485.00
"4620651.02","462","Montréal","0651.02",7658.00,14.90,1512.00,69.50,8.60,25.00,445.00,0.00,3.20,33990.00,30192.00,2280.00,140.00,505.00,20.60,25.00,1037.00,974.00,40.00,330659.00,6.70,6.00,13.60,35.80,235.00,30.00,3175.00,4450.00,600.00,760.00
"4620652.01","462","Montréal","0652.01",8413.00,5.80,2801.60,64.80,16.10,10.00,525.00,35.00,2.80,40006.00,34594.00,2460.00,390.00,605.00,19.50,31.60,796.00,880.00,125.00,375788.00,7.70,7.10,10.70,40.40,130.00,30.00,2130.00,5805.00,290.00,480.00
"4620652.04","462","Montréal","0652.04",4266.00,1.50,3356.90,66.60,15.90,70.00,50.00,60.00,2.80,36425.00,31808.00,1315.00,225.00,265.00,11.80,50.00,737.00,766.00,60.00,300496.00,7.10,6.00,9.00,40.70,95.00,15.00,1085.00,3205.00,60.00,240.00
"4620652.06","462","Montréal","0652.06",4035.00,3.70,1828.40,70.10,7.90,15.00,115.00,20.00,2.80,46059.00,39339.00,1310.00,155.00,205.00,10.80,41.90,961.00,1002.00,80.00,341247.00,6.30,5.50,7.80,36.80,70.00,10.00,940.00,3115.00,50.00,175.00
"4620652.07","462","Montréal","0652.07",8884.00,11.40,924.60,67.10,9.90,70.00,370.00,90.00,2.90,43344.00,36998.00,2750.00,280.00,515.00,16.50,21.80,949.00,999.00,100.00,375756.00,5.30,4.70,9.70,36.50,175.00,10.00,2290.00,6575.00,230.00,450.00
"4620652.08","462","Montréal","0652.08",5112.00,5.60,3442.20,69.90,6.50,5.00,335.00,0.00,3.20,38970.00,34409.00,1305.00,290.00,255.00,12.30,34.50,892.00,903.00,30.00,401083.00,7.10,5.90,17.90,34.60,220.00,20.00,1630.00,3415.00,350.00,330.00
"4620652.09","462","Montréal","0652.09",4265.00,0.00,4110.40,70.00,7.20,0.00,310.00,0.00,3.30,32201.00,29355.00,1020.00,275.00,275.00,19.20,27.30,996.00,942.00,10.00,424635.00,8.10,7.40,16.70,34.60,130.00,35.00,1800.00,2500.00,480.00,390.00
"4620653.00","462","Montréal","0653.00",952.00,-6.80,1552.80,63.90,20.40,5.00,0.00,0.00,2.60,47744.00,40320.00,320.00,25.00,35.00,7.80,0.00,0.00,1058.00,20.00,500833.00,2.60,2.60,5.30,44.40,0.00,0.00,160.00,810.00,10.00,35.00
"4620654.00","462","Montréal","0654.00",744.00,-2.90,438.20,61.70,20.10,0.00,0.00,0.00,2.80,61568.00,51200.00,240.00,20.00,35.00,12.50,0.00,0.00,0.00,30.00,752741.00,5.40,5.90,3.30,43.00,10.00,10.00,140.00,495.00,0.00,20.00
"4620655.01","462","Montréal","0655.01",4206.00,-0.50,2854.80,70.20,14.70,120.00,270.00,10.00,2.40,31019.00,27922.00,1345.00,390.00,400.00,18.20,41.00,764.00,809.00,135.00,234643.00,11.90,10.90,15.70,41.90,60.00,0.00,485.00,3655.00,100.00,75.00
"4620655.02","462","Montréal","0655.02",6656.00,2.10,2680.50,68.80,12.70,175.00,280.00,0.00,2.60,33926.00,30197.00,2020.00,475.00,450.00,14.60,34.00,725.00,772.00,195.00,250439.00,9.50,8.00,16.80,39.60,120.00,25.00,1550.00,4990.00,210.00,320.00
"4620656.01","462","Montréal","0656.01",7171.00,3.40,1165.50,63.10,20.60,125.00,165.00,55.00,2.60,35627.00,31378.00,2060.00,410.00,440.00,15.10,32.90,983.00,968.00,105.00,259555.00,7.60,6.90,10.30,43.00,55.00,0.00,1330.00,5215.00,210.00,285.00
"4620656.03","462","Montréal","0656.03",3975.00,0.40,1047.10,69.30,13.50,45.00,40.00,0.00,2.70,34680.00,30820.00,1335.00,125.00,220.00,13.20,30.80,851.00,844.00,110.00,250777.00,7.00,5.50,15.40,40.00,70.00,15.00,880.00,3055.00,200.00,140.00
"4620656.04","462","Montréal","0656.04",7212.00,14.50,3519.90,67.50,7.60,45.00,140.00,0.00,3.10,41728.00,35961.00,2125.00,170.00,405.00,16.90,30.30,989.00,958.00,45.00,359075.00,4.50,3.90,5.60,34.50,195.00,0.00,2150.00,5055.00,615.00,505.00
"4620657.01","462","Montréal","0657.01",3695.00,1.70,1948.10,65.40,19.10,20.00,335.00,70.00,2.50,32784.00,29542.00,1165.00,310.00,280.00,14.60,37.10,848.00,833.00,60.00,268729.00,10.30,9.00,11.30,42.60,120.00,35.00,805.00,2830.00,130.00,210.00
"4620657.02","462","Montréal","0657.02",5805.00,1.90,3769.00,67.10,15.50,5.00,430.00,0.00,2.70,34031.00,30169.00,1765.00,395.00,330.00,11.40,34.60,801.00,832.00,85.00,276044.00,7.70,6.00,8.90,40.70,55.00,45.00,1260.00,4515.00,230.00,275.00
"4620657.03","462","Montréal","0657.03",4511.00,-0.70,2529.20,70.20,9.00,5.00,90.00,0.00,3.20,35529.00,31296.00,1310.00,105.00,155.00,10.70,20.00,849.00,850.00,30.00,288903.00,5.90,4.70,12.20,36.90,110.00,10.00,1260.00,3225.00,260.00,255.00
"4620658.01","462","Montréal","0658.01",4306.00,-0.60,3465.00,63.40,20.60,5.00,255.00,0.00,2.50,33493.00,29755.00,1455.00,280.00,250.00,11.30,32.10,769.00,817.00,70.00,250299.00,7.40,6.20,8.40,43.00,60.00,15.00,760.00,3630.00,125.00,195.00
"4620658.02","462","Montréal","0658.02",3173.00,0.30,3502.60,67.50,18.80,5.00,105.00,0.00,2.60,36955.00,32096.00,1115.00,70.00,95.00,6.70,38.50,692.00,702.00,55.00,269865.00,4.90,4.20,6.70,43.60,55.00,10.00,615.00,2450.00,115.00,105.00
"4620658.03","462","Montréal","0658.03",8117.00,2.40,1411.60,68.50,13.90,45.00,645.00,45.00,2.70,37880.00,33105.00,2575.00,405.00,475.00,13.80,28.40,851.00,875.00,105.00,299736.00,5.40,4.80,7.00,39.90,175.00,30.00,1665.00,6420.00,335.00,375.00
"4620659.04","462","Montréal","0659.04",4621.00,15.00,765.60,72.10,4.90,0.00,110.00,0.00,3.10,51255.00,42985.00,1465.00,35.00,125.00,8.60,0.00,1255.00,1223.00,25.00,399482.00,3.50,3.10,6.70,34.70,50.00,10.00,970.00,3655.00,190.00,175.00
"4620659.05","462","Montréal","0659.05",7458.00,2.50,3147.00,70.80,10.60,0.00,465.00,0.00,2.70,45579.00,38483.00,2350.00,390.00,345.00,9.60,30.40,798.00,852.00,105.00,348524.00,5.00,4.20,6.30,38.80,145.00,20.00,1160.00,6275.00,140.00,240.00
"4620659.06","462","Montréal","0659.06",4430.00,7.00,2460.60,55.50,31.00,165.00,105.00,0.00,2.40,36523.00,32099.00,1135.00,310.00,255.00,13.70,30.60,754.00,791.00,95.00,278770.00,8.60,8.40,11.30,49.30,40.00,0.00,380.00,3015.00,50.00,145.00
"4620659.08","462","Montréal","0659.08",6581.00,1.10,4770.90,70.40,9.60,80.00,255.00,0.00,2.70,41056.00,35517.00,1920.00,400.00,310.00,12.00,20.30,903.00,905.00,70.00,279503.00,5.00,4.40,6.90,37.50,160.00,10.00,1560.00,4845.00,155.00,415.00
"4620659.09","462","Montréal","0659.09",3518.00,13.20,4031.60,65.90,3.60,15.00,15.00,0.00,3.60,43328.00,37316.00,955.00,50.00,115.00,9.90,40.00,1701.00,1571.00,25.00,349831.00,3.30,3.00,7.70,31.00,70.00,0.00,1275.00,2280.00,325.00,190.00
"4620659.1","462","Montréal","0659.1",3546.00,6.30,3256.50,63.40,6.60,0.00,0.00,0.00,3.40,53520.00,44693.00,1000.00,0.00,75.00,8.00,0.00,0.00,0.00,30.00,380395.00,2.80,2.40,7.10,33.00,25.00,10.00,780.00,2650.00,55.00,220.00
"4620659.11","462","Montréal","0659.11",6572.00,9.70,2700.20,65.50,15.30,185.00,885.00,0.00,2.50,36359.00,32166.00,1595.00,955.00,470.00,11.30,30.20,769.00,792.00,195.00,300414.00,12.10,11.60,13.50,39.60,270.00,35.00,1065.00,5210.00,195.00,250.00
"4620660.01","462","Montréal","0660.01",5498.00,-1.30,2744.30,73.10,8.40,25.00,115.00,0.00,3.00,43061.00,36816.00,1715.00,95.00,185.00,8.70,31.60,988.00,987.00,65.00,350053.00,3.00,2.40,6.50,38.10,75.00,10.00,1390.00,4095.00,150.00,240.00
"4620660.02","462","Montréal","0660.02",5503.00,1.40,3898.40,65.60,17.60,5.00,720.00,5.00,2.60,33368.00,30059.00,1560.00,565.00,455.00,14.10,41.20,811.00,834.00,110.00,295115.00,9.00,7.70,11.30,41.40,205.00,10.00,1405.00,4080.00,210.00,425.00
"4620660.03","462","Montréal","0660.03",7167.00,1.50,3455.80,68.00,14.80,15.00,625.00,60.00,2.70,40433.00,34821.00,2270.00,335.00,360.00,10.40,37.90,821.00,827.00,90.00,330457.00,5.50,4.30,12.90,40.70,35.00,10.00,1200.00,5815.00,105.00,230.00
"4620661.01","462","Montréal","0661.01",9616.00,13.20,1694.60,69.70,10.70,90.00,685.00,60.00,2.70,39843.00,34660.00,3020.00,540.00,600.00,13.90,33.30,809.00,897.00,165.00,296618.00,7.30,6.40,9.80,37.70,280.00,25.00,2170.00,7470.00,225.00,600.00
"4620661.03","462","Montréal","0661.03",4556.00,-2.30,235.80,68.50,11.70,35.00,35.00,0.00,2.90,40666.00,34741.00,1405.00,125.00,250.00,14.60,32.00,973.00,915.00,70.00,340808.00,6.20,5.60,9.50,38.80,20.00,0.00,805.00,3775.00,80.00,250.00
"4620661.04","462","Montréal","0661.04",4627.00,0.90,4791.80,71.00,11.50,30.00,535.00,0.00,2.60,38309.00,33504.00,1400.00,380.00,265.00,9.60,33.80,854.00,896.00,45.00,275354.00,7.00,6.10,10.30,38.80,145.00,0.00,1015.00,3505.00,105.00,270.00
"4620662.00","462","Montréal","0662.00",4939.00,0.10,170.70,65.30,17.80,95.00,115.00,0.00,2.60,38153.00,33184.00,1635.00,190.00,310.00,15.90,25.60,675.00,723.00,145.00,270011.00,6.20,5.70,10.20,42.70,40.00,10.00,590.00,4080.00,90.00,145.00
"4620675.00","462","Montréal","0675.00",6009.00,9.80,1588.40,50.20,40.50,45.00,1115.00,965.00,1.90,32442.00,29337.00,1830.00,1365.00,1045.00,14.50,57.00,797.00,1007.00,175.00,259332.00,13.80,15.20,11.90,53.60,30.00,0.00,255.00,5710.00,55.00,65.00
"4620676.01","462","Montréal","0676.01",3542.00,-1.30,2346.20,61.80,23.40,45.00,240.00,0.00,2.50,37029.00,32128.00,1100.00,290.00,245.00,10.00,46.60,724.00,757.00,85.00,265936.00,8.70,8.80,7.00,45.10,30.00,0.00,215.00,3240.00,35.00,70.00
"4620676.02","462","Montréal","0676.02",2843.00,-1.70,2512.40,60.60,25.70,30.00,20.00,0.00,2.50,37606.00,33136.00,1070.00,55.00,155.00,12.60,36.40,843.00,963.00,55.00,250638.00,3.50,3.10,3.50,45.40,15.00,0.00,150.00,2620.00,25.00,35.00
"4620676.03","462","Montréal","0676.03",2407.00,-0.40,2056.90,60.00,24.90,0.00,5.00,0.00,2.60,37291.00,32827.00,900.00,25.00,55.00,5.60,0.00,0.00,0.00,70.00,249906.00,3.70,2.90,4.10,45.40,20.00,0.00,250.00,2145.00,20.00,80.00
"4620676.04","462","Montréal","0676.04",3275.00,1.10,2154.90,61.10,23.20,10.00,10.00,0.00,2.70,38894.00,33827.00,1135.00,45.00,110.00,8.80,0.00,732.00,573.00,80.00,259344.00,4.20,4.00,5.60,44.70,0.00,0.00,220.00,2895.00,30.00,75.00
"4620677.01","462","Montréal","0677.01",6141.00,-1.00,2688.50,60.20,27.30,40.00,740.00,90.00,2.30,33159.00,29915.00,1695.00,855.00,480.00,9.80,37.40,712.00,763.00,160.00,250581.00,10.80,9.70,12.10,47.30,40.00,20.00,320.00,5470.00,25.00,140.00
"4620677.02","462","Montréal","0677.02",5224.00,-0.40,2393.10,61.00,25.80,0.00,1805.00,0.00,2.00,31366.00,28337.00,1250.00,1340.00,595.00,12.40,32.50,762.00,815.00,85.00,224339.00,13.30,10.90,16.30,45.60,60.00,10.00,385.00,4840.00,55.00,130.00
"4620677.05","462","Montréal","0677.05",4864.00,-2.40,2558.70,69.90,14.20,10.00,10.00,0.00,2.90,45389.00,38696.00,1580.00,25.00,175.00,10.80,0.00,0.00,0.00,60.00,330941.00,3.40,3.30,3.80,41.80,75.00,20.00,620.00,4070.00,30.00,225.00
"4620677.06","462","Montréal","0677.06",8429.00,37.20,3149.10,67.10,6.80,20.00,505.00,0.00,3.10,48930.00,41382.00,2495.00,240.00,430.00,13.40,39.60,1066.00,1148.00,30.00,350153.00,4.30,4.10,6.10,33.30,135.00,10.00,1355.00,7060.00,225.00,425.00
"4620677.07","462","Montréal","0677.07",3927.00,-2.70,3887.70,72.00,11.10,5.00,590.00,0.00,2.40,36754.00,32160.00,1155.00,445.00,290.00,12.20,32.20,775.00,839.00,40.00,245269.00,8.50,6.90,11.50,39.80,10.00,25.00,330.00,3505.00,40.00,110.00
"4620677.08","462","Montréal","0677.08",7440.00,1.50,2979.90,70.70,9.70,20.00,620.00,5.00,2.70,42489.00,36440.00,2445.00,330.00,340.00,10.70,24.60,952.00,984.00,55.00,260001.00,4.10,3.40,9.00,38.00,120.00,30.00,970.00,6510.00,105.00,380.00
"4620677.09","462","Montréal","0677.09",4275.00,-2.40,3392.90,70.90,13.60,30.00,350.00,0.00,2.60,38691.00,33632.00,1360.00,285.00,190.00,9.60,22.80,858.00,874.00,85.00,255519.00,5.70,4.90,6.30,41.20,40.00,0.00,350.00,3920.00,20.00,120.00
"4620677.1","462","Montréal","0677.1",4496.00,6.40,3232.70,64.10,20.10,40.00,540.00,0.00,2.50,40892.00,35610.00,1505.00,200.00,285.00,15.30,26.80,983.00,1061.00,35.00,300093.00,5.40,5.00,7.90,43.80,45.00,15.00,405.00,3890.00,65.00,155.00
"4620681.00","462","Montréal","0681.00",3439.00,5.10,94.60,69.50,14.70,115.00,285.00,0.00,2.40,37568.00,32840.00,1115.00,320.00,215.00,10.40,31.20,772.00,782.00,50.00,225268.00,8.80,6.80,12.50,41.20,10.00,15.00,60.00,3325.00,0.00,10.00
"4620682.02","462","Montréal","0682.02",2506.00,-7.40,209.30,64.10,21.70,130.00,310.00,0.00,2.20,33664.00,29984.00,650.00,410.00,230.00,14.60,32.50,714.00,727.00,75.00,250567.00,11.20,10.10,12.80,44.90,10.00,10.00,75.00,2295.00,0.00,10.00
"4620682.03","462","Montréal","0682.03",7686.00,-1.40,357.50,70.50,9.30,45.00,995.00,25.00,2.50,41884.00,36056.00,2370.00,660.00,460.00,13.20,23.80,876.00,831.00,65.00,229799.00,6.20,4.90,15.40,36.70,45.00,10.00,580.00,7090.00,70.00,200.00
"4620682.04","462","Montréal","0682.04",3402.00,-2.30,3160.20,68.10,16.60,95.00,240.00,0.00,2.50,34603.00,30803.00,1055.00,335.00,280.00,8.10,56.70,827.00,976.00,90.00,249877.00,8.40,6.40,15.00,42.30,10.00,0.00,215.00,3180.00,15.00,95.00
"4620682.05","462","Montréal","0682.05",2997.00,-2.30,3890.70,71.80,13.70,0.00,160.00,0.00,2.60,37178.00,32416.00,955.00,165.00,125.00,6.20,37.50,783.00,866.00,25.00,238817.00,5.00,4.50,8.50,41.40,25.00,0.00,200.00,2670.00,35.00,70.00
"4620682.06","462","Montréal","0682.06",4822.00,0.40,3021.30,69.30,8.40,5.00,40.00,0.00,2.90,42275.00,36561.00,1595.00,110.00,155.00,8.50,18.20,837.00,790.00,50.00,250320.00,3.90,3.20,8.60,36.00,20.00,15.00,475.00,4465.00,50.00,170.00
"4620683.00","462","Montréal","0683.00",5913.00,1.00,2706.20,65.80,21.60,215.00,1655.00,45.00,2.10,32459.00,29020.00,1600.00,1280.00,680.00,14.40,35.30,719.00,746.00,95.00,240451.00,13.90,12.20,16.80,45.40,10.00,0.00,265.00,5645.00,20.00,100.00
"4620684.03","462","Montréal","0684.03",8919.00,18.50,521.40,69.80,11.00,15.00,580.00,480.00,2.60,46152.00,39099.00,3115.00,265.00,475.00,11.70,41.50,1164.00,1227.00,50.00,299714.00,4.20,3.60,7.10,38.60,30.00,25.00,1160.00,7730.00,160.00,350.00
"4620684.05","462","Montréal","0684.05",5468.00,3.30,1377.80,72.10,12.80,75.00,130.00,0.00,2.70,40997.00,35240.00,1770.00,230.00,300.00,14.10,21.70,840.00,853.00,70.00,348360.00,5.90,4.60,8.50,40.80,35.00,10.00,500.00,4970.00,105.00,125.00
"4620684.08","462","Montréal","0684.08",5750.00,1.20,2132.90,69.80,6.70,60.00,65.00,0.00,3.00,44150.00,37746.00,1770.00,120.00,245.00,11.60,29.20,875.00,904.00,80.00,279683.00,4.70,3.70,7.80,34.90,45.00,15.00,465.00,5265.00,10.00,140.00
"4620684.09","462","Montréal","0684.09",3425.00,4.10,319.70,67.00,11.10,55.00,80.00,0.00,2.80,41490.00,35947.00,1080.00,160.00,175.00,11.50,31.20,674.00,756.00,40.00,300777.00,5.60,4.70,11.70,37.50,0.00,0.00,355.00,3080.00,25.00,85.00
"4620684.1","462","Montréal","0684.1",4029.00,7.90,988.00,65.80,12.70,30.00,540.00,0.00,2.60,41255.00,35758.00,1155.00,410.00,275.00,13.00,29.30,876.00,852.00,30.00,290082.00,6.10,5.40,10.80,37.10,50.00,0.00,390.00,3680.00,65.00,150.00
"4620684.11","462","Montréal","0684.11",4502.00,-0.90,1237.80,69.20,13.00,70.00,510.00,0.00,2.60,36352.00,32083.00,1240.00,510.00,240.00,7.70,28.20,774.00,818.00,70.00,250455.00,7.70,6.70,13.80,39.20,50.00,10.00,350.00,4100.00,40.00,90.00
"4620685.02","462","Montréal","0685.02",4242.00,2.80,74.90,67.10,13.40,60.00,135.00,0.00,2.60,34747.00,30918.00,1315.00,285.00,310.00,15.30,38.60,833.00,834.00,115.00,250438.00,9.80,8.90,10.50,38.90,10.00,0.00,135.00,4015.00,15.00,20.00
"4620685.03","462","Montréal","0685.03",5881.00,19.40,762.60,70.00,15.20,40.00,1570.00,0.00,2.10,38500.00,33545.00,2075.00,715.00,585.00,17.10,31.50,803.00,844.00,65.00,210867.00,8.80,6.60,19.10,40.00,60.00,10.00,335.00,5460.00,40.00,60.00
"4620685.04","462","Montréal","0685.04",3105.00,-5.50,3437.40,71.70,11.90,35.00,35.00,0.00,2.80,38123.00,33333.00,1035.00,70.00,100.00,9.20,0.00,754.00,781.00,40.00,250503.00,4.20,3.30,6.80,39.40,35.00,0.00,225.00,2860.00,10.00,85.00
"4620685.05","462","Montréal","0685.05",4504.00,2.30,1639.00,63.10,17.90,135.00,460.00,0.00,2.50,37072.00,32474.00,1245.00,505.00,320.00,12.10,33.30,787.00,798.00,70.00,259399.00,8.10,7.10,14.50,40.70,15.00,10.00,170.00,4210.00,15.00,50.00
"4620685.07","462","Montréal","0685.07",5645.00,-0.20,1661.70,68.00,9.80,120.00,130.00,0.00,2.90,41310.00,35548.00,1670.00,290.00,285.00,11.70,31.60,830.00,863.00,55.00,279687.00,4.60,3.80,9.00,36.30,10.00,10.00,235.00,5300.00,15.00,100.00
"4620685.08","462","Montréal","0685.08",10087.00,42.50,2853.90,61.50,14.90,100.00,1960.00,0.00,2.50,46992.00,39756.00,2770.00,1105.00,635.00,12.30,26.70,975.00,990.00,60.00,288943.00,5.90,5.20,9.70,37.40,115.00,10.00,705.00,8935.00,30.00,205.00
"4620686.01","462","Montréal","0686.01",5795.00,5.90,221.90,68.80,10.90,90.00,175.00,0.00,2.80,39401.00,34261.00,1795.00,290.00,310.00,13.10,27.60,912.00,764.00,100.00,299642.00,5.90,5.30,10.20,37.70,15.00,10.00,285.00,5500.00,20.00,100.00
"4620686.02","462","Montréal","0686.02",4088.00,0.10,1032.90,68.50,12.30,100.00,25.00,0.00,2.70,34700.00,30952.00,1275.00,200.00,215.00,13.30,22.50,768.00,729.00,110.00,250558.00,7.60,6.60,10.10,38.70,10.00,10.00,180.00,3930.00,20.00,60.00
"4620686.03","462","Montréal","0686.03",3345.00,-3.40,1647.80,69.00,13.40,115.00,20.00,0.00,2.70,35026.00,30965.00,1060.00,205.00,225.00,16.50,26.80,845.00,919.00,75.00,250351.00,6.90,6.20,8.90,39.30,10.00,0.00,135.00,3165.00,45.00,30.00
"4620687.01","462","Montréal","0687.01",4473.00,1.80,1417.60,67.90,14.30,30.00,225.00,0.00,2.60,39878.00,34452.00,1390.00,280.00,250.00,11.90,30.90,784.00,853.00,70.00,275733.00,7.00,6.20,9.70,40.40,30.00,20.00,435.00,3920.00,45.00,95.00
"4620687.03","462","Montréal","0687.03",10304.00,15.30,651.30,64.80,9.00,140.00,235.00,0.00,3.00,47187.00,39908.00,3095.00,355.00,505.00,13.30,26.80,690.00,784.00,70.00,348312.00,5.30,4.80,12.10,34.70,45.00,10.00,1195.00,8985.00,120.00,400.00
"4620687.04","462","Montréal","0687.04",4959.00,-3.40,2853.10,63.80,18.80,50.00,365.00,0.00,2.60,37956.00,33020.00,1475.00,375.00,250.00,9.20,32.00,777.00,791.00,90.00,259269.00,6.20,4.70,10.10,42.50,60.00,10.00,395.00,4405.00,70.00,110.00
"4620687.06","462","Montréal","0687.06",5347.00,-1.90,2029.80,72.00,10.60,115.00,800.00,5.00,2.50,39479.00,34086.00,1450.00,740.00,430.00,12.40,33.80,832.00,871.00,55.00,279145.00,8.60,7.30,13.30,38.50,55.00,10.00,345.00,5055.00,40.00,130.00
"4620687.07","462","Montréal","0687.07",5773.00,-1.10,2900.70,71.10,12.40,110.00,55.00,0.00,2.70,38074.00,33024.00,1960.00,135.00,190.00,8.40,25.90,1002.00,913.00,65.00,250201.00,4.90,3.90,8.50,40.40,55.00,10.00,455.00,5280.00,60.00,170.00
"4620687.09","462","Montréal","0687.09",3536.00,13.20,172.90,68.50,9.90,130.00,40.00,0.00,2.70,39840.00,34964.00,1110.00,175.00,185.00,13.10,22.90,683.00,723.00,55.00,279374.00,6.60,5.40,15.90,36.80,10.00,10.00,270.00,3195.00,40.00,100.00
"4620687.1","462","Montréal","0687.1",8797.00,7.20,400.40,66.80,8.00,220.00,120.00,0.00,3.00,39635.00,34440.00,2665.00,290.00,490.00,15.00,31.00,924.00,931.00,120.00,299097.00,6.70,5.90,12.10,34.40,135.00,10.00,1065.00,7715.00,190.00,335.00
"4620688.02","462","Montréal","0688.02",3610.00,-1.00,40.20,74.10,12.30,40.00,220.00,0.00,2.50,34475.00,30592.00,940.00,210.00,210.00,16.80,26.80,867.00,788.00,65.00,240087.00,9.50,8.40,11.50,40.60,15.00,0.00,80.00,2700.00,0.00,30.00
"4620688.03","462","Montréal","0688.03",5221.00,0.00,2571.80,65.80,14.70,115.00,535.00,0.00,2.50,32602.00,29389.00,1445.00,650.00,335.00,12.50,24.00,734.00,757.00,95.00,200358.00,10.20,8.40,16.00,39.10,15.00,10.00,90.00,5185.00,0.00,30.00
"4620688.04","462","Montréal","0688.04",5590.00,-1.40,3113.00,69.80,9.30,85.00,395.00,0.00,2.70,35251.00,31373.00,1565.00,465.00,310.00,11.20,29.30,774.00,800.00,80.00,224383.00,10.30,8.60,11.70,36.20,25.00,0.00,160.00,5435.00,35.00,55.00
"4620689.01","462","Montréal","0689.01",6791.00,23.20,2477.10,67.90,9.90,115.00,280.00,0.00,2.80,36035.00,31840.00,2130.00,330.00,425.00,14.60,34.80,832.00,844.00,115.00,225098.00,7.80,6.50,12.70,36.10,80.00,10.00,555.00,6225.00,85.00,205.00
"4620689.02","462","Montréal","0689.02",3678.00,-1.70,2347.60,68.40,9.50,45.00,105.00,0.00,2.80,34261.00,30522.00,1110.00,205.00,275.00,18.10,37.50,833.00,869.00,45.00,219781.00,8.60,8.10,10.00,36.10,0.00,0.00,215.00,3355.00,60.00,100.00
"4620689.03","462","Montréal","0689.03",8135.00,-0.40,2228.10,67.60,7.90,215.00,460.00,0.00,2.80,34715.00,30805.00,2290.00,560.00,525.00,15.70,27.40,846.00,857.00,135.00,224383.00,10.00,8.40,18.30,33.90,80.00,10.00,725.00,7370.00,125.00,250.00
"4620689.04","462","Montréal","0689.04",5637.00,-2.60,177.40,69.70,8.80,115.00,265.00,0.00,2.80,33682.00,30229.00,1640.00,365.00,380.00,15.60,34.20,810.00,803.00,80.00,235221.00,9.90,8.20,21.40,35.70,55.00,0.00,420.00,5320.00,70.00,170.00
"4620690.00","462","Montréal","0690.00",7383.00,5.40,112.50,66.80,13.50,120.00,300.00,0.00,2.50,35243.00,31156.00,2300.00,605.00,515.00,14.80,30.30,821.00,796.00,155.00,229666.00,10.40,8.50,14.10,38.50,15.00,0.00,145.00,7220.00,20.00,45.00
"4620691.00","462","Montréal","0691.00",6274.00,0.10,2270.60,67.60,13.90,80.00,320.00,0.00,2.50,32923.00,29413.00,1940.00,505.00,445.00,11.30,44.60,720.00,795.00,95.00,200406.00,11.80,9.40,16.60,39.40,10.00,10.00,135.00,6070.00,0.00,45.00
"4620692.00","462","Montréal","0692.00",9286.00,5.20,144.80,67.30,12.90,185.00,565.00,0.00,2.70,39519.00,34370.00,2805.00,660.00,525.00,12.70,26.70,867.00,827.00,115.00,250748.00,7.00,6.20,10.60,38.20,35.00,0.00,255.00,8960.00,15.00,115.00
"4620693.00","462","Montréal","0693.00",5248.00,1.00,2599.40,61.20,25.90,220.00,1225.00,0.00,2.00,29552.00,26880.00,1085.00,1355.00,630.00,11.50,37.40,733.00,751.00,140.00,230110.00,17.80,15.80,22.40,46.70,10.00,10.00,65.00,4880.00,10.00,15.00
"4620694.00","462","Montréal","0694.00",7895.00,30.70,240.20,67.80,8.40,65.00,85.00,0.00,2.80,40059.00,34873.00,2580.00,260.00,405.00,13.00,28.80,900.00,952.00,90.00,229444.00,5.80,5.30,10.40,34.30,20.00,25.00,395.00,7430.00,85.00,100.00
"4620700.01","462","Montréal","0700.01",4737.00,1.80,3582.40,62.90,23.30,420.00,1340.00,0.00,1.90,28624.00,26446.00,895.00,1410.00,665.00,17.40,36.40,780.00,806.00,180.00,240420.00,22.60,21.40,19.40,44.50,45.00,15.00,200.00,4185.00,25.00,35.00
"4620700.03","462","Montréal","0700.03",2791.00,-1.10,1810.90,58.80,27.40,55.00,510.00,0.00,2.20,28944.00,26361.00,670.00,595.00,275.00,11.30,33.60,748.00,794.00,70.00,249722.00,16.00,12.60,22.10,46.00,30.00,10.00,185.00,2500.00,10.00,50.00
"4620700.04","462","Montréal","0700.04",4524.00,0.80,2882.60,66.10,20.90,140.00,1410.00,0.00,2.00,30857.00,27891.00,1125.00,1150.00,540.00,16.90,30.40,757.00,769.00,75.00,250097.00,17.00,15.80,16.40,43.70,65.00,10.00,320.00,4360.00,60.00,75.00
"4620701.01","462","Montréal","0701.01",3354.00,3.50,1937.60,68.10,9.50,65.00,455.00,0.00,2.40,44837.00,38298.00,1105.00,265.00,290.00,17.60,35.80,975.00,945.00,25.00,230048.00,7.00,6.10,16.70,36.50,70.00,10.00,330.00,2975.00,40.00,105.00
"4620701.02","462","Montréal","0701.02",6282.00,0.60,2359.60,69.30,15.10,130.00,735.00,5.00,2.30,34289.00,30267.00,1905.00,745.00,535.00,14.20,35.30,814.00,829.00,150.00,231646.00,10.60,9.40,14.90,41.10,75.00,0.00,445.00,5750.00,75.00,115.00
"4620702.01","462","Montréal","0702.01",2544.00,-0.90,1246.70,62.30,20.40,5.00,125.00,0.00,2.60,46880.00,39536.00,955.00,40.00,125.00,11.60,37.50,1237.00,1040.00,35.00,345843.00,3.90,4.40,2.90,43.10,20.00,0.00,225.00,2430.00,10.00,45.00
"4620702.02","462","Montréal","0702.02",6808.00,-1.50,1752.70,68.50,12.60,5.00,0.00,0.00,2.90,46896.00,39851.00,2245.00,90.00,225.00,8.70,33.30,1299.00,1172.00,125.00,370026.00,5.20,4.50,4.70,39.30,65.00,10.00,625.00,6060.00,40.00,105.00
"4620703.02","462","Montréal","0703.02",3796.00,-3.10,848.40,61.80,23.00,30.00,315.00,0.00,2.50,43118.00,36941.00,1275.00,275.00,180.00,7.00,34.50,734.00,773.00,65.00,424594.00,7.10,5.40,12.00,45.20,55.00,0.00,440.00,3440.00,35.00,100.00
"4620703.03","462","Montréal","0703.03",4456.00,-3.10,1426.90,68.70,15.00,15.00,235.00,0.00,2.70,42010.00,36283.00,1380.00,255.00,245.00,11.60,36.00,753.00,890.00,75.00,401126.00,6.20,5.10,9.00,41.00,20.00,10.00,430.00,3930.00,20.00,75.00
"4620703.04","462","Montréal","0703.04",5706.00,-1.30,1759.60,67.00,15.50,20.00,10.00,0.00,2.90,44148.00,37528.00,1825.00,80.00,205.00,10.40,23.50,1148.00,1263.00,110.00,399934.00,4.10,4.10,4.10,41.20,35.00,15.00,545.00,4985.00,50.00,120.00
"4620704.01","462","Montréal","0704.01",4717.00,4.80,2665.30,69.40,16.50,35.00,1440.00,5.00,2.00,31558.00,28435.00,1020.00,1285.00,560.00,14.80,31.90,723.00,738.00,195.00,250285.00,16.60,15.30,18.70,41.10,15.00,0.00,265.00,4490.00,50.00,80.00
"4620704.04","462","Montréal","0704.04",4468.00,-2.60,2490.00,71.40,11.90,5.00,190.00,0.00,2.70,38619.00,33496.00,1485.00,160.00,185.00,9.40,31.20,791.00,824.00,65.00,259941.00,3.80,3.50,6.70,39.20,15.00,25.00,435.00,3845.00,80.00,85.00
"4620704.05","462","Montréal","0704.05",6239.00,-4.90,1278.70,72.60,10.70,25.00,515.00,0.00,2.70,40704.00,35046.00,1825.00,495.00,275.00,8.70,24.20,814.00,858.00,140.00,300984.00,5.60,4.90,7.50,39.00,30.00,0.00,425.00,5805.00,55.00,115.00
"4620704.06","462","Montréal","0704.06",1796.00,-0.70,763.20,70.80,15.80,30.00,75.00,0.00,2.50,36966.00,31403.00,585.00,120.00,110.00,12.80,29.20,650.00,684.00,50.00,319850.00,8.70,5.30,26.80,42.80,20.00,0.00,110.00,1750.00,15.00,20.00
"4620704.08","462","Montréal","0704.08",5147.00,2.80,353.80,59.60,5.90,30.00,505.00,0.00,3.60,32676.00,29664.00,880.00,525.00,240.00,13.60,21.90,848.00,851.00,70.00,300238.00,11.90,12.70,11.50,28.70,45.00,35.00,675.00,4350.00,125.00,255.00
"4620704.09","462","Montréal","0704.09",4517.00,3.70,1827.80,74.90,9.40,5.00,850.00,0.00,2.40,40192.00,34800.00,1215.00,680.00,305.00,10.30,25.50,923.00,919.00,85.00,290092.00,7.00,6.10,8.20,37.80,70.00,10.00,335.00,4250.00,95.00,50.00
"4620705.01","462","Montréal","0705.01",3370.00,-4.10,2130.50,64.30,18.80,5.00,0.00,0.00,2.70,47381.00,40032.00,1225.00,25.00,110.00,8.60,0.00,0.00,0.00,85.00,340131.00,2.70,2.70,2.40,42.20,20.00,0.00,220.00,3185.00,30.00,40.00
"4620705.02","462","Montréal","0705.02",5213.00,-2.90,2722.80,58.20,30.00,65.00,1525.00,0.00,2.00,34160.00,30304.00,1050.00,1295.00,585.00,18.00,31.00,786.00,821.00,80.00,278546.00,13.90,12.00,17.10,48.50,35.00,10.00,265.00,4395.00,35.00,60.00
"4620706.00","462","Montréal","0706.00",3838.00,2.90,2801.70,66.90,24.50,225.00,1410.00,300.00,1.70,28544.00,25957.00,720.00,1440.00,685.00,25.00,35.20,752.00,776.00,125.00,210219.00,21.50,19.60,26.10,46.40,60.00,0.00,390.00,3375.00,50.00,95.00
"4620707.00","462","Montréal","0707.00",4656.00,-1.00,2510.00,59.90,30.30,525.00,1010.00,0.00,1.80,26624.00,24599.00,715.00,1415.00,720.00,19.40,40.60,736.00,767.00,195.00,220083.00,25.10,24.20,29.10,48.70,60.00,0.00,225.00,3535.00,10.00,35.00
"4620708.01","462","Montréal","0708.01",4725.00,-1.40,3905.00,70.80,13.50,110.00,1495.00,5.00,2.10,30821.00,27691.00,890.00,1345.00,585.00,16.80,32.00,773.00,808.00,125.00,229989.00,18.20,16.20,17.30,39.10,40.00,15.00,385.00,4135.00,80.00,75.00
"4620708.02","462","Montréal","0708.02",4187.00,6.70,2703.60,62.90,26.60,15.00,1045.00,190.00,2.00,37295.00,32461.00,1310.00,730.00,405.00,13.40,31.30,781.00,835.00,60.00,289319.00,11.50,11.60,9.20,47.70,10.00,0.00,245.00,3995.00,10.00,40.00
"4620709.01","462","Montréal","0709.01",8428.00,13.80,2275.70,66.70,14.20,220.00,1005.00,25.00,2.50,40218.00,34940.00,2695.00,600.00,550.00,13.50,30.80,902.00,958.00,110.00,268842.00,6.10,5.30,10.40,39.30,70.00,10.00,690.00,7630.00,60.00,105.00
"4620709.02","462","Montréal","0709.02",6320.00,7.60,2639.30,67.00,14.40,215.00,790.00,0.00,2.40,36258.00,31948.00,1715.00,880.00,490.00,13.10,29.50,833.00,852.00,140.00,275290.00,9.10,8.10,14.00,39.40,75.00,10.00,600.00,5670.00,60.00,120.00
"4620710.03","462","Montréal","0710.03",8771.00,7.10,2835.40,69.50,9.60,515.00,465.00,0.00,2.70,39122.00,34220.00,2520.00,770.00,490.00,10.10,30.30,849.00,868.00,105.00,275703.00,6.80,6.00,10.60,36.50,55.00,10.00,615.00,8155.00,100.00,150.00
"4620710.05","462","Montréal","0710.05",7469.00,20.40,231.30,69.80,7.50,65.00,110.00,0.00,3.10,48789.00,41080.00,2240.00,160.00,280.00,10.70,24.20,1008.00,1180.00,75.00,448569.00,3.50,3.20,7.20,35.50,85.00,25.00,705.00,6800.00,80.00,200.00
"4620710.06","462","Montréal","0710.06",3533.00,-0.10,1688.70,71.40,10.70,30.00,85.00,0.00,2.70,43808.00,37551.00,1155.00,120.00,150.00,8.70,41.70,950.00,899.00,40.00,299197.00,5.00,4.00,7.90,39.40,20.00,10.00,255.00,3200.00,20.00,55.00
"4620710.07","462","Montréal","0710.07",4757.00,2.10,1404.30,70.60,7.80,185.00,210.00,0.00,2.70,41117.00,35770.00,1455.00,300.00,210.00,8.90,24.60,902.00,861.00,40.00,274620.00,5.60,5.00,8.10,35.70,30.00,0.00,320.00,4395.00,25.00,60.00
"4620710.08","462","Montréal","0710.08",4334.00,-0.30,3514.70,67.70,12.60,110.00,615.00,0.00,2.50,36256.00,31923.00,1115.00,605.00,295.00,12.60,26.40,825.00,810.00,85.00,259563.00,11.20,9.00,19.00,37.80,20.00,10.00,245.00,4100.00,15.00,65.00
"4620710.09","462","Montréal","0710.09",5506.00,-1.60,1560.70,69.90,8.30,0.00,0.00,0.00,3.40,56896.00,46534.00,1560.00,25.00,200.00,12.80,0.00,0.00,0.00,30.00,600598.00,4.00,4.00,3.30,36.80,15.00,60.00,510.00,4785.00,55.00,95.00
"4620710.1","462","Montréal","0710.1",5002.00,2.10,1983.90,66.80,13.20,10.00,40.00,190.00,3.00,50992.00,42829.00,1405.00,250.00,345.00,8.20,95.90,1769.00,1738.00,40.00,429602.00,2.70,2.20,8.80,39.00,15.00,0.00,360.00,4475.00,50.00,80.00
"4620710.11","462","Montréal","0710.11",2743.00,-2.10,2997.80,74.00,9.10,65.00,145.00,0.00,2.60,39258.00,33997.00,810.00,200.00,145.00,12.30,25.00,795.00,879.00,30.00,299338.00,6.00,5.60,7.80,38.40,20.00,10.00,145.00,2655.00,10.00,20.00
"4620725.03","462","Montréal","0725.03",3620.00,-1.30,2323.30,64.60,18.80,55.00,290.00,0.00,2.50,33350.00,29915.00,1115.00,345.00,255.00,11.20,39.10,763.00,769.00,100.00,250396.00,9.40,8.10,11.00,42.10,15.00,0.00,310.00,3265.00,55.00,65.00
"4620725.04","462","Montréal","0725.04",3236.00,-3.20,1140.90,66.80,19.90,75.00,235.00,0.00,2.40,36640.00,31808.00,1110.00,225.00,205.00,11.70,36.40,830.00,851.00,95.00,250745.00,6.30,5.50,8.30,44.60,25.00,10.00,245.00,2940.00,35.00,45.00
"4620725.06","462","Montréal","0725.06",1637.00,-7.30,31.00,69.50,20.10,60.00,20.00,5.00,2.50,30752.00,27694.00,515.00,120.00,90.00,11.20,34.80,703.00,733.00,65.00,325344.00,9.60,8.50,12.10,45.60,0.00,105.00,30.00,1520.00,0.00,10.00
"4620725.07","462","Montréal","0725.07",6352.00,-1.40,4381.30,71.60,6.50,15.00,130.00,0.00,2.90,43378.00,37060.00,2015.00,200.00,200.00,8.00,20.50,882.00,839.00,55.00,259193.00,3.90,3.30,8.40,35.30,65.00,0.00,630.00,5690.00,120.00,150.00
"4620725.09","462","Montréal","0725.09",3783.00,7.70,1735.50,66.10,17.60,0.00,35.00,0.00,2.80,42350.00,36296.00,1145.00,35.00,85.00,6.60,0.00,768.00,774.00,45.00,250693.00,3.40,2.80,3.80,42.40,15.00,0.00,260.00,3130.00,35.00,70.00
"4620725.1","462","Montréal","0725.1",4957.00,5.30,1540.50,64.30,14.50,10.00,1130.00,0.00,2.40,43221.00,36926.00,1695.00,315.00,305.00,11.20,36.50,818.00,864.00,0.00,224463.00,5.80,4.80,12.70,38.50,30.00,0.00,480.00,4420.00,75.00,125.00
"4620726.01","462","Montréal","0726.01",6281.00,-0.30,3358.50,62.90,22.70,135.00,1290.00,20.00,2.20,32791.00,29431.00,1735.00,1130.00,570.00,13.30,29.80,745.00,758.00,180.00,250359.00,12.90,11.50,14.30,44.30,55.00,15.00,295.00,5875.00,20.00,100.00
"4620726.03","462","Montréal","0726.03",4902.00,0.20,3888.90,66.70,17.30,25.00,1130.00,0.00,2.20,30432.00,27610.00,1120.00,1135.00,550.00,9.80,38.30,721.00,738.00,155.00,250175.00,16.00,14.70,18.50,41.00,35.00,0.00,255.00,4680.00,40.00,80.00
"4620726.04","462","Montréal","0726.04",1873.00,-6.10,2355.10,72.00,12.00,5.00,20.00,0.00,2.70,40149.00,34739.00,670.00,25.00,85.00,9.70,75.00,0.00,760.00,35.00,259555.00,4.50,4.00,6.70,40.90,10.00,0.00,120.00,1780.00,30.00,35.00
"4620727.01","462","Montréal","0727.01",3295.00,0.20,2931.80,58.30,29.90,100.00,1045.00,0.00,1.90,26624.00,24848.00,640.00,1045.00,490.00,15.50,37.30,708.00,732.00,80.00,250088.00,20.00,17.50,22.90,48.30,0.00,10.00,140.00,3000.00,0.00,25.00
"4620727.02","462","Montréal","0727.02",4072.00,-4.10,2721.70,59.70,28.10,140.00,690.00,255.00,2.00,29941.00,27184.00,1040.00,970.00,665.00,15.00,53.10,777.00,985.00,120.00,250392.00,17.70,14.70,28.00,48.20,15.00,15.00,175.00,3895.00,10.00,35.00
"4620728.01","462","Montréal","0728.01",6688.00,-0.90,3800.60,72.00,8.00,20.00,560.00,0.00,2.60,40347.00,34663.00,1905.00,660.00,320.00,8.70,22.90,840.00,862.00,110.00,245061.00,7.50,6.40,11.30,36.60,105.00,10.00,730.00,5945.00,100.00,135.00
"4620728.02","462","Montréal","0728.02",4383.00,2.00,2283.30,66.40,15.70,75.00,455.00,5.00,2.50,38281.00,33468.00,1270.00,450.00,245.00,8.70,29.70,776.00,827.00,110.00,250441.00,9.20,7.70,11.60,40.10,35.00,10.00,470.00,3855.00,55.00,75.00
"4620728.03","462","Montréal","0728.03",2635.00,-1.00,2877.60,68.10,13.90,35.00,40.00,0.00,2.60,35632.00,31219.00,900.00,115.00,170.00,14.40,36.40,823.00,902.00,55.00,234995.00,9.10,8.00,9.60,39.80,30.00,0.00,250.00,2325.00,10.00,45.00
"4620729.00","462","Montréal","0729.00",3790.00,-1.30,2538.20,66.10,18.50,105.00,540.00,130.00,2.10,31771.00,28907.00,1030.00,760.00,470.00,16.00,39.50,762.00,779.00,215.00,235016.00,16.80,14.00,27.10,43.00,45.00,0.00,345.00,3450.00,0.00,45.00
"4620730.01","462","Montréal","0730.01",11350.00,25.60,1967.40,64.40,9.10,30.00,935.00,0.00,2.70,46485.00,39468.00,3825.00,345.00,450.00,9.20,27.90,930.00,880.00,95.00,264666.00,4.30,3.70,9.40,34.20,220.00,10.00,955.00,10340.00,65.00,210.00
"4620730.02","462","Montréal","0730.02",6724.00,1.10,2259.10,67.10,16.10,75.00,135.00,0.00,2.50,34742.00,30818.00,2470.00,230.00,510.00,15.00,60.00,948.00,927.00,180.00,220033.00,9.00,7.80,12.80,41.10,60.00,15.00,335.00,6340.00,25.00,90.00
"4620731.00","462","Montréal","0731.00",6428.00,0.50,1391.30,68.40,11.80,110.00,125.00,0.00,2.50,31910.00,28852.00,2020.00,600.00,605.00,17.10,44.20,799.00,842.00,210.00,209939.00,13.10,11.10,23.00,38.20,0.00,0.00,130.00,6295.00,0.00,45.00
"4620732.01","462","Montréal","0732.01",6687.00,7.90,161.80,68.20,12.00,120.00,420.00,0.00,2.60,37740.00,33028.00,2065.00,460.00,385.00,12.40,29.30,876.00,861.00,75.00,296312.00,6.80,5.60,14.80,38.40,25.00,0.00,175.00,6495.00,0.00,75.00
"4620732.03","462","Montréal","0732.03",,,,,,,,,,,,,,,,,,,,,,,,,,,,,,
"4620732.04","462","Montréal","0732.04",3824.00,-3.70,66.70,64.10,19.00,65.00,65.00,0.00,2.40,35342.00,31280.00,1315.00,250.00,300.00,15.00,42.00,651.00,773.00,105.00,296197.00,11.70,11.30,14.10,43.70,20.00,0.00,115.00,3640.00,15.00,30.00
"4620733.01","462","Montréal","0733.01",4160.00,-3.90,18.00,66.50,17.10,130.00,95.00,0.00,2.50,31817.00,28288.00,1295.00,380.00,240.00,11.90,28.80,629.00,694.00,145.00,259740.00,11.70,10.20,17.80,41.70,0.00,25.00,115.00,4085.00,10.00,25.00
"4620733.02","462","Montréal","0733.02",1686.00,-1.70,39.20,64.40,21.10,25.00,35.00,0.00,2.20,31248.00,28235.00,520.00,205.00,125.00,17.50,17.10,604.00,631.00,65.00,250745.00,14.00,13.10,15.20,45.30,10.00,0.00,50.00,1555.00,0.00,10.00
"4620734.03","462","Montréal","0734.03",5907.00,10.20,1116.00,67.60,6.90,365.00,130.00,0.00,2.90,42225.00,36154.00,1620.00,420.00,305.00,11.80,26.50,924.00,906.00,50.00,290379.00,6.20,5.60,11.10,33.30,10.00,10.00,175.00,5550.00,20.00,45.00
"4620734.04","462","Montréal","0734.04",3662.00,5.50,152.70,71.00,12.30,100.00,300.00,55.00,2.50,36667.00,32211.00,1095.00,385.00,200.00,7.40,32.10,749.00,810.00,55.00,259791.00,7.90,6.10,18.90,39.70,0.00,0.00,70.00,3495.00,10.00,30.00
"4620734.05","462","Montréal","0734.05",7337.00,56.10,227.30,69.00,6.50,500.00,505.00,0.00,2.70,47036.00,39710.00,2125.00,620.00,385.00,11.40,23.40,900.00,907.00,50.00,349561.00,4.90,4.70,6.20,33.70,35.00,10.00,370.00,7050.00,55.00,80.00
"4620734.06","462","Montréal","0734.06",5082.00,0.50,2365.40,66.50,8.80,180.00,285.00,0.00,2.70,36452.00,32137.00,1390.00,505.00,320.00,11.50,30.40,841.00,842.00,60.00,219543.00,10.40,9.10,17.40,34.30,30.00,0.00,135.00,4990.00,0.00,45.00
"4620734.07","462","Montréal","0734.07",9098.00,72.10,70.60,66.90,7.60,375.00,1065.00,0.00,2.60,41084.00,35532.00,2485.00,1080.00,540.00,11.30,25.00,920.00,864.00,85.00,274734.00,8.10,7.00,14.40,32.90,20.00,0.00,240.00,8790.00,10.00,60.00
"4620735.01","462","Montréal","0735.01",6642.00,2.60,126.40,69.10,12.90,695.00,570.00,0.00,2.40,35450.00,31424.00,1730.00,1075.00,535.00,12.90,29.00,770.00,803.00,120.00,250733.00,9.90,8.40,16.80,38.70,40.00,25.00,260.00,6315.00,25.00,65.00
"4620735.02","462","Montréal","0735.02",8625.00,18.50,964.70,69.70,10.00,755.00,885.00,0.00,2.50,38193.00,33323.00,2165.00,1270.00,595.00,10.90,28.20,763.00,800.00,135.00,296096.00,8.90,7.30,17.20,36.40,20.00,0.00,235.00,8360.00,20.00,45.00
"4620740.01","462","Montréal","0740.01",1904.00,7.30,20.50,68.70,20.50,5.00,0.00,0.00,2.10,32422.00,28941.00,810.00,95.00,140.00,12.50,36.80,715.00,672.00,100.00,235520.00,15.00,16.30,11.50,47.20,0.00,10.00,95.00,1800.00,0.00,15.00
"4620740.03","462","Montréal","0740.03",7040.00,15.20,156.20,70.30,8.90,205.00,10.00,0.00,2.70,37447.00,32634.00,2370.00,250.00,430.00,14.40,34.00,803.00,805.00,100.00,250695.00,7.60,7.40,13.50,37.10,20.00,30.00,225.00,6725.00,10.00,70.00
"4620740.04","462","Montréal","0740.04",8979.00,28.80,183.90,68.10,7.00,340.00,80.00,0.00,2.70,40365.00,35067.00,2870.00,475.00,560.00,14.10,33.70,761.00,805.00,140.00,265975.00,7.80,7.20,14.50,34.30,40.00,0.00,230.00,8800.00,35.00,85.00
"4620750.01","462","Montréal","0750.01",5152.00,1.10,333.20,67.90,13.10,15.00,30.00,0.00,2.70,44032.00,37691.00,1815.00,90.00,270.00,13.30,38.90,1129.00,1110.00,90.00,348762.00,5.90,5.20,8.80,40.20,55.00,15.00,780.00,4345.00,90.00,115.00
"4620750.02","462","Montréal","0750.02",5502.00,-0.40,431.40,70.30,9.40,30.00,15.00,0.00,3.00,43196.00,37060.00,1760.00,80.00,265.00,13.20,43.80,750.00,1017.00,55.00,341866.00,4.20,4.00,7.80,37.70,30.00,10.00,730.00,4755.00,95.00,165.00
"4620750.04","462","Montréal","0750.04",1986.00,0.80,1865.80,67.80,15.80,55.00,120.00,0.00,2.50,36078.00,31456.00,615.00,195.00,130.00,10.70,33.30,828.00,797.00,75.00,269244.00,7.60,6.30,9.50,41.10,15.00,0.00,325.00,1665.00,55.00,60.00
"4620750.06","462","Montréal","0750.06",5651.00,0.20,1575.50,68.30,15.70,125.00,1225.00,0.00,2.10,33525.00,29803.00,1560.00,1070.00,645.00,19.60,32.20,745.00,779.00,145.00,229279.00,14.10,13.60,18.10,41.20,100.00,15.00,915.00,4585.00,85.00,245.00
"4620750.07","462","Montréal","0750.07",5105.00,5.00,2601.50,68.90,12.60,115.00,420.00,0.00,2.50,37945.00,33126.00,1595.00,465.00,400.00,13.80,39.40,740.00,793.00,100.00,259963.00,8.90,8.00,11.10,39.40,65.00,10.00,795.00,4325.00,80.00,145.00
"4620751.01","462","Montréal","0751.01",6733.00,0.60,1996.30,64.70,16.10,25.00,605.00,0.00,2.50,36793.00,32227.00,2230.00,455.00,450.00,12.80,37.40,768.00,791.00,90.00,250562.00,7.40,6.30,12.90,40.10,85.00,20.00,960.00,5740.00,45.00,235.00
"4620751.02","462","Montréal","0751.02",7825.00,2.80,2094.90,67.40,12.10,20.00,300.00,0.00,2.80,41245.00,35447.00,2585.00,200.00,425.00,13.20,42.50,1058.00,1045.00,140.00,289071.00,5.30,4.90,5.60,38.40,140.00,10.00,1410.00,6350.00,145.00,300.00
"4620755.01","462","Montréal","0755.01",8585.00,8.60,404.70,68.30,13.90,175.00,1155.00,0.00,2.30,37303.00,32646.00,2600.00,1055.00,700.00,14.10,32.50,841.00,858.00,190.00,250290.00,9.50,9.20,10.80,39.50,75.00,15.00,865.00,7575.00,155.00,245.00
"4620755.02","462","Montréal","0755.02",11737.00,40.50,2110.80,64.90,7.10,140.00,810.00,0.00,2.80,42854.00,37046.00,3505.00,660.00,735.00,15.40,29.50,810.00,905.00,100.00,299756.00,5.80,5.20,12.00,32.30,320.00,40.00,2955.00,8725.00,465.00,960.00
"4620756.02","462","Montréal","0756.02",954.00,-3.70,87.80,71.40,12.50,5.00,0.00,0.00,2.50,36512.00,31654.00,335.00,40.00,75.00,17.50,37.50,1001.00,850.00,35.00,300369.00,8.90,8.50,13.00,41.00,25.00,0.00,140.00,815.00,10.00,30.00
"4620756.03","462","Montréal","0756.03",7097.00,1.40,204.20,65.80,13.40,25.00,55.00,0.00,2.90,43537.00,37333.00,2345.00,125.00,340.00,11.90,54.20,931.00,931.00,115.00,359202.00,4.70,4.60,4.20,38.80,135.00,30.00,1280.00,5780.00,180.00,325.00
"4620756.04","462","Montréal","0756.04",6273.00,-2.10,2252.10,63.80,17.80,85.00,440.00,95.00,2.60,39180.00,33978.00,1795.00,435.00,380.00,13.70,31.00,762.00,808.00,130.00,299692.00,7.60,6.50,14.70,41.60,45.00,20.00,910.00,4905.00,80.00,265.00
"4620756.05","462","Montréal","0756.05",6419.00,17.70,2897.80,61.80,23.20,50.00,1445.00,140.00,2.10,37120.00,32346.00,1790.00,955.00,565.00,13.70,33.50,821.00,855.00,105.00,250080.00,9.70,8.60,10.40,44.60,120.00,35.00,825.00,5000.00,65.00,175.00
"4620757.00","462","Montréal","0757.00",5185.00,1.00,237.10,59.70,26.60,25.00,150.00,0.00,2.30,39965.00,34603.00,1930.00,315.00,545.00,19.10,57.10,908.00,1021.00,120.00,424814.00,10.50,10.70,9.70,47.70,40.00,70.00,820.00,4295.00,20.00,70.00
"4620758.03","462","Montréal","0758.03",4250.00,4.00,179.00,67.10,12.90,5.00,0.00,0.00,3.00,43179.00,37317.00,1410.00,40.00,215.00,14.60,0.00,1003.00,1621.00,65.00,410863.00,5.50,5.50,5.50,39.60,30.00,25.00,570.00,3695.00,35.00,80.00
"4620758.04","462","Montréal","0758.04",5639.00,5.70,366.90,67.80,9.20,5.00,0.00,0.00,3.10,46144.00,39228.00,1755.00,50.00,230.00,12.30,0.00,1009.00,893.00,70.00,424198.00,4.80,4.10,5.80,36.90,35.00,0.00,585.00,5055.00,30.00,100.00
"4620758.05","462","Montréal","0758.05",4403.00,1.80,577.20,67.80,10.20,20.00,35.00,0.00,3.00,46535.00,39331.00,1350.00,115.00,200.00,10.40,52.20,918.00,1131.00,35.00,390206.00,4.50,4.00,11.10,37.40,40.00,0.00,410.00,3950.00,25.00,105.00
"4620758.06","462","Montréal","0758.06",5597.00,0.90,279.00,67.00,11.10,30.00,205.00,0.00,2.80,40418.00,34857.00,1725.00,295.00,310.00,11.90,33.30,951.00,981.00,105.00,299824.00,6.80,6.10,8.90,37.70,30.00,10.00,375.00,5215.00,25.00,100.00
"4620760.00","462","Montréal","0760.00",6777.00,11.50,87.20,69.00,11.40,70.00,240.00,0.00,2.60,39436.00,34080.00,2320.00,285.00,310.00,10.60,22.80,828.00,840.00,115.00,250683.00,6.00,5.00,11.30,38.40,20.00,30.00,320.00,6395.00,50.00,90.00
"4620775.00","462","Montréal","0775.00",2318.00,0.50,220.10,65.00,19.90,45.00,30.00,0.00,2.40,37989.00,32917.00,815.00,160.00,150.00,12.30,31.20,767.00,752.00,85.00,300905.00,7.10,7.30,8.70,43.90,20.00,0.00,100.00,2215.00,10.00,20.00
"4620776.00","462","Montréal","0776.00",3389.00,19.00,398.50,63.00,22.30,65.00,325.00,0.00,2.20,34318.00,30912.00,1210.00,335.00,300.00,14.10,38.80,864.00,846.00,65.00,200407.00,9.70,8.30,11.60,44.00,0.00,10.00,75.00,3320.00,20.00,15.00
"4620777.01","462","Montréal","0777.01",4293.00,6.00,141.30,65.10,20.50,160.00,555.00,0.00,2.20,31936.00,28633.00,1235.00,705.00,375.00,13.40,30.00,652.00,670.00,105.00,219332.00,13.90,13.10,12.80,44.00,10.00,0.00,75.00,4150.00,0.00,30.00
"4620777.02","462","Montréal","0777.02",5202.00,1.70,171.00,63.20,21.10,485.00,695.00,0.00,2.20,29574.00,26938.00,1285.00,1035.00,525.00,15.10,31.90,625.00,677.00,190.00,219307.00,17.70,15.50,24.20,43.40,15.00,10.00,75.00,4925.00,0.00,25.00
"4620780.00","462","Montréal","0780.00",3516.00,3.50,2368.80,64.80,21.70,360.00,460.00,95.00,2.10,26418.00,24613.00,845.00,775.00,475.00,17.20,42.90,656.00,686.00,110.00,239719.00,22.80,20.80,24.50,44.30,30.00,0.00,165.00,3325.00,35.00,45.00
"4620781.00","462","Montréal","0781.00",5994.00,11.20,2536.70,51.30,41.00,655.00,1300.00,770.00,1.70,22080.00,21459.00,850.00,2375.00,1505.00,21.90,55.30,763.00,789.00,205.00,199928.00,33.30,34.10,29.50,54.50,65.00,0.00,180.00,5140.00,100.00,25.00
"4620782.00","462","Montréal","0782.00",3221.00,1.30,1304.00,62.90,25.60,250.00,1095.00,10.00,1.80,26066.00,24284.00,615.00,1020.00,490.00,17.10,37.70,723.00,760.00,100.00,184908.00,24.60,23.20,23.90,46.40,30.00,0.00,115.00,2885.00,45.00,35.00
"4620783.00","462","Montréal","0783.00",5626.00,16.60,1128.80,51.90,37.70,280.00,1420.00,125.00,1.90,24576.00,23397.00,870.00,1685.00,975.00,19.50,47.90,725.00,829.00,170.00,210777.00,25.90,24.20,26.00,51.70,30.00,20.00,180.00,4600.00,50.00,35.00
"4620784.00","462","Montréal","0784.00",3978.00,-2.00,3235.70,58.40,31.60,385.00,1105.00,110.00,1.80,20243.00,19669.00,435.00,1455.00,750.00,15.90,46.40,652.00,670.00,175.00,190293.00,39.00,40.00,31.90,49.90,20.00,20.00,135.00,3315.00,105.00,15.00
"4620785.00","462","Montréal","0785.00",4484.00,2.70,1269.10,64.90,21.90,105.00,1590.00,5.00,1.90,25593.00,24146.00,900.00,1395.00,790.00,17.90,45.30,709.00,737.00,125.00,184751.00,28.20,27.10,23.20,44.10,60.00,10.00,340.00,3955.00,160.00,50.00
"4620786.00","462","Montréal","0786.00",4476.00,-4.50,1333.00,64.90,22.30,330.00,565.00,45.00,2.10,28544.00,25998.00,1225.00,855.00,450.00,13.10,33.30,653.00,707.00,115.00,200364.00,16.50,12.90,27.10,45.50,0.00,0.00,110.00,4215.00,10.00,50.00
"4620787.00","462","Montréal","0787.00",8167.00,15.30,1262.00,67.20,14.50,235.00,1105.00,0.00,2.30,34501.00,30578.00,2350.00,1135.00,720.00,15.10,32.60,714.00,769.00,145.00,210895.00,10.70,9.10,14.40,39.30,60.00,20.00,375.00,7700.00,115.00,90.00
"4620788.00","462","Montréal","0788.00",5853.00,4.00,2751.60,60.60,26.20,255.00,1750.00,5.00,2.00,27333.00,25184.00,1255.00,1585.00,950.00,20.30,44.20,698.00,741.00,90.00,200094.00,21.30,18.00,25.90,46.10,50.00,10.00,250.00,5260.00,35.00,75.00
"4620789.00","462","Montréal","0789.00",7843.00,14.60,647.50,69.50,12.60,405.00,1055.00,0.00,2.40,34972.00,30944.00,2205.00,1065.00,670.00,14.80,32.10,806.00,811.00,55.00,224671.00,10.40,9.60,13.30,38.20,85.00,20.00,380.00,7320.00,85.00,65.00
"4620790.00","462","Montréal","0790.00",7883.00,13.00,537.60,69.20,13.10,250.00,1155.00,0.00,2.30,36997.00,32470.00,2460.00,955.00,705.00,15.10,35.10,770.00,803.00,100.00,240388.00,10.50,9.80,15.00,39.60,80.00,15.00,295.00,7625.00,85.00,75.00
"4620791.00","462","Montréal","0791.00",9032.00,16.70,2023.70,67.10,12.10,280.00,745.00,0.00,2.50,40216.00,34699.00,2855.00,740.00,570.00,12.40,29.50,863.00,910.00,95.00,250081.00,7.20,6.40,7.80,37.30,35.00,10.00,325.00,8665.00,60.00,100.00
"4620792.00","462","Montréal","0792.00",4273.00,-0.20,137.10,71.30,12.70,125.00,15.00,0.00,2.50,35136.00,31083.00,1505.00,225.00,310.00,15.70,33.30,811.00,807.00,125.00,229456.00,8.50,7.60,13.80,40.80,0.00,10.00,110.00,4105.00,0.00,15.00
"4620800.01","462","Montréal","0800.01",4750.00,4.40,1311.50,65.90,13.60,70.00,220.00,5.00,2.70,35392.00,31302.00,1540.00,230.00,375.00,18.60,39.10,733.00,734.00,90.00,250619.00,11.40,11.00,12.50,38.80,40.00,25.00,740.00,3975.00,75.00,140.00
"4620800.02","462","Montréal","0800.02",5300.00,-0.80,3207.30,62.30,21.20,45.00,810.00,0.00,2.30,30535.00,27904.00,1395.00,865.00,635.00,13.30,52.30,760.00,861.00,100.00,240333.00,15.00,14.70,14.80,42.60,140.00,65.00,950.00,4260.00,180.00,225.00
"4620801.00","462","Montréal","0801.00",7263.00,-1.20,2774.90,64.80,18.60,135.00,690.00,0.00,2.50,31710.00,28571.00,2045.00,830.00,655.00,15.60,40.40,743.00,778.00,215.00,240354.00,12.90,12.30,11.20,41.80,125.00,45.00,1050.00,6055.00,130.00,270.00
"4620802.00","462","Montréal","0802.00",3211.00,-6.40,558.80,70.50,14.50,145.00,125.00,0.00,2.40,31846.00,28800.00,1040.00,280.00,290.00,17.30,40.00,793.00,786.00,95.00,229875.00,11.50,10.80,10.90,41.70,30.00,0.00,195.00,2985.00,15.00,35.00
"4620804.01","462","Montréal","0804.01",7239.00,7.40,2932.80,65.10,18.00,95.00,825.00,0.00,2.40,35016.00,31182.00,2045.00,860.00,615.00,14.90,35.50,757.00,774.00,150.00,239671.00,10.90,9.60,15.00,41.40,165.00,20.00,930.00,6105.00,100.00,200.00
"4620804.02","462","Montréal","0804.02",2175.00,13.00,211.10,65.30,11.30,20.00,95.00,0.00,2.80,38528.00,33760.00,655.00,120.00,145.00,13.80,45.80,613.00,695.00,35.00,270039.00,9.20,6.80,16.70,36.50,40.00,0.00,380.00,1785.00,65.00,65.00
"4620805.00","462","Montréal","0805.00",9359.00,10.70,2917.90,60.50,22.30,70.00,945.00,75.00,2.50,32154.00,28890.00,2860.00,770.00,825.00,17.50,42.20,759.00,842.00,190.00,225043.00,11.60,10.20,15.20,43.60,220.00,20.00,1940.00,7075.00,330.00,400.00
"4620806.01","462","Montréal","0806.01",3286.00,1.10,1990.90,66.20,17.00,60.00,440.00,0.00,2.40,29856.00,27288.00,860.00,495.00,325.00,19.80,32.30,659.00,659.00,95.00,229790.00,17.60,16.30,11.50,41.30,30.00,20.00,515.00,2605.00,65.00,85.00
"4620806.02","462","Montréal","0806.02",5323.00,9.30,1137.80,66.10,14.50,35.00,125.00,0.00,2.80,34886.00,31150.00,1710.00,215.00,320.00,13.20,42.90,854.00,893.00,125.00,235021.00,7.80,6.70,7.10,39.50,65.00,35.00,880.00,4545.00,160.00,155.00
"4620807.01","462","Montréal","0807.01",8337.00,6.40,432.60,66.50,12.50,85.00,185.00,0.00,2.80,40181.00,34823.00,2670.00,275.00,270.00,7.90,22.20,771.00,868.00,105.00,268727.00,5.20,4.10,9.10,37.90,75.00,0.00,630.00,7635.00,80.00,160.00
"4620807.02","462","Montréal","0807.02",4778.00,27.30,178.20,65.80,14.40,70.00,375.00,0.00,2.50,38362.00,33631.00,1465.00,435.00,340.00,14.50,29.90,723.00,745.00,80.00,250430.00,7.30,6.60,10.80,38.40,45.00,10.00,370.00,4410.00,20.00,55.00
"4620825.02","462","Montréal","0825.02",3853.00,-0.80,4143.00,63.40,21.40,5.00,490.00,0.00,2.50,30446.00,28000.00,1175.00,410.00,305.00,12.80,39.00,692.00,786.00,115.00,255625.00,12.20,12.10,13.30,42.80,145.00,40.00,1280.00,2530.00,185.00,235.00
"4620825.03","462","Montréal","0825.03",5810.00,1.00,4418.90,64.40,16.50,60.00,1560.00,135.00,2.40,26489.00,24765.00,900.00,1550.00,620.00,16.20,31.00,777.00,807.00,230.00,250568.00,21.70,19.20,20.30,38.90,525.00,80.00,2070.00,3750.00,620.00,445.00
"4620825.04","462","Montréal","0825.04",5474.00,1.80,3126.60,64.40,21.10,0.00,410.00,365.00,2.50,26859.00,25187.00,1610.00,605.00,490.00,15.80,38.00,874.00,943.00,165.00,250328.00,15.40,14.60,16.50,43.30,225.00,80.00,2400.00,2990.00,345.00,505.00
"4620825.05","462","Montréal","0825.05",5008.00,0.10,2931.20,63.50,20.40,25.00,940.00,45.00,2.40,28059.00,26203.00,1185.00,865.00,445.00,11.00,36.40,819.00,860.00,140.00,290148.00,16.10,15.80,13.20,42.30,295.00,15.00,1860.00,3035.00,220.00,405.00
"4620825.06","462","Montréal","0825.06",5139.00,2.60,3744.00,61.40,21.80,25.00,345.00,120.00,2.60,32043.00,28968.00,1520.00,445.00,310.00,13.80,22.20,883.00,842.00,150.00,299521.00,11.70,10.80,14.20,43.00,285.00,25.00,1840.00,3385.00,130.00,345.00
"4620825.07","462","Montréal","0825.07",6873.00,33.40,4259.20,70.50,8.90,75.00,1460.00,170.00,2.40,42984.00,37130.00,2350.00,560.00,575.00,16.60,32.70,1088.00,1064.00,75.00,250360.00,8.30,7.70,10.60,35.20,500.00,80.00,2635.00,4140.00,330.00,590.00
"4620825.08","462","Montréal","0825.08",1996.00,-0.40,208.10,71.40,7.50,0.00,615.00,0.00,2.40,43552.00,37106.00,665.00,150.00,180.00,18.80,36.70,1000.00,1091.00,20.00,250172.00,8.30,7.30,10.00,34.40,155.00,0.00,865.00,1140.00,120.00,155.00
"4620826.02","462","Montréal","0826.02",4681.00,-1.30,2814.30,60.90,23.80,5.00,210.00,0.00,2.70,35232.00,31130.00,1555.00,165.00,215.00,11.50,24.20,932.00,880.00,175.00,323623.00,7.70,7.10,8.10,44.30,125.00,60.00,1585.00,3015.00,230.00,265.00
"4620826.05","462","Montréal","0826.05",4043.00,1.00,2598.50,65.00,22.60,5.00,190.00,190.00,2.50,33783.00,30227.00,1320.00,270.00,290.00,14.00,38.90,1179.00,1236.00,75.00,320700.00,10.30,10.00,8.20,45.20,100.00,45.00,1635.00,2260.00,170.00,305.00
"4620826.06","462","Montréal","0826.06",4021.00,-0.90,3611.80,62.60,18.40,0.00,600.00,0.00,2.70,27925.00,25728.00,910.00,600.00,380.00,12.20,45.00,798.00,865.00,145.00,340506.00,19.90,18.60,12.20,40.10,595.00,145.00,1750.00,2215.00,240.00,380.00
"4620826.07","462","Montréal","0826.07",4568.00,14.00,5513.60,43.70,48.10,5.00,15.00,1185.00,2.10,36565.00,31762.00,1395.00,525.00,635.00,16.80,76.90,1748.00,1800.00,120.00,378906.00,10.10,9.20,10.30,57.40,110.00,20.00,1375.00,2710.00,155.00,220.00
"4620826.08","462","Montréal","0826.08",3349.00,-1.80,2686.70,59.10,25.10,5.00,200.00,0.00,2.70,41728.00,35767.00,1175.00,60.00,160.00,12.00,30.80,1178.00,1077.00,75.00,399545.00,6.60,6.90,6.00,45.00,120.00,10.00,1025.00,2245.00,60.00,160.00
"4620826.09","462","Montréal","0826.09",3387.00,-4.50,2550.60,60.30,26.70,0.00,155.00,0.00,2.90,32128.00,28384.00,1005.00,75.00,195.00,16.80,33.30,1053.00,1086.00,70.00,500999.00,9.40,9.40,9.60,47.00,155.00,25.00,1495.00,1605.00,120.00,270.00
"4620826.1","462","Montréal","0826.1",6092.00,-0.60,3036.70,68.30,16.70,25.00,830.00,0.00,2.70,32288.00,29073.00,1910.00,345.00,500.00,19.90,33.80,1064.00,982.00,135.00,350046.00,11.30,10.00,14.90,41.90,255.00,60.00,2610.00,3405.00,205.00,510.00
"4620826.11","462","Montréal","0826.11",4438.00,7.20,4190.00,57.20,28.20,5.00,810.00,120.00,2.40,31317.00,28581.00,940.00,815.00,450.00,14.40,38.90,819.00,1087.00,95.00,325285.00,16.20,15.30,14.50,46.10,405.00,10.00,1650.00,2415.00,150.00,260.00
"4620826.13","462","Montréal","0826.13",4070.00,-0.80,3997.30,69.90,13.10,0.00,100.00,0.00,3.00,37296.00,32697.00,1260.00,75.00,180.00,12.70,26.70,902.00,889.00,25.00,448989.00,7.00,6.30,9.30,40.40,150.00,50.00,1625.00,2405.00,65.00,370.00
"4620826.14","462","Montréal","0826.14",10063.00,60.30,700.00,68.50,13.20,230.00,1695.00,175.00,2.50,42361.00,36705.00,3220.00,595.00,815.00,19.70,32.20,1265.00,1213.00,45.00,300448.00,9.60,9.20,9.40,38.30,705.00,135.00,3750.00,5740.00,335.00,805.00
"4620827.02","462","Montréal","0827.02",7141.00,-2.30,2123.70,62.90,24.10,155.00,2205.00,115.00,1.90,32809.00,29371.00,1685.00,1895.00,805.00,16.70,27.70,781.00,782.00,245.00,243127.00,16.00,13.50,21.90,45.30,65.00,25.00,660.00,6215.00,25.00,155.00
"4620827.03","462","Montréal","0827.03",7430.00,4.60,1697.70,69.60,13.10,5.00,410.00,130.00,2.60,44369.00,37984.00,2560.00,250.00,340.00,9.80,36.70,922.00,977.00,140.00,323700.00,4.60,3.90,8.20,40.30,80.00,35.00,1005.00,6390.00,105.00,195.00
"4620827.04","462","Montréal","0827.04",9539.00,6.60,265.40,66.40,8.40,135.00,430.00,0.00,2.90,52236.00,43208.00,2775.00,540.00,470.00,10.50,33.30,820.00,846.00,110.00,384045.00,4.90,4.90,9.70,35.20,145.00,25.00,1165.00,8260.00,95.00,205.00
"4620828.03","462","Montréal","0828.03",5302.00,1.40,1796.70,65.20,13.00,0.00,380.00,45.00,2.60,45653.00,38901.00,1705.00,400.00,285.00,9.10,32.90,748.00,799.00,85.00,300228.00,4.60,4.30,7.20,38.00,95.00,10.00,565.00,4720.00,55.00,95.00
"4620828.04","462","Montréal","0828.04",3753.00,2.90,1269.10,68.60,14.20,5.00,760.00,0.00,2.20,41190.00,35273.00,1170.00,465.00,180.00,7.20,21.30,849.00,849.00,115.00,250830.00,6.90,5.90,10.30,39.80,65.00,15.00,375.00,3370.00,60.00,75.00
"4620828.05","462","Montréal","0828.05",5961.00,10.90,2031.80,67.40,9.60,0.00,340.00,55.00,3.00,57618.00,46831.00,1845.00,170.00,245.00,10.60,26.50,1046.00,1026.00,55.00,549977.00,3.70,3.40,5.30,36.50,70.00,10.00,680.00,5280.00,70.00,165.00
"4620828.06","462","Montréal","0828.06",6031.00,7.30,712.20,65.10,10.70,0.00,225.00,0.00,2.90,55253.00,45760.00,1990.00,80.00,205.00,9.30,23.50,1153.00,1273.00,45.00,401407.00,3.60,3.40,5.40,36.10,100.00,15.00,895.00,5120.00,90.00,140.00
"4620829.00","462","Montréal","0829.00",7457.00,-0.10,977.70,67.10,13.70,70.00,460.00,0.00,2.60,38896.00,33993.00,2325.00,560.00,405.00,9.90,31.00,728.00,791.00,105.00,259285.00,6.20,5.20,11.30,38.90,95.00,0.00,580.00,6870.00,50.00,100.00
"4620830.01","462","Montréal","0830.01",7105.00,2.40,1075.20,68.90,14.10,190.00,800.00,0.00,2.40,36250.00,31803.00,1960.00,900.00,495.00,8.90,35.60,764.00,789.00,145.00,250709.00,8.90,8.10,14.40,40.20,15.00,10.00,455.00,6540.00,75.00,75.00
"4620830.03","462","Montréal","0830.03",5705.00,-0.80,3797.30,67.80,16.30,50.00,660.00,30.00,2.50,39040.00,33933.00,1820.00,395.00,315.00,11.50,25.30,807.00,863.00,100.00,250571.00,6.10,4.90,10.60,41.60,55.00,0.00,470.00,4965.00,65.00,85.00
"4620830.04","462","Montréal","0830.04",4237.00,4.10,3233.40,69.90,12.90,30.00,385.00,115.00,2.50,40597.00,34903.00,1355.00,320.00,325.00,9.20,62.50,1193.00,1246.00,30.00,250454.00,5.20,3.40,14.70,39.30,35.00,30.00,335.00,3875.00,50.00,60.00
"4620831.03","462","Montréal","0831.03",4958.00,11.40,2381.70,64.70,19.40,75.00,685.00,0.00,2.40,34197.00,30435.00,1315.00,720.00,405.00,13.30,31.50,848.00,845.00,105.00,250006.00,9.20,7.80,11.20,42.10,35.00,15.00,275.00,4465.00,10.00,55.00
"4620831.04","462","Montréal","0831.04",4741.00,-3.60,2740.60,73.20,9.60,15.00,555.00,0.00,2.60,38848.00,33709.00,1320.00,515.00,220.00,8.00,21.40,794.00,809.00,75.00,279066.00,6.90,5.60,11.00,38.30,55.00,10.00,395.00,4500.00,45.00,65.00
"4620831.05","462","Montréal","0831.05",4589.00,3.00,2377.60,74.60,9.50,15.00,205.00,0.00,2.80,41137.00,35692.00,1530.00,135.00,160.00,7.80,25.90,858.00,826.00,45.00,279607.00,3.70,3.40,5.80,39.50,70.00,20.00,440.00,4070.00,75.00,110.00
"4620831.07","462","Montréal","0831.07",2970.00,6.80,38.80,67.50,15.30,35.00,20.00,0.00,2.50,34481.00,30409.00,1010.00,165.00,200.00,14.20,36.40,833.00,784.00,105.00,250557.00,9.00,7.10,13.30,40.90,0.00,0.00,60.00,2900.00,10.00,15.00
"4620831.08","462","Montréal","0831.08",8030.00,29.00,1781.20,66.90,9.30,65.00,455.00,0.00,2.80,46558.00,39406.00,2540.00,280.00,335.00,10.50,25.50,852.00,794.00,105.00,299736.00,3.90,3.00,10.20,35.50,155.00,10.00,975.00,6965.00,120.00,215.00
"4620831.09","462","Montréal","0831.09",4227.00,4.90,2512.60,68.60,6.90,45.00,150.00,0.00,2.90,43151.00,36872.00,1295.00,150.00,150.00,9.20,16.70,990.00,934.00,30.00,259607.00,3.70,3.10,7.00,34.40,30.00,35.00,320.00,3870.00,15.00,25.00
"4620832.00","462","Montréal","0832.00",,,,,,,,,,,,,,,,,,,,,,,,,,,,,,
"4620833.00","462","Montréal","0833.00",6320.00,15.00,102.00,67.60,12.00,55.00,250.00,0.00,2.50,40329.00,34807.00,2140.00,350.00,375.00,13.10,27.50,869.00,837.00,105.00,279221.00,6.30,5.10,14.60,38.00,40.00,20.00,230.00,6050.00,25.00,75.00
"4620834.00","462","Montréal","0834.00",2608.00,1.00,49.80,67.60,16.10,45.00,90.00,0.00,2.50,35072.00,31027.00,825.00,205.00,135.00,9.40,30.00,695.00,768.00,45.00,250664.00,7.50,6.30,11.40,41.10,0.00,10.00,120.00,2460.00,20.00,15.00
"4620850.01","462","Montréal","0850.01",10324.00,20.10,2500.00,65.80,9.50,15.00,865.00,0.00,2.80,47915.00,40535.00,3255.00,475.00,485.00,10.30,31.60,970.00,971.00,85.00,299305.00,3.90,3.20,6.60,35.00,70.00,15.00,565.00,9700.00,75.00,140.00
"4620850.03","462","Montréal","0850.03",5029.00,4.70,3359.20,66.10,15.00,25.00,965.00,0.00,2.30,38861.00,33873.00,1160.00,890.00,330.00,8.20,26.60,749.00,782.00,105.00,299787.00,10.30,8.90,17.80,39.20,60.00,10.00,240.00,4575.00,45.00,60.00
"4620850.04","462","Montréal","0850.04",4867.00,25.20,578.00,68.90,6.30,10.00,165.00,0.00,2.90,51968.00,43533.00,1565.00,90.00,130.00,7.00,21.10,1003.00,947.00,30.00,299842.00,2.80,2.40,6.70,33.70,45.00,10.00,320.00,4620.00,85.00,80.00
"4620850.05","462","Montréal","0850.05",3639.00,3.10,471.20,69.10,6.70,5.00,385.00,0.00,2.70,42065.00,36423.00,1055.00,280.00,190.00,11.40,25.00,816.00,834.00,65.00,259716.00,5.80,4.70,12.20,33.70,30.00,10.00,170.00,3380.00,25.00,40.00
"4620851.00","462","Montréal","0851.00",5261.00,10.60,1565.30,63.20,23.40,210.00,1170.00,0.00,2.10,35968.00,31433.00,1550.00,910.00,525.00,13.90,33.30,727.00,788.00,140.00,299012.00,12.10,10.80,14.90,45.30,45.00,10.00,255.00,4765.00,0.00,55.00
"4620852.01","462","Montréal","0852.01",8617.00,19.60,158.10,68.60,10.50,135.00,180.00,0.00,2.80,44638.00,38183.00,2850.00,205.00,380.00,12.00,22.00,835.00,876.00,120.00,379122.00,3.70,3.50,6.10,37.30,50.00,10.00,600.00,7995.00,50.00,90.00
"4620852.02","462","Montréal","0852.02",845.00,11.30,109.00,67.50,16.60,20.00,20.00,0.00,2.40,36864.00,32256.00,295.00,65.00,35.00,10.30,0.00,747.00,771.00,20.00,300742.00,5.30,4.50,13.80,42.20,0.00,0.00,50.00,795.00,0.00,10.00
"4620853.02","462","Montréal","0853.02",5692.00,1.40,281.60,65.50,13.20,30.00,280.00,0.00,2.60,44235.00,37805.00,1880.00,270.00,235.00,8.80,24.10,776.00,741.00,100.00,274942.00,5.50,4.30,14.80,38.60,45.00,0.00,280.00,5300.00,10.00,55.00
"4620853.03","462","Montréal","0853.03",5683.00,5.20,1846.60,67.60,12.30,45.00,860.00,5.00,2.40,45659.00,38558.00,1865.00,415.00,295.00,10.50,25.30,915.00,937.00,70.00,275610.00,5.60,4.70,8.10,38.30,75.00,10.00,360.00,5220.00,20.00,65.00
"4620853.04","462","Montréal","0853.04",5684.00,-0.60,451.00,67.20,9.90,60.00,15.00,0.00,2.90,47189.00,39800.00,1855.00,100.00,225.00,11.00,19.00,1046.00,1113.00,95.00,300662.00,2.70,3.10,2.70,36.70,30.00,20.00,275.00,5385.00,30.00,70.00
"4620854.01","462","Montréal","0854.01",5619.00,-3.50,1990.60,58.90,25.20,20.00,135.00,0.00,2.70,51648.00,42982.00,1850.00,160.00,155.00,6.20,28.10,813.00,946.00,145.00,428824.00,2.90,2.60,3.90,45.00,50.00,15.00,600.00,4755.00,20.00,75.00
"4620854.02","462","Montréal","0854.02",5931.00,-1.40,294.40,64.00,19.90,25.00,100.00,80.00,2.60,49186.00,41052.00,2135.00,115.00,210.00,8.00,34.80,742.00,880.00,140.00,356172.00,3.30,3.10,4.70,43.40,15.00,25.00,365.00,5535.00,15.00,75.00
"4620855.01","462","Montréal","0855.01",5124.00,2.10,648.30,63.50,18.60,0.00,155.00,0.00,2.60,44498.00,37779.00,1890.00,105.00,215.00,10.30,23.80,870.00,992.00,165.00,300623.00,3.80,3.40,5.20,41.90,55.00,30.00,520.00,4575.00,0.00,80.00
"4620855.03","462","Montréal","0855.03",6354.00,0.20,1609.30,57.80,27.30,30.00,1430.00,60.00,2.10,40626.00,35285.00,1980.00,945.00,485.00,10.10,30.70,840.00,856.00,195.00,300566.00,8.30,6.60,12.10,46.40,60.00,0.00,395.00,5810.00,10.00,85.00
"4620855.04","462","Montréal","0855.04",3366.00,15.70,404.80,65.40,8.50,10.00,80.00,0.00,3.10,64205.00,52198.00,1035.00,30.00,105.00,9.70,0.00,0.00,1701.00,20.00,525293.00,2.40,2.40,5.30,34.80,70.00,30.00,340.00,2990.00,15.00,80.00
"4620856.00","462","Montréal","0856.00",2468.00,36.10,159.30,71.10,10.10,35.00,480.00,0.00,2.20,40128.00,34727.00,605.00,520.00,165.00,11.70,18.40,949.00,934.00,60.00,224968.00,8.70,8.20,16.00,36.00,20.00,30.00,255.00,2155.00,25.00,60.00
"4620857.01","462","Montréal","0857.01",4774.00,-3.10,3206.40,66.10,19.00,65.00,435.00,0.00,2.50,33760.00,30327.00,1470.00,490.00,295.00,11.20,25.50,681.00,660.00,90.00,269362.00,10.50,9.50,11.60,42.70,70.00,10.00,840.00,4010.00,150.00,235.00
"4620857.02","462","Montréal","0857.02",4276.00,1.70,3618.50,65.70,17.00,50.00,375.00,10.00,2.60,32992.00,29472.00,1175.00,470.00,270.00,13.60,24.20,792.00,807.00,95.00,250854.00,10.10,9.50,8.50,40.70,120.00,10.00,795.00,3435.00,105.00,175.00
"4620857.06","462","Montréal","0857.06",5621.00,-3.50,3939.30,67.90,15.00,75.00,585.00,0.00,2.50,37275.00,32540.00,1725.00,500.00,330.00,11.30,27.70,744.00,733.00,105.00,275058.00,9.70,7.60,16.90,40.60,185.00,85.00,925.00,4565.00,185.00,175.00
"4620857.07","462","Montréal","0857.07",7275.00,1.70,722.40,72.90,8.40,60.00,535.00,0.00,2.80,41566.00,35529.00,2145.00,435.00,315.00,7.70,34.50,777.00,781.00,95.00,299938.00,5.30,4.80,7.80,37.70,120.00,25.00,1070.00,6150.00,115.00,205.00
"4620857.08","462","Montréal","0857.08",5733.00,13.10,1484.90,62.50,25.00,120.00,2220.00,5.00,1.90,34493.00,30639.00,1910.00,1025.00,665.00,14.50,37.70,850.00,974.00,85.00,200478.00,12.70,9.80,18.30,46.00,105.00,15.00,805.00,4860.00,140.00,155.00
"4620857.09","462","Montréal","0857.09",5208.00,6.20,2187.00,72.70,12.20,55.00,820.00,0.00,2.50,44395.00,37877.00,1885.00,175.00,295.00,11.70,42.90,1041.00,1034.00,65.00,299047.00,4.10,3.60,6.30,40.30,95.00,20.00,790.00,4205.00,100.00,145.00
"4620857.1","462","Montréal","0857.1",5716.00,25.50,866.40,72.00,8.90,175.00,255.00,0.00,2.70,42870.00,36706.00,1835.00,260.00,265.00,10.60,26.90,751.00,846.00,95.00,308069.00,4.70,4.10,10.80,37.10,95.00,15.00,655.00,4955.00,65.00,135.00
"4620857.11","462","Montréal","0857.11",3749.00,17.50,1727.60,70.90,13.10,20.00,330.00,0.00,2.40,38605.00,33293.00,1410.00,95.00,185.00,12.10,15.00,1012.00,801.00,90.00,240046.00,6.60,5.70,11.60,40.10,35.00,10.00,540.00,3165.00,75.00,90.00
"4620857.12","462","Montréal","0857.12",3771.00,0.30,3452.30,65.90,17.40,50.00,135.00,0.00,2.60,35220.00,31189.00,1205.00,205.00,180.00,9.50,30.00,744.00,795.00,75.00,250601.00,6.50,5.70,8.40,41.30,85.00,10.00,475.00,3210.00,50.00,100.00
"4620858.01","462","Montréal","0858.01",4729.00,2.80,3130.10,64.90,18.00,85.00,130.00,0.00,2.60,34609.00,30627.00,1620.00,175.00,210.00,10.20,25.00,863.00,779.00,125.00,250438.00,7.00,5.50,9.40,41.40,60.00,0.00,715.00,3895.00,100.00,120.00
"4620858.02","462","Montréal","0858.02",3879.00,-1.80,3232.80,66.40,18.00,75.00,130.00,190.00,2.50,29965.00,27496.00,1115.00,440.00,345.00,14.80,42.00,756.00,797.00,150.00,250385.00,12.80,11.60,11.40,41.90,170.00,30.00,940.00,2985.00,130.00,205.00
"4620858.04","462","Montréal","0858.04",5524.00,11.20,1976.00,65.70,14.80,75.00,115.00,0.00,2.80,37530.00,32800.00,1810.00,170.00,210.00,10.20,14.70,1057.00,917.00,105.00,275546.00,4.90,4.30,7.90,39.50,160.00,30.00,1375.00,4180.00,190.00,215.00
"4620858.05","462","Montréal","0858.05",3011.00,-0.10,297.70,71.60,10.00,50.00,120.00,0.00,2.80,38933.00,33721.00,995.00,125.00,175.00,14.60,20.00,742.00,767.00,50.00,299800.00,5.00,4.20,10.00,38.00,25.00,0.00,580.00,2545.00,115.00,150.00
"4620859.00","462","Montréal","0859.00",2856.00,6.60,3809.00,68.20,15.90,160.00,240.00,5.00,2.60,26709.00,24806.00,690.00,360.00,240.00,18.10,31.50,798.00,814.00,65.00,276059.00,15.00,13.70,17.60,41.00,110.00,35.00,875.00,1750.00,145.00,200.00
"4620860.01","462","Montréal","0860.01",6335.00,-1.60,3813.70,63.60,18.80,10.00,350.00,0.00,2.60,33627.00,29947.00,1975.00,445.00,385.00,12.40,30.00,674.00,746.00,160.00,255785.00,9.30,8.00,10.50,41.40,160.00,15.00,1575.00,4745.00,125.00,300.00
"4620860.02","462","Montréal","0860.02",3826.00,-4.60,3171.90,63.90,17.60,45.00,605.00,0.00,2.40,31072.00,28181.00,835.00,700.00,325.00,12.60,31.40,858.00,875.00,160.00,300832.00,16.90,15.50,13.60,40.80,260.00,20.00,1020.00,2630.00,265.00,155.00
"4620861.00","462","Montréal","0861.00",6572.00,0.80,3444.30,66.10,18.80,120.00,1605.00,195.00,2.10,29690.00,27004.00,1650.00,1570.00,810.00,12.80,37.90,711.00,736.00,320.00,295101.00,20.60,18.50,30.50,42.70,385.00,105.00,1450.00,5070.00,190.00,285.00
"4620862.00","462","Montréal","0862.00",6859.00,-0.50,3025.70,51.00,34.90,0.00,1405.00,665.00,2.00,45960.00,38428.00,2270.00,935.00,620.00,11.40,38.00,848.00,867.00,245.00,325016.00,11.00,11.60,8.70,50.20,385.00,50.00,1415.00,4955.00,150.00,175.00
"4620863.01","462","Montréal","0863.01",3438.00,3.90,2447.00,57.80,26.00,15.00,450.00,60.00,2.30,46549.00,39392.00,975.00,535.00,335.00,11.80,40.60,900.00,900.00,160.00,500606.00,7.40,6.70,11.40,45.70,80.00,50.00,550.00,2770.00,30.00,90.00
"4620863.02","462","Montréal","0863.02",6280.00,5.40,3286.60,55.40,32.40,60.00,1000.00,1180.00,1.90,45156.00,38261.00,1515.00,1475.00,720.00,13.90,34.60,884.00,941.00,165.00,400601.00,12.20,10.00,19.20,50.00,60.00,50.00,695.00,4920.00,40.00,145.00
"4620864.00","462","Montréal","0864.00",5284.00,-2.10,2633.70,64.40,15.60,105.00,630.00,5.00,2.50,54733.00,44948.00,1555.00,550.00,330.00,11.60,28.20,901.00,967.00,205.00,551865.00,5.50,5.80,6.10,40.70,30.00,30.00,505.00,4750.00,50.00,95.00
"4620865.00","462","Montréal","0865.00",1778.00,-5.00,3406.80,71.90,15.40,160.00,625.00,45.00,1.80,26660.00,25016.00,345.00,660.00,350.00,33.30,36.90,637.00,671.00,130.00,222670.00,26.30,24.80,27.30,41.50,20.00,10.00,160.00,1550.00,25.00,45.00
"4620866.00","462","Montréal","0866.00",2965.00,0.80,6037.50,70.50,16.90,345.00,1115.00,5.00,1.80,25792.00,24235.00,395.00,1205.00,520.00,21.80,35.80,697.00,722.00,200.00,250123.00,27.40,26.40,31.30,42.00,45.00,10.00,280.00,2575.00,55.00,95.00
"4620867.00","462","Montréal","0867.00",6401.00,2.00,4187.80,67.40,17.30,370.00,2055.00,0.00,2.00,29573.00,26924.00,1165.00,1950.00,825.00,17.90,31.90,716.00,743.00,220.00,214114.00,20.70,18.60,27.70,41.40,265.00,35.00,875.00,5250.00,105.00,265.00
"4620868.01","462","Montréal","0868.01",5596.00,-1.60,3504.30,66.20,18.00,175.00,585.00,0.00,2.50,31205.00,27904.00,1510.00,730.00,420.00,13.50,30.10,722.00,766.00,170.00,259519.00,11.70,9.90,16.70,42.10,120.00,0.00,980.00,4590.00,115.00,240.00
"4620868.02","462","Montréal","0868.02",5856.00,5.70,4846.10,68.20,14.90,365.00,1365.00,5.00,2.30,27527.00,25455.00,980.00,1590.00,695.00,18.40,32.50,749.00,781.00,270.00,250061.00,19.40,18.10,21.30,39.40,335.00,30.00,1025.00,4835.00,185.00,245.00
"4620869.00","462","Montréal","0869.00",3109.00,-4.30,2901.00,57.70,28.10,5.00,65.00,65.00,2.60,34944.00,30958.00,860.00,225.00,120.00,9.90,15.60,605.00,678.00,90.00,250854.00,7.20,5.40,9.50,46.80,0.00,0.00,405.00,2330.00,20.00,80.00
"4620870.01","462","Montréal","0870.01",3552.00,-1.90,3528.70,66.20,14.50,10.00,1205.00,0.00,2.30,30400.00,27922.00,485.00,1045.00,335.00,17.50,23.40,770.00,770.00,135.00,240409.00,19.00,16.70,14.90,38.70,95.00,40.00,515.00,3035.00,55.00,120.00
"4620870.02","462","Montréal","0870.02",2268.00,0.00,3821.40,64.30,20.30,15.00,560.00,0.00,2.30,28416.00,26176.00,455.00,565.00,260.00,12.10,37.20,741.00,803.00,90.00,259524.00,17.00,18.00,12.10,42.30,105.00,15.00,470.00,1890.00,40.00,140.00
"4620871.01","462","Montréal","0871.01",3741.00,1.00,5061.60,64.40,21.10,50.00,1040.00,100.00,2.10,26901.00,24896.00,620.00,1125.00,475.00,21.00,30.50,744.00,758.00,115.00,259866.00,22.30,19.30,30.00,43.60,215.00,40.00,785.00,2755.00,60.00,175.00
"4620871.02","462","Montréal","0871.02",2006.00,-1.90,4106.40,63.40,20.90,0.00,380.00,0.00,2.40,32704.00,29080.00,540.00,295.00,125.00,11.10,22.00,759.00,778.00,70.00,275406.00,9.20,9.50,7.10,42.80,25.00,0.00,405.00,1595.00,30.00,110.00
"4620872.00","462","Montréal","0872.00",6296.00,3.90,3659.80,68.10,13.60,245.00,2025.00,5.00,2.10,27251.00,25193.00,1025.00,1860.00,765.00,19.10,30.60,733.00,738.00,295.00,239885.00,22.60,21.00,22.90,38.70,310.00,25.00,1150.00,5010.00,165.00,385.00
"4620873.01","462","Montréal","0873.01",4356.00,3.60,10334.50,69.10,11.60,40.00,1725.00,0.00,2.20,23053.00,22040.00,345.00,1625.00,600.00,21.70,32.30,753.00,765.00,150.00,239827.00,30.20,28.40,30.00,36.30,395.00,60.00,930.00,3365.00,135.00,175.00
"4620873.02","462","Montréal","0873.02",4220.00,1.80,6443.70,69.70,13.60,70.00,1865.00,10.00,2.00,26695.00,25003.00,365.00,1785.00,680.00,16.40,35.00,735.00,730.00,155.00,229969.00,25.90,22.40,34.80,39.20,290.00,30.00,715.00,3460.00,95.00,145.00
"4620874.00","462","Montréal","0874.00",4948.00,2.40,5744.10,69.90,13.90,205.00,1490.00,0.00,2.20,26258.00,24597.00,760.00,1480.00,620.00,20.90,30.70,685.00,722.00,225.00,260061.00,22.80,22.80,18.40,39.20,280.00,60.00,1030.00,3840.00,130.00,240.00
"4620875.00","462","Montréal","0875.00",4759.00,2.80,6387.10,69.70,14.30,20.00,2105.00,0.00,2.00,26716.00,24877.00,570.00,1805.00,725.00,13.90,35.80,710.00,757.00,125.00,249920.00,23.10,22.00,25.00,39.30,415.00,55.00,1185.00,3450.00,130.00,315.00
"4620876.01","462","Montréal","0876.01",3817.00,-7.30,5280.90,65.40,12.60,5.00,1235.00,0.00,2.40,24198.00,22957.00,380.00,1245.00,495.00,14.70,35.30,749.00,762.00,200.00,279457.00,32.20,30.60,19.10,36.30,525.00,0.00,1105.00,2735.00,150.00,235.00
"4620876.04","462","Montréal","0876.04",7727.00,19.00,2928.60,68.90,10.30,5.00,410.00,0.00,2.80,48712.00,41063.00,2575.00,200.00,230.00,7.60,20.50,661.00,809.00,90.00,341215.00,5.20,4.10,6.30,37.50,100.00,35.00,1390.00,6295.00,205.00,265.00
"4620876.05","462","Montréal","0876.05",8512.00,12.90,1797.80,64.80,20.70,25.00,1760.00,5.00,2.30,41129.00,35425.00,2670.00,905.00,490.00,10.10,24.30,744.00,819.00,135.00,289763.00,7.30,6.50,8.90,44.00,205.00,20.00,1225.00,6940.00,130.00,225.00
"4620876.06","462","Montréal","0876.06",5687.00,-4.20,5613.50,68.00,12.90,5.00,1250.00,5.00,2.40,31488.00,28386.00,1170.00,1185.00,485.00,10.70,30.50,764.00,790.00,195.00,275670.00,18.40,17.20,13.70,38.60,340.00,30.00,1240.00,4405.00,225.00,195.00
"4620876.07","462","Montréal","0876.07",2257.00,3.20,2250.50,57.10,29.90,5.00,320.00,0.00,2.30,37581.00,32503.00,640.00,190.00,155.00,14.80,31.60,512.00,630.00,15.00,274923.00,9.40,5.50,25.00,48.40,80.00,0.00,365.00,1590.00,40.00,60.00
"4620877.01","462","Montréal","0877.01",9240.00,18.40,1813.50,59.60,28.70,15.00,2205.00,140.00,2.10,47987.00,40118.00,3285.00,635.00,640.00,12.30,35.90,1080.00,1099.00,55.00,300378.00,5.00,4.60,6.40,49.30,115.00,15.00,925.00,7265.00,65.00,220.00
"4620877.02","462","Montréal","0877.02",5978.00,0.90,4016.70,60.80,23.00,15.00,1660.00,0.00,2.20,32714.00,29568.00,1165.00,1540.00,775.00,14.20,39.70,789.00,929.00,130.00,324219.00,15.10,13.80,16.00,43.60,345.00,30.00,1200.00,4685.00,75.00,200.00
"4620878.00","462","Montréal","0878.00",4986.00,0.90,4550.90,67.90,17.00,265.00,1870.00,0.00,1.90,25489.00,23926.00,610.00,1940.00,855.00,15.60,39.30,718.00,746.00,215.00,265360.00,26.10,24.40,29.70,40.70,315.00,10.00,825.00,4005.00,65.00,115.00
"4620879.01","462","Montréal","0879.01",3159.00,-3.50,5082.90,69.10,17.90,185.00,1180.00,0.00,1.90,26309.00,24811.00,485.00,1220.00,525.00,24.50,33.20,705.00,726.00,130.00,264355.00,23.50,22.60,30.40,42.60,135.00,10.00,560.00,2690.00,80.00,150.00
"4620879.02","462","Montréal","0879.02",3694.00,0.10,4814.30,67.70,18.30,380.00,935.00,5.00,1.90,37074.00,32288.00,925.00,1005.00,460.00,14.10,32.30,725.00,746.00,175.00,349809.00,15.00,16.20,14.70,42.70,105.00,80.00,385.00,3225.00,30.00,70.00
"4620880.00","462","Montréal","0880.00",3955.00,0.50,4376.50,69.20,17.60,235.00,1275.00,5.00,1.90,30243.00,27413.00,795.00,1260.00,640.00,16.40,40.10,675.00,712.00,190.00,280412.00,18.70,19.60,19.60,42.30,165.00,65.00,590.00,3275.00,55.00,145.00
"4620881.01","462","Montréal","0881.01",3477.00,-0.30,6444.90,69.70,15.40,210.00,1190.00,0.00,2.00,27846.00,26003.00,525.00,1235.00,535.00,20.80,35.00,664.00,701.00,220.00,299467.00,21.20,20.90,21.50,40.40,200.00,50.00,630.00,2935.00,75.00,185.00
"4620881.02","462","Montréal","0881.02",3625.00,3.30,5931.00,71.00,14.30,280.00,1055.00,50.00,2.00,27264.00,25269.00,640.00,1135.00,560.00,24.20,36.10,721.00,775.00,185.00,250302.00,22.10,22.00,22.10,40.10,185.00,10.00,635.00,2800.00,105.00,155.00
"4620882.00","462","Montréal","0882.00",2612.00,1.40,3743.70,70.90,16.10,210.00,790.00,0.00,2.00,26560.00,24672.00,485.00,875.00,385.00,16.70,34.90,650.00,684.00,125.00,259587.00,22.40,21.60,22.90,41.80,115.00,0.00,450.00,2235.00,60.00,115.00
"4620883.00","462","Montréal","0883.00",2636.00,8.40,2649.50,66.00,23.00,235.00,750.00,60.00,1.90,32043.00,28928.00,510.00,750.00,395.00,19.40,39.30,754.00,850.00,145.00,299193.00,18.20,17.70,24.10,45.30,95.00,30.00,420.00,1945.00,45.00,65.00
"4620884.01","462","Montréal","0884.01",3404.00,9.00,4729.70,69.90,19.10,0.00,0.00,1635.00,1.90,29808.00,27507.00,400.00,1395.00,605.00,21.20,37.40,1001.00,1039.00,115.00,309263.00,25.40,25.50,18.60,41.90,575.00,345.00,1455.00,1725.00,95.00,235.00
"4620884.02","462","Montréal","0884.02",7460.00,7.40,3863.70,59.10,30.20,245.00,1765.00,1500.00,1.70,30672.00,28258.00,1355.00,2750.00,1100.00,17.00,31.50,794.00,798.00,270.00,324272.00,23.10,20.90,26.50,48.90,300.00,75.00,1115.00,5795.00,230.00,195.00
"4620885.00","462","Montréal","0885.00",3869.00,-4.80,2385.50,58.00,30.10,130.00,1025.00,240.00,1.90,35619.00,31113.00,610.00,1075.00,445.00,13.90,33.60,775.00,801.00,105.00,400043.00,15.40,15.00,13.50,48.50,125.00,40.00,515.00,2695.00,80.00,120.00
"4620886.01","462","Montréal","0886.01",3094.00,-2.40,702.30,71.60,16.00,25.00,885.00,0.00,2.10,38848.00,33603.00,840.00,675.00,225.00,8.40,22.80,721.00,748.00,80.00,300672.00,9.20,8.70,11.10,42.90,20.00,25.00,285.00,2745.00,90.00,30.00
"4620886.02","462","Montréal","0886.02",3051.00,-0.50,1441.80,72.50,11.60,15.00,525.00,0.00,2.40,47130.00,39821.00,865.00,345.00,140.00,7.50,20.00,938.00,916.00,35.00,387821.00,6.20,5.30,7.00,40.40,45.00,10.00,315.00,2695.00,55.00,50.00
"4620886.03","462","Montréal","0886.03",3142.00,-2.50,1415.10,64.50,23.50,105.00,935.00,0.00,1.90,32192.00,28812.00,590.00,915.00,325.00,16.20,24.00,713.00,710.00,110.00,279440.00,16.10,12.20,34.00,46.30,40.00,10.00,235.00,2645.00,20.00,65.00
"4620887.03","462","Montréal","0887.03",3599.00,-4.30,314.70,65.10,17.50,10.00,10.00,0.00,2.70,50624.00,41950.00,1300.00,30.00,85.00,5.70,0.00,0.00,981.00,30.00,349822.00,2.80,2.70,3.20,42.40,45.00,0.00,315.00,3285.00,0.00,80.00
"4620887.04","462","Montréal","0887.04",5112.00,-1.40,2618.90,62.20,23.70,15.00,720.00,90.00,2.20,42991.00,36608.00,1645.00,640.00,335.00,8.80,27.90,857.00,863.00,115.00,324034.00,6.00,5.30,7.90,45.20,70.00,0.00,365.00,4715.00,55.00,65.00
"4620887.05","462","Montréal","0887.05",4697.00,-3.30,2367.60,62.70,20.70,0.00,205.00,0.00,2.50,48347.00,40627.00,1660.00,230.00,195.00,7.20,30.40,812.00,893.00,105.00,348471.00,4.50,3.40,6.20,43.10,85.00,0.00,435.00,4150.00,10.00,70.00
"4620887.06","462","Montréal","0887.06",4515.00,-2.10,2533.10,70.30,11.50,0.00,290.00,0.00,2.70,57888.00,47815.00,1685.00,20.00,120.00,6.50,0.00,0.00,0.00,50.00,400170.00,1.80,1.50,3.90,39.70,45.00,0.00,430.00,4220.00,35.00,80.00
"4620887.07","462","Montréal","0887.07",20.00,-37.50,2.00,,,,,,,,,,,,,,,,,,,,,,,,,,,
"4620888.01","462","Montréal","0888.01",3114.00,38.00,102.90,72.90,10.40,0.00,690.00,0.00,2.40,57088.00,46566.00,1235.00,70.00,175.00,11.90,33.30,1361.00,1259.00,25.00,340881.00,3.50,3.30,4.60,39.40,35.00,10.00,190.00,2940.00,15.00,50.00
"4620888.02","462","Montréal","0888.02",5593.00,-3.00,2358.70,61.80,21.00,0.00,75.00,0.00,2.70,52544.00,43002.00,2000.00,30.00,100.00,4.50,0.00,1255.00,1418.00,60.00,376009.00,2.10,2.20,3.00,43.50,25.00,0.00,340.00,4920.00,20.00,50.00
"4620888.03","462","Montréal","0888.03",4558.00,10.30,2139.60,54.50,29.80,5.00,790.00,135.00,2.40,60314.00,48526.00,1750.00,80.00,155.00,6.90,37.50,1405.00,1137.00,35.00,449871.00,2.40,2.30,2.60,48.30,15.00,0.00,265.00,4195.00,15.00,60.00
"4620889.01","462","Montréal","0889.01",2611.00,-0.50,1926.70,54.10,33.70,70.00,720.00,0.00,1.90,35691.00,31243.00,515.00,725.00,310.00,14.90,33.10,777.00,784.00,85.00,300956.00,16.40,11.90,26.70,50.20,10.00,15.00,95.00,2315.00,10.00,40.00
"4620889.02","462","Montréal","0889.02",2859.00,3.10,720.10,61.90,22.40,10.00,375.00,5.00,2.30,41824.00,36322.00,1015.00,295.00,175.00,8.90,27.60,805.00,876.00,80.00,319497.00,5.10,5.00,5.40,43.40,35.00,0.00,210.00,2725.00,10.00,60.00
"4620889.03","462","Montréal","0889.03",4993.00,4.90,1508.50,57.00,28.40,115.00,250.00,0.00,2.40,45389.00,38784.00,1665.00,290.00,175.00,6.30,25.40,790.00,864.00,145.00,315341.00,4.40,3.90,6.50,48.20,40.00,0.00,330.00,4205.00,15.00,100.00
"4620900.00","462","Montréal","0900.00",4693.00,3.50,2092.90,59.90,25.60,95.00,680.00,0.00,2.20,36768.00,32464.00,1395.00,615.00,390.00,12.90,33.30,750.00,818.00,125.00,274910.00,10.10,8.70,11.80,45.80,30.00,0.00,185.00,4355.00,0.00,45.00
"4620901.01","462","Montréal","0901.01",4919.00,-0.70,2009.30,65.10,20.30,80.00,1075.00,0.00,2.10,35495.00,31256.00,1300.00,960.00,500.00,14.30,32.50,755.00,747.00,105.00,250864.00,11.30,10.10,13.40,42.90,35.00,0.00,180.00,4545.00,15.00,60.00
"4620901.02","462","Montréal","0901.02",4401.00,0.30,2652.80,64.50,18.20,55.00,225.00,0.00,2.50,38493.00,33936.00,1480.00,300.00,195.00,8.40,21.30,703.00,724.00,70.00,268412.00,6.90,5.80,13.10,41.90,15.00,10.00,185.00,4290.00,0.00,55.00
"4620901.03","462","Montréal","0901.03",8445.00,22.30,467.70,62.20,13.90,15.00,305.00,0.00,2.70,49237.00,41162.00,2845.00,205.00,355.00,10.40,29.30,1278.00,1194.00,80.00,299523.00,3.00,2.90,4.50,37.10,25.00,10.00,370.00,7840.00,10.00,60.00
"4620902.00","462","Montréal","0902.00",5698.00,1.50,1827.50,63.30,17.50,470.00,405.00,0.00,2.40,40651.00,34981.00,1540.00,745.00,335.00,7.80,29.10,839.00,859.00,105.00,269734.00,6.70,5.80,11.10,40.40,0.00,10.00,215.00,5195.00,35.00,45.00
"4620903.01","462","Montréal","0903.01",7335.00,-1.60,716.60,58.40,24.60,0.00,1130.00,0.00,2.40,45776.00,38835.00,2115.00,725.00,405.00,8.50,30.30,793.00,826.00,110.00,349357.00,5.60,5.00,7.70,44.50,15.00,25.00,385.00,6340.00,30.00,60.00
"4620903.04","462","Montréal","0903.04",4216.00,0.10,2972.60,62.50,21.00,45.00,300.00,0.00,2.50,39543.00,34289.00,1400.00,225.00,185.00,8.60,28.90,743.00,747.00,50.00,279808.00,4.90,3.80,7.90,42.90,0.00,0.00,190.00,3960.00,65.00,25.00
"4620903.05","462","Montréal","0903.05",3735.00,-0.10,3039.60,67.50,14.20,40.00,160.00,0.00,2.60,40124.00,35127.00,1225.00,200.00,160.00,7.40,32.50,812.00,885.00,60.00,289376.00,4.00,3.60,6.60,39.70,25.00,0.00,80.00,3655.00,0.00,40.00
"4620903.08","462","Montréal","0903.08",2750.00,-3.10,3330.10,70.90,9.50,15.00,255.00,0.00,2.70,43878.00,37355.00,785.00,250.00,125.00,8.30,22.00,771.00,876.00,25.00,299065.00,4.40,3.00,11.80,38.10,10.00,0.00,110.00,2615.00,0.00,20.00
"4620903.09","462","Montréal","0903.09",6067.00,14.10,437.40,69.80,8.20,70.00,530.00,0.00,2.60,37916.00,33226.00,1895.00,460.00,390.00,14.20,27.50,802.00,795.00,105.00,235490.00,8.20,6.20,24.00,35.20,10.00,0.00,230.00,5835.00,50.00,50.00
"4620903.1","462","Montréal","0903.1",6100.00,8.70,266.00,68.10,7.60,185.00,190.00,5.00,2.80,37661.00,32709.00,1815.00,385.00,380.00,13.00,38.50,750.00,812.00,115.00,259270.00,8.80,7.60,17.00,34.30,20.00,10.00,190.00,5900.00,40.00,40.00
"4620903.11","462","Montréal","0903.11",3892.00,-1.30,1035.90,71.90,5.30,5.00,145.00,0.00,3.10,54912.00,45184.00,1100.00,165.00,65.00,4.50,0.00,916.00,898.00,15.00,374825.00,2.60,1.80,7.30,34.60,25.00,30.00,100.00,3685.00,10.00,35.00
"4620903.12","462","Montréal","0903.12",5990.00,0.80,3086.20,70.00,7.80,5.00,370.00,0.00,2.80,51536.00,43189.00,1965.00,180.00,145.00,5.90,13.90,1046.00,1029.00,40.00,314674.00,2.80,2.30,6.50,35.50,65.00,10.00,250.00,5805.00,35.00,60.00
"4620903.13","462","Montréal","0903.13",2619.00,-0.20,66.50,67.20,15.30,30.00,40.00,0.00,2.70,42496.00,36407.00,875.00,100.00,115.00,9.40,30.00,788.00,868.00,30.00,349812.00,3.60,3.60,5.10,40.60,10.00,0.00,65.00,2540.00,0.00,25.00
"4620903.14","462","Montréal","0903.14",1963.00,2.50,67.40,69.90,12.80,30.00,100.00,0.00,2.60,41744.00,35930.00,685.00,55.00,80.00,9.80,27.30,649.00,686.00,20.00,299254.00,5.40,5.40,6.00,40.30,25.00,0.00,55.00,1875.00,0.00,25.00
"4620904.02","462","Montréal","0904.02",4964.00,17.00,291.00,62.80,21.10,155.00,725.00,0.00,2.30,40512.00,34639.00,1310.00,720.00,420.00,14.90,31.20,766.00,800.00,110.00,348337.00,8.60,7.80,11.50,43.50,15.00,0.00,150.00,4495.00,0.00,35.00
"4620904.03","462","Montréal","0904.03",4821.00,-2.60,65.60,72.50,7.90,5.00,560.00,0.00,2.60,46784.00,39403.00,1450.00,375.00,190.00,8.50,18.70,862.00,857.00,30.00,320988.00,4.00,3.70,7.90,36.50,0.00,0.00,175.00,4535.00,10.00,50.00
"4620904.04","462","Montréal","0904.04",3517.00,-4.50,2551.90,69.70,12.80,5.00,115.00,0.00,2.70,44928.00,38172.00,1185.00,90.00,70.00,4.60,0.00,728.00,802.00,25.00,299677.00,2.60,1.90,7.30,40.00,20.00,0.00,105.00,3375.00,0.00,40.00
"4620904.05","462","Montréal","0904.05",3744.00,-3.30,2812.10,66.40,18.30,5.00,535.00,0.00,2.40,38805.00,33912.00,1210.00,380.00,210.00,7.40,31.60,786.00,850.00,35.00,275605.00,6.80,5.10,12.40,42.00,25.00,0.00,160.00,3685.00,10.00,75.00
"4620904.06","462","Montréal","0904.06",4211.00,-0.90,3610.30,75.40,5.50,10.00,55.00,0.00,2.90,48768.00,40946.00,1395.00,40.00,80.00,5.40,0.00,690.00,674.00,35.00,299826.00,2.40,1.70,6.40,36.30,40.00,10.00,185.00,3960.00,20.00,30.00
"4620926.01","462","Montréal","0926.01",5236.00,-4.20,169.00,60.90,23.20,155.00,635.00,0.00,2.30,35792.00,31923.00,1390.00,770.00,480.00,12.30,40.90,784.00,831.00,95.00,299664.00,11.10,9.20,16.80,45.20,10.00,0.00,190.00,4690.00,10.00,25.00
"4620926.02","462","Montréal","0926.02",4531.00,-1.90,96.10,65.20,17.40,135.00,185.00,0.00,2.40,36834.00,32186.00,1585.00,320.00,360.00,14.90,39.10,703.00,775.00,125.00,250765.00,9.20,8.00,12.10,41.90,10.00,0.00,180.00,4335.00,20.00,40.00
"4620929.01","462","Montréal","0929.01",3737.00,1.30,1653.90,63.30,18.90,25.00,290.00,0.00,2.40,41570.00,35785.00,1315.00,245.00,250.00,11.50,39.60,832.00,831.00,85.00,295802.00,7.10,6.10,9.90,41.40,30.00,15.00,195.00,3625.00,0.00,60.00
"4620929.02","462","Montréal","0929.02",4684.00,-1.60,1504.20,68.30,9.80,35.00,115.00,0.00,2.70,43776.00,37317.00,1545.00,150.00,240.00,11.00,45.20,753.00,835.00,120.00,279640.00,4.40,3.80,12.00,37.00,20.00,0.00,205.00,4380.00,10.00,65.00
"4620930.02","462","Montréal","0930.02",9197.00,5.90,587.80,62.60,19.50,70.00,1455.00,0.00,2.30,44807.00,38221.00,3065.00,840.00,525.00,9.00,29.20,884.00,900.00,120.00,299098.00,6.60,5.90,10.70,42.40,60.00,15.00,355.00,8515.00,20.00,100.00
"4620930.03","462","Montréal","0930.03",2605.00,-4.80,349.30,65.80,18.00,5.00,0.00,0.00,2.70,45084.00,38080.00,925.00,35.00,70.00,7.10,0.00,0.00,0.00,40.00,349117.00,4.00,4.00,4.30,43.00,20.00,0.00,210.00,2410.00,0.00,35.00
"4620930.04","462","Montréal","0930.04",6783.00,0.10,321.60,62.30,21.70,25.00,505.00,0.00,2.50,46592.00,39107.00,2155.00,485.00,375.00,11.40,26.00,680.00,721.00,100.00,428814.00,6.80,5.70,13.80,44.40,0.00,10.00,355.00,6160.00,15.00,45.00
"4621000.00","462","Montréal","1000.00",5493.00,2.60,2387.40,65.30,13.90,230.00,515.00,0.00,2.50,32704.00,29414.00,1320.00,845.00,440.00,12.10,32.50,718.00,737.00,100.00,219404.00,16.70,14.20,26.10,38.00,10.00,0.00,125.00,5180.00,15.00,30.00
"4621001.00","462","Montréal","1001.00",3200.00,-2.90,58.60,68.80,13.00,25.00,10.00,0.00,2.60,32328.00,28555.00,1055.00,175.00,235.00,19.30,22.90,811.00,746.00,110.00,229889.00,12.80,11.50,18.30,39.30,15.00,0.00,85.00,3110.00,10.00,20.00
"4621002.00","462","Montréal","1002.00",5835.00,2.50,80.40,63.40,16.40,120.00,415.00,0.00,2.40,39723.00,34381.00,1800.00,590.00,405.00,12.40,30.50,696.00,681.00,145.00,279733.00,8.20,6.90,14.10,40.40,20.00,0.00,165.00,5605.00,0.00,60.00
"4621003.00","462","Montréal","1003.00",7044.00,3.00,150.20,64.70,15.80,65.00,470.00,0.00,2.60,40399.00,34694.00,2085.00,565.00,305.00,8.00,25.00,751.00,806.00,120.00,275481.00,6.40,5.20,11.70,40.10,35.00,0.00,260.00,6540.00,35.00,95.00
"4621004.00","462","Montréal","1004.00",5368.00,17.50,461.40,65.90,12.30,110.00,590.00,0.00,2.40,38133.00,33111.00,1510.00,690.00,315.00,10.30,21.60,790.00,807.00,115.00,224653.00,9.10,8.10,12.50,36.90,0.00,0.00,140.00,5200.00,10.00,40.00
"4621005.00","462","Montréal","1005.00",7934.00,17.10,316.10,65.40,14.40,50.00,545.00,0.00,2.50,38661.00,33646.00,2600.00,625.00,505.00,12.90,27.60,786.00,796.00,185.00,240413.00,6.90,6.10,11.00,38.70,30.00,0.00,240.00,7675.00,10.00,100.00
"4621006.00","462","Montréal","1006.00",20786.00,19.00,175.60,67.70,10.90,540.00,1030.00,0.00,2.60,31362.00,28276.00,6010.00,2075.00,1740.00,16.70,36.40,819.00,823.00,425.00,200184.00,14.20,12.20,21.00,36.30,65.00,10.00,465.00,20130.00,45.00,120.00
"4622001.00","462","Montréal","2001.00",8031.00,5.40,1009.20,62.70,16.10,120.00,490.00,0.00,2.60,38638.00,33587.00,2430.00,595.00,370.00,9.30,25.20,720.00,759.00,110.00,250050.00,7.30,6.50,10.50,39.20,15.00,15.00,240.00,7590.00,25.00,60.00
"4622002.00","462","Montréal","2002.00",417.00,-3.70,18.80,72.30,14.50,15.00,5.00,0.00,2.50,35840.00,30976.00,145.00,30.00,20.00,10.70,0.00,759.00,786.00,0.00,268746.00,3.60,3.60,8.30,40.90,0.00,0.00,25.00,485.00,10.00,0.00
"4622003.00","462","Montréal","2003.00",130.00,-14.50,66.00,,,,,,,,,,,,,,,,,,,,,,,,,,,
"4622004.00","462","Montréal","2004.00",3015.00,3.00,2582.70,65.90,20.30,150.00,875.00,0.00,1.90,26341.00,24747.00,620.00,925.00,400.00,16.80,31.90,649.00,673.00,85.00,229817.00,23.90,24.50,19.70,42.70,20.00,0.00,130.00,2875.00,10.00,40.00
"4622005.00","462","Montréal","2005.00",3640.00,-5.20,3037.90,69.20,16.60,320.00,965.00,5.00,1.90,28800.00,26624.00,620.00,1255.00,475.00,16.10,29.80,677.00,700.00,125.00,239929.00,20.50,19.40,21.70,41.60,40.00,0.00,140.00,3475.00,0.00,45.00
"4622006.00","462","Montréal","2006.00",0.00,-100.00,0.00,,,,,,,,,,,,,,,,,,,,,,,,,,,
"4622007.00","462","Montréal","2007.00",1349.00,-0.90,3079.90,67.80,24.40,60.00,385.00,0.00,1.60,22549.00,21158.00,120.00,555.00,235.00,17.40,39.10,610.00,631.00,55.00,250107.00,39.30,38.30,38.50,47.70,20.00,0.00,55.00,1025.00,10.00,30.00
"4622008.00","462","Montréal","2008.00",2430.00,2.70,4844.50,73.60,11.10,230.00,800.00,0.00,1.90,23296.00,22119.00,275.00,1020.00,440.00,27.30,36.30,694.00,732.00,135.00,199955.00,34.30,32.00,35.20,37.80,0.00,20.00,30.00,2440.00,0.00,10.00
"4622009.00","462","Montréal","2009.00",5350.00,9.20,2840.30,70.60,13.20,60.00,1150.00,0.00,2.10,35648.00,31304.00,1420.00,1050.00,385.00,9.90,23.30,716.00,756.00,95.00,224869.00,10.40,9.40,15.80,39.60,20.00,0.00,145.00,5095.00,15.00,45.00
"4622010.00","462","Montréal","2010.00",5.00,,1.40,,,,,,,,,,,,,,,,,,,,,,,,,,,
"4622011.00","462","Montréal","2011.00",2538.00,17.00,4069.90,60.40,31.10,280.00,660.00,40.00,1.70,23461.00,22144.00,315.00,925.00,520.00,34.90,44.60,616.00,662.00,135.00,200489.00,35.40,34.00,36.20,50.40,0.00,20.00,65.00,1905.00,10.00,15.00
"4622012.00","462","Montréal","2012.00",1608.00,9.70,2309.30,55.90,35.70,120.00,470.00,95.00,1.70,26912.00,24752.00,355.00,540.00,240.00,20.80,31.50,589.00,606.00,60.00,279450.00,24.50,18.80,34.20,51.80,10.00,0.00,40.00,1500.00,0.00,0.00
"4622013.00","462","Montréal","2013.00",3942.00,-1.10,2233.80,62.00,23.70,40.00,495.00,0.00,2.30,34597.00,30490.00,1215.00,505.00,255.00,11.10,23.80,727.00,737.00,115.00,250257.00,8.60,7.50,8.40,44.70,40.00,0.00,220.00,3730.00,20.00,35.00
"4622014.00","462","Montréal","2014.00",3827.00,2.50,2548.40,48.00,43.30,0.00,1275.00,0.00,1.80,31479.00,28224.00,790.00,1040.00,525.00,15.80,38.30,787.00,813.00,40.00,210444.00,13.10,9.20,19.50,55.30,30.00,15.00,165.00,3040.00,20.00,25.00
"4622015.00","462","Montréal","2015.00",4637.00,-1.00,3757.10,59.90,31.70,30.00,2635.00,5.00,1.60,23381.00,22455.00,385.00,2560.00,1075.00,15.60,39.60,655.00,686.00,135.00,249979.00,32.60,29.50,36.70,48.90,55.00,45.00,270.00,4435.00,25.00,75.00
"4622100.00","462","Montréal","2100.00",1984.00,5.30,209.00,68.50,11.30,5.00,15.00,0.00,2.80,41248.00,35316.00,665.00,30.00,90.00,11.30,0.00,0.00,805.00,20.00,299555.00,5.30,3.90,6.50,38.60,0.00,0.00,40.00,1945.00,20.00,20.00
"4622101.00","462","Montréal","2101.00",1033.00,0.70,132.30,65.70,13.50,5.00,20.00,0.00,2.60,36565.00,32075.00,345.00,40.00,55.00,13.00,0.00,766.00,858.00,35.00,279075.00,6.30,6.30,10.70,38.90,0.00,0.00,10.00,1055.00,0.00,0.00
"4622102.00","462","Montréal","2102.00",1054.00,0.40,21.80,70.10,13.70,5.00,0.00,0.00,2.60,40384.00,34637.00,355.00,50.00,50.00,10.40,0.00,854.00,681.00,20.00,300593.00,3.30,3.60,6.90,41.20,0.00,0.00,25.00,1065.00,0.00,15.00
"4622103.00","462","Montréal","2103.00",1672.00,-6.00,460.70,67.20,17.00,0.00,5.00,0.00,2.40,35520.00,30976.00,690.00,20.00,85.00,11.60,0.00,0.00,883.00,45.00,154777.00,5.70,5.10,8.80,42.60,0.00,10.00,60.00,1540.00,15.00,10.00
"4622200.00","462","Montréal","2200.00",5527.00,-3.10,2535.10,68.90,11.40,10.00,465.00,0.00,2.60,41616.00,35906.00,1670.00,445.00,275.00,9.00,27.00,883.00,929.00,85.00,259384.00,5.40,4.10,8.70,38.00,25.00,20.00,230.00,5270.00,25.00,70.00
"4622201.00","462","Montréal","2201.00",4367.00,-1.50,2973.00,68.20,13.20,0.00,300.00,0.00,2.60,39522.00,34155.00,1345.00,270.00,160.00,8.90,14.80,782.00,852.00,40.00,250312.00,5.10,3.90,8.90,38.80,10.00,10.00,230.00,4135.00,20.00,65.00
"4622202.00","462","Montréal","2202.00",7397.00,-0.60,2033.10,68.10,11.80,25.00,620.00,0.00,2.70,42063.00,36203.00,2250.00,515.00,370.00,9.50,29.80,762.00,780.00,95.00,286152.00,5.60,4.50,11.00,38.50,50.00,10.00,210.00,7050.00,10.00,60.00
"4622203.00","462","Montréal","2203.00",3553.00,9.00,1378.50,66.50,13.10,5.00,5.00,0.00,2.70,42650.00,37175.00,1265.00,60.00,115.00,8.30,0.00,795.00,852.00,65.00,323705.00,4.20,3.80,9.60,39.40,10.00,0.00,155.00,3505.00,10.00,30.00
"4622204.00","462","Montréal","2204.00",822.00,5.00,182.00,69.50,14.00,5.00,15.00,0.00,2.60,40875.00,35328.00,285.00,30.00,45.00,14.00,0.00,0.00,750.00,15.00,299203.00,4.30,3.70,4.30,41.30,0.00,0.00,45.00,745.00,0.00,15.00
"4622205.00","462","Montréal","2205.00",4132.00,3.40,1247.60,64.00,16.90,0.00,595.00,0.00,2.40,41387.00,35703.00,1220.00,450.00,230.00,10.70,22.20,818.00,807.00,50.00,299458.00,6.90,6.20,11.10,40.50,15.00,10.00,145.00,3755.00,15.00,65.00
"4622206.00","462","Montréal","2206.00",1956.00,12.30,73.40,67.90,11.20,10.00,165.00,0.00,2.70,46443.00,38795.00,605.00,105.00,60.00,5.80,23.80,909.00,913.00,35.00,299748.00,4.90,4.40,6.80,37.10,0.00,0.00,50.00,1950.00,0.00,20.00
"4622207.00","462","Montréal","2207.00",883.00,-1.60,127.00,70.60,13.00,0.00,0.00,0.00,2.70,42816.00,36416.00,320.00,10.00,55.00,15.60,0.00,0.00,0.00,10.00,349171.00,4.00,4.20,4.30,41.20,0.00,0.00,15.00,900.00,0.00,0.00
"4622300.00","462","Montréal","2300.00",2953.00,-2.50,2239.80,62.70,21.00,50.00,480.00,0.00,2.20,33323.00,29466.00,735.00,510.00,210.00,10.20,26.20,683.00,706.00,40.00,250349.00,13.70,11.40,19.50,43.30,15.00,0.00,45.00,2745.00,0.00,20.00
"4622301.00","462","Montréal","2301.00",3176.00,3.60,3519.90,61.10,27.20,260.00,755.00,0.00,1.90,24363.00,23129.00,510.00,1025.00,420.00,17.80,32.80,644.00,671.00,100.00,217328.00,27.20,24.90,33.00,47.60,20.00,0.00,105.00,2760.00,0.00,25.00
"4622302.00","462","Montréal","2302.00",2688.00,-2.70,2656.70,64.40,21.60,65.00,470.00,0.00,2.20,31719.00,28544.00,645.00,540.00,200.00,8.50,27.50,687.00,693.00,65.00,230277.00,11.00,9.10,17.50,44.40,10.00,0.00,35.00,2470.00,0.00,10.00
"4622303.00","462","Montréal","2303.00",0.00,,0.00,,,,,,,,,,,,,,,,,,,,,,,,,,,
"4622304.00","462","Montréal","2304.00",1094.00,-1.10,1557.50,63.00,22.40,20.00,25.00,0.00,2.40,39040.00,33877.00,385.00,55.00,70.00,13.00,45.50,642.00,741.00,15.00,259550.00,6.90,6.30,6.40,44.60,0.00,0.00,30.00,1065.00,0.00,10.00
"4622400.00","462","Montréal","2400.00",2729.00,-2.50,58.80,66.10,17.80,35.00,80.00,0.00,2.40,31264.00,28309.00,960.00,190.00,200.00,17.00,21.60,768.00,804.00,90.00,250083.00,11.20,9.60,18.40,42.70,0.00,0.00,60.00,2665.00,0.00,10.00
"4622401.00","462","Montréal","2401.00",3691.00,11.40,837.50,67.10,11.70,15.00,70.00,0.00,2.70,39266.00,33831.00,1240.00,125.00,175.00,12.10,19.20,770.00,826.00,75.00,280345.00,7.20,6.00,14.00,37.30,30.00,10.00,90.00,3590.00,0.00,25.00
"4622402.00","462","Montréal","2402.00",3484.00,29.80,1250.00,63.10,9.60,30.00,165.00,0.00,2.90,45989.00,38976.00,995.00,175.00,130.00,8.10,33.30,1025.00,1124.00,10.00,300742.00,4.30,3.60,8.90,34.40,10.00,0.00,115.00,3385.00,10.00,20.00
