"COL0","COL1","COL2","COL3","COL4","COL5","COL6","COL7","COL8","COL9","COL10","COL11","COL12","COL13","COL14","COL15","COL16","COL17","COL18","COL19","COL20","COL21","COL22","COL23","COL24","COL25","COL26","COL27","COL28","COL29","COL30","COL31","COL32","COL33"
"4620000.00","462","Montréal","0000.00",4291732.00,4.60,919.00,41.30,65.20,18.00,150110.00,758875.00,183500.00,2.30,38400.00,34000.00,12.00,10.80,18.30,162255.00,161680.00,3021825.00,1022940.00,140535.00,229570.00,998235.00,837475.00,357915.00,12.70,27.90,880.00,981.00,122850.00,416000.00
"4620001.00","462","Montréal","0001.00",2684.00,1.70,5780.70,42.30,69.60,16.80,465.00,860.00,0.00,1.90,36800.00,33200.00,14.50,13.70,17.50,75.00,55.00,1995.00,520.00,70.00,150.00,610.00,770.00,330.00,23.00,24.70,840.00,846.00,175.00,344000.00
"4620002.00","462","Montréal","0002.00",3780.00,7.50,9797.80,41.20,67.20,16.30,395.00,1165.00,165.00,1.90,35600.00,32000.00,17.40,15.20,29.20,160.00,100.00,3045.00,645.00,55.00,200.00,750.00,1200.00,435.00,13.90,27.70,790.00,818.00,125.00,324000.00
"4620003.00","462","Montréal","0003.00",6600.00,3.60,8917.70,41.30,65.10,18.10,855.00,1705.00,15.00,2.20,33600.00,30400.00,15.80,14.10,19.40,260.00,190.00,4920.00,1530.00,170.00,390.00,1195.00,1835.00,600.00,19.90,19.70,800.00,832.00,245.00,452000.00
"4620004.00","462","Montréal","0004.00",3355.00,5.60,7505.60,42.80,67.80,18.20,345.00,955.00,0.00,2.00,37200.00,33200.00,14.00,13.50,19.60,180.00,75.00,2445.00,640.00,125.00,145.00,625.00,1000.00,395.00,20.60,26.40,770.00,836.00,150.00,400000.00
"4620005.00","462","Montréal","0005.00",3175.00,3.80,5617.50,42.40,66.50,18.40,430.00,945.00,0.00,1.90,35200.00,31200.00,16.10,13.90,24.00,95.00,90.00,2720.00,370.00,65.00,75.00,530.00,1125.00,370.00,18.10,24.30,820.00,854.00,190.00,400000.00
"4620006.00","462","Montréal","0006.00",4611.00,3.20,7137.80,38.10,67.30,13.50,370.00,1465.00,5.00,2.20,30400.00,28200.00,17.20,15.60,24.00,255.00,295.00,3200.00,1100.00,215.00,390.00,460.00,1585.00,395.00,21.70,18.60,795.00,817.00,240.00,448000.00
"4620007.00","462","Montréal","0007.00",5655.00,-0.50,5187.60,43.50,66.90,19.10,460.00,1515.00,105.00,2.00,37200.00,32800.00,13.90,12.40,22.00,165.00,160.00,4315.00,1165.00,155.00,250.00,1445.00,1425.00,490.00,12.80,21.60,730.00,774.00,260.00,400000.00
"4620008.00","462","Montréal","0008.00",3104.00,2.90,4996.00,41.40,69.10,15.10,400.00,745.00,30.00,2.00,41600.00,36800.00,12.70,11.40,14.80,50.00,140.00,2590.00,340.00,90.00,90.00,785.00,745.00,250.00,13.40,20.10,800.00,834.00,95.00,400000.00
"4620009.00","462","Montréal","0009.00",3554.00,2.40,828.20,39.70,71.60,13.30,460.00,975.00,5.00,2.10,34400.00,30800.00,14.70,13.70,19.20,105.00,225.00,2570.00,670.00,75.00,225.00,645.00,1050.00,310.00,17.20,19.00,850.00,876.00,180.00,400000.00
"4620010.00","462","Montréal","0010.00",1494.00,1.00,1611.50,39.90,70.90,14.00,255.00,410.00,0.00,2.00,35200.00,31400.00,12.90,11.20,21.00,25.00,60.00,1125.00,350.00,45.00,95.00,300.00,445.00,160.00,20.30,22.20,860.00,916.00,50.00,400000.00
"4620011.00","462","Montréal","0011.00",6439.00,-2.80,5154.90,46.50,61.00,25.50,380.00,1610.00,245.00,2.00,38400.00,34000.00,13.90,10.90,27.20,205.00,160.00,3990.00,1570.00,210.00,385.00,1385.00,1445.00,520.00,14.10,22.50,755.00,801.00,210.00,452000.00
"4620012.01","462","Montréal","0012.01",2547.00,1.80,10710.70,41.10,63.10,19.60,135.00,1140.00,10.00,2.00,27400.00,26200.00,25.30,21.60,33.60,160.00,165.00,1800.00,610.00,100.00,200.00,135.00,1175.00,275.00,19.20,21.80,765.00,776.00,95.00,600000.00
"4620012.02","462","Montréal","0012.02",4163.00,3.20,10502.00,42.40,64.50,20.40,205.00,1680.00,175.00,1.90,28200.00,26600.00,24.70,22.70,32.80,275.00,385.00,2270.00,1325.00,200.00,340.00,215.00,1835.00,505.00,24.40,25.10,790.00,814.00,165.00,552000.00
"4620013.00","462","Montréal","0013.00",5694.00,10.20,5252.80,46.80,62.70,26.20,715.00,1780.00,245.00,1.80,39600.00,34800.00,13.60,12.60,18.20,300.00,265.00,3855.00,1155.00,140.00,250.00,1040.00,1965.00,880.00,19.80,34.80,910.00,1160.00,190.00,400000.00
"4620014.02","462","Montréal","0014.02",0.00,,0.00,,,,,,,,,,,,,,,,,,,,,,,,,,,
"4620014.03","462","Montréal","0014.03",3363.00,0.10,8190.50,37.90,74.90,10.90,55.00,1465.00,130.00,1.90,32400.00,30000.00,22.60,19.50,43.00,170.00,235.00,2295.00,830.00,175.00,230.00,530.00,1235.00,340.00,16.20,20.40,765.00,776.00,155.00,400000.00
"4620014.04","462","Montréal","0014.04",4187.00,0.00,8543.20,40.20,78.50,11.50,150.00,2155.00,20.00,1.70,45200.00,38800.00,14.50,13.40,28.40,150.00,270.00,2905.00,885.00,115.00,175.00,1140.00,1290.00,550.00,19.20,26.10,790.00,883.00,170.00,372000.00
"4620015.00","462","Montréal","0015.00",4089.00,-0.30,10971.30,38.00,77.50,9.80,135.00,2000.00,95.00,1.80,34400.00,31200.00,19.00,16.30,44.40,120.00,180.00,3280.00,550.00,75.00,85.00,640.00,1625.00,490.00,15.70,23.80,785.00,834.00,250.00,372000.00
"4620016.00","462","Montréal","0016.00",2470.00,-2.70,4815.80,40.00,73.90,14.00,35.00,1170.00,0.00,1.90,33200.00,30200.00,18.90,16.80,32.00,60.00,60.00,1790.00,380.00,65.00,85.00,330.00,865.00,235.00,14.90,20.90,850.00,876.00,160.00,424000.00
"4620017.00","462","Montréal","0017.00",2131.00,-0.50,9504.90,38.60,75.60,10.80,30.00,1150.00,0.00,1.80,34400.00,31400.00,17.90,16.40,28.00,40.00,75.00,1775.00,250.00,0.00,85.00,375.00,840.00,300.00,18.70,26.90,810.00,830.00,125.00,348000.00
"4620018.00","462","Montréal","0018.00",2013.00,0.40,5480.50,38.30,78.20,10.20,40.00,1065.00,25.00,1.70,32800.00,29400.00,18.70,17.80,34.00,105.00,60.00,1705.00,255.00,25.00,25.00,225.00,945.00,340.00,25.00,30.50,810.00,878.00,150.00,400000.00
"4620019.00","462","Montréal","0019.00",2398.00,2.50,7227.20,40.20,73.10,15.00,75.00,1115.00,130.00,1.80,29600.00,27200.00,21.00,14.80,57.20,65.00,145.00,1965.00,260.00,20.00,75.00,360.00,925.00,190.00,20.00,13.00,795.00,836.00,170.00,448000.00
"4620021.00","462","Montréal","0021.00",3028.00,4.70,6733.40,36.90,78.30,9.40,15.00,1420.00,140.00,1.90,26600.00,25200.00,24.20,22.20,44.00,60.00,150.00,2400.00,415.00,75.00,105.00,270.00,1275.00,320.00,21.20,21.30,820.00,846.00,235.00,400000.00
"4620022.00","462","Montréal","0022.00",1527.00,-1.50,8961.30,38.50,82.60,8.90,60.00,780.00,5.00,1.80,32400.00,29400.00,15.30,13.70,31.00,40.00,70.00,1225.00,200.00,15.00,60.00,180.00,690.00,200.00,17.10,24.80,860.00,890.00,95.00,376000.00
"4620023.00","462","Montréal","0023.00",1238.00,-3.40,3429.40,37.10,80.20,8.50,55.00,615.00,0.00,1.80,31400.00,29000.00,20.20,17.20,42.00,70.00,30.00,1020.00,210.00,55.00,30.00,175.00,515.00,125.00,11.40,20.60,820.00,836.00,85.00,332000.00
"4620024.00","462","Montréal","0024.00",2544.00,-3.90,9161.00,37.20,80.30,9.40,60.00,1265.00,45.00,1.80,31000.00,28400.00,18.50,15.50,43.00,160.00,130.00,1920.00,490.00,95.00,95.00,325.00,1075.00,275.00,20.00,20.10,820.00,888.00,185.00,400000.00
"4620025.00","462","Montréal","0025.00",3018.00,0.10,13515.50,37.80,75.80,10.90,45.00,1475.00,0.00,1.90,32800.00,30000.00,17.60,15.90,33.50,135.00,150.00,2280.00,415.00,55.00,115.00,360.00,1175.00,390.00,15.30,28.90,850.00,902.00,275.00,348000.00
"4620026.00","462","Montréal","0026.00",2519.00,-2.40,14410.80,38.90,79.00,11.10,50.00,1385.00,65.00,1.70,35600.00,31600.00,19.50,15.40,48.00,125.00,165.00,1940.00,490.00,40.00,75.00,485.00,1050.00,330.00,20.80,21.20,810.00,854.00,145.00,348000.00
"4620027.00","462","Montréal","0027.00",1629.00,-1.30,17147.40,36.80,81.60,8.00,100.00,815.00,0.00,1.80,33200.00,30200.00,15.60,14.60,31.00,80.00,100.00,1185.00,300.00,25.00,75.00,200.00,695.00,205.00,20.50,23.20,830.00,902.00,125.00,472000.00
"4620028.00","462","Montréal","0028.00",2058.00,-0.90,13091.60,36.10,81.00,7.50,10.00,1125.00,0.00,1.80,37600.00,33200.00,14.90,13.50,33.00,120.00,135.00,1640.00,305.00,10.00,75.00,295.00,865.00,280.00,29.30,23.50,890.00,958.00,105.00,448000.00
"4620029.00","462","Montréal","0029.00",4027.00,9.50,10027.40,38.20,76.40,11.60,165.00,1890.00,35.00,1.80,33600.00,30200.00,16.50,14.20,34.50,175.00,365.00,2865.00,700.00,85.00,110.00,405.00,1680.00,415.00,16.00,20.80,830.00,852.00,275.00,380000.00
"4620030.00","462","Montréal","0030.00",3506.00,12.00,11620.80,38.60,79.50,11.70,85.00,1965.00,0.00,1.70,33600.00,30600.00,21.60,20.50,32.50,210.00,450.00,2210.00,680.00,115.00,170.00,515.00,1540.00,580.00,15.50,33.30,850.00,932.00,200.00,400000.00
"4620031.00","462","Montréal","0031.00",2803.00,5.40,10889.70,37.80,80.40,9.60,185.00,1220.00,55.00,1.70,31800.00,29200.00,20.60,21.30,24.00,110.00,315.00,1960.00,500.00,65.00,115.00,440.00,1160.00,425.00,20.70,29.10,820.00,910.00,170.00,500000.00
"4620032.00","462","Montréal","0032.00",1497.00,-7.00,12180.60,36.80,84.00,7.30,115.00,760.00,50.00,1.60,32800.00,29600.00,22.60,22.40,39.00,95.00,210.00,915.00,350.00,20.00,85.00,205.00,725.00,275.00,28.60,29.90,750.00,852.00,120.00,500000.00
"4620033.00","462","Montréal","0033.00",1752.00,1.00,11428.60,37.20,81.80,9.10,150.00,785.00,0.00,1.80,30000.00,27600.00,21.70,20.40,42.00,130.00,125.00,1265.00,355.00,40.00,65.00,195.00,805.00,295.00,36.80,28.00,860.00,898.00,135.00,500000.00
"4620034.00","462","Montréal","0034.00",2825.00,10.40,13194.80,38.00,80.20,9.20,100.00,1200.00,100.00,1.80,29600.00,27000.00,23.20,20.40,41.00,155.00,265.00,1885.00,680.00,90.00,185.00,575.00,950.00,390.00,20.20,29.50,800.00,840.00,235.00,400000.00
"4620035.00","462","Montréal","0035.00",2015.00,0.60,11101.90,36.50,81.70,7.90,45.00,1085.00,0.00,1.80,31400.00,28200.00,19.60,18.00,32.00,130.00,155.00,1470.00,365.00,15.00,75.00,190.00,930.00,260.00,23.70,23.10,880.00,950.00,195.00,448000.00
"4620036.00","462","Montréal","0036.00",2103.00,1.40,11324.70,36.60,84.10,5.90,45.00,1090.00,25.00,1.70,32400.00,29600.00,21.00,20.80,32.00,85.00,260.00,1305.00,450.00,50.00,90.00,320.00,870.00,305.00,15.90,30.80,840.00,916.00,160.00,400000.00
"4620037.00","462","Montréal","0037.00",3452.00,3.40,6904.00,45.10,68.10,23.80,130.00,955.00,1040.00,1.60,28400.00,27000.00,27.40,22.30,42.40,165.00,320.00,2325.00,770.00,80.00,170.00,365.00,1765.00,645.00,16.40,33.10,820.00,824.00,130.00,360000.00
"4620038.00","462","Montréal","0038.00",1976.00,3.10,9391.60,35.50,75.70,9.10,50.00,730.00,165.00,2.10,24800.00,24200.00,25.70,20.80,61.00,100.00,155.00,1275.00,575.00,110.00,210.00,205.00,770.00,180.00,22.00,18.30,765.00,854.00,100.00,400000.00
"4620039.00","462","Montréal","0039.00",2142.00,-9.50,4520.90,39.80,83.90,10.00,25.00,880.00,405.00,1.60,32800.00,29800.00,22.70,20.50,46.00,190.00,245.00,1360.00,655.00,95.00,135.00,430.00,950.00,395.00,27.10,29.60,920.00,956.00,100.00,364000.00
"4620040.00","462","Montréal","0040.00",0.00,,0.00,,,,,,,,,,,,,,,,,,,,,,,,,,,
"4620041.00","462","Montréal","0041.00",1814.00,8.00,7022.80,37.60,84.30,9.60,5.00,685.00,345.00,1.70,30400.00,27800.00,22.10,21.60,28.00,175.00,345.00,985.00,455.00,45.00,100.00,175.00,850.00,325.00,17.10,35.30,990.00,1044.00,110.00,320000.00
"4620042.00","462","Montréal","0042.00",1145.00,21.30,11159.80,42.30,82.50,13.50,5.00,525.00,210.00,1.50,39200.00,34000.00,24.00,20.60,40.00,45.00,225.00,665.00,255.00,20.00,45.00,255.00,475.00,180.00,19.20,25.50,900.00,940.00,50.00,400000.00
"4620043.00","462","Montréal","0043.00",1385.00,36.50,3926.90,40.00,87.00,8.30,15.00,635.00,150.00,1.60,36400.00,32400.00,23.60,22.40,40.00,80.00,185.00,715.00,320.00,30.00,65.00,315.00,500.00,285.00,27.40,40.00,1050.00,1144.00,65.00,380000.00
"4620044.00","462","Montréal","0044.00",2164.00,5.40,15876.70,39.00,82.20,10.90,20.00,1120.00,75.00,1.70,32000.00,29000.00,22.30,19.50,42.00,125.00,435.00,1260.00,595.00,70.00,90.00,365.00,945.00,305.00,13.90,27.60,930.00,998.00,190.00,448000.00
"4620045.00","462","Montréal","0045.00",1493.00,6.60,12706.40,43.90,77.90,17.40,15.00,770.00,160.00,1.50,29600.00,27800.00,22.50,21.20,30.00,50.00,130.00,990.00,295.00,10.00,40.00,145.00,775.00,240.00,21.40,27.30,930.00,954.00,135.00,548000.00
"4620046.00","462","Montréal","0046.00",2143.00,7.40,13478.00,38.60,82.50,8.60,20.00,1220.00,5.00,1.70,35600.00,31600.00,22.80,20.50,35.00,115.00,200.00,1385.00,585.00,95.00,145.00,365.00,935.00,360.00,25.00,29.20,830.00,892.00,90.00,384000.00
"4620047.00","462","Montréal","0047.00",728.00,-1.90,6143.50,37.30,84.10,6.90,15.00,370.00,0.00,1.90,32400.00,29400.00,19.20,19.20,32.00,45.00,110.00,425.00,210.00,30.00,30.00,75.00,325.00,80.00,0.00,20.30,820.00,956.00,30.00,400000.00
"4620048.00","462","Montréal","0048.00",2302.00,4.00,16407.70,34.50,84.40,5.20,25.00,1260.00,0.00,1.80,34400.00,30800.00,15.30,14.70,28.00,155.00,235.00,1620.00,490.00,50.00,120.00,275.00,1040.00,320.00,14.50,27.10,940.00,984.00,205.00,448000.00
"4620049.00","462","Montréal","0049.00",1399.00,6.60,8520.10,39.90,76.40,15.70,0.00,615.00,95.00,1.70,26800.00,25400.00,24.00,21.40,50.00,105.00,190.00,750.00,275.00,30.00,50.00,180.00,565.00,245.00,27.00,34.50,830.00,900.00,90.00,400000.00
"4620050.00","462","Montréal","0050.00",1364.00,4.30,19320.10,40.60,72.40,15.80,10.00,485.00,210.00,1.80,26800.00,25600.00,31.60,26.20,62.00,95.00,240.00,740.00,380.00,50.00,115.00,145.00,600.00,155.00,27.60,20.90,860.00,896.00,90.00,480000.00
"4620051.00","462","Montréal","0051.00",1907.00,30.30,8911.20,37.50,83.50,10.20,50.00,840.00,195.00,1.60,29200.00,27200.00,24.00,23.70,26.00,115.00,470.00,815.00,420.00,40.00,75.00,175.00,885.00,415.00,25.00,44.40,1010.00,1154.00,95.00,400000.00
"4620052.00","462","Montréal","0052.00",2208.00,12.70,15850.70,39.70,78.30,14.90,45.00,700.00,455.00,1.70,25200.00,24400.00,30.80,27.70,51.00,105.00,455.00,1140.00,490.00,75.00,110.00,175.00,1030.00,295.00,20.60,26.10,950.00,1046.00,195.00,448000.00
"4620053.00","462","Montréal","0053.00",1385.00,27.30,12836.00,46.50,71.80,24.90,0.00,260.00,655.00,1.40,34000.00,31000.00,27.20,23.20,41.00,105.00,240.00,735.00,345.00,10.00,70.00,280.00,630.00,345.00,27.30,46.60,1150.00,1152.00,60.00,384000.00
"4620054.00","462","Montréal","0054.00",1444.00,2.70,9601.10,41.60,83.30,13.20,0.00,610.00,190.00,1.60,38800.00,35600.00,19.00,18.60,19.00,85.00,190.00,575.00,360.00,35.00,65.00,255.00,475.00,175.00,17.60,27.70,1180.00,1164.00,60.00,400000.00
"4620055.01","462","Montréal","0055.01",5726.00,20.30,7778.80,44.80,74.90,17.70,0.00,1485.00,1855.00,1.70,57600.00,47600.00,14.60,14.40,15.00,290.00,425.00,3545.00,1600.00,75.00,265.00,1780.00,1530.00,905.00,23.20,32.30,1450.00,1516.00,305.00,600000.00
"4620055.02","462","Montréal","0055.02",559.00,-32.00,448.80,61.20,42.90,53.60,0.00,5.00,300.00,1.90,80000.00,61200.00,9.20,12.00,6.00,0.00,0.00,430.00,110.00,0.00,0.00,270.00,35.00,90.00,31.50,0.00,2080.00,2600.00,35.00,850000.00
"4620056.00","462","Montréal","0056.00",1963.00,26.50,6811.20,47.70,68.60,26.80,0.00,165.00,995.00,1.60,25800.00,24400.00,31.80,24.00,52.80,160.00,355.00,640.00,920.00,65.00,320.00,140.00,1075.00,525.00,44.40,44.00,1430.00,1428.00,0.00,424000.00
"4620057.00","462","Montréal","0057.00",1963.00,21.40,13472.90,45.60,72.00,23.20,5.00,195.00,820.00,1.50,24400.00,23000.00,33.40,32.00,49.00,160.00,345.00,575.00,645.00,75.00,170.00,280.00,745.00,350.00,22.60,39.90,1250.00,1104.00,30.00,380000.00
"4620058.00","462","Montréal","0058.00",1251.00,11.40,8268.30,40.60,73.70,18.30,10.00,200.00,475.00,1.60,26000.00,24600.00,30.70,23.20,58.00,125.00,170.00,455.00,495.00,35.00,160.00,190.00,515.00,190.00,28.90,27.80,910.00,944.00,40.00,420000.00
"4620059.00","462","Montréal","0059.00",1428.00,3.20,7041.40,42.30,77.20,17.50,5.00,360.00,480.00,1.70,38000.00,33600.00,20.40,21.40,17.50,85.00,205.00,790.00,385.00,25.00,95.00,320.00,550.00,240.00,20.30,32.40,1220.00,1232.00,95.00,500000.00
"4620060.00","462","Montréal","0060.00",1082.00,-13.20,11838.10,50.40,58.30,34.30,0.00,145.00,345.00,2.10,19800.00,19600.00,49.40,31.00,84.00,0.00,0.00,490.00,555.00,150.00,255.00,0.00,480.00,45.00,,8.40,444.00,572.00,75.00,
"4620061.00","462","Montréal","0061.00",1325.00,89.60,6106.00,35.50,88.30,7.20,0.00,295.00,380.00,1.60,38000.00,35200.00,22.40,22.80,24.00,85.00,255.00,495.00,405.00,30.00,75.00,275.00,430.00,315.00,34.50,52.40,1470.00,1595.00,30.00,460000.00
"4620062.00","462","Montréal","0062.00",4679.00,87.80,5646.20,34.70,87.00,6.90,0.00,50.00,2915.00,1.60,32400.00,29800.00,33.80,34.60,21.00,450.00,1265.00,1725.00,1530.00,75.00,225.00,960.00,1985.00,1520.00,45.70,59.40,1700.00,1782.00,45.00,580000.00
"4620063.00","462","Montréal","0063.00",5477.00,383.00,15067.40,32.00,90.10,3.80,0.00,255.00,3245.00,1.50,20000.00,19600.00,48.70,49.30,33.00,810.00,1720.00,1380.00,1955.00,120.00,185.00,1180.00,2180.00,1920.00,63.80,62.90,1620.00,1656.00,65.00,540000.00
"4620064.00","462","Montréal","0064.00",1949.00,10.60,8114.10,34.80,82.80,9.70,0.00,110.00,1015.00,1.70,20400.00,20000.00,44.50,47.40,22.00,180.00,640.00,455.00,680.00,35.00,115.00,265.00,785.00,510.00,52.90,54.70,1410.00,1512.00,30.00,850000.00
"4620065.01","462","Montréal","0065.01",6388.00,-7.20,46661.80,34.00,86.10,8.70,0.00,375.00,3640.00,1.60,17000.00,17000.00,43.10,44.80,29.40,830.00,2985.00,1355.00,2260.00,200.00,350.00,180.00,3950.00,2180.00,57.10,56.20,1000.00,1068.00,375.00,448000.00
"4620065.02","462","Montréal","0065.02",3629.00,-0.40,24975.90,35.40,82.50,10.90,0.00,670.00,1465.00,1.70,21400.00,21000.00,38.70,40.50,22.80,380.00,935.00,1255.00,1200.00,170.00,190.00,220.00,1835.00,1015.00,41.90,52.10,1260.00,1318.00,145.00,428000.00
"4620066.01","462","Montréal","0066.01",3684.00,25.30,16108.40,34.20,83.60,9.20,0.00,300.00,1715.00,1.80,19000.00,18800.00,38.00,38.30,31.20,390.00,1620.00,985.00,1345.00,170.00,220.00,410.00,1765.00,1075.00,34.10,56.70,1210.00,1326.00,175.00,452000.00
"4620066.02","462","Montréal","0066.02",3178.00,43.60,17606.60,39.30,77.60,16.40,25.00,455.00,1455.00,1.50,23400.00,22600.00,39.90,39.50,40.00,315.00,910.00,1165.00,1135.00,120.00,170.00,455.00,1605.00,985.00,46.50,51.80,970.00,1158.00,175.00,500000.00
"4620067.00","462","Montréal","0067.00",1839.00,1.20,12544.30,36.40,73.40,10.10,15.00,485.00,75.00,2.20,27800.00,26600.00,26.00,22.00,40.00,65.00,65.00,1095.00,595.00,160.00,165.00,235.00,580.00,145.00,10.90,21.90,735.00,864.00,85.00,600000.00
"4620068.00","462","Montréal","0068.00",1901.00,-7.40,11814.80,36.50,70.50,9.70,0.00,475.00,10.00,2.80,20000.00,19800.00,31.40,28.40,42.00,55.00,15.00,950.00,715.00,215.00,260.00,65.00,520.00,55.00,30.80,7.70,488.00,554.00,95.00,850000.00
"4620069.01","462","Montréal","0069.01",4563.00,15.30,10484.80,37.60,78.10,10.60,0.00,485.00,1860.00,1.80,44400.00,38400.00,22.50,22.70,16.80,535.00,670.00,2180.00,1900.00,140.00,285.00,1250.00,1405.00,885.00,30.10,38.30,1600.00,1596.00,65.00,500000.00
"4620069.02","462","Montréal","0069.02",4206.00,186.30,16201.80,36.00,85.60,5.20,0.00,160.00,2375.00,1.70,56800.00,47200.00,13.90,13.20,26.00,315.00,330.00,2590.00,1180.00,80.00,255.00,1405.00,1155.00,650.00,23.20,28.90,1410.00,1364.00,95.00,500000.00
"4620070.01","462","Montréal","0070.01",3767.00,88.20,14405.40,36.60,89.00,5.20,5.00,120.00,2355.00,1.50,54000.00,45600.00,14.10,14.10,11.00,245.00,545.00,1950.00,1060.00,90.00,150.00,960.00,1420.00,700.00,23.30,34.40,1570.00,1624.00,65.00,500000.00
"4620070.02","462","Montréal","0070.02",5908.00,77.20,16521.30,33.60,91.60,2.80,0.00,100.00,3420.00,1.50,54400.00,45600.00,13.00,13.10,10.00,525.00,820.00,2775.00,1585.00,120.00,230.00,1340.00,2085.00,990.00,27.20,30.80,1550.00,1586.00,20.00,448000.00
"4620071.00","462","Montréal","0071.00",0.00,,0.00,,,,,,,,,,,,,,,,,,,,,,,,,,,
"4620072.00","462","Montréal","0072.00",3634.00,1.40,1400.60,37.90,71.00,11.60,250.00,1035.00,160.00,2.00,35200.00,31800.00,22.00,18.60,46.40,110.00,135.00,2795.00,815.00,155.00,185.00,645.00,1155.00,265.00,11.70,16.50,690.00,796.00,255.00,600000.00
"4620073.00","462","Montréal","0073.00",1936.00,4.80,5935.00,42.40,70.90,18.00,50.00,555.00,405.00,1.70,39200.00,34400.00,20.90,14.50,52.00,50.00,60.00,1260.00,500.00,105.00,115.00,420.00,670.00,340.00,23.80,35.60,795.00,916.00,75.00,600000.00
"4620074.00","462","Montréal","0074.00",3631.00,0.60,9043.60,36.90,74.70,9.00,350.00,1105.00,0.00,2.10,35600.00,32000.00,16.40,14.50,27.20,85.00,215.00,2630.00,610.00,85.00,160.00,645.00,1085.00,350.00,17.20,22.20,830.00,974.00,260.00,552000.00
"4620075.00","462","Montréal","0075.00",2675.00,-4.40,8699.20,37.80,74.40,10.80,110.00,925.00,70.00,1.90,34800.00,31000.00,20.20,16.80,46.00,100.00,115.00,2040.00,575.00,115.00,200.00,355.00,1050.00,265.00,25.40,16.70,735.00,812.00,205.00,480000.00
"4620076.00","462","Montréal","0076.00",3305.00,10.60,9027.60,39.90,74.90,13.00,45.00,1200.00,365.00,1.80,38400.00,35200.00,21.30,18.40,37.00,170.00,140.00,2295.00,790.00,190.00,165.00,605.00,1175.00,370.00,18.90,22.00,830.00,1004.00,125.00,500000.00
"4620077.00","462","Montréal","0077.00",4025.00,35.70,9576.50,39.80,71.70,13.90,0.00,665.00,1150.00,1.90,38000.00,34000.00,20.80,18.40,31.60,185.00,210.00,2540.00,1445.00,340.00,345.00,845.00,1250.00,390.00,17.90,19.20,755.00,978.00,140.00,616000.00
"4620078.00","462","Montréal","0078.00",3955.00,-1.40,10640.30,43.50,66.40,21.40,85.00,1015.00,670.00,1.90,39600.00,35600.00,22.00,17.80,32.00,120.00,175.00,2540.00,1245.00,190.00,325.00,860.00,1255.00,510.00,20.80,26.30,970.00,1196.00,170.00,624000.00
"4620079.00","462","Montréal","0079.00",4579.00,-0.40,7694.50,38.90,75.90,12.20,45.00,2085.00,150.00,1.80,39200.00,35200.00,20.30,17.50,30.20,215.00,185.00,3350.00,1100.00,155.00,250.00,825.00,1745.00,600.00,21.80,24.30,890.00,1020.00,235.00,500000.00
"4620080.00","462","Montréal","0080.00",782.00,0.30,8679.20,35.00,89.10,6.40,0.00,370.00,0.00,2.00,36400.00,33200.00,12.60,11.80,24.00,20.00,70.00,625.00,115.00,10.00,30.00,95.00,295.00,90.00,0.00,28.80,1340.00,1410.00,90.00,500000.00
"4620081.00","462","Montréal","0081.00",3553.00,1.50,13509.50,36.80,85.40,7.00,0.00,1520.00,650.00,1.60,40800.00,36400.00,17.10,15.70,32.00,130.00,220.00,2510.00,680.00,75.00,155.00,735.00,1450.00,585.00,23.60,28.60,1020.00,1060.00,220.00,392000.00
"4620082.00","462","Montréal","0082.00",2186.00,-1.80,7343.00,35.40,77.80,8.70,5.00,810.00,305.00,1.90,28600.00,26800.00,24.40,20.20,50.00,85.00,165.00,1480.00,530.00,105.00,130.00,175.00,935.00,250.00,11.80,24.50,820.00,912.00,165.00,400000.00
"4620083.00","462","Montréal","0083.00",3406.00,2.00,8197.40,36.50,77.80,9.10,90.00,1620.00,5.00,1.90,38000.00,34000.00,17.40,16.40,21.00,130.00,130.00,2650.00,615.00,105.00,140.00,515.00,1325.00,425.00,22.80,23.50,920.00,1104.00,140.00,500000.00
"4620084.00","462","Montréal","0084.00",2793.00,7.40,8081.60,47.00,61.80,28.30,65.00,870.00,420.00,1.80,31800.00,29600.00,24.40,17.20,51.60,60.00,105.00,1755.00,600.00,100.00,120.00,360.00,1025.00,360.00,21.90,27.50,890.00,960.00,95.00,400000.00
"4620085.00","462","Montréal","0085.00",747.00,-0.50,631.00,37.30,73.80,10.10,50.00,255.00,0.00,2.20,31800.00,29400.00,18.40,16.40,20.00,60.00,20.00,485.00,200.00,35.00,55.00,90.00,245.00,95.00,26.30,26.00,840.00,950.00,40.00,412000.00
"4620086.00","462","Montréal","0086.00",3934.00,-3.30,7463.50,42.70,69.60,18.60,400.00,1400.00,25.00,1.90,35600.00,32000.00,16.20,13.90,25.00,140.00,190.00,2800.00,865.00,65.00,155.00,740.00,1280.00,460.00,21.10,23.80,830.00,868.00,175.00,600000.00
"4620087.00","462","Montréal","0087.00",3221.00,-5.40,12261.10,37.80,72.80,10.90,320.00,990.00,245.00,2.10,32000.00,29600.00,19.40,17.60,25.20,175.00,80.00,2245.00,875.00,230.00,170.00,525.00,1045.00,260.00,18.30,15.50,755.00,812.00,150.00,436000.00
"4620088.00","462","Montréal","0088.00",3585.00,1.20,10615.90,42.80,66.50,20.10,610.00,1025.00,185.00,1.90,32800.00,30200.00,19.30,16.20,32.00,120.00,105.00,2690.00,700.00,120.00,105.00,460.00,1395.00,405.00,17.60,23.50,810.00,844.00,155.00,552000.00
"4620089.00","462","Montréal","0089.00",4916.00,0.60,9347.80,40.40,71.20,15.40,845.00,1400.00,5.00,2.00,33200.00,30400.00,15.60,15.10,21.60,205.00,325.00,3270.00,1335.00,155.00,255.00,880.00,1550.00,540.00,18.30,24.60,800.00,834.00,180.00,600000.00
"4620090.00","462","Montréal","0090.00",4589.00,-0.10,10534.90,40.80,68.50,16.30,1045.00,815.00,65.00,2.10,30200.00,28000.00,20.50,18.90,26.00,335.00,420.00,2540.00,1560.00,180.00,375.00,740.00,1400.00,415.00,17.40,20.10,800.00,826.00,225.00,600000.00
"4620091.00","462","Montréal","0091.00",0.00,,0.00,,,,,,,,,,,,,,,,,,,,,,,,,,,
"4620092.00","462","Montréal","0092.00",5984.00,-2.30,10714.40,43.30,66.20,20.60,1685.00,635.00,100.00,2.00,32000.00,29600.00,18.70,16.70,27.00,245.00,300.00,3985.00,1530.00,135.00,360.00,1070.00,1780.00,545.00,14.60,22.10,800.00,840.00,215.00,600000.00
"4620093.00","462","Montréal","0093.00",3253.00,0.30,4431.30,39.30,71.40,13.80,780.00,635.00,5.00,2.10,34000.00,30600.00,16.70,15.30,19.60,75.00,175.00,2385.00,640.00,115.00,160.00,570.00,985.00,370.00,21.20,26.30,840.00,848.00,200.00,448000.00
"4620094.01","462","Montréal","0094.01",6306.00,3.30,3489.20,38.30,73.50,12.50,815.00,2235.00,100.00,2.00,27200.00,25400.00,24.10,21.50,38.80,560.00,510.00,3300.00,2480.00,550.00,530.00,610.00,2600.00,795.00,26.20,24.70,800.00,865.00,320.00,500000.00
"4620094.02","462","Montréal","0094.02",10.00,100.00,5.30,,,,,,,,,,,,,,,,,,,,,,,,,,,
"4620095.00","462","Montréal","0095.00",2147.00,1.80,9785.80,38.60,79.50,12.10,100.00,910.00,95.00,1.80,31000.00,28600.00,20.00,21.20,18.00,100.00,315.00,1175.00,520.00,50.00,125.00,195.00,935.00,355.00,28.20,34.10,1090.00,1148.00,160.00,600000.00
"4620096.00","462","Montréal","0096.00",2370.00,4.10,12467.10,37.50,73.60,11.80,560.00,465.00,65.00,2.10,36000.00,32800.00,15.00,15.20,17.00,115.00,85.00,1645.00,590.00,45.00,150.00,480.00,610.00,250.00,20.80,25.00,1110.00,1192.00,205.00,500000.00
"4620097.01","462","Montréal","0097.01",6174.00,-1.80,17705.80,39.40,72.70,12.70,685.00,1270.00,1305.00,1.90,27800.00,26400.00,26.20,26.20,32.80,520.00,765.00,2870.00,2535.00,265.00,435.00,590.00,2750.00,1035.00,16.50,34.40,810.00,894.00,405.00,552000.00
"4620097.02","462","Montréal","0097.02",4133.00,7.90,10646.60,41.90,71.20,18.00,315.00,570.00,1205.00,1.80,24200.00,23200.00,32.10,31.40,30.40,425.00,875.00,1470.00,1505.00,215.00,265.00,260.00,1815.00,765.00,15.70,40.70,920.00,970.00,245.00,650000.00
"4620098.00","462","Montréal","0098.00",5466.00,2.50,5269.40,41.80,63.70,18.80,520.00,885.00,25.00,2.30,38400.00,34800.00,13.70,12.80,15.20,320.00,230.00,3225.00,2005.00,280.00,240.00,1285.00,1050.00,525.00,14.70,32.10,840.00,938.00,190.00,650000.00
"4620099.00","462","Montréal","0099.00",5742.00,2.00,8303.70,42.30,62.60,21.00,130.00,1035.00,780.00,2.10,32800.00,29800.00,19.50,16.60,30.90,375.00,400.00,3400.00,1920.00,245.00,340.00,1135.00,1610.00,640.00,11.50,31.90,850.00,908.00,240.00,750000.00
"4620100.01","462","Montréal","0100.01",4147.00,2.10,9054.60,39.20,67.10,14.70,400.00,815.00,365.00,2.20,33200.00,30400.00,18.70,18.10,23.20,300.00,335.00,2170.00,1650.00,160.00,250.00,670.00,1225.00,510.00,17.20,32.00,920.00,986.00,180.00,700000.00
"4620100.02","462","Montréal","0100.02",3442.00,-0.90,9682.10,39.00,67.80,14.20,385.00,615.00,285.00,2.30,30600.00,28000.00,17.20,16.70,18.80,265.00,290.00,1630.00,1540.00,120.00,305.00,505.00,980.00,380.00,22.80,27.70,920.00,972.00,200.00,650000.00
"4620101.01","462","Montréal","0101.01",4082.00,1.60,11547.40,42.70,61.40,21.80,410.00,620.00,720.00,2.20,27800.00,26000.00,22.50,20.90,25.20,315.00,360.00,1795.00,1910.00,325.00,345.00,645.00,1245.00,495.00,21.10,29.00,860.00,920.00,210.00,552000.00
"4620101.02","462","Montréal","0101.02",3728.00,-2.10,10393.10,40.20,66.10,16.80,410.00,1060.00,0.00,2.30,26600.00,25000.00,23.60,22.50,27.60,415.00,280.00,1385.00,1905.00,225.00,370.00,365.00,1220.00,445.00,28.80,28.30,820.00,884.00,210.00,695000.00
"4620102.00","462","Montréal","0102.00",4254.00,1.00,7212.60,42.00,64.50,19.00,705.00,780.00,205.00,2.10,45200.00,39600.00,13.20,12.00,20.60,175.00,155.00,2725.00,1240.00,65.00,275.00,905.00,1120.00,495.00,15.60,32.30,1030.00,1226.00,165.00,750000.00
"4620103.00","462","Montréal","0103.00",2325.00,-3.60,6979.90,42.20,64.30,19.60,0.00,535.00,0.00,2.20,49600.00,41600.00,9.60,11.00,10.80,60.00,120.00,1750.00,590.00,20.00,105.00,615.00,475.00,210.00,9.70,31.90,870.00,1004.00,105.00,1000000.00
"4620104.00","462","Montréal","0104.00",2818.00,-0.10,7417.70,41.30,62.90,19.30,170.00,245.00,95.00,2.50,58000.00,48000.00,9.70,7.40,20.80,95.00,160.00,2005.00,645.00,65.00,100.00,705.00,405.00,165.00,8.50,26.30,1010.00,1156.00,135.00,1100000.00
"4620105.00","462","Montréal","0105.00",3425.00,2.50,11292.40,40.80,64.20,17.80,960.00,450.00,115.00,2.20,49200.00,42400.00,10.60,10.50,12.80,125.00,210.00,2310.00,900.00,70.00,135.00,780.00,795.00,335.00,10.90,31.80,1110.00,1320.00,215.00,650000.00
"4620106.00","462","Montréal","0106.00",2107.00,-0.30,8871.60,44.50,64.00,22.70,330.00,230.00,285.00,2.10,40800.00,36000.00,14.20,14.90,15.20,155.00,270.00,1005.00,585.00,45.00,105.00,320.00,580.00,240.00,17.20,33.90,1000.00,1184.00,80.00,755000.00
"4620107.00","462","Montréal","0107.00",1539.00,-0.30,9909.90,38.40,76.50,11.10,25.00,500.00,275.00,1.80,32800.00,30200.00,20.20,20.40,22.00,85.00,230.00,905.00,435.00,65.00,85.00,220.00,645.00,235.00,23.30,30.20,900.00,1050.00,95.00,576000.00
"4620108.00","462","Montréal","0108.00",3947.00,-3.90,6998.20,44.30,62.00,24.20,125.00,635.00,260.00,2.20,48400.00,41200.00,11.00,11.60,10.80,140.00,255.00,2485.00,865.00,65.00,170.00,820.00,805.00,415.00,16.40,35.00,1190.00,1420.00,210.00,1200000.00
"4620109.00","462","Montréal","0109.00",1907.00,-10.00,11432.90,41.00,72.00,17.50,265.00,520.00,80.00,2.00,31800.00,29400.00,15.40,15.20,17.00,80.00,195.00,1020.00,630.00,40.00,125.00,140.00,810.00,240.00,20.70,26.90,1100.00,1186.00,135.00,700000.00
"4620110.00","462","Montréal","0110.00",4212.00,9.80,17149.80,37.20,74.70,11.40,200.00,1135.00,775.00,2.00,31400.00,28800.00,20.00,20.20,24.80,365.00,525.00,1930.00,1610.00,155.00,285.00,370.00,1735.00,625.00,20.80,31.50,950.00,1020.00,200.00,576000.00
"4620111.00","462","Montréal","0111.00",7142.00,9.20,9526.50,41.50,67.00,18.50,1350.00,870.00,690.00,2.30,28400.00,26600.00,17.40,16.80,26.00,420.00,680.00,3235.00,3050.00,290.00,680.00,1190.00,1890.00,890.00,27.20,30.10,950.00,997.00,335.00,600000.00
"4620112.01","462","Montréal","0112.01",5718.00,7.00,9067.60,36.70,66.80,12.00,130.00,1580.00,325.00,2.80,26200.00,24800.00,18.00,16.30,31.40,760.00,275.00,2450.00,3120.00,350.00,825.00,580.00,1555.00,450.00,31.00,17.30,775.00,819.00,135.00,650000.00
"4620112.02","462","Montréal","0112.02",4192.00,2.60,15171.90,43.40,64.30,22.30,45.00,1055.00,890.00,2.10,22600.00,22200.00,27.60,18.70,62.00,700.00,290.00,1105.00,2855.00,385.00,570.00,240.00,1800.00,500.00,36.20,23.40,740.00,784.00,210.00,700000.00
"4620113.00","462","Montréal","0113.00",4987.00,-2.20,10068.60,38.60,72.00,13.70,660.00,1445.00,15.00,2.30,28800.00,26800.00,17.10,17.90,18.80,500.00,570.00,2010.00,2300.00,200.00,435.00,490.00,1605.00,560.00,29.90,26.00,950.00,1070.00,220.00,650000.00
"4620114.00","462","Montréal","0114.00",2183.00,9.80,7708.30,39.50,70.00,16.00,50.00,410.00,195.00,2.40,34000.00,30400.00,14.20,16.20,9.50,170.00,315.00,1070.00,975.00,80.00,125.00,315.00,615.00,245.00,10.90,33.90,1170.00,1400.00,85.00,1100000.00
"4620115.01","462","Montréal","0115.01",2080.00,3.70,9502.10,39.70,67.50,16.60,320.00,395.00,0.00,2.30,40400.00,35200.00,15.90,17.80,13.60,235.00,305.00,1050.00,760.00,65.00,130.00,425.00,485.00,290.00,18.60,44.80,1090.00,1276.00,95.00,1000000.00
"4620115.02","462","Montréal","0115.02",5957.00,1.60,13947.60,42.00,72.00,20.10,15.00,680.00,2795.00,1.70,27600.00,26600.00,26.60,28.00,22.00,660.00,1000.00,2255.00,2650.00,220.00,370.00,285.00,3210.00,1420.00,37.50,42.10,1120.00,1199.00,390.00,332000.00
"4620116.00","462","Montréal","0116.00",6765.00,1.70,10547.20,38.50,71.80,15.40,415.00,2350.00,220.00,2.10,24000.00,23200.00,25.50,25.00,35.20,790.00,1450.00,2215.00,2815.00,255.00,515.00,340.00,2750.00,895.00,20.90,30.60,900.00,951.00,365.00,650000.00
"4620117.00","462","Montréal","0117.00",4243.00,-2.70,15685.80,40.50,69.20,16.00,30.00,1220.00,270.00,2.60,25800.00,24200.00,17.00,15.00,31.20,680.00,365.00,965.00,2575.00,190.00,535.00,160.00,1365.00,310.00,21.20,20.20,820.00,855.00,160.00,650000.00
"4620118.00","462","Montréal","0118.00",4396.00,-0.30,14470.00,37.40,69.90,12.30,100.00,1455.00,0.00,2.80,25200.00,23800.00,17.00,15.80,24.80,740.00,465.00,1380.00,2605.00,240.00,495.00,295.00,1285.00,325.00,25.00,20.00,880.00,936.00,220.00,700000.00
"4620119.00","462","Montréal","0119.00",6142.00,-3.10,10674.30,37.50,70.80,11.00,35.00,2220.00,125.00,2.60,24400.00,23400.00,22.40,20.60,38.80,910.00,630.00,1740.00,3745.00,330.00,955.00,280.00,2110.00,495.00,21.40,20.70,765.00,791.00,255.00,650000.00
"4620120.01","462","Montréal","0120.01",7337.00,28.90,2788.60,35.70,78.20,8.20,10.00,940.00,2455.00,2.00,31600.00,29200.00,21.10,20.70,29.60,800.00,1085.00,2515.00,3575.00,425.00,700.00,1360.00,2215.00,1035.00,26.80,31.30,1030.00,1122.00,185.00,420000.00
"4620120.02","462","Montréal","0120.02",1114.00,8.30,5652.00,48.40,49.80,35.00,30.00,30.00,295.00,2.30,53200.00,46000.00,4.60,5.20,5.60,0.00,0.00,685.00,420.00,25.00,25.00,415.00,65.00,175.00,30.10,76.90,1940.00,2100.00,0.00,650000.00
"4620121.00","462","Montréal","0121.00",2078.00,17.50,5425.60,45.60,53.60,27.40,45.00,115.00,180.00,2.70,50400.00,44000.00,10.70,10.20,10.00,195.00,140.00,1025.00,815.00,60.00,100.00,420.00,315.00,170.00,9.60,41.90,1340.00,1430.00,70.00,1000000.00
"4620122.00","462","Montréal","0122.00",6517.00,-1.20,9751.60,37.00,71.80,11.50,40.00,2915.00,0.00,2.10,21600.00,21200.00,31.40,30.10,47.20,860.00,1140.00,1895.00,3310.00,525.00,745.00,190.00,2805.00,825.00,35.10,27.10,750.00,776.00,385.00,500000.00
"4620123.00","462","Montréal","0123.00",6480.00,3.70,15789.50,35.70,74.60,11.10,100.00,2410.00,695.00,2.00,24200.00,23400.00,28.20,28.90,30.00,785.00,1320.00,2140.00,2835.00,275.00,495.00,255.00,2955.00,1020.00,23.10,33.60,880.00,911.00,265.00,440000.00
"4620124.00","462","Montréal","0124.00",5872.00,2.50,15518.00,34.00,72.90,8.30,40.00,2135.00,495.00,2.20,24400.00,23800.00,25.40,26.10,35.60,580.00,855.00,2340.00,2655.00,260.00,605.00,310.00,2380.00,740.00,21.00,29.00,840.00,887.00,340.00,695000.00
"4620125.00","462","Montréal","0125.00",6344.00,1.10,13355.80,43.10,55.30,26.30,145.00,895.00,1600.00,2.30,38400.00,34400.00,14.70,16.30,13.40,395.00,570.00,3205.00,2405.00,130.00,385.00,1175.00,1500.00,730.00,17.80,35.30,1080.00,1250.00,165.00,850000.00
"4620126.00","462","Montréal","0126.00",2280.00,-10.10,3058.40,33.60,80.90,10.30,110.00,640.00,190.00,2.10,24400.00,23400.00,27.90,34.00,7.00,95.00,490.00,1090.00,435.00,30.00,65.00,280.00,690.00,375.00,10.90,51.90,1020.00,1178.00,85.00,800000.00
"4620127.01","462","Montréal","0127.01",5578.00,0.40,11477.40,37.30,77.30,14.40,90.00,2140.00,1070.00,1.70,23600.00,23000.00,35.40,38.10,28.00,500.00,1285.00,2200.00,2070.00,165.00,290.00,395.00,2970.00,1415.00,28.20,46.40,930.00,1005.00,240.00,448000.00
"4620127.02","462","Montréal","0127.02",21.00,320.00,15.90,,,,,,,,,,,,,,,,,,,,,,,,,,,
"4620128.00","462","Montréal","0128.00",3839.00,10.00,1277.90,46.70,63.90,27.40,20.00,440.00,1075.00,1.90,48800.00,41200.00,17.00,19.70,10.20,275.00,435.00,2020.00,1535.00,130.00,255.00,915.00,1140.00,735.00,28.20,43.40,1290.00,1472.00,140.00,1300000.00
"4620129.01","462","Montréal","0129.01",4249.00,10.80,14940.20,45.90,65.70,27.60,15.00,260.00,2015.00,1.70,40400.00,35200.00,23.10,27.70,11.60,330.00,560.00,2050.00,1620.00,120.00,240.00,820.00,1620.00,1075.00,36.00,49.70,1440.00,1592.00,240.00,880000.00
"4620129.02","462","Montréal","0129.02",3602.00,4.80,10039.00,42.20,71.90,23.50,0.00,115.00,1975.00,1.70,27400.00,26000.00,35.70,43.40,13.20,300.00,865.00,1355.00,1200.00,65.00,105.00,355.00,1680.00,1095.00,36.20,60.20,1640.00,1780.00,140.00,1000000.00
"4620130.00","462","Montréal","0130.00",3017.00,2.40,19654.70,32.10,89.90,7.50,5.00,970.00,1070.00,1.40,16800.00,16800.00,48.70,51.60,26.00,190.00,1210.00,955.00,700.00,25.00,75.00,215.00,1810.00,925.00,26.20,53.40,900.00,1087.00,150.00,500000.00
"4620131.00","462","Montréal","0131.00",3201.00,2.00,30602.30,37.50,81.30,14.40,30.00,540.00,1510.00,1.50,21400.00,21200.00,44.40,45.60,40.40,215.00,1025.00,1265.00,945.00,110.00,140.00,130.00,2010.00,1060.00,28.00,54.30,1100.00,1217.00,170.00,552000.00
"4620132.00","462","Montréal","0132.00",5151.00,5.90,19284.90,41.20,78.80,17.20,100.00,1200.00,1825.00,1.50,25800.00,24600.00,35.30,36.90,31.00,315.00,1215.00,2105.00,1365.00,135.00,195.00,305.00,2920.00,1410.00,28.80,47.30,970.00,1037.00,295.00,680000.00
"4620133.00","462","Montréal","0133.00",2645.00,5.50,18178.70,35.80,84.90,9.50,130.00,860.00,515.00,1.70,26200.00,24800.00,34.40,36.40,27.00,205.00,705.00,1195.00,630.00,45.00,100.00,275.00,1230.00,660.00,29.60,48.10,1090.00,1216.00,145.00,600000.00
"4620134.00","462","Montréal","0134.00",1136.00,7.50,13209.30,41.00,77.10,16.30,25.00,485.00,125.00,1.80,38400.00,33600.00,19.00,21.00,11.00,95.00,160.00,635.00,295.00,15.00,35.00,315.00,330.00,225.00,30.60,39.40,1260.00,1310.00,85.00,604000.00
"4620135.00","462","Montréal","0135.00",1717.00,-2.30,14260.80,40.50,73.50,14.80,205.00,595.00,5.00,1.90,35600.00,32000.00,17.20,18.00,23.00,65.00,155.00,1020.00,465.00,15.00,95.00,300.00,535.00,275.00,23.30,39.60,1140.00,1180.00,105.00,850000.00
"4620136.00","462","Montréal","0136.00",2861.00,3.10,15754.40,36.40,82.90,8.90,140.00,1300.00,15.00,1.90,30400.00,27600.00,26.80,28.30,28.00,200.00,420.00,1675.00,745.00,40.00,160.00,445.00,1050.00,565.00,20.20,47.10,1150.00,1226.00,165.00,695000.00
"4620137.00","462","Montréal","0137.00",1165.00,0.00,6390.60,36.40,82.80,12.00,65.00,435.00,135.00,1.70,23800.00,23400.00,35.00,36.20,40.00,65.00,270.00,650.00,255.00,10.00,25.00,95.00,555.00,315.00,26.30,51.80,1000.00,1276.00,110.00,572000.00
"4620138.00","462","Montréal","0138.00",2077.00,4.20,7452.50,37.50,81.70,12.80,10.00,945.00,105.00,1.90,26000.00,24600.00,30.00,29.80,38.50,65.00,415.00,1060.00,495.00,45.00,70.00,280.00,775.00,380.00,27.30,40.80,1310.00,1320.00,115.00,600000.00
"4620139.00","462","Montréal","0139.00",3223.00,1.50,14616.80,36.80,80.60,8.80,165.00,1360.00,125.00,1.90,34000.00,31000.00,21.40,21.50,24.00,215.00,545.00,1780.00,885.00,55.00,170.00,635.00,1095.00,490.00,24.60,32.10,1130.00,1216.00,140.00,600000.00
"4620140.00","462","Montréal","0140.00",1388.00,-2.30,11752.80,39.80,72.90,13.70,110.00,560.00,0.00,2.00,44800.00,38800.00,14.00,13.60,19.00,90.00,160.00,820.00,370.00,10.00,65.00,305.00,395.00,180.00,13.30,36.80,1170.00,1224.00,65.00,700000.00
"4620141.00","462","Montréal","0141.00",1722.00,6.10,14362.00,36.20,76.50,9.60,155.00,635.00,0.00,2.10,42800.00,37200.00,15.20,16.80,20.00,75.00,315.00,1135.00,365.00,10.00,70.00,365.00,480.00,180.00,12.30,28.70,1400.00,1380.00,105.00,624000.00
"4620142.00","462","Montréal","0142.00",1683.00,1.60,15300.00,38.70,73.00,14.80,50.00,700.00,110.00,1.90,32400.00,29600.00,24.40,21.00,41.00,70.00,245.00,1045.00,415.00,75.00,60.00,270.00,580.00,195.00,7.40,30.80,960.00,1048.00,125.00,600000.00
"4620143.00","462","Montréal","0143.00",2691.00,11.30,15572.90,48.50,60.00,32.90,25.00,830.00,595.00,1.60,31600.00,29000.00,24.40,22.40,33.60,200.00,295.00,1495.00,655.00,20.00,90.00,310.00,1235.00,510.00,29.00,34.30,900.00,1052.00,195.00,600000.00
"4620144.00","462","Montréal","0144.00",3542.00,0.90,18534.80,39.60,76.10,13.70,35.00,1595.00,365.00,1.70,40000.00,35200.00,18.60,19.30,21.20,280.00,575.00,1905.00,870.00,60.00,150.00,620.00,1400.00,655.00,20.20,39.10,1010.00,1100.00,210.00,600000.00
"4620145.00","462","Montréal","0145.00",0.00,,0.00,,,,,,,,,,,,,,,,,,,,,,,,,,,
"4620146.00","462","Montréal","0146.00",2455.00,2.70,17349.80,36.60,78.80,8.40,100.00,1010.00,150.00,1.80,39600.00,35200.00,18.00,19.40,25.00,160.00,425.00,1530.00,575.00,15.00,65.00,445.00,945.00,415.00,8.90,40.10,960.00,1106.00,155.00,650000.00
"4620147.00","462","Montréal","0147.00",2905.00,5.70,17271.10,36.30,78.70,8.40,45.00,1325.00,185.00,1.80,41200.00,36800.00,15.10,15.10,25.00,180.00,445.00,1850.00,540.00,20.00,50.00,470.00,1145.00,390.00,12.60,29.80,1050.00,1154.00,190.00,548000.00
"4620148.00","462","Montréal","0148.00",1223.00,-6.40,8576.40,43.70,65.60,21.70,5.00,475.00,5.00,2.10,42800.00,36800.00,10.40,10.00,12.00,70.00,115.00,655.00,240.00,20.00,45.00,205.00,280.00,120.00,20.00,28.60,1170.00,1280.00,65.00,532000.00
"4620149.00","462","Montréal","0149.00",3238.00,2.40,23429.80,39.00,76.70,13.60,70.00,1065.00,655.00,1.80,36400.00,32400.00,19.20,19.80,19.00,155.00,475.00,2000.00,675.00,45.00,180.00,560.00,1205.00,535.00,21.80,35.60,1040.00,1144.00,235.00,392000.00
"4620150.00","462","Montréal","0150.00",2412.00,-2.50,14653.70,39.20,77.80,11.40,25.00,1340.00,0.00,1.70,32400.00,29600.00,23.50,23.40,35.00,120.00,310.00,1575.00,515.00,50.00,100.00,285.00,1110.00,450.00,17.20,36.10,810.00,928.00,175.00,424000.00
"4620151.00","462","Montréal","0151.00",2124.00,-4.10,18138.30,38.20,74.10,12.20,35.00,975.00,75.00,1.90,38400.00,34000.00,17.10,14.80,49.00,150.00,180.00,1440.00,375.00,15.00,65.00,345.00,730.00,225.00,11.80,25.70,1040.00,1100.00,130.00,500000.00
"4620152.00","462","Montréal","0152.00",1650.00,8.20,12096.80,37.30,78.50,9.70,15.00,900.00,0.00,1.80,39200.00,34400.00,14.20,12.80,33.00,85.00,100.00,1320.00,265.00,20.00,20.00,245.00,685.00,195.00,10.00,24.30,950.00,996.00,145.00,448000.00
"4620153.00","462","Montréal","0153.00",812.00,3.40,3028.70,36.30,76.70,8.60,50.00,380.00,0.00,1.80,26800.00,25800.00,26.40,25.60,44.00,50.00,170.00,410.00,165.00,15.00,55.00,80.00,335.00,135.00,33.30,34.30,830.00,908.00,55.00,548000.00
"4620154.00","462","Montréal","0154.00",1104.00,-3.50,8874.60,36.00,75.50,7.30,55.00,530.00,0.00,1.90,52400.00,44800.00,12.00,11.00,24.00,35.00,80.00,775.00,185.00,0.00,25.00,235.00,375.00,135.00,16.70,24.30,1030.00,1100.00,25.00,536000.00
"4620155.00","462","Montréal","0155.00",1813.00,3.40,17119.90,36.60,79.10,8.00,25.00,885.00,100.00,1.80,38800.00,33600.00,14.70,13.00,33.00,145.00,150.00,1285.00,375.00,15.00,60.00,215.00,800.00,270.00,28.60,26.10,940.00,1034.00,130.00,500000.00
"4620156.00","462","Montréal","0156.00",1955.00,1.70,14197.50,37.50,78.80,7.90,145.00,870.00,80.00,1.80,38000.00,33600.00,16.90,16.20,32.00,90.00,265.00,1315.00,280.00,10.00,35.00,320.00,765.00,285.00,19.70,30.30,1050.00,1116.00,115.00,552000.00
"4620157.00","462","Montréal","0157.00",2152.00,0.90,13358.20,37.70,77.00,10.20,120.00,960.00,0.00,1.90,42800.00,37200.00,12.10,12.60,15.00,165.00,265.00,1530.00,425.00,25.00,90.00,385.00,780.00,255.00,11.50,27.50,1160.00,1236.00,145.00,600000.00
"4620158.00","462","Montréal","0158.00",2094.00,3.60,15152.00,38.00,77.10,11.20,125.00,875.00,170.00,1.70,38800.00,34400.00,19.60,18.20,46.00,140.00,230.00,1395.00,405.00,20.00,70.00,350.00,860.00,325.00,11.40,33.70,910.00,1030.00,130.00,600000.00
"4620159.00","462","Montréal","0159.00",1886.00,-2.90,15222.00,36.80,76.70,9.50,225.00,660.00,0.00,2.00,43600.00,37600.00,11.20,11.50,15.00,145.00,260.00,1235.00,435.00,25.00,75.00,400.00,560.00,185.00,13.60,23.90,1150.00,1268.00,95.00,600000.00
"4620160.00","462","Montréal","0160.00",1738.00,-0.60,14459.20,38.20,78.70,12.10,190.00,620.00,170.00,1.70,32000.00,28600.00,22.70,20.20,53.00,115.00,335.00,910.00,485.00,35.00,55.00,290.00,725.00,285.00,19.00,31.70,890.00,1016.00,85.00,500000.00
"4620161.00","462","Montréal","0161.00",1980.00,2.40,14234.40,36.30,77.00,9.10,100.00,795.00,40.00,2.00,34400.00,31600.00,20.30,18.80,34.00,110.00,265.00,1225.00,545.00,60.00,105.00,320.00,680.00,315.00,21.50,37.10,1110.00,1120.00,105.00,600000.00
"4620162.00","462","Montréal","0162.00",1755.00,11.50,18810.30,36.70,83.20,8.00,40.00,810.00,140.00,1.70,36800.00,32800.00,18.50,18.20,22.00,130.00,390.00,980.00,375.00,15.00,55.00,270.00,730.00,275.00,24.50,29.20,1090.00,1214.00,120.00,552000.00
"4620163.00","462","Montréal","0163.00",3090.00,-0.20,15274.30,37.60,79.00,11.70,45.00,1340.00,75.00,2.10,31000.00,28400.00,15.50,15.60,19.00,125.00,380.00,1925.00,735.00,65.00,110.00,545.00,935.00,470.00,16.50,40.40,1230.00,1340.00,185.00,650000.00
"4620164.00","462","Montréal","0164.00",1586.00,21.90,22853.00,40.30,78.90,13.20,15.00,520.00,420.00,1.70,36000.00,31600.00,17.20,17.20,21.00,115.00,200.00,845.00,480.00,25.00,70.00,205.00,745.00,300.00,14.60,35.80,1000.00,1098.00,75.00,650000.00
"4620165.00","462","Montréal","0165.00",2322.00,-5.40,15480.00,31.40,71.10,6.90,30.00,930.00,5.00,2.30,28000.00,26200.00,18.30,20.60,35.00,90.00,185.00,1450.00,460.00,25.00,150.00,210.00,720.00,390.00,35.70,44.00,1020.00,1170.00,130.00,800000.00
"4620166.00","462","Montréal","0166.00",574.00,16.90,2445.70,36.10,80.90,5.20,25.00,275.00,0.00,1.80,45200.00,38400.00,15.20,15.20,32.00,25.00,40.00,380.00,110.00,10.00,35.00,100.00,190.00,100.00,20.00,43.20,880.00,960.00,25.00,600000.00
"4620167.00","462","Montréal","0167.00",2453.00,-3.80,11954.20,32.70,69.70,8.10,100.00,955.00,0.00,2.30,30400.00,28600.00,15.00,16.60,26.00,160.00,105.00,1755.00,595.00,15.00,190.00,350.00,760.00,365.00,26.10,35.50,1070.00,1170.00,125.00,750000.00
"4620168.00","462","Montréal","0168.00",2826.00,-2.10,16604.00,33.50,67.40,10.30,140.00,920.00,25.00,2.50,34800.00,31600.00,13.30,14.40,23.00,100.00,210.00,2105.00,560.00,15.00,160.00,415.00,760.00,325.00,22.90,29.80,1330.00,1312.00,180.00,700000.00
"4620169.00","462","Montréal","0169.00",2099.00,-5.30,14249.80,38.70,72.40,12.60,15.00,820.00,0.00,2.20,38400.00,34000.00,10.50,10.40,16.00,70.00,180.00,1545.00,510.00,35.00,115.00,345.00,630.00,225.00,18.80,27.40,1350.00,1375.00,125.00,730000.00
"4620170.00","462","Montréal","0170.00",2098.00,-0.60,13278.50,37.80,76.40,10.50,130.00,910.00,0.00,2.00,34400.00,30800.00,16.10,15.50,29.00,105.00,230.00,1310.00,560.00,20.00,70.00,320.00,745.00,300.00,27.40,28.60,1020.00,1130.00,110.00,800000.00
"4620171.00","462","Montréal","0171.00",4778.00,0.90,9993.70,42.70,71.10,19.20,145.00,1955.00,655.00,1.70,35600.00,32000.00,22.60,18.30,46.20,215.00,595.00,2920.00,1090.00,100.00,225.00,890.00,1890.00,790.00,22.30,31.20,910.00,985.00,220.00,500000.00
"4620172.00","462","Montréal","0172.00",2656.00,6.40,13613.50,34.20,84.70,5.60,10.00,1500.00,85.00,1.60,35600.00,32000.00,21.60,21.80,39.00,200.00,630.00,1420.00,605.00,45.00,105.00,450.00,1130.00,455.00,15.90,35.80,1010.00,1140.00,130.00,420000.00
"4620173.00","462","Montréal","0173.00",2041.00,0.60,11080.30,36.30,80.40,7.80,65.00,1075.00,0.00,1.80,41200.00,36000.00,17.40,18.00,24.00,145.00,260.00,1320.00,460.00,15.00,95.00,380.00,770.00,325.00,21.10,32.70,950.00,1000.00,145.00,500000.00
"4620174.00","462","Montréal","0174.00",2110.00,0.90,9323.90,38.20,78.20,9.70,55.00,1125.00,0.00,1.80,50400.00,42800.00,11.30,10.80,21.00,180.00,160.00,1495.00,515.00,40.00,50.00,525.00,705.00,270.00,15.20,27.10,1040.00,1098.00,90.00,500000.00
"4620175.00","462","Montréal","0175.00",1992.00,0.70,17098.70,38.30,76.90,9.50,50.00,1000.00,0.00,1.80,51600.00,42800.00,11.10,11.40,16.00,150.00,200.00,1320.00,445.00,35.00,40.00,475.00,590.00,210.00,17.90,21.40,1030.00,1116.00,105.00,552000.00
"4620176.00","462","Montréal","0176.00",1643.00,4.50,14527.00,36.20,83.00,7.00,10.00,890.00,0.00,1.80,39600.00,35600.00,13.30,13.50,20.00,85.00,175.00,1100.00,325.00,20.00,45.00,205.00,675.00,230.00,26.80,25.70,1090.00,1190.00,110.00,600000.00
"4620177.00","462","Montréal","0177.00",1342.00,-0.30,13666.00,36.50,80.70,7.10,85.00,655.00,10.00,1.70,45200.00,38400.00,11.20,11.40,22.00,60.00,105.00,975.00,240.00,25.00,30.00,285.00,495.00,175.00,10.50,30.90,960.00,1040.00,80.00,548000.00
"4620178.00","462","Montréal","0178.00",2262.00,-3.90,8180.80,35.80,83.00,6.20,45.00,1255.00,0.00,1.70,36400.00,32800.00,13.70,14.10,24.00,105.00,145.00,1790.00,430.00,45.00,120.00,295.00,1025.00,345.00,17.20,28.80,990.00,1070.00,240.00,500000.00
"4620179.00","462","Montréal","0179.00",3783.00,-0.90,7537.40,36.90,81.10,7.40,215.00,1855.00,85.00,1.70,36400.00,32400.00,17.60,16.80,37.00,110.00,345.00,2830.00,530.00,30.00,105.00,490.00,1695.00,560.00,18.60,27.80,810.00,900.00,350.00,500000.00
"4620180.00","462","Montréal","0180.00",3322.00,-1.70,12573.80,38.20,77.70,9.90,295.00,1590.00,35.00,1.70,36400.00,32400.00,19.10,17.70,36.00,105.00,170.00,2595.00,540.00,35.00,105.00,480.00,1445.00,490.00,26.80,25.40,810.00,872.00,250.00,524000.00
"4620181.00","462","Montréal","0181.00",5881.00,31.60,17571.00,45.00,62.80,25.80,335.00,1580.00,1365.00,1.70,36800.00,32800.00,18.00,15.80,28.40,160.00,250.00,4295.00,885.00,80.00,200.00,780.00,2505.00,1215.00,19.70,42.80,940.00,1119.00,315.00,448000.00
"4620182.00","462","Montréal","0182.00",2099.00,-2.60,15221.20,39.20,71.40,12.60,260.00,750.00,70.00,1.90,40000.00,35200.00,15.60,15.00,30.00,60.00,50.00,1725.00,345.00,35.00,65.00,315.00,815.00,275.00,21.00,25.90,850.00,950.00,110.00,650000.00
"4620183.00","462","Montréal","0183.00",2152.00,-2.40,16327.80,39.60,74.20,12.30,225.00,915.00,55.00,1.80,38800.00,34400.00,16.30,13.20,39.50,90.00,115.00,1705.00,280.00,10.00,65.00,265.00,915.00,320.00,24.50,28.20,870.00,920.00,115.00,452000.00
"4620184.00","462","Montréal","0184.00",2965.00,0.70,13532.60,37.90,72.50,10.80,360.00,1155.00,0.00,1.90,38400.00,34000.00,13.80,13.60,25.00,85.00,80.00,2370.00,435.00,20.00,105.00,510.00,1020.00,385.00,21.80,27.20,870.00,942.00,160.00,552000.00
"4620185.00","462","Montréal","0185.00",5192.00,-0.50,13204.50,39.40,72.40,12.40,560.00,2075.00,45.00,1.90,37600.00,33600.00,16.80,16.00,30.00,195.00,225.00,4140.00,865.00,105.00,200.00,865.00,1900.00,665.00,25.00,23.60,820.00,865.00,300.00,600000.00
"4620186.00","462","Montréal","0186.00",4606.00,1.50,11892.60,39.20,71.40,13.60,255.00,2175.00,5.00,1.90,33200.00,30600.00,19.40,17.80,33.20,230.00,370.00,3170.00,1150.00,150.00,255.00,670.00,1845.00,570.00,14.10,26.10,800.00,836.00,300.00,472000.00
"4620187.01","462","Montréal","0187.01",3339.00,10.10,9127.90,41.80,73.30,16.80,230.00,1000.00,665.00,1.70,39200.00,34400.00,17.50,15.80,30.00,130.00,215.00,2240.00,640.00,55.00,150.00,605.00,1245.00,475.00,20.80,28.30,810.00,884.00,120.00,448000.00
"4620187.03","462","Montréal","0187.03",4751.00,-1.10,13353.00,42.80,65.70,20.10,75.00,2440.00,5.00,1.80,39200.00,34800.00,16.70,12.30,33.20,250.00,130.00,3490.00,1180.00,135.00,285.00,965.00,1680.00,465.00,12.50,20.40,860.00,853.00,160.00,400000.00
"4620187.04","462","Montréal","0187.04",6501.00,14.50,8331.40,40.80,63.60,16.50,60.00,2020.00,20.00,2.30,58000.00,48800.00,8.80,8.00,17.60,215.00,125.00,4710.00,1355.00,70.00,260.00,1775.00,960.00,365.00,9.30,20.90,900.00,1004.00,100.00,552000.00
"4620188.01","462","Montréal","0188.01",2136.00,-2.30,14108.30,39.20,73.30,12.90,175.00,780.00,30.00,1.90,36400.00,32800.00,16.20,15.00,25.00,125.00,140.00,1425.00,605.00,75.00,125.00,360.00,775.00,295.00,22.20,27.90,860.00,890.00,95.00,500000.00
"4620188.02","462","Montréal","0188.02",2605.00,-2.50,11390.50,39.50,72.60,13.80,315.00,910.00,5.00,1.90,36400.00,32400.00,17.30,15.80,29.60,155.00,140.00,1710.00,660.00,75.00,140.00,380.00,950.00,260.00,9.30,23.70,840.00,894.00,140.00,604000.00
"4620189.00","462","Montréal","0189.00",0.00,,0.00,,,,,,,,,,,,,,,,,,,,,,,,,,,
"4620190.01","462","Montréal","0190.01",3688.00,2.50,8126.90,42.40,64.60,19.90,505.00,1235.00,0.00,2.00,38800.00,34400.00,12.80,12.70,13.60,150.00,190.00,2445.00,1150.00,135.00,240.00,710.00,1110.00,380.00,23.60,19.00,840.00,894.00,145.00,600000.00
"4620190.02","462","Montréal","0190.02",4164.00,0.50,3991.60,56.80,47.80,44.80,0.00,300.00,1700.00,1.80,50800.00,42400.00,9.50,9.20,8.40,85.00,175.00,3185.00,645.00,60.00,95.00,1225.00,1025.00,645.00,12.30,48.80,1400.00,1412.00,95.00,500000.00
"4620191.00","462","Montréal","0191.00",6160.00,-0.20,3641.30,42.70,63.60,20.70,575.00,1345.00,600.00,2.10,38000.00,34000.00,14.10,14.00,15.30,405.00,440.00,3970.00,1715.00,255.00,325.00,1115.00,1800.00,580.00,13.90,24.20,900.00,905.00,245.00,600000.00
"4620192.00","462","Montréal","0192.00",3229.00,-1.90,4141.30,50.60,52.10,34.00,15.00,450.00,200.00,2.20,44400.00,38800.00,11.80,10.00,16.00,40.00,95.00,2070.00,540.00,90.00,125.00,805.00,385.00,130.00,10.60,10.70,735.00,752.00,55.00,448000.00
"4620193.00","462","Montréal","0193.00",2197.00,9.70,8303.10,40.70,66.50,15.90,110.00,680.00,0.00,2.20,36800.00,32800.00,11.50,9.40,20.00,95.00,40.00,1440.00,560.00,90.00,100.00,420.00,540.00,175.00,16.90,18.50,840.00,876.00,75.00,500000.00
"4620194.01","462","Montréal","0194.01",5132.00,59.80,8339.30,36.90,60.50,13.70,15.00,820.00,310.00,2.70,51200.00,44400.00,6.10,5.60,18.50,180.00,60.00,3010.00,1540.00,165.00,380.00,1190.00,520.00,160.00,7.90,12.50,790.00,808.00,35.00,400000.00
"4620194.02","462","Montréal","0194.02",4478.00,3.00,7540.00,40.10,61.90,18.50,125.00,1385.00,85.00,2.30,33600.00,30600.00,16.40,14.90,20.80,160.00,130.00,3065.00,1270.00,215.00,340.00,665.00,1285.00,290.00,12.00,16.50,810.00,790.00,125.00,500000.00
"4620195.01","462","Montréal","0195.01",3537.00,1.70,6415.70,50.00,51.10,35.20,180.00,1350.00,0.00,1.90,36400.00,32400.00,13.60,10.30,21.40,115.00,90.00,2160.00,980.00,85.00,225.00,480.00,1190.00,455.00,12.50,33.20,850.00,870.00,85.00,700000.00
"4620195.02","462","Montréal","0195.02",5384.00,-0.10,8974.80,44.30,60.90,23.50,300.00,1890.00,0.00,2.20,31800.00,29400.00,15.90,14.10,21.00,245.00,150.00,3015.00,2010.00,330.00,490.00,765.00,1535.00,410.00,21.70,16.10,790.00,808.00,190.00,700000.00
"4620195.03","462","Montréal","0195.03",4956.00,-0.40,5591.20,43.90,62.90,22.00,385.00,1720.00,10.00,2.20,34400.00,31200.00,12.50,11.60,15.40,230.00,195.00,2885.00,1945.00,210.00,410.00,810.00,1530.00,550.00,20.00,25.30,830.00,880.00,125.00,750000.00
"4620196.00","462","Montréal","0196.00",4065.00,3.10,10037.00,40.90,67.40,16.40,445.00,1610.00,5.00,1.90,36000.00,32400.00,17.30,16.00,24.60,260.00,200.00,2630.00,1240.00,205.00,305.00,575.00,1575.00,500.00,17.40,25.20,780.00,825.00,180.00,600000.00
"4620197.00","462","Montréal","0197.00",4915.00,-2.20,8245.30,41.90,64.60,19.30,500.00,1910.00,5.00,2.00,33200.00,30400.00,17.10,14.80,26.80,280.00,210.00,3045.00,1540.00,125.00,350.00,700.00,1735.00,500.00,17.30,22.00,775.00,825.00,215.00,600000.00
"4620198.00","462","Montréal","0198.00",5025.00,1.70,7771.40,40.20,66.20,16.30,230.00,1730.00,0.00,2.00,34400.00,31000.00,18.20,16.10,32.00,335.00,245.00,3310.00,1435.00,225.00,305.00,750.00,1740.00,550.00,11.30,27.00,790.00,807.00,170.00,600000.00
"4620199.00","462","Montréal","0199.00",2619.00,0.20,11634.80,39.90,70.40,14.10,130.00,1025.00,0.00,2.00,34800.00,31400.00,17.60,16.60,27.20,160.00,135.00,1785.00,755.00,90.00,260.00,450.00,855.00,290.00,20.00,23.40,790.00,838.00,125.00,600000.00
"4620200.00","462","Montréal","0200.00",4579.00,-1.90,14910.50,39.40,68.90,14.00,330.00,1630.00,75.00,2.00,30200.00,28000.00,19.70,18.10,35.20,295.00,365.00,2800.00,1395.00,170.00,375.00,675.00,1650.00,515.00,18.50,23.80,750.00,790.00,200.00,500000.00
"4620201.00","462","Montréal","0201.00",6953.00,-2.30,7411.80,43.40,63.30,22.20,510.00,2295.00,440.00,1.90,29600.00,27600.00,22.40,20.20,37.80,355.00,455.00,4080.00,1855.00,245.00,480.00,810.00,2570.00,980.00,18.00,32.70,785.00,845.00,285.00,620000.00
"4620202.00","462","Montréal","0202.00",4186.00,-0.90,6809.80,43.70,66.70,20.40,365.00,1645.00,115.00,1.80,35600.00,32000.00,18.40,16.10,32.80,120.00,225.00,3095.00,905.00,105.00,210.00,650.00,1645.00,490.00,16.20,23.20,765.00,817.00,205.00,750000.00
"4620203.00","462","Montréal","0203.00",2797.00,3.60,11757.00,40.00,71.60,13.20,365.00,1045.00,0.00,1.90,42800.00,37600.00,13.70,13.50,23.20,105.00,65.00,2255.00,395.00,30.00,75.00,565.00,890.00,325.00,16.10,26.10,850.00,906.00,120.00,650000.00
"4620204.00","462","Montréal","0204.00",2667.00,-0.10,11353.80,39.50,73.00,12.20,235.00,1110.00,5.00,1.90,41600.00,36400.00,11.50,10.50,25.20,30.00,145.00,2320.00,285.00,35.00,50.00,550.00,885.00,340.00,18.30,27.40,800.00,894.00,145.00,650000.00
"4620205.00","462","Montréal","0205.00",2095.00,-0.90,11842.80,40.40,73.30,12.90,305.00,785.00,5.00,1.90,45200.00,39600.00,13.10,13.70,18.00,55.00,110.00,1840.00,255.00,15.00,55.00,455.00,660.00,275.00,16.50,30.80,765.00,842.00,120.00,700000.00
"4620206.00","462","Montréal","0206.00",2530.00,-1.30,10895.80,41.00,71.30,15.60,335.00,970.00,0.00,1.90,42000.00,36800.00,12.90,11.90,19.50,55.00,95.00,2120.00,280.00,15.00,45.00,495.00,845.00,290.00,22.20,21.40,860.00,958.00,145.00,800000.00
"4620207.00","462","Montréal","0207.00",3379.00,1.40,13209.50,40.20,72.20,14.20,380.00,1330.00,50.00,1.80,34400.00,30800.00,19.10,19.10,30.80,90.00,255.00,2440.00,755.00,105.00,150.00,480.00,1355.00,440.00,16.50,26.80,820.00,902.00,175.00,600000.00
"4620208.00","462","Montréal","0208.00",2497.00,1.30,12535.10,39.20,75.40,11.60,240.00,1015.00,10.00,1.80,38000.00,33600.00,14.10,13.90,25.00,75.00,115.00,1795.00,400.00,20.00,95.00,465.00,865.00,335.00,15.10,30.60,870.00,932.00,140.00,600000.00
"4620209.00","462","Montréal","0209.00",6031.00,3.60,9027.10,39.90,72.20,14.60,505.00,2485.00,95.00,1.80,36400.00,32800.00,16.30,15.80,27.20,260.00,400.00,3930.00,1285.00,130.00,275.00,940.00,2220.00,705.00,12.80,26.90,810.00,870.00,315.00,576000.00
"4620210.00","462","Montréal","0210.00",4165.00,5.20,12530.10,37.20,79.60,9.60,180.00,2025.00,135.00,1.70,40400.00,35200.00,17.20,15.00,44.00,190.00,415.00,2810.00,875.00,55.00,160.00,760.00,1615.00,515.00,19.20,23.60,860.00,969.00,225.00,448000.00
"4620211.00","462","Montréal","0211.00",2249.00,-1.40,12742.20,37.90,78.20,10.90,145.00,1140.00,0.00,1.70,38000.00,34000.00,15.80,13.80,41.00,110.00,210.00,1685.00,435.00,20.00,105.00,300.00,1010.00,265.00,11.90,22.90,850.00,964.00,155.00,500000.00
"4620212.00","462","Montréal","0212.00",2523.00,-1.60,13011.90,37.00,77.60,9.10,105.00,1265.00,0.00,1.80,41200.00,36400.00,12.60,13.00,21.00,70.00,195.00,1905.00,420.00,40.00,60.00,430.00,975.00,335.00,14.00,28.50,910.00,1020.00,160.00,528000.00
"4620213.00","462","Montréal","0213.00",2586.00,-2.90,13511.00,38.50,72.90,12.40,165.00,1075.00,60.00,1.90,41600.00,36000.00,11.80,11.30,27.00,100.00,160.00,1870.00,355.00,20.00,50.00,405.00,895.00,295.00,13.40,27.80,860.00,910.00,145.00,600000.00
"4620214.00","462","Montréal","0214.00",2765.00,1.00,10898.70,37.00,77.40,10.80,280.00,975.00,110.00,1.90,36400.00,32800.00,16.60,13.60,49.00,145.00,285.00,1860.00,625.00,75.00,165.00,400.00,1050.00,275.00,12.70,21.10,960.00,1030.00,180.00,600000.00
"4620215.00","462","Montréal","0215.00",3010.00,-0.70,12695.10,39.60,74.10,13.50,105.00,1080.00,460.00,1.80,38800.00,34800.00,17.50,15.20,41.00,120.00,205.00,1955.00,645.00,35.00,125.00,545.00,1110.00,405.00,21.30,26.80,800.00,928.00,115.00,500000.00
"4620216.00","462","Montréal","0216.00",2200.00,-1.50,6697.10,35.80,82.00,6.40,90.00,1130.00,15.00,1.80,37600.00,33200.00,15.80,15.30,28.00,110.00,220.00,1615.00,430.00,25.00,55.00,325.00,940.00,280.00,18.80,23.70,940.00,970.00,140.00,500000.00
"4620217.00","462","Montréal","0217.00",2518.00,-5.00,15495.40,39.20,77.40,11.30,105.00,1105.00,165.00,1.80,37600.00,33600.00,16.90,14.10,45.00,95.00,290.00,1800.00,545.00,30.00,130.00,325.00,1110.00,335.00,18.20,24.50,950.00,990.00,145.00,552000.00
"4620218.00","462","Montréal","0218.00",2877.00,-5.40,10267.70,38.10,81.20,9.60,120.00,1430.00,40.00,1.70,36000.00,32000.00,15.60,14.70,29.20,145.00,245.00,1990.00,625.00,55.00,140.00,370.00,1280.00,470.00,15.10,33.30,990.00,1113.00,155.00,600000.00
"4620219.00","462","Montréal","0219.00",2827.00,1.80,9049.30,39.30,80.60,10.80,140.00,1450.00,5.00,1.70,40800.00,35600.00,14.30,13.50,26.40,90.00,260.00,1795.00,675.00,50.00,145.00,720.00,885.00,320.00,14.10,25.60,960.00,1050.00,135.00,512000.00
"4620220.00","462","Montréal","0220.00",5683.00,-2.00,13514.90,40.70,70.70,16.60,215.00,2145.00,305.00,2.00,21800.00,21400.00,30.80,26.70,48.40,365.00,1150.00,2025.00,2270.00,510.00,620.00,555.00,2145.00,695.00,23.90,27.00,765.00,815.00,275.00,376000.00
"4620221.00","462","Montréal","0221.00",6147.00,2.70,18678.20,39.60,69.70,15.30,370.00,2235.00,115.00,2.20,21600.00,21200.00,31.00,28.90,37.60,320.00,1140.00,2220.00,2785.00,700.00,715.00,575.00,2195.00,745.00,28.10,27.10,735.00,778.00,375.00,552000.00
"4620222.00","462","Montréal","0222.00",3777.00,5.30,18989.40,39.20,67.20,16.20,395.00,940.00,155.00,2.40,22200.00,22000.00,28.90,26.10,37.20,325.00,690.00,1415.00,1675.00,365.00,500.00,415.00,1160.00,400.00,22.90,27.00,800.00,832.00,170.00,600000.00
"4620223.01","462","Montréal","0223.01",4052.00,4.40,28002.80,36.80,70.20,12.10,15.00,1500.00,40.00,2.60,19600.00,19400.00,34.00,32.10,42.00,380.00,1055.00,1005.00,1790.00,485.00,525.00,180.00,1360.00,455.00,36.10,29.10,790.00,814.00,170.00,650000.00
"4620223.02","462","Montréal","0223.02",3353.00,8.70,17177.30,38.20,69.30,14.00,10.00,920.00,185.00,2.60,22000.00,21400.00,27.30,24.20,35.60,225.00,770.00,1195.00,1590.00,325.00,600.00,340.00,970.00,320.00,23.90,25.00,775.00,842.00,110.00,600000.00
"4620224.00","462","Montréal","0224.00",6054.00,2.00,16269.80,39.40,67.10,15.80,320.00,1920.00,160.00,2.50,21200.00,20800.00,28.20,24.20,46.20,465.00,1215.00,2085.00,2725.00,580.00,910.00,390.00,2035.00,545.00,15.60,23.90,770.00,783.00,285.00,600000.00
"4620225.00","462","Montréal","0225.00",1414.00,1.00,2158.80,40.90,69.50,16.30,410.00,245.00,0.00,2.10,34000.00,30600.00,12.70,12.60,16.00,25.00,60.00,975.00,385.00,65.00,115.00,265.00,390.00,140.00,16.70,23.10,880.00,876.00,35.00,695000.00
"4620226.00","462","Montréal","0226.00",2952.00,-6.10,12058.80,37.90,78.30,10.20,390.00,1125.00,0.00,1.90,43600.00,38400.00,10.20,9.60,19.50,70.00,135.00,2285.00,540.00,40.00,155.00,550.00,1025.00,335.00,21.80,21.10,940.00,1010.00,170.00,600000.00
"4620227.00","462","Montréal","0227.00",1561.00,-1.90,13468.50,36.30,74.40,9.00,190.00,560.00,0.00,2.10,45600.00,39200.00,10.00,9.20,20.00,75.00,80.00,1200.00,220.00,0.00,55.00,240.00,510.00,145.00,21.30,18.40,980.00,1020.00,65.00,600000.00
"4620228.00","462","Montréal","0228.00",1628.00,-5.40,14419.80,39.60,71.50,15.00,215.00,530.00,0.00,2.00,42400.00,37600.00,11.10,10.60,18.00,45.00,60.00,1245.00,300.00,30.00,55.00,345.00,430.00,140.00,18.60,17.60,950.00,984.00,65.00,600000.00
"4620229.00","462","Montréal","0229.00",0.00,,0.00,,,,,,,,,,,,,,,,,,,,,,,,,,,
"4620230.00","462","Montréal","0230.00",1858.00,-1.20,16142.50,38.10,74.40,11.10,215.00,725.00,0.00,2.00,39600.00,35200.00,12.10,11.20,21.00,90.00,80.00,1320.00,370.00,25.00,85.00,270.00,645.00,200.00,14.80,24.40,900.00,976.00,90.00,800000.00
"4620231.00","462","Montréal","0231.00",1612.00,-4.50,15574.90,37.50,76.10,9.00,150.00,690.00,0.00,1.90,44400.00,38800.00,11.40,11.60,17.00,55.00,90.00,1260.00,305.00,15.00,80.00,260.00,595.00,170.00,17.30,21.40,920.00,1012.00,85.00,650000.00
"4620232.00","462","Montréal","0232.00",4674.00,25.10,12823.00,40.10,75.70,12.70,200.00,2270.00,75.00,1.80,51600.00,44000.00,11.60,11.40,15.00,230.00,360.00,3325.00,980.00,85.00,180.00,1220.00,1400.00,555.00,19.20,23.60,1100.00,1178.00,195.00,500000.00
"4620233.00","462","Montréal","0233.00",2011.00,-0.30,19355.10,37.90,78.70,12.20,65.00,1000.00,90.00,1.70,31000.00,28800.00,20.40,16.80,43.00,115.00,235.00,1250.00,485.00,55.00,70.00,215.00,940.00,325.00,25.00,29.30,930.00,968.00,100.00,552000.00
"4620234.00","462","Montréal","0234.00",2144.00,-2.00,14360.30,40.60,70.40,17.70,110.00,985.00,80.00,1.70,30200.00,28200.00,24.30,17.80,59.60,85.00,180.00,1340.00,670.00,75.00,150.00,280.00,975.00,300.00,17.50,25.70,780.00,824.00,120.00,552000.00
"4620235.00","462","Montréal","0235.00",1872.00,-5.10,16041.10,36.70,79.40,9.10,180.00,770.00,0.00,1.90,40800.00,36000.00,9.50,8.40,24.00,75.00,105.00,1510.00,275.00,25.00,50.00,295.00,695.00,165.00,12.10,19.60,920.00,990.00,100.00,600000.00
"4620236.00","462","Montréal","0236.00",1776.00,0.90,16490.30,37.90,73.80,13.00,205.00,605.00,90.00,1.90,36400.00,32400.00,15.30,11.40,44.00,75.00,65.00,1295.00,390.00,40.00,95.00,220.00,745.00,215.00,20.50,22.10,830.00,886.00,100.00,700000.00
"4620237.00","462","Montréal","0237.00",3418.00,-0.50,15671.70,37.00,77.50,9.80,360.00,1070.00,265.00,1.90,42400.00,37600.00,11.80,10.30,27.60,175.00,220.00,2600.00,675.00,60.00,140.00,660.00,1185.00,430.00,21.40,24.70,960.00,1040.00,235.00,500000.00
"4620238.00","462","Montréal","0238.00",2338.00,-0.80,14334.80,37.00,74.60,9.80,395.00,680.00,90.00,1.90,42800.00,37200.00,12.50,12.20,21.00,125.00,120.00,1735.00,475.00,50.00,75.00,385.00,785.00,215.00,6.60,23.40,860.00,902.00,130.00,695000.00
"4620239.00","462","Montréal","0239.00",4606.00,-1.90,8498.20,36.80,75.60,10.10,420.00,1685.00,270.00,1.80,33200.00,30000.00,18.40,18.40,29.60,290.00,410.00,2920.00,1210.00,140.00,295.00,620.00,1835.00,550.00,21.80,23.10,830.00,883.00,260.00,600000.00
"4620240.00","462","Montréal","0240.00",3118.00,-3.30,10136.50,40.10,68.90,15.40,75.00,1235.00,105.00,2.00,30400.00,28200.00,19.90,17.70,39.60,180.00,150.00,1800.00,1045.00,125.00,260.00,380.00,1120.00,280.00,16.90,19.60,765.00,766.00,125.00,500000.00
"4620241.00","462","Montréal","0241.00",2791.00,-4.20,13548.50,38.30,70.50,12.70,170.00,1075.00,0.00,2.10,27600.00,26000.00,22.00,20.20,32.50,150.00,140.00,1585.00,1125.00,105.00,390.00,385.00,1015.00,330.00,15.60,26.10,800.00,810.00,125.00,500000.00
"4620242.00","462","Montréal","0242.00",6077.00,-2.90,16402.20,38.90,72.60,13.40,560.00,2260.00,55.00,2.00,28200.00,26400.00,19.70,17.80,33.20,290.00,415.00,3570.00,2090.00,240.00,585.00,655.00,2370.00,750.00,26.00,24.60,820.00,855.00,330.00,556000.00
"4620243.00","462","Montréal","0243.00",3677.00,-6.80,14425.30,38.10,73.30,12.40,375.00,1375.00,5.00,2.10,29200.00,27200.00,17.70,16.20,29.60,320.00,225.00,2145.00,1435.00,240.00,360.00,425.00,1415.00,400.00,20.20,22.40,850.00,894.00,180.00,650000.00
"4620244.00","462","Montréal","0244.00",2064.00,-3.60,11747.30,38.20,74.60,11.90,255.00,795.00,5.00,1.90,34800.00,31800.00,13.60,12.80,25.00,55.00,85.00,1530.00,430.00,25.00,125.00,255.00,785.00,185.00,19.60,17.80,800.00,830.00,135.00,750000.00
"4620245.00","462","Montréal","0245.00",2883.00,-0.10,13122.40,37.80,74.40,12.10,205.00,1230.00,85.00,1.90,34400.00,31400.00,16.50,13.10,47.60,150.00,230.00,1915.00,615.00,30.00,170.00,425.00,1090.00,365.00,21.20,25.70,820.00,904.00,120.00,500000.00
"4620247.00","462","Montréal","0247.00",2148.00,-4.10,11123.80,36.90,77.70,8.80,180.00,910.00,0.00,1.90,42800.00,37600.00,10.80,10.50,23.00,95.00,135.00,1625.00,345.00,35.00,55.00,400.00,730.00,230.00,22.80,19.30,950.00,998.00,120.00,520000.00
"4620249.00","462","Montréal","0249.00",4188.00,-0.10,7900.40,40.70,70.40,15.80,410.00,1350.00,35.00,1.90,33600.00,30400.00,18.10,17.20,26.00,210.00,350.00,2575.00,1280.00,160.00,270.00,745.00,1400.00,505.00,17.60,27.00,755.00,823.00,150.00,675000.00
"4620250.00","462","Montréal","0250.00",3994.00,-1.40,8907.20,40.10,69.90,15.00,320.00,1255.00,0.00,2.10,31600.00,29200.00,17.20,16.00,26.40,175.00,130.00,2450.00,1375.00,200.00,425.00,690.00,1260.00,415.00,20.30,22.10,775.00,832.00,190.00,508000.00
"4620251.01","462","Montréal","0251.01",3669.00,-4.00,7724.20,46.20,59.00,27.10,490.00,755.00,125.00,2.20,25200.00,24200.00,21.30,17.00,38.00,170.00,230.00,1600.00,1625.00,220.00,535.00,485.00,1055.00,270.00,17.70,17.90,785.00,802.00,120.00,580000.00
"4620251.02","462","Montréal","0251.02",2649.00,-2.70,11210.30,39.60,72.80,12.90,180.00,985.00,0.00,2.10,23400.00,22600.00,26.20,25.80,33.50,175.00,245.00,1120.00,1140.00,220.00,325.00,285.00,935.00,355.00,23.20,31.50,730.00,802.00,145.00,400000.00
"4620252.00","462","Montréal","0252.00",5186.00,-1.40,15937.30,38.90,69.70,13.30,345.00,1825.00,10.00,2.20,25400.00,24200.00,22.60,22.20,29.60,435.00,415.00,2445.00,2320.00,390.00,650.00,575.00,1780.00,645.00,20.40,29.60,810.00,863.00,220.00,448000.00
"4620253.00","462","Montréal","0253.00",3598.00,4.70,7852.50,36.70,70.90,10.30,220.00,1285.00,0.00,2.30,27600.00,26200.00,21.80,20.00,29.20,240.00,250.00,1690.00,1570.00,290.00,535.00,635.00,945.00,350.00,17.50,25.80,800.00,820.00,150.00,300000.00
"4620254.00","462","Montréal","0254.00",4029.00,-1.00,6563.00,40.60,68.10,15.60,80.00,1255.00,0.00,2.20,27400.00,25600.00,20.60,20.20,22.80,245.00,375.00,1980.00,1735.00,315.00,420.00,650.00,1150.00,435.00,15.50,29.40,750.00,812.00,190.00,480000.00
"4620256.00","462","Montréal","0256.00",3877.00,2.80,2104.00,38.30,68.50,13.20,530.00,890.00,0.00,2.50,25200.00,24200.00,21.30,19.10,30.40,250.00,455.00,1600.00,1880.00,475.00,695.00,530.00,975.00,350.00,26.70,21.20,795.00,822.00,135.00,400000.00
"4620257.00","462","Montréal","0257.00",4500.00,-0.40,3438.30,38.90,63.90,16.10,740.00,950.00,0.00,2.60,23800.00,23200.00,20.60,16.60,34.80,285.00,340.00,1765.00,2295.00,580.00,825.00,480.00,1235.00,320.00,24.20,16.10,780.00,796.00,130.00,476000.00
"4620258.00","462","Montréal","0258.00",5314.00,2.90,13429.40,33.50,63.30,8.80,145.00,1465.00,0.00,2.90,24200.00,23600.00,29.30,25.70,34.00,545.00,220.00,2485.00,2710.00,610.00,920.00,335.00,1515.00,275.00,11.90,15.60,740.00,742.00,210.00,400000.00
"4620259.00","462","Montréal","0259.00",6349.00,6.40,17127.10,35.10,65.90,10.60,330.00,2115.00,0.00,2.60,24000.00,23000.00,26.60,23.50,32.40,660.00,900.00,2400.00,3040.00,595.00,1135.00,365.00,2110.00,570.00,23.30,23.20,755.00,794.00,290.00,500000.00
"4620260.00","462","Montréal","0260.00",2338.00,1.10,4364.40,37.70,67.50,12.80,260.00,555.00,0.00,2.60,24600.00,23800.00,20.70,18.40,25.00,105.00,230.00,975.00,1025.00,185.00,355.00,245.00,640.00,190.00,16.70,21.90,810.00,836.00,80.00,448000.00
"4620261.00","462","Montréal","0261.00",2858.00,5.30,4761.70,38.10,65.70,13.80,435.00,660.00,0.00,2.50,25600.00,24400.00,20.40,17.40,30.40,120.00,340.00,1340.00,1355.00,285.00,440.00,400.00,760.00,290.00,21.30,27.30,780.00,832.00,95.00,500000.00
"4620262.00","462","Montréal","0262.00",4866.00,7.50,6336.80,37.80,65.00,14.20,610.00,1160.00,0.00,2.70,25600.00,24600.00,20.00,17.20,27.00,250.00,415.00,1965.00,2425.00,445.00,800.00,630.00,1240.00,360.00,23.00,17.60,800.00,802.00,185.00,448000.00
"4620263.00","462","Montréal","0263.00",4135.00,1.20,5483.40,41.10,62.90,19.10,660.00,1015.00,0.00,2.40,26000.00,25000.00,18.90,14.00,37.20,215.00,135.00,1990.00,1950.00,415.00,585.00,485.00,1255.00,325.00,20.80,17.70,800.00,796.00,135.00,500000.00
"4620264.01","462","Montréal","0264.01",5369.00,-2.90,4375.70,43.70,58.80,24.60,390.00,1250.00,385.00,2.20,40800.00,36000.00,10.80,9.70,12.80,105.00,70.00,3965.00,1090.00,165.00,305.00,920.00,1525.00,425.00,8.10,23.30,810.00,844.00,95.00,600000.00
"4620264.02","462","Montréal","0264.02",5432.00,3.50,5953.50,46.50,62.40,26.40,5.00,1690.00,775.00,1.90,46000.00,39600.00,11.90,9.20,18.20,170.00,80.00,3410.00,1415.00,260.00,345.00,1530.00,1100.00,440.00,12.80,21.80,840.00,888.00,90.00,400000.00
"4620265.00","462","Montréal","0265.00",4561.00,-0.10,9452.80,39.40,70.90,14.40,335.00,1680.00,5.00,2.10,38000.00,34000.00,10.00,10.10,15.60,120.00,230.00,3195.00,1010.00,170.00,250.00,765.00,1450.00,445.00,19.70,20.30,870.00,933.00,220.00,580000.00
"4620266.00","462","Montréal","0266.00",3195.00,-4.80,4243.60,39.50,71.70,15.30,160.00,1335.00,165.00,1.90,31000.00,28400.00,20.30,16.00,46.00,165.00,210.00,1975.00,950.00,180.00,235.00,395.00,1255.00,300.00,17.70,18.90,785.00,808.00,145.00,500000.00
"4620267.00","462","Montréal","0267.00",6463.00,2.00,5718.00,40.10,67.50,15.50,460.00,2010.00,195.00,2.40,28800.00,27000.00,16.00,14.70,22.60,265.00,515.00,3115.00,2840.00,510.00,725.00,1110.00,1655.00,630.00,23.80,22.50,830.00,873.00,190.00,600000.00
"4620268.01","462","Montréal","0268.01",6525.00,-3.70,11351.80,43.10,61.70,21.60,0.00,715.00,2060.00,2.20,28400.00,26800.00,19.40,16.40,31.10,1105.00,215.00,2295.00,3915.00,1070.00,580.00,1350.00,1605.00,620.00,15.60,25.70,900.00,935.00,125.00,276000.00
"4620268.02","462","Montréal","0268.02",6170.00,10.20,20376.50,37.30,68.60,11.80,5.00,540.00,1910.00,2.40,28600.00,27200.00,18.60,15.50,33.20,1185.00,145.00,2025.00,3985.00,1315.00,775.00,1135.00,1395.00,605.00,18.60,28.50,970.00,1002.00,50.00,324000.00
"4620268.03","462","Montréal","0268.03",489.00,,384.30,40.40,78.60,14.30,0.00,275.00,0.00,1.80,38400.00,33200.00,19.20,19.00,24.00,45.00,10.00,185.00,180.00,50.00,45.00,0.00,230.00,120.00,,51.10,1530.00,1570.00,0.00,
"4620269.00","462","Montréal","0269.00",4521.00,9.30,5788.70,36.50,68.80,11.60,245.00,1675.00,95.00,2.10,30000.00,28000.00,23.00,22.80,29.20,365.00,565.00,2270.00,1635.00,280.00,470.00,480.00,1640.00,495.00,15.50,26.00,800.00,865.00,145.00,750000.00
"4620270.00","462","Montréal","0270.00",4739.00,4.60,6967.10,40.80,70.50,16.20,600.00,1415.00,385.00,1.90,37200.00,33600.00,16.10,16.50,20.40,270.00,360.00,3285.00,1155.00,185.00,295.00,860.00,1690.00,570.00,17.90,24.30,780.00,868.00,170.00,600000.00
"4620271.00","462","Montréal","0271.00",3477.00,0.70,7281.70,40.30,68.70,15.10,355.00,950.00,0.00,2.10,46000.00,39600.00,9.10,7.80,15.40,40.00,110.00,2925.00,590.00,65.00,140.00,855.00,800.00,230.00,10.10,19.00,940.00,988.00,145.00,600000.00
"4620272.00","462","Montréal","0272.00",3715.00,-2.10,7394.50,40.80,64.40,17.50,180.00,1345.00,0.00,2.00,36400.00,32800.00,16.90,16.80,19.60,245.00,220.00,2395.00,1155.00,110.00,265.00,590.00,1245.00,365.00,11.90,24.10,755.00,798.00,190.00,600000.00
"4620273.00","462","Montréal","0273.00",4752.00,2.00,8369.10,43.00,63.30,20.50,640.00,1520.00,0.00,2.00,35600.00,32400.00,13.20,11.40,22.20,275.00,195.00,2605.00,1760.00,205.00,390.00,855.00,1400.00,550.00,23.50,25.00,820.00,882.00,125.00,552000.00
"4620274.00","462","Montréal","0274.00",3133.00,3.90,6540.70,41.80,61.70,19.80,520.00,710.00,70.00,2.30,29400.00,27800.00,17.70,14.30,28.60,180.00,90.00,1605.00,1420.00,240.00,315.00,465.00,905.00,275.00,20.40,20.10,810.00,816.00,125.00,600000.00
"4620275.00","462","Montréal","0275.00",4158.00,3.70,6722.70,42.00,65.30,17.90,395.00,1465.00,0.00,2.00,34800.00,31800.00,17.10,16.30,20.00,185.00,235.00,2660.00,1245.00,155.00,320.00,705.00,1345.00,550.00,24.10,28.20,800.00,872.00,205.00,600000.00
"4620276.00","462","Montréal","0276.00",5123.00,0.20,6068.50,40.90,66.00,16.70,435.00,1840.00,95.00,2.00,35200.00,31800.00,19.10,16.80,30.40,300.00,320.00,3260.00,1505.00,275.00,340.00,805.00,1765.00,510.00,19.40,19.90,755.00,806.00,210.00,600000.00
"4620277.00","462","Montréal","0277.00",4350.00,-1.40,7773.40,46.40,58.60,27.10,150.00,1565.00,100.00,1.90,32800.00,30200.00,20.60,19.10,29.40,310.00,330.00,2390.00,1075.00,245.00,230.00,600.00,1480.00,535.00,12.50,31.60,760.00,803.00,255.00,695000.00
"4620278.00","462","Montréal","0278.00",4229.00,-2.60,7177.50,40.70,65.70,17.10,545.00,1230.00,95.00,2.00,40800.00,36000.00,14.40,13.40,21.20,210.00,210.00,3180.00,925.00,95.00,175.00,745.00,1345.00,425.00,14.20,23.70,810.00,898.00,185.00,700000.00
"4620279.00","462","Montréal","0279.00",4954.00,-5.80,5274.70,47.70,59.40,28.20,415.00,1235.00,360.00,2.00,42400.00,37200.00,15.40,13.60,26.80,270.00,150.00,2960.00,1180.00,140.00,260.00,770.00,1435.00,440.00,15.60,22.00,800.00,866.00,125.00,750000.00
"4620280.00","462","Montréal","0280.00",4621.00,2.80,7792.60,38.50,66.90,13.10,385.00,1370.00,5.00,2.10,40000.00,35200.00,14.70,15.70,16.80,245.00,330.00,2965.00,1360.00,210.00,360.00,780.00,1410.00,460.00,16.60,23.40,755.00,798.00,200.00,755000.00
"4620281.00","462","Montréal","0281.00",3756.00,-4.00,3464.30,43.20,68.80,18.50,375.00,720.00,5.00,2.10,52000.00,44000.00,7.60,6.70,10.80,75.00,105.00,2460.00,560.00,65.00,135.00,845.00,605.00,190.00,10.10,16.70,830.00,896.00,100.00,700000.00
"4620282.00","462","Montréal","0282.00",6549.00,-6.90,4927.00,42.50,63.50,19.80,325.00,1585.00,235.00,2.30,30600.00,28600.00,17.00,15.00,23.60,490.00,205.00,3305.00,2825.00,530.00,625.00,1125.00,1660.00,580.00,14.60,25.20,790.00,822.00,180.00,600000.00
"4620283.01","462","Montréal","0283.01",4058.00,10.80,6670.00,49.30,54.10,32.00,290.00,660.00,0.00,2.60,28800.00,27000.00,11.90,9.40,20.20,235.00,90.00,1620.00,1910.00,270.00,330.00,770.00,575.00,255.00,19.10,19.10,820.00,912.00,100.00,700000.00
"4620283.02","462","Montréal","0283.02",2891.00,1.30,6158.90,44.30,61.20,23.40,215.00,785.00,0.00,2.40,26800.00,25400.00,18.00,15.10,27.60,310.00,25.00,1210.00,1590.00,420.00,240.00,485.00,730.00,290.00,21.60,26.00,790.00,836.00,60.00,700000.00
"4620284.00","462","Montréal","0284.00",3489.00,0.60,6002.10,43.80,61.00,22.80,40.00,1095.00,95.00,2.20,31000.00,28400.00,17.20,14.30,27.40,245.00,70.00,1825.00,1655.00,310.00,335.00,690.00,930.00,390.00,23.90,24.70,755.00,814.00,125.00,715000.00
"4620285.00","462","Montréal","0285.00",6335.00,-3.70,4202.90,43.40,59.60,22.20,230.00,1260.00,5.00,2.50,31800.00,29400.00,17.10,16.20,20.00,500.00,415.00,2780.00,2600.00,380.00,695.00,1050.00,1275.00,500.00,16.70,25.70,765.00,806.00,250.00,552000.00
"4620286.00","462","Montréal","0286.00",5433.00,2.40,6852.10,36.40,64.70,12.10,145.00,710.00,560.00,2.70,27200.00,26000.00,21.20,19.40,25.60,725.00,405.00,2220.00,2805.00,500.00,570.00,730.00,1290.00,390.00,13.80,22.60,765.00,832.00,165.00,500000.00
"4620287.01","462","Montréal","0287.01",6636.00,-0.10,12392.20,36.20,67.70,10.60,110.00,2810.00,95.00,2.10,26200.00,24800.00,27.60,26.20,39.60,900.00,830.00,2395.00,3355.00,765.00,925.00,575.00,2575.00,780.00,17.50,26.80,740.00,775.00,330.00,376000.00
"4620287.02","462","Montréal","0287.02",4740.00,2.10,4310.30,43.10,57.80,23.60,50.00,1050.00,10.00,2.60,34000.00,31400.00,14.40,11.30,27.20,145.00,75.00,2505.00,2000.00,300.00,355.00,845.00,915.00,400.00,14.90,30.20,920.00,910.00,145.00,755000.00
"4620288.00","462","Montréal","0288.00",1473.00,-3.00,793.60,48.90,51.70,32.00,5.00,0.00,0.00,3.10,56000.00,46000.00,3.60,3.20,5.00,0.00,0.00,810.00,450.00,20.00,75.00,415.00,0.00,60.00,14.60,,,,35.00,1000000.00
"4620290.01","462","Montréal","0290.01",2713.00,2.20,2253.10,40.90,64.90,16.40,15.00,430.00,0.00,2.60,38000.00,34000.00,9.40,6.70,25.20,25.00,25.00,1740.00,930.00,135.00,210.00,735.00,320.00,145.00,12.30,16.90,800.00,880.00,30.00,500000.00
"4620290.02","462","Montréal","0290.02",5711.00,-0.50,3173.70,44.00,64.30,21.40,0.00,1095.00,0.00,2.60,32800.00,30400.00,8.40,5.40,19.40,110.00,45.00,3550.00,2105.00,165.00,485.00,1515.00,720.00,315.00,11.60,19.70,750.00,804.00,90.00,448000.00
"4620290.03","462","Montréal","0290.03",4263.00,2.20,6671.40,41.90,63.80,19.10,5.00,1345.00,0.00,2.40,32400.00,29600.00,13.50,10.50,21.40,130.00,105.00,2425.00,1745.00,320.00,355.00,935.00,835.00,275.00,14.40,17.60,830.00,842.00,75.00,320000.00
"4620290.04","462","Montréal","0290.04",6876.00,-0.20,2431.20,41.20,66.40,16.80,105.00,910.00,0.00,2.70,34800.00,31600.00,8.60,6.40,16.80,195.00,95.00,4310.00,2465.00,275.00,720.00,1740.00,770.00,395.00,12.60,22.40,870.00,926.00,140.00,400000.00
"4620290.05","462","Montréal","0290.05",5156.00,1.10,2341.70,52.60,50.00,38.70,25.00,785.00,795.00,2.10,32000.00,30000.00,11.70,7.40,18.70,85.00,100.00,3240.00,1490.00,140.00,415.00,1080.00,1245.00,920.00,12.00,63.20,1380.00,1364.00,135.00,376000.00
"4620290.06","462","Montréal","0290.06",5326.00,-1.00,5943.50,43.60,60.70,22.80,40.00,820.00,0.00,2.60,31400.00,29000.00,11.20,8.80,16.60,115.00,35.00,2960.00,2325.00,200.00,590.00,1245.00,780.00,325.00,11.70,23.20,800.00,802.00,135.00,448000.00
"4620290.07","462","Montréal","0290.07",4010.00,-2.70,6881.80,42.00,63.00,19.30,10.00,750.00,0.00,2.50,33200.00,30400.00,12.20,8.80,23.80,40.00,50.00,2620.00,1340.00,130.00,375.00,895.00,680.00,245.00,9.60,23.40,755.00,744.00,55.00,452000.00
"4620290.08","462","Montréal","0290.08",4111.00,0.90,3664.00,44.20,63.30,22.10,80.00,405.00,0.00,2.70,36400.00,32800.00,6.80,5.30,12.40,90.00,25.00,2465.00,1580.00,170.00,425.00,1185.00,365.00,230.00,12.70,22.20,830.00,936.00,95.00,448000.00
"4620290.09","462","Montréal","0290.09",4930.00,0.40,4623.00,42.90,62.40,21.40,15.00,500.00,70.00,2.80,33200.00,30000.00,11.40,7.20,21.20,35.00,50.00,2980.00,1905.00,175.00,520.00,1325.00,455.00,240.00,10.50,22.20,670.00,772.00,85.00,400000.00
"4620291.01","462","Montréal","0291.01",3900.00,-0.60,3979.20,40.70,66.80,16.30,55.00,380.00,0.00,2.80,34800.00,31600.00,6.80,4.70,18.40,45.00,40.00,2445.00,1410.00,255.00,495.00,1115.00,290.00,175.00,10.80,19.00,685.00,765.00,95.00,360000.00
"4620291.03","462","Montréal","0291.03",5854.00,9.40,846.80,36.80,69.80,9.10,105.00,305.00,25.00,3.00,46400.00,40000.00,4.20,3.30,11.20,40.00,15.00,4365.00,1380.00,185.00,380.00,1665.00,285.00,200.00,8.70,19.30,960.00,1080.00,80.00,480000.00
"4620291.04","462","Montréal","0291.04",5222.00,-0.20,1628.90,36.80,72.60,7.70,20.00,90.00,0.00,3.20,45200.00,39200.00,3.20,2.50,10.00,55.00,35.00,3370.00,1240.00,145.00,345.00,1305.00,150.00,155.00,9.20,20.00,900.00,920.00,60.00,400000.00
"4620300.00","462","Montréal","0300.00",2797.00,3.60,5409.00,44.90,72.10,20.20,75.00,1060.00,220.00,1.70,28000.00,26400.00,24.10,20.50,50.00,140.00,235.00,1350.00,605.00,85.00,105.00,220.00,1100.00,340.00,20.50,26.90,820.00,854.00,120.00,376000.00
"4620301.00","462","Montréal","0301.00",5191.00,3.70,12377.20,40.70,73.90,15.10,185.00,2375.00,5.00,1.90,39200.00,34400.00,14.80,12.60,30.00,220.00,250.00,3540.00,1375.00,125.00,275.00,955.00,1795.00,510.00,13.50,21.60,890.00,955.00,240.00,420000.00
"4620302.00","462","Montréal","0302.00",2923.00,-0.10,14168.70,36.80,77.80,8.50,205.00,1310.00,5.00,1.90,36800.00,32800.00,16.90,15.50,35.50,140.00,265.00,1990.00,530.00,45.00,85.00,425.00,1120.00,380.00,15.30,28.50,870.00,920.00,165.00,500000.00
"4620303.00","462","Montréal","0303.00",2376.00,3.70,9061.80,37.50,76.60,9.90,135.00,995.00,110.00,1.90,34800.00,31400.00,19.20,16.40,49.00,105.00,160.00,1835.00,515.00,40.00,115.00,405.00,890.00,280.00,18.50,22.50,880.00,912.00,165.00,484000.00
"4620304.00","462","Montréal","0304.00",3191.00,-2.60,11902.30,41.40,69.70,17.20,170.00,1140.00,385.00,1.80,35200.00,31600.00,21.70,18.30,42.40,195.00,265.00,1970.00,860.00,65.00,185.00,545.00,1230.00,405.00,21.30,23.70,840.00,844.00,130.00,428000.00
"4620305.00","462","Montréal","0305.00",3973.00,5.60,11351.40,40.60,74.40,15.00,245.00,1470.00,460.00,1.80,36800.00,33200.00,17.00,15.70,22.40,225.00,350.00,2620.00,905.00,55.00,170.00,815.00,1400.00,555.00,22.70,26.80,860.00,917.00,225.00,448000.00
"4620306.00","462","Montréal","0306.00",2781.00,-2.30,12371.00,38.90,75.00,12.80,190.00,985.00,235.00,1.80,34800.00,31400.00,16.60,14.40,29.60,150.00,215.00,2225.00,460.00,75.00,85.00,320.00,1210.00,340.00,17.50,24.20,940.00,946.00,190.00,548000.00
"4620307.00","462","Montréal","0307.00",3032.00,-1.50,17455.40,36.90,80.40,8.30,180.00,1410.00,0.00,1.90,31400.00,29000.00,17.90,16.20,35.50,140.00,215.00,2120.00,620.00,80.00,145.00,220.00,1400.00,405.00,18.60,25.80,940.00,964.00,280.00,448000.00
"4620308.00","462","Montréal","0308.00",2688.00,-0.20,15457.20,36.40,78.30,8.70,175.00,1120.00,0.00,2.00,35200.00,31400.00,16.80,13.80,37.00,65.00,250.00,1980.00,395.00,35.00,90.00,165.00,1200.00,270.00,17.60,20.00,920.00,952.00,150.00,500000.00
"4620309.00","462","Montréal","0309.00",1352.00,-0.90,7347.80,39.80,70.40,13.30,85.00,420.00,0.00,2.10,39600.00,35600.00,8.60,8.00,17.00,35.00,65.00,1245.00,225.00,20.00,60.00,270.00,365.00,120.00,16.70,20.50,960.00,996.00,85.00,600000.00
"4620310.00","462","Montréal","0310.00",3393.00,0.20,7949.90,39.80,68.60,14.40,1150.00,245.00,0.00,2.10,41200.00,36000.00,11.80,10.40,20.80,55.00,95.00,2855.00,340.00,30.00,80.00,550.00,1025.00,370.00,13.50,28.40,910.00,958.00,150.00,695000.00
"4620311.00","462","Montréal","0311.00",4092.00,2.20,11468.60,41.20,68.50,18.10,655.00,1180.00,135.00,1.90,34400.00,31200.00,17.10,14.40,37.60,160.00,210.00,3150.00,555.00,50.00,135.00,405.00,1650.00,420.00,21.00,20.20,860.00,920.00,270.00,600000.00
"4620312.00","462","Montréal","0312.00",3162.00,-2.40,10243.00,41.40,67.10,17.10,975.00,410.00,135.00,2.00,38000.00,33600.00,16.30,12.40,32.80,70.00,70.00,2745.00,335.00,15.00,90.00,435.00,1165.00,340.00,14.90,23.70,900.00,916.00,115.00,604000.00
"4620313.00","462","Montréal","0313.00",3221.00,-0.90,8048.50,41.80,67.10,16.80,1265.00,190.00,0.00,2.10,40800.00,36400.00,10.00,8.10,17.60,95.00,95.00,2750.00,470.00,70.00,95.00,520.00,1025.00,305.00,18.40,20.00,960.00,1004.00,145.00,600000.00
"4620314.00","462","Montréal","0314.00",2448.00,-0.70,9525.30,41.60,66.90,17.40,1105.00,20.00,5.00,2.10,42000.00,36800.00,9.80,8.20,15.60,60.00,60.00,1965.00,300.00,30.00,100.00,325.00,780.00,225.00,10.90,23.90,940.00,970.00,85.00,700000.00
"4620315.00","462","Montréal","0315.00",15.00,-93.80,18.60,,,,,,,,,,,,,,,,,,,,,,,,,,,
"4620316.00","462","Montréal","0316.00",2174.00,-2.90,3787.50,42.80,62.50,17.90,235.00,40.00,0.00,2.40,57200.00,48000.00,5.90,5.40,11.00,45.00,10.00,1715.00,345.00,15.00,55.00,700.00,160.00,125.00,11.40,32.30,930.00,1080.00,55.00,695000.00
"4620317.03","462","Montréal","0317.03",4450.00,2.30,5504.00,45.40,62.70,22.50,20.00,410.00,1225.00,2.00,64500.00,52400.00,9.00,7.90,10.00,185.00,95.00,2990.00,1370.00,60.00,210.00,1845.00,385.00,445.00,16.40,39.00,1800.00,1770.00,100.00,552000.00
"4620317.05","462","Montréal","0317.05",3545.00,0.90,7615.50,38.30,64.70,14.00,0.00,630.00,455.00,2.40,36800.00,33200.00,15.50,14.60,18.40,490.00,425.00,1570.00,1575.00,110.00,215.00,275.00,1245.00,505.00,20.40,36.40,1250.00,1388.00,95.00,1200000.00
"4620317.06","462","Montréal","0317.06",4943.00,5.90,4344.30,48.20,59.30,28.00,0.00,310.00,1665.00,2.00,54800.00,45200.00,14.30,14.80,11.40,355.00,270.00,2625.00,1800.00,125.00,240.00,1375.00,955.00,685.00,25.50,35.30,1220.00,1548.00,75.00,800000.00
"4620317.07","462","Montréal","0317.07",5410.00,19.90,5335.80,50.70,55.50,33.80,125.00,195.00,2115.00,1.90,61600.00,50000.00,10.50,11.70,6.90,380.00,225.00,3000.00,1940.00,110.00,275.00,2045.00,640.00,835.00,26.00,48.40,1920.00,1980.00,135.00,552000.00
"4620317.08","462","Montréal","0317.08",3220.00,-5.80,11410.30,41.00,62.00,19.10,0.00,480.00,815.00,2.10,38400.00,34400.00,16.10,15.50,16.40,320.00,455.00,1350.00,1395.00,185.00,225.00,380.00,1160.00,470.00,19.70,34.30,1150.00,1264.00,105.00,552000.00
"4620320.00","462","Montréal","0320.00",4814.00,2.80,7008.30,40.90,64.80,17.30,1675.00,210.00,5.00,2.20,39200.00,34800.00,12.00,10.80,17.20,125.00,95.00,3760.00,890.00,90.00,255.00,1055.00,1140.00,415.00,13.80,23.50,850.00,910.00,200.00,600000.00
"4620321.00","462","Montréal","0321.00",2918.00,-0.10,2644.30,40.50,68.50,15.10,940.00,265.00,5.00,2.10,36800.00,33200.00,14.80,13.40,21.20,115.00,115.00,2195.00,650.00,115.00,125.00,560.00,825.00,265.00,17.00,20.60,820.00,878.00,145.00,500000.00
"4620322.02","462","Montréal","0322.02",3840.00,-0.30,4938.30,42.80,64.80,19.00,905.00,310.00,0.00,2.30,39600.00,35200.00,10.50,9.00,15.20,130.00,140.00,2510.00,1225.00,170.00,270.00,800.00,885.00,305.00,15.00,21.00,860.00,908.00,155.00,600000.00
"4620322.03","462","Montréal","0322.03",4936.00,3.90,6455.70,45.30,60.30,25.20,1340.00,670.00,250.00,2.00,32400.00,30000.00,16.40,13.80,22.40,230.00,190.00,3495.00,1295.00,215.00,295.00,595.00,1820.00,595.00,15.00,27.90,870.00,892.00,200.00,700000.00
"4620322.04","462","Montréal","0322.04",3357.00,0.40,7357.00,54.60,49.30,41.10,725.00,380.00,0.00,2.00,32400.00,29600.00,17.80,12.30,31.40,55.00,35.00,1920.00,840.00,85.00,115.00,625.00,800.00,280.00,14.50,23.80,755.00,778.00,85.00,700000.00
"4620323.00","462","Montréal","0323.00",3118.00,8.90,5007.20,45.00,60.60,23.90,1070.00,250.00,0.00,2.10,36800.00,32800.00,14.70,12.60,16.80,125.00,115.00,1995.00,740.00,105.00,135.00,415.00,960.00,300.00,22.90,20.90,860.00,902.00,90.00,600000.00
"4620324.01","462","Montréal","0324.01",4734.00,-3.30,7019.60,40.50,66.90,16.30,1425.00,500.00,5.00,2.30,30600.00,28200.00,17.80,16.70,17.60,290.00,480.00,2680.00,1595.00,275.00,430.00,675.00,1350.00,475.00,19.90,25.50,870.00,938.00,160.00,650000.00
"4620324.02","462","Montréal","0324.02",2894.00,3.10,4290.60,39.40,66.00,16.20,715.00,345.00,0.00,2.40,32000.00,29200.00,14.10,13.70,17.60,190.00,270.00,1415.00,1135.00,240.00,295.00,455.00,755.00,225.00,13.50,21.60,795.00,846.00,85.00,576000.00
"4620325.01","462","Montréal","0325.01",3818.00,2.80,9712.50,40.90,63.30,19.00,905.00,515.00,0.00,2.60,27600.00,26200.00,14.30,13.30,18.80,205.00,285.00,1935.00,1515.00,265.00,450.00,480.00,1015.00,295.00,22.70,18.30,860.00,898.00,110.00,600000.00
"4620325.02","462","Montréal","0325.02",6728.00,2.30,6870.90,40.80,63.70,19.20,810.00,1730.00,150.00,2.40,27000.00,25600.00,18.40,16.40,22.00,525.00,655.00,3435.00,2550.00,560.00,645.00,795.00,2030.00,625.00,20.40,23.10,900.00,918.00,190.00,600000.00
"4620325.03","462","Montréal","0325.03",3758.00,1.50,8048.80,41.30,64.20,19.10,825.00,690.00,10.00,2.40,30200.00,28000.00,13.20,11.00,18.00,220.00,230.00,1935.00,1585.00,265.00,360.00,585.00,940.00,305.00,17.10,21.40,950.00,964.00,135.00,650000.00
"4620325.05","462","Montréal","0325.05",9824.00,40.40,10757.80,45.60,62.80,25.40,990.00,985.00,1945.00,2.10,32400.00,30000.00,20.30,19.80,21.00,805.00,965.00,3865.00,4110.00,305.00,825.00,2455.00,1905.00,1560.00,31.60,42.60,1200.00,1220.00,140.00,424000.00
"4620325.06","462","Montréal","0325.06",4838.00,14.50,6270.10,43.70,65.80,21.10,340.00,1415.00,0.00,2.10,37600.00,33600.00,11.10,10.30,13.40,255.00,295.00,2840.00,1710.00,105.00,310.00,1465.00,820.00,515.00,18.20,30.90,1020.00,1114.00,85.00,424000.00
"4620326.01","462","Montréal","0326.01",2894.00,2.60,1143.40,40.80,67.20,17.60,1105.00,5.00,0.00,2.50,30200.00,27800.00,13.50,12.70,13.60,140.00,365.00,1555.00,960.00,205.00,250.00,285.00,880.00,270.00,32.10,20.90,910.00,948.00,105.00,750000.00
"4620326.02","462","Montréal","0326.02",3778.00,11.60,3485.90,42.30,66.30,18.50,1130.00,380.00,5.00,2.20,31000.00,28400.00,17.00,16.50,23.20,240.00,350.00,1920.00,1360.00,310.00,345.00,500.00,1150.00,350.00,19.80,21.80,820.00,866.00,100.00,500000.00
"4620326.03","462","Montréal","0326.03",5000.00,0.50,3803.10,40.40,66.60,17.50,1170.00,375.00,5.00,2.60,28600.00,26800.00,14.80,13.40,19.60,495.00,475.00,2315.00,2215.00,330.00,615.00,740.00,1190.00,405.00,17.10,23.90,900.00,922.00,155.00,600000.00
"4620327.00","462","Montréal","0327.00",4891.00,3.30,4436.30,40.80,65.60,17.40,1675.00,290.00,0.00,2.30,31200.00,28800.00,17.80,16.40,20.20,285.00,210.00,2960.00,1595.00,245.00,360.00,770.00,1370.00,480.00,19.50,24.30,840.00,877.00,190.00,500000.00
"4620328.00","462","Montréal","0328.00",1874.00,-3.40,4277.60,38.00,60.80,15.70,10.00,745.00,0.00,2.40,23000.00,22800.00,28.10,23.00,52.00,95.00,55.00,870.00,975.00,205.00,295.00,0.00,770.00,130.00,,16.30,665.00,682.00,95.00,
"4620329.00","462","Montréal","0329.00",4221.00,15.00,6557.40,38.50,67.20,13.40,695.00,925.00,0.00,2.20,38400.00,34000.00,14.80,13.70,17.20,260.00,250.00,2715.00,1375.00,195.00,305.00,770.00,1145.00,420.00,14.20,26.80,850.00,940.00,220.00,540000.00
"4620330.00","462","Montréal","0330.00",5484.00,4.70,2658.80,38.80,68.90,13.00,425.00,1460.00,110.00,2.20,29800.00,27800.00,19.30,16.40,34.80,205.00,335.00,3610.00,1530.00,180.00,420.00,750.00,1725.00,560.00,14.20,26.80,810.00,864.00,255.00,440000.00
"4620340.00","462","Montréal","0340.00",5115.00,1.30,3737.90,41.20,62.90,18.40,220.00,460.00,60.00,2.60,54400.00,45600.00,7.10,7.00,8.80,90.00,165.00,3665.00,1280.00,145.00,195.00,1430.00,515.00,415.00,16.20,36.90,1140.00,1285.00,200.00,870000.00
"4620350.00","462","Montréal","0350.00",2594.00,2.70,4636.30,46.50,58.80,27.00,10.00,485.00,420.00,2.00,41600.00,35600.00,16.00,15.00,18.00,135.00,180.00,1615.00,695.00,50.00,110.00,525.00,645.00,300.00,16.30,33.60,1110.00,1272.00,95.00,1000000.00
"4620351.00","462","Montréal","0351.00",5004.00,0.40,10854.70,53.30,49.30,41.40,70.00,505.00,1880.00,1.80,50400.00,42000.00,18.50,22.10,11.40,330.00,350.00,2930.00,1570.00,95.00,220.00,900.00,1850.00,1195.00,25.30,53.30,1580.00,1980.00,240.00,1500000.00
"4620352.00","462","Montréal","0352.00",2747.00,-11.80,5643.00,47.80,55.70,30.40,40.00,285.00,565.00,2.10,50800.00,42400.00,13.60,14.40,8.00,140.00,285.00,1440.00,765.00,55.00,120.00,505.00,740.00,435.00,17.80,47.60,1500.00,1668.00,100.00,1100000.00
"4620353.00","462","Montréal","0353.00",2873.00,-4.20,6936.30,42.90,60.20,21.70,85.00,230.00,130.00,2.50,60800.00,50000.00,8.10,8.40,5.60,90.00,140.00,2100.00,680.00,10.00,125.00,730.00,430.00,300.00,17.20,40.70,1740.00,2090.00,90.00,1510000.00
"4620354.00","462","Montréal","0354.00",3038.00,-1.70,3748.30,41.20,63.60,17.60,25.00,0.00,35.00,3.00,78000.00,62000.00,7.50,7.10,6.40,90.00,150.00,2165.00,670.00,45.00,105.00,920.00,75.00,180.00,15.60,53.30,1130.00,2600.00,70.00,2000000.00
"4620355.00","462","Montréal","0355.00",1423.00,-9.50,4630.70,46.90,59.30,26.70,20.00,25.00,135.00,2.40,66000.00,50400.00,8.60,7.80,9.50,60.00,65.00,1085.00,335.00,0.00,80.00,410.00,200.00,160.00,17.50,45.00,1760.00,2080.00,80.00,2000000.00
"4620356.00","462","Montréal","0356.00",1979.00,-2.30,1969.70,42.80,61.60,21.70,10.00,5.00,0.00,3.00,89000.00,67000.00,8.40,7.60,5.20,110.00,85.00,1370.00,595.00,30.00,95.00,645.00,20.00,155.00,22.50,0.00,,4500.00,55.00,2800000.00
"4620360.00","462","Montréal","0360.00",1947.00,1.20,1365.80,42.70,60.30,21.80,20.00,70.00,90.00,2.80,94000.00,69500.00,6.30,7.00,6.40,15.00,35.00,1475.00,360.00,20.00,45.00,605.00,70.00,95.00,12.50,35.70,3040.00,3000.00,45.00,2000000.00
"4620361.00","462","Montréal","0361.00",1720.00,21.20,15234.70,45.80,58.60,27.50,20.00,210.00,455.00,2.00,38400.00,33600.00,18.80,22.40,12.00,95.00,175.00,805.00,545.00,10.00,70.00,200.00,580.00,235.00,12.80,36.80,1150.00,1244.00,45.00,1100000.00
"4620362.00","462","Montréal","0362.00",2308.00,-2.50,4403.70,40.50,58.10,20.40,115.00,220.00,0.00,2.80,66000.00,53200.00,7.30,7.50,4.40,50.00,35.00,1865.00,430.00,15.00,90.00,600.00,220.00,145.00,13.20,27.90,1280.00,1530.00,80.00,1800000.00
"4620363.00","462","Montréal","0363.00",4617.00,-6.50,12438.00,40.60,52.40,24.50,160.00,695.00,685.00,2.40,49200.00,42400.00,8.50,9.70,8.80,130.00,85.00,3580.00,935.00,15.00,310.00,895.00,990.00,530.00,23.20,33.20,1540.00,1580.00,140.00,850000.00
"4620364.00","462","Montréal","0364.00",3321.00,6.70,14204.40,25.50,56.20,5.00,35.00,875.00,30.00,3.50,33200.00,31200.00,9.20,11.10,20.00,165.00,150.00,2500.00,665.00,15.00,310.00,405.00,545.00,295.00,29.60,32.70,1400.00,1465.00,115.00,750000.00
"4620365.00","462","Montréal","0365.00",3263.00,5.90,13173.20,34.00,59.20,12.70,10.00,1090.00,160.00,2.60,44000.00,39200.00,9.30,10.40,10.40,125.00,90.00,2320.00,865.00,35.00,305.00,695.00,585.00,360.00,21.60,35.30,1370.00,1415.00,100.00,675000.00
"4620366.00","462","Montréal","0366.00",2505.00,-2.50,7110.40,39.00,61.80,16.90,150.00,570.00,30.00,2.50,57600.00,47200.00,8.30,9.00,7.20,120.00,150.00,1810.00,645.00,15.00,100.00,630.00,400.00,255.00,20.60,31.60,1290.00,1460.00,85.00,1040000.00
"4620367.00","462","Montréal","0367.00",4948.00,8.80,9127.50,45.80,56.30,26.80,145.00,1120.00,330.00,2.40,52000.00,44400.00,10.50,10.00,16.40,175.00,350.00,2610.00,1270.00,55.00,230.00,1030.00,805.00,385.00,16.00,28.30,1330.00,1484.00,175.00,700000.00
"4620370.00","462","Montréal","0370.00",7037.00,0.90,3922.10,39.70,63.00,17.30,365.00,425.00,250.00,2.80,52400.00,44400.00,7.40,7.40,9.00,235.00,350.00,4745.00,1945.00,120.00,295.00,1700.00,795.00,570.00,18.30,32.90,1120.00,1488.00,180.00,1510000.00
"4620380.00","462","Montréal","0380.00",4247.00,4.60,5546.60,48.80,53.00,33.50,65.00,195.00,960.00,2.10,34400.00,31400.00,14.40,11.50,20.40,265.00,180.00,2185.00,1850.00,80.00,235.00,755.00,1190.00,645.00,23.20,39.40,960.00,1082.00,130.00,850000.00
"4620381.00","462","Montréal","0381.00",6248.00,-0.70,10595.20,41.20,61.80,19.80,175.00,315.00,1725.00,2.30,27400.00,26000.00,21.80,20.00,26.80,965.00,535.00,2045.00,3360.00,390.00,470.00,620.00,1945.00,830.00,28.20,33.80,1070.00,1079.00,290.00,552000.00
"4620382.01","462","Montréal","0382.01",4130.00,6.60,7117.00,43.10,56.20,25.10,75.00,105.00,1050.00,2.40,34800.00,32400.00,12.60,12.40,16.40,135.00,300.00,2220.00,1500.00,65.00,225.00,980.00,690.00,525.00,25.00,40.60,1100.00,1224.00,175.00,695000.00
"4620382.02","462","Montréal","0382.02",4663.00,4.90,2933.80,38.70,58.70,17.80,145.00,305.00,0.00,3.00,40400.00,36400.00,8.10,7.70,9.80,205.00,180.00,2405.00,1870.00,125.00,315.00,1140.00,375.00,315.00,18.50,27.40,900.00,1160.00,125.00,750000.00
"4620383.01","462","Montréal","0383.01",3887.00,20.30,2197.50,42.90,51.10,26.80,255.00,155.00,295.00,2.80,36000.00,32000.00,11.90,10.90,17.60,70.00,100.00,2350.00,1315.00,105.00,250.00,755.00,555.00,345.00,19.30,34.90,1340.00,1268.00,75.00,700000.00
"4620383.02","462","Montréal","0383.02",8641.00,8.00,5729.70,49.90,46.90,37.90,10.00,260.00,2995.00,2.10,38800.00,34400.00,14.10,14.90,14.30,455.00,310.00,4810.00,3520.00,155.00,440.00,2055.00,2100.00,1530.00,26.80,46.80,1170.00,1316.00,310.00,600000.00
"4620385.00","462","Montréal","0385.00",1574.00,3.80,42425.90,54.60,50.80,42.90,0.00,110.00,855.00,1.60,36800.00,32800.00,18.00,18.80,15.00,145.00,110.00,805.00,655.00,35.00,40.00,55.00,915.00,385.00,0.00,41.20,1270.00,1348.00,45.00,472000.00
"4620390.00","462","Montréal","0390.00",1603.00,33.80,1527.70,39.70,71.90,13.80,215.00,495.00,0.00,1.90,36800.00,32800.00,16.00,13.80,28.00,25.00,80.00,1230.00,215.00,30.00,55.00,315.00,515.00,210.00,18.80,30.40,870.00,928.00,85.00,400000.00
"4620391.00","462","Montréal","0391.00",1739.00,5.00,5436.10,45.20,64.60,22.80,185.00,500.00,115.00,1.80,31200.00,28600.00,23.80,18.40,42.00,60.00,55.00,1310.00,215.00,40.00,50.00,225.00,630.00,230.00,26.10,26.80,800.00,856.00,70.00,424000.00
"4620392.00","462","Montréal","0392.00",1587.00,4.30,3561.50,44.80,66.70,20.80,140.00,480.00,0.00,1.90,42000.00,36000.00,13.20,12.60,16.00,35.00,50.00,1215.00,285.00,30.00,60.00,330.00,485.00,170.00,10.60,28.10,950.00,1012.00,80.00,448000.00
"4620393.00","462","Montréal","0393.00",6929.00,0.80,6640.80,40.00,69.20,14.20,680.00,1415.00,625.00,2.10,36400.00,32800.00,15.00,13.30,21.60,290.00,400.00,4865.00,1545.00,165.00,400.00,1535.00,1750.00,610.00,15.40,21.70,820.00,861.00,255.00,380000.00
"4620394.00","462","Montréal","0394.00",4156.00,12.70,3083.30,39.60,70.80,14.30,865.00,990.00,5.00,2.00,34000.00,30600.00,16.80,13.80,24.40,185.00,305.00,2875.00,1010.00,170.00,250.00,745.00,1305.00,475.00,22.70,23.10,850.00,888.00,285.00,352000.00
"4620395.01","462","Montréal","0395.01",2754.00,0.80,363.50,38.60,61.00,15.80,60.00,1075.00,0.00,2.20,22800.00,22200.00,32.60,31.60,32.50,210.00,280.00,1545.00,705.00,225.00,170.00,60.00,1100.00,200.00,38.50,16.00,695.00,664.00,150.00,500000.00
"4620395.02","462","Montréal","0395.02",6861.00,6.40,9966.60,43.90,62.50,22.50,185.00,1845.00,430.00,2.10,31400.00,28800.00,19.50,16.20,33.60,425.00,495.00,3790.00,2050.00,295.00,525.00,985.00,2035.00,650.00,19.30,22.70,790.00,849.00,220.00,448000.00
"4620395.03","462","Montréal","0395.03",4782.00,4.20,7784.50,42.10,66.20,17.10,345.00,1490.00,0.00,2.00,39200.00,34400.00,15.80,13.90,25.40,205.00,315.00,3240.00,1260.00,125.00,290.00,1155.00,1245.00,475.00,14.30,25.20,790.00,836.00,155.00,448000.00
"4620396.00","462","Montréal","0396.00",6553.00,0.80,4466.30,48.20,56.80,29.10,270.00,1275.00,10.00,2.20,43600.00,38400.00,11.20,10.10,15.00,200.00,140.00,4555.00,1030.00,90.00,205.00,1400.00,1215.00,515.00,14.00,26.40,850.00,892.00,245.00,650000.00
"4620397.00","462","Montréal","0397.00",3980.00,-1.40,3350.20,40.20,64.10,15.60,190.00,85.00,0.00,2.80,54000.00,45600.00,3.60,3.40,5.60,65.00,20.00,3190.00,780.00,120.00,170.00,1235.00,190.00,130.00,7.30,21.60,1140.00,1170.00,125.00,600000.00
"4620400.00","462","Montréal","0400.00",5412.00,3.40,3903.40,40.60,63.10,17.60,240.00,775.00,85.00,2.60,57600.00,48000.00,9.70,9.50,7.60,310.00,280.00,3285.00,1835.00,50.00,225.00,1455.00,640.00,390.00,14.50,27.60,1200.00,1380.00,130.00,1000000.00
"4620401.00","462","Montréal","0401.00",3019.00,-3.10,3124.30,41.40,60.30,19.90,50.00,445.00,0.00,2.60,58800.00,47600.00,9.60,8.40,9.20,145.00,185.00,1980.00,770.00,25.00,115.00,695.00,435.00,270.00,17.10,36.00,1110.00,1220.00,70.00,1800000.00
"4620402.00","462","Montréal","0402.00",1989.00,18.00,814.30,39.70,63.80,16.10,0.00,265.00,365.00,2.30,40800.00,36400.00,16.60,16.20,12.00,205.00,210.00,940.00,930.00,45.00,115.00,460.00,415.00,235.00,18.50,37.00,1120.00,1330.00,50.00,850000.00
"4620403.00","462","Montréal","0403.00",5474.00,5.30,4168.40,39.90,60.60,17.60,130.00,340.00,300.00,2.90,51600.00,44000.00,9.60,9.80,8.40,400.00,265.00,3185.00,1910.00,165.00,310.00,1220.00,640.00,350.00,11.10,34.10,1120.00,1315.00,165.00,1500000.00
"4620404.00","462","Montréal","0404.00",5059.00,0.30,3520.30,42.40,58.10,21.50,75.00,260.00,320.00,2.80,53200.00,44800.00,11.30,10.10,13.80,245.00,205.00,2965.00,1740.00,130.00,215.00,1200.00,570.00,415.00,15.90,41.40,1140.00,1350.00,135.00,1510000.00
"4620410.01","462","Montréal","0410.01",5529.00,-0.20,6368.30,41.00,63.40,18.40,415.00,680.00,345.00,2.60,29000.00,27000.00,17.30,15.20,21.60,395.00,235.00,2550.00,2730.00,525.00,660.00,980.00,1130.00,430.00,12.80,27.40,870.00,914.00,235.00,552000.00
"4620410.02","462","Montréal","0410.02",6013.00,1.10,7870.40,48.20,55.20,31.10,5.00,35.00,2655.00,2.10,29200.00,27400.00,18.50,14.90,27.20,1105.00,230.00,1660.00,3770.00,1070.00,435.00,1345.00,1350.00,880.00,25.40,40.40,1000.00,1095.00,90.00,348000.00
"4620410.03","462","Montréal","0410.03",1756.00,-7.80,794.80,38.60,65.80,15.10,30.00,215.00,0.00,3.10,29600.00,27800.00,11.90,9.20,18.50,190.00,105.00,810.00,945.00,115.00,245.00,365.00,220.00,85.00,13.90,15.60,980.00,990.00,90.00,500000.00
"4620412.00","462","Montréal","0412.00",7061.00,-3.70,4698.60,39.40,67.40,14.70,320.00,1320.00,335.00,2.60,33200.00,30600.00,13.10,11.20,20.80,530.00,345.00,3010.00,3700.00,395.00,835.00,1550.00,1170.00,550.00,19.70,21.30,990.00,1078.00,220.00,600000.00
"4620413.01","462","Montréal","0413.01",3760.00,-2.70,4653.50,46.00,56.40,28.60,5.00,150.00,325.00,2.70,42400.00,37200.00,7.60,6.30,10.80,125.00,30.00,1905.00,1880.00,135.00,255.00,1290.00,105.00,215.00,14.40,28.60,1250.00,1140.00,95.00,650000.00
"4620413.02","462","Montréal","0413.02",4048.00,6.20,5019.20,37.10,65.10,13.80,10.00,865.00,425.00,2.60,30000.00,28200.00,16.20,15.00,23.20,450.00,325.00,1540.00,2125.00,310.00,410.00,470.00,1075.00,380.00,20.40,26.50,940.00,976.00,130.00,628000.00
"4620415.03","462","Montréal","0415.03",4011.00,-4.30,15704.80,43.10,62.10,22.20,5.00,570.00,1220.00,2.20,27000.00,25800.00,17.90,15.10,25.60,420.00,265.00,1500.00,2355.00,395.00,360.00,635.00,1160.00,495.00,30.20,26.50,990.00,1064.00,145.00,400000.00
"4620415.04","462","Montréal","0415.04",5458.00,15.00,11439.90,42.20,63.20,20.50,140.00,1345.00,730.00,2.30,27400.00,26200.00,18.10,15.70,27.20,525.00,290.00,1975.00,2930.00,530.00,660.00,600.00,1655.00,725.00,26.70,34.70,1020.00,1081.00,200.00,500000.00
"4620415.07","462","Montréal","0415.07",7568.00,49.40,6172.90,36.80,65.00,11.00,10.00,985.00,325.00,2.60,66000.00,54400.00,6.80,6.10,14.20,380.00,110.00,4485.00,2690.00,225.00,415.00,2325.00,540.00,595.00,17.90,33.60,1760.00,1730.00,35.00,750000.00
"4620415.08","462","Montréal","0415.08",2686.00,2.60,161.50,38.60,69.80,11.00,0.00,530.00,95.00,2.50,48800.00,41600.00,10.70,8.80,20.00,255.00,30.00,1425.00,1290.00,215.00,165.00,910.00,155.00,210.00,16.30,41.90,1500.00,1600.00,45.00,576000.00
"4620415.09","462","Montréal","0415.09",3033.00,6.00,309.30,36.10,68.70,8.20,5.00,305.00,45.00,2.80,57600.00,48400.00,9.90,8.30,17.00,210.00,60.00,1680.00,1250.00,165.00,225.00,820.00,225.00,215.00,15.40,40.90,1380.00,1440.00,30.00,800000.00
"4620415.10","462","Montréal","0415.10",5297.00,6.80,4916.90,38.60,67.00,12.80,0.00,530.00,440.00,2.70,52400.00,44800.00,8.10,6.00,19.20,260.00,75.00,3090.00,2175.00,250.00,355.00,1590.00,380.00,445.00,19.10,36.80,1440.00,1520.00,40.00,780000.00
"4620416.01","462","Montréal","0416.01",4000.00,-1.20,4682.70,45.00,58.50,25.40,15.00,225.00,0.00,2.90,35200.00,31400.00,7.20,4.70,12.20,110.00,40.00,2060.00,1820.00,195.00,410.00,1190.00,210.00,160.00,10.90,16.70,1110.00,1060.00,80.00,552000.00
"4620416.02","462","Montréal","0416.02",3329.00,8.50,3204.00,38.10,60.90,15.50,20.00,895.00,10.00,2.90,30600.00,28600.00,12.80,10.40,22.40,180.00,75.00,1710.00,1630.00,210.00,390.00,480.00,660.00,250.00,18.80,24.20,1030.00,1138.00,130.00,600000.00
"4620417.01","462","Montréal","0417.01",5046.00,5.00,7568.60,38.90,65.80,15.30,105.00,690.00,685.00,2.60,28200.00,26600.00,16.60,13.90,24.20,525.00,275.00,2160.00,2685.00,580.00,600.00,1035.00,910.00,385.00,14.00,25.70,940.00,1022.00,125.00,352000.00
"4620417.02","462","Montréal","0417.02",2748.00,-3.80,7608.00,34.20,69.80,8.40,95.00,705.00,50.00,3.10,22600.00,21800.00,19.10,16.80,31.00,285.00,425.00,735.00,1460.00,420.00,435.00,115.00,750.00,135.00,20.80,15.10,900.00,922.00,140.00,460000.00
"4620418.00","462","Montréal","0418.00",5704.00,-3.40,4379.90,40.50,67.90,16.70,590.00,1385.00,160.00,2.20,30600.00,28400.00,17.00,14.30,30.60,380.00,365.00,2795.00,2545.00,320.00,595.00,930.00,1620.00,540.00,19.50,22.80,890.00,918.00,225.00,600000.00
"4620419.00","462","Montréal","0419.00",4786.00,0.80,12631.30,33.10,67.60,8.00,325.00,1290.00,0.00,2.80,24400.00,23400.00,21.70,19.70,31.60,900.00,835.00,1295.00,2655.00,485.00,685.00,300.00,1385.00,380.00,15.00,24.50,890.00,925.00,330.00,500000.00
"4620420.00","462","Montréal","0420.00",5114.00,-0.80,6140.00,45.20,57.90,26.10,300.00,470.00,70.00,2.70,32800.00,30000.00,12.70,10.20,23.00,205.00,100.00,2575.00,1995.00,370.00,420.00,1075.00,670.00,335.00,14.00,27.80,880.00,966.00,120.00,600000.00
"4620421.03","462","Montréal","0421.03",2948.00,1.70,15622.70,40.00,64.50,17.10,185.00,125.00,715.00,2.60,24600.00,23800.00,20.00,15.60,37.20,620.00,85.00,905.00,1965.00,585.00,300.00,315.00,815.00,370.00,17.20,38.90,1120.00,1188.00,70.00,552000.00
"4620421.04","462","Montréal","0421.04",4407.00,-4.20,11998.40,35.80,66.80,11.60,350.00,1115.00,240.00,2.60,23000.00,22400.00,25.70,23.50,34.80,690.00,515.00,1305.00,2575.00,690.00,505.00,230.00,1485.00,500.00,37.00,28.20,840.00,914.00,275.00,695000.00
"4620421.05","462","Montréal","0421.05",2339.00,-14.30,7691.50,36.10,65.60,12.00,30.00,130.00,760.00,2.50,22000.00,21600.00,27.30,24.80,43.00,590.00,165.00,615.00,1555.00,650.00,185.00,20.00,900.00,285.00,0.00,32.40,1020.00,1066.00,85.00,
"4620421.06","462","Montréal","0421.06",5463.00,5.70,48864.00,34.20,64.40,10.10,0.00,0.00,2015.00,2.70,25200.00,24400.00,24.60,21.90,44.00,1040.00,435.00,1600.00,3325.00,950.00,595.00,150.00,1870.00,640.00,39.30,31.30,1000.00,1025.00,185.00,348000.00
"4620430.00","462","Montréal","0430.00",7238.00,7.90,3625.90,43.90,67.90,19.70,70.00,1960.00,635.00,1.90,41200.00,35600.00,14.00,12.70,18.00,275.00,250.00,4845.00,1910.00,215.00,380.00,1795.00,1905.00,835.00,16.80,28.20,860.00,922.00,345.00,452000.00
"4620431.00","462","Montréal","0431.00",5443.00,0.60,2468.40,45.10,62.60,23.80,100.00,820.00,230.00,2.30,39600.00,34800.00,9.70,8.30,14.00,160.00,205.00,3675.00,1530.00,95.00,260.00,1180.00,1210.00,475.00,11.10,28.60,960.00,1082.00,145.00,600000.00
"4620432.00","462","Montréal","0432.00",3134.00,-4.10,2379.10,44.20,62.70,21.70,25.00,55.00,0.00,2.50,47600.00,40800.00,5.70,4.50,9.60,60.00,0.00,2530.00,700.00,70.00,95.00,1135.00,115.00,150.00,9.30,39.10,830.00,1140.00,110.00,548000.00
"4620433.00","462","Montréal","0433.00",3487.00,-2.80,226.50,42.90,66.50,18.30,25.00,265.00,0.00,2.50,39600.00,34800.00,6.70,6.00,10.00,40.00,50.00,2425.00,900.00,85.00,205.00,1090.00,285.00,165.00,7.40,29.80,870.00,990.00,135.00,452000.00
"4620440.00","462","Montréal","0440.00",30.00,500.00,154.70,,,,,,,,,,,,,,,,,,,,,,,,,,,
"4620450.00","462","Montréal","0450.00",7140.00,-0.60,1893.60,50.50,53.50,34.60,80.00,440.00,860.00,2.10,46400.00,39600.00,8.50,7.60,10.60,90.00,100.00,5325.00,1575.00,105.00,230.00,2165.00,1110.00,790.00,10.90,49.80,1330.00,1408.00,220.00,695000.00
"4620451.00","462","Montréal","0451.00",6986.00,3.80,2103.50,44.40,61.70,22.60,0.00,160.00,670.00,2.40,43200.00,37600.00,7.90,4.70,19.20,130.00,90.00,5370.00,1510.00,55.00,320.00,2165.00,805.00,590.00,9.70,47.20,1240.00,1196.00,215.00,500000.00
"4620452.00","462","Montréal","0452.00",8886.00,22.10,2817.00,51.50,50.80,35.60,5.00,400.00,990.00,2.30,43600.00,38000.00,10.10,9.30,10.00,370.00,390.00,4820.00,2125.00,150.00,290.00,1730.00,1500.00,845.00,11.60,43.40,1390.00,1428.00,130.00,600000.00
"4620453.01","462","Montréal","0453.01",5543.00,6.40,2806.40,41.70,64.10,18.30,30.00,325.00,90.00,2.70,45200.00,38800.00,5.20,4.50,7.20,210.00,105.00,4020.00,1300.00,115.00,260.00,1700.00,365.00,210.00,7.10,24.70,1330.00,1252.00,140.00,572000.00
"4620453.02","462","Montréal","0453.02",4933.00,-0.90,737.50,44.70,63.10,22.10,0.00,195.00,165.00,2.70,40000.00,35200.00,8.40,6.80,13.20,255.00,95.00,2730.00,2005.00,145.00,505.00,1465.00,315.00,250.00,10.70,31.10,1800.00,1760.00,55.00,528000.00
"4620460.00","462","Montréal","0460.00",5367.00,0.40,1495.20,43.20,60.40,21.40,0.00,15.00,0.00,2.80,55200.00,46000.00,6.20,6.50,4.80,210.00,70.00,3850.00,1455.00,35.00,220.00,1795.00,70.00,260.00,12.80,40.00,2400.00,2400.00,140.00,800000.00
"4620461.00","462","Montréal","0461.00",2926.00,-0.50,1560.20,44.10,60.90,22.20,5.00,35.00,0.00,2.70,53600.00,45600.00,6.00,6.10,5.20,60.00,75.00,2030.00,690.00,15.00,135.00,970.00,75.00,145.00,12.40,31.30,1980.00,1750.00,35.00,800000.00
"4620462.01","462","Montréal","0462.01",5148.00,1.20,2162.60,42.00,62.10,19.50,0.00,235.00,0.00,2.70,49200.00,42000.00,6.80,6.40,7.20,140.00,150.00,3720.00,1260.00,100.00,210.00,1615.00,305.00,290.00,11.50,36.10,1420.00,1430.00,155.00,700000.00
"4620462.02","462","Montréal","0462.02",5836.00,-1.90,1832.00,40.90,65.40,16.50,0.00,50.00,0.00,3.00,52400.00,43600.00,6.10,5.60,5.80,205.00,230.00,4275.00,1235.00,60.00,205.00,1670.00,250.00,265.00,12.00,24.50,1350.00,1380.00,60.00,900000.00
"4620470.01","462","Montréal","0470.01",7022.00,-1.90,1998.50,44.50,60.90,23.30,0.00,35.00,220.00,2.70,45200.00,39200.00,7.00,6.40,6.60,210.00,120.00,4565.00,2170.00,85.00,390.00,2235.00,315.00,355.00,10.80,34.90,1140.00,1340.00,160.00,695000.00
"4620470.03","462","Montréal","0470.03",4907.00,-4.80,2017.60,41.00,71.00,13.30,0.00,0.00,0.00,3.10,48400.00,41200.00,6.60,5.90,4.80,240.00,115.00,3555.00,1235.00,85.00,195.00,1535.00,40.00,235.00,14.10,55.60,2480.00,2500.00,55.00,850000.00
"4620470.04","462","Montréal","0470.04",3487.00,-4.30,2205.30,43.80,61.70,21.60,0.00,0.00,0.00,2.90,41600.00,36800.00,6.20,5.50,5.20,160.00,95.00,2135.00,1260.00,100.00,160.00,1170.00,65.00,170.00,12.60,33.30,1960.00,1750.00,25.00,695000.00
"4620470.05","462","Montréal","0470.05",3997.00,-4.70,1884.00,43.70,64.60,20.10,0.00,0.00,0.00,3.00,44400.00,38000.00,7.90,7.60,4.40,230.00,165.00,2280.00,1545.00,45.00,205.00,1245.00,55.00,205.00,15.30,30.00,2380.00,2500.00,45.00,850000.00
"4620480.00","462","Montréal","0480.00",3764.00,-1.50,623.90,46.50,60.40,26.20,5.00,45.00,5.00,2.80,50800.00,42400.00,6.20,5.90,5.20,90.00,90.00,2585.00,990.00,40.00,175.00,1270.00,55.00,150.00,10.70,0.00,2160.00,2300.00,80.00,850000.00
"4620490.00","462","Montréal","0490.00",2532.00,4.10,3711.00,43.10,69.20,21.10,95.00,620.00,70.00,1.90,33200.00,30400.00,18.80,20.70,15.20,40.00,260.00,1815.00,495.00,35.00,125.00,475.00,895.00,380.00,17.90,33.90,910.00,942.00,150.00,500000.00
"4620491.00","462","Montréal","0491.00",2495.00,-1.20,255.30,47.50,64.70,23.40,0.00,10.00,0.00,2.80,52400.00,44000.00,4.00,3.80,6.00,60.00,10.00,1635.00,415.00,20.00,80.00,680.00,55.00,100.00,10.90,45.50,970.00,1360.00,30.00,604000.00
"4620500.00","462","Montréal","0500.00",951.00,3.30,127.70,45.10,62.10,24.70,5.00,5.00,0.00,2.70,54800.00,46400.00,6.80,6.80,5.00,0.00,0.00,755.00,190.00,15.00,30.00,290.00,65.00,50.00,13.80,0.00,940.00,1200.00,45.00,850000.00
"4620511.01","462","Montréal","0511.01",3325.00,0.90,2311.40,40.80,64.10,17.10,20.00,105.00,75.00,2.80,40400.00,35600.00,7.00,5.70,9.20,105.00,65.00,1930.00,1290.00,235.00,290.00,985.00,205.00,170.00,10.70,32.50,840.00,1010.00,70.00,500000.00
"4620511.02","462","Montréal","0511.02",6667.00,7.40,4359.50,36.00,64.50,12.10,5.00,1645.00,0.00,2.70,30600.00,28200.00,17.10,14.40,22.20,750.00,475.00,2910.00,3260.00,610.00,850.00,1055.00,1385.00,385.00,12.90,18.50,830.00,841.00,215.00,400000.00
"4620512.02","462","Montréal","0512.02",4568.00,2.70,3141.90,45.40,60.60,24.90,10.00,120.00,650.00,2.40,36800.00,33200.00,11.00,9.60,14.80,130.00,90.00,2880.00,1635.00,175.00,365.00,1330.00,520.00,400.00,13.20,42.70,1220.00,1310.00,120.00,448000.00
"4620512.03","462","Montréal","0512.03",2552.00,1.60,3794.80,44.00,60.40,23.70,0.00,705.00,345.00,2.00,35200.00,31600.00,16.40,13.40,22.80,195.00,165.00,1305.00,1075.00,120.00,355.00,750.00,535.00,365.00,17.30,43.00,1020.00,1052.00,35.00,300000.00
"4620512.04","462","Montréal","0512.04",6579.00,-1.40,3727.10,40.70,65.10,16.90,50.00,750.00,0.00,2.70,34000.00,31000.00,9.90,8.40,15.10,225.00,120.00,3725.00,2680.00,295.00,780.00,1675.00,745.00,355.00,10.50,25.00,900.00,946.00,155.00,400000.00
"4620513.01","462","Montréal","0513.01",5002.00,-4.30,4608.00,40.70,65.50,16.90,10.00,475.00,0.00,3.00,32000.00,29600.00,8.60,6.20,16.00,235.00,60.00,2550.00,2385.00,305.00,590.00,1125.00,590.00,245.00,8.00,25.40,850.00,928.00,120.00,448000.00
"4620513.02","462","Montréal","0513.02",4581.00,8.40,3671.30,42.00,62.90,20.30,5.00,915.00,170.00,2.40,29800.00,27800.00,17.70,11.60,36.80,325.00,210.00,2205.00,2095.00,360.00,495.00,910.00,920.00,380.00,15.40,26.10,820.00,820.00,160.00,500000.00
"4620514.01","462","Montréal","0514.01",6896.00,-1.40,3457.70,42.20,64.60,19.10,10.00,1065.00,60.00,2.60,37600.00,33600.00,9.80,7.60,15.80,350.00,70.00,4180.00,2595.00,330.00,485.00,1850.00,820.00,460.00,12.50,28.00,1070.00,1080.00,190.00,424000.00
"4620514.02","462","Montréal","0514.02",6132.00,-2.00,3270.40,40.80,67.50,15.70,5.00,540.00,5.00,2.80,36400.00,32800.00,7.30,6.30,10.00,340.00,60.00,3455.00,2590.00,290.00,545.00,1630.00,530.00,305.00,11.10,23.40,930.00,1040.00,145.00,492000.00
"4620515.01","462","Montréal","0515.01",6413.00,7.30,709.00,40.50,69.80,13.60,25.00,555.00,0.00,2.80,42800.00,38000.00,6.80,5.80,11.80,225.00,75.00,3840.00,2330.00,250.00,475.00,1635.00,565.00,490.00,17.20,36.00,1310.00,1290.00,100.00,624000.00
"4620515.02","462","Montréal","0515.02",4376.00,-3.80,4734.90,39.60,72.80,11.20,0.00,495.00,0.00,2.80,37600.00,33600.00,7.60,5.60,18.40,215.00,65.00,2410.00,1800.00,205.00,360.00,1035.00,495.00,215.00,8.80,25.30,920.00,1024.00,60.00,548000.00
"4620515.03","462","Montréal","0515.03",3453.00,3.80,3572.30,41.30,66.70,16.10,10.00,200.00,0.00,2.80,36800.00,32800.00,11.00,9.50,12.40,195.00,80.00,2095.00,1380.00,230.00,310.00,1010.00,255.00,220.00,10.00,47.10,970.00,1130.00,120.00,452000.00
"4620515.04","462","Montréal","0515.04",3708.00,1.50,4447.60,40.00,67.70,14.40,25.00,350.00,0.00,2.80,36000.00,32400.00,9.50,8.10,13.20,240.00,60.00,2040.00,1495.00,115.00,265.00,895.00,425.00,205.00,11.80,25.30,920.00,976.00,65.00,476000.00
"4620520.02","462","Montréal","0520.02",7112.00,0.40,4377.40,41.70,64.30,19.30,30.00,615.00,90.00,2.80,32800.00,30000.00,9.10,7.30,14.80,315.00,145.00,3520.00,3430.00,515.00,890.00,1875.00,635.00,425.00,13.60,27.20,1000.00,1076.00,170.00,428000.00
"4620520.03","462","Montréal","0520.03",3764.00,3.00,2535.40,41.00,64.40,19.50,5.00,435.00,0.00,2.80,30800.00,28200.00,12.10,12.20,12.20,265.00,255.00,1640.00,2030.00,255.00,515.00,885.00,485.00,210.00,9.60,26.00,830.00,916.00,95.00,556000.00
"4620520.04","462","Montréal","0520.04",4638.00,2.10,4375.50,40.10,64.90,16.90,0.00,595.00,0.00,2.70,32400.00,29600.00,12.40,10.40,16.00,335.00,220.00,2040.00,2220.00,400.00,555.00,870.00,820.00,355.00,15.50,28.00,950.00,1044.00,175.00,400000.00
"4620521.01","462","Montréal","0521.01",4857.00,0.80,5777.30,42.40,63.40,20.80,0.00,195.00,380.00,2.50,35200.00,31600.00,9.80,7.80,15.20,220.00,95.00,2915.00,1995.00,270.00,365.00,1260.00,710.00,330.00,8.80,31.20,1240.00,1288.00,190.00,400000.00
"4620521.04","462","Montréal","0521.04",4768.00,-4.30,3400.40,41.90,61.10,20.80,0.00,245.00,110.00,2.80,42400.00,37600.00,7.40,6.90,9.80,170.00,70.00,3115.00,1540.00,155.00,350.00,1330.00,385.00,290.00,10.20,40.80,1000.00,1064.00,140.00,600000.00
"4620521.05","462","Montréal","0521.05",4587.00,-6.00,3405.30,42.10,66.20,18.10,5.00,75.00,210.00,3.10,43200.00,37200.00,6.50,5.30,12.40,60.00,75.00,2905.00,1380.00,80.00,285.00,1275.00,175.00,255.00,15.30,34.30,830.00,1070.00,40.00,900000.00
"4620521.06","462","Montréal","0521.06",5147.00,2.30,2460.80,44.30,59.10,24.60,0.00,445.00,215.00,2.70,43600.00,37600.00,7.30,5.10,15.00,165.00,80.00,3270.00,1835.00,195.00,355.00,1645.00,290.00,410.00,14.40,61.40,1210.00,1440.00,90.00,650000.00
"4620521.07","462","Montréal","0521.07",4070.00,-5.20,1977.00,45.80,59.50,25.60,0.00,0.00,5.00,3.00,41600.00,36800.00,5.80,4.30,8.80,110.00,10.00,2350.00,1430.00,85.00,275.00,1160.00,100.00,190.00,15.50,0.00,1420.00,1400.00,70.00,695000.00
"4620522.01","462","Montréal","0522.01",3464.00,-2.60,2826.80,44.60,62.20,23.20,0.00,40.00,170.00,2.60,43600.00,37600.00,5.80,5.10,8.40,90.00,75.00,2260.00,1360.00,70.00,275.00,1080.00,265.00,175.00,8.30,34.00,1040.00,1100.00,85.00,580000.00
"4620522.02","462","Montréal","0522.02",3506.00,-2.50,3226.30,46.00,59.80,26.70,0.00,160.00,255.00,2.50,38400.00,34000.00,8.50,7.10,12.60,85.00,35.00,1945.00,1185.00,85.00,175.00,905.00,425.00,320.00,13.20,47.10,1050.00,1088.00,125.00,580000.00
"4620523.00","462","Montréal","0523.00",2490.00,1.10,3264.30,41.40,60.40,20.70,0.00,0.00,0.00,3.10,42000.00,37200.00,3.90,2.80,7.20,55.00,10.00,1525.00,995.00,45.00,205.00,795.00,20.00,95.00,11.30,0.00,,1400.00,55.00,576000.00
"4620530.00","462","Montréal","0530.00",6130.00,3.20,2725.90,41.80,64.30,18.70,110.00,270.00,0.00,2.80,38800.00,34800.00,7.10,6.20,10.40,180.00,80.00,3700.00,2345.00,330.00,475.00,1835.00,360.00,320.00,12.00,27.80,1060.00,1048.00,150.00,480000.00
"4620540.00","462","Montréal","0540.00",3969.00,7.30,4625.30,46.90,59.30,26.70,100.00,1130.00,65.00,2.10,30800.00,28600.00,19.00,18.00,24.00,250.00,130.00,2120.00,1080.00,120.00,245.00,580.00,1060.00,425.00,19.00,29.40,810.00,886.00,165.00,348000.00
"4620550.02","462","Montréal","0550.02",3327.00,2.90,251.70,42.00,65.00,17.40,45.00,155.00,0.00,2.60,42400.00,36800.00,6.70,6.50,8.40,95.00,15.00,2435.00,905.00,60.00,195.00,1055.00,205.00,195.00,13.70,22.00,820.00,970.00,100.00,500000.00
"4620550.03","462","Montréal","0550.03",6780.00,1.50,1375.90,42.00,66.40,16.60,25.00,125.00,0.00,2.90,48000.00,40800.00,3.90,3.30,8.40,165.00,35.00,4750.00,1900.00,130.00,345.00,2095.00,205.00,345.00,12.70,39.00,870.00,1030.00,90.00,600000.00
"4620550.04","462","Montréal","0550.04",4809.00,0.30,1102.00,42.20,65.50,18.50,45.00,310.00,0.00,2.70,43600.00,38000.00,5.50,4.80,7.80,75.00,40.00,3570.00,1160.00,60.00,210.00,1495.00,315.00,225.00,9.70,23.80,890.00,890.00,85.00,500000.00
"4620570.00","462","Montréal","0570.00",4394.00,14.10,361.60,40.70,68.40,15.40,305.00,995.00,235.00,2.10,36000.00,32000.00,15.90,13.20,22.00,120.00,110.00,3630.00,515.00,85.00,205.00,755.00,1260.00,380.00,15.10,21.10,830.00,880.00,230.00,348000.00
"4620580.01","462","Montréal","0580.01",4853.00,13.90,4151.40,43.00,67.10,18.40,120.00,1330.00,125.00,2.10,38800.00,34400.00,13.30,10.40,23.20,105.00,120.00,3730.00,845.00,150.00,185.00,1215.00,1115.00,515.00,12.40,32.90,755.00,822.00,100.00,320000.00
"4620580.02","462","Montréal","0580.02",3235.00,0.00,3991.90,40.00,73.00,11.10,30.00,1165.00,5.00,2.00,46400.00,40000.00,5.60,4.80,8.50,80.00,15.00,2605.00,640.00,70.00,215.00,1395.00,230.00,215.00,12.20,17.80,980.00,910.00,40.00,240000.00
"4620580.03","462","Montréal","0580.03",3829.00,-1.30,3600.40,44.30,64.20,20.40,85.00,500.00,0.00,2.30,44400.00,38400.00,6.20,5.40,8.40,55.00,10.00,3295.00,390.00,45.00,150.00,1100.00,485.00,170.00,8.60,16.50,850.00,892.00,95.00,352000.00
"4620581.01","462","Montréal","0581.01",5825.00,2.00,4488.40,44.10,65.20,19.10,130.00,565.00,0.00,2.50,39600.00,34800.00,8.70,7.80,10.60,55.00,70.00,4085.00,840.00,195.00,275.00,1400.00,630.00,240.00,9.00,17.50,745.00,792.00,135.00,300000.00
"4620581.02","462","Montréal","0581.02",3490.00,-0.10,5215.20,41.40,66.50,16.00,40.00,720.00,95.00,2.30,35200.00,31800.00,14.60,14.50,14.00,60.00,30.00,2885.00,740.00,155.00,275.00,775.00,785.00,235.00,10.30,19.90,725.00,734.00,100.00,320000.00
"4620582.01","462","Montréal","0582.01",6340.00,-1.90,5463.60,46.10,62.30,24.00,40.00,2045.00,80.00,2.00,37600.00,33600.00,12.00,8.70,22.40,175.00,85.00,5130.00,995.00,160.00,275.00,1520.00,1535.00,435.00,9.50,18.50,780.00,774.00,170.00,324000.00
"4620582.02","462","Montréal","0582.02",5918.00,-1.90,4584.40,42.90,64.00,19.10,50.00,1450.00,10.00,2.20,38000.00,34000.00,11.40,9.70,17.20,95.00,60.00,4720.00,1090.00,205.00,310.00,1405.00,1270.00,375.00,9.60,19.30,745.00,740.00,250.00,320000.00
"4620583.00","462","Montréal","0583.00",3208.00,0.10,4292.20,42.20,63.90,18.40,170.00,425.00,45.00,2.40,37200.00,33200.00,9.30,7.90,16.00,30.00,50.00,2605.00,460.00,75.00,145.00,775.00,525.00,165.00,10.30,16.30,775.00,832.00,130.00,348000.00
"4620584.00","462","Montréal","0584.00",7066.00,0.60,4409.10,43.00,65.50,19.40,540.00,1755.00,150.00,2.10,35200.00,31600.00,15.10,12.20,25.50,165.00,60.00,5825.00,1055.00,230.00,395.00,1350.00,1975.00,550.00,13.30,18.60,760.00,770.00,260.00,348000.00
"4620585.01","462","Montréal","0585.01",2281.00,14.30,662.60,39.80,68.60,12.70,55.00,230.00,0.00,2.50,47600.00,41200.00,5.10,4.40,8.00,45.00,10.00,1875.00,440.00,55.00,135.00,705.00,205.00,95.00,7.90,19.50,1120.00,1050.00,45.00,348000.00
"4620585.02","462","Montréal","0585.02",3824.00,-1.90,682.90,49.80,56.00,31.90,20.00,1055.00,0.00,2.00,33600.00,30600.00,13.90,10.50,24.00,50.00,20.00,3160.00,525.00,110.00,100.00,795.00,965.00,430.00,10.70,36.60,930.00,920.00,55.00,348000.00
"4620590.01","462","Montréal","0590.01",5526.00,1.60,3715.70,39.90,62.80,16.70,65.00,1445.00,75.00,2.40,35200.00,31800.00,14.80,11.50,25.80,250.00,325.00,3310.00,1815.00,280.00,510.00,995.00,1275.00,425.00,14.10,22.00,850.00,860.00,165.00,452000.00
"4620590.02","462","Montréal","0590.02",3452.00,3.40,11502.80,36.10,66.70,10.90,190.00,995.00,0.00,2.50,30800.00,29000.00,16.30,14.30,21.00,360.00,260.00,1805.00,1360.00,200.00,395.00,360.00,1010.00,255.00,12.50,20.40,840.00,890.00,155.00,400000.00
"4620591.01","462","Montréal","0591.01",2704.00,1.50,5550.10,39.90,63.60,16.10,110.00,635.00,0.00,2.60,40800.00,36400.00,7.20,5.80,12.80,135.00,90.00,1820.00,945.00,130.00,190.00,590.00,505.00,210.00,17.10,20.80,940.00,884.00,75.00,556000.00
"4620591.02","462","Montréal","0591.02",4117.00,-1.00,6009.30,41.40,62.70,18.10,360.00,800.00,0.00,2.40,38400.00,34400.00,11.70,9.80,16.00,230.00,180.00,2380.00,1300.00,140.00,220.00,730.00,875.00,250.00,15.20,16.70,840.00,876.00,120.00,600000.00
"4620592.00","462","Montréal","0592.00",7570.00,2.00,7903.50,39.10,62.20,16.10,690.00,1730.00,195.00,2.50,34800.00,31800.00,13.50,10.60,28.10,640.00,375.00,4045.00,3145.00,340.00,690.00,1025.00,2075.00,530.00,17.60,17.00,810.00,850.00,235.00,520000.00
"4620593.01","462","Montréal","0593.01",4862.00,-4.40,4665.10,63.60,36.40,58.50,50.00,440.00,2090.00,1.60,36400.00,33200.00,13.40,11.30,15.00,85.00,35.00,2860.00,1330.00,80.00,210.00,1625.00,940.00,600.00,15.70,37.80,1100.00,1122.00,125.00,300000.00
"4620593.02","462","Montréal","0593.02",4575.00,0.80,9429.10,40.80,61.30,18.50,15.00,1460.00,325.00,2.30,33200.00,30400.00,13.50,12.90,16.40,355.00,130.00,2805.00,1705.00,235.00,360.00,560.00,1440.00,460.00,15.90,25.90,890.00,901.00,135.00,552000.00
"4620594.01","462","Montréal","0594.01",2848.00,5.30,7114.70,41.90,62.50,19.80,5.00,1295.00,0.00,2.10,31000.00,28800.00,16.50,13.40,25.20,270.00,110.00,1475.00,1195.00,150.00,360.00,235.00,1110.00,205.00,23.90,13.60,765.00,752.00,105.00,400000.00
"4620594.02","462","Montréal","0594.02",7589.00,1.90,961.60,45.00,60.50,24.20,125.00,1835.00,605.00,2.20,38800.00,34400.00,10.80,9.20,14.60,365.00,175.00,4510.00,2790.00,270.00,570.00,2020.00,1375.00,550.00,11.70,23.80,890.00,907.00,200.00,400000.00
"4620600.01","462","Montréal","0600.01",4022.00,2.30,5430.00,40.00,59.80,18.30,80.00,1380.00,0.00,2.50,31600.00,29400.00,14.40,12.80,18.00,210.00,135.00,2000.00,2075.00,220.00,470.00,460.00,1185.00,305.00,17.40,18.30,880.00,902.00,100.00,800000.00
"4620600.02","462","Montréal","0600.02",4118.00,-0.60,9973.40,38.30,63.10,14.90,290.00,1375.00,0.00,2.40,27400.00,26000.00,23.30,22.70,25.20,310.00,440.00,1630.00,1860.00,185.00,440.00,355.00,1295.00,410.00,26.80,24.60,820.00,819.00,135.00,700000.00
"4620600.03","462","Montréal","0600.03",7091.00,7.20,10175.10,49.30,50.90,33.10,385.00,1550.00,675.00,2.30,29800.00,28000.00,18.30,16.30,23.00,470.00,270.00,2595.00,3180.00,320.00,730.00,970.00,1670.00,630.00,22.40,25.20,890.00,956.00,185.00,460000.00
"4620601.01","462","Montréal","0601.01",3373.00,2.70,10504.50,41.20,61.50,19.00,470.00,835.00,10.00,2.60,30400.00,28400.00,13.20,11.40,17.20,165.00,95.00,1685.00,1495.00,215.00,370.00,495.00,815.00,270.00,18.60,22.20,900.00,926.00,70.00,700000.00
"4620601.02","462","Montréal","0601.02",4827.00,8.10,11291.20,42.70,59.00,22.00,285.00,1025.00,620.00,2.30,29800.00,27800.00,19.20,17.50,25.20,355.00,285.00,2080.00,2095.00,240.00,470.00,740.00,1220.00,445.00,23.10,23.00,830.00,898.00,145.00,348000.00
"4620602.01","462","Montréal","0602.01",3780.00,-0.80,7007.80,45.40,57.40,26.20,595.00,590.00,420.00,2.30,30600.00,28400.00,15.10,13.40,17.00,215.00,85.00,2080.00,1585.00,155.00,365.00,475.00,1145.00,400.00,27.40,24.00,970.00,1020.00,70.00,650000.00
"4620602.02","462","Montréal","0602.02",2794.00,-3.00,4540.10,40.50,64.40,17.20,165.00,975.00,0.00,2.40,27800.00,26600.00,17.80,15.70,21.20,180.00,155.00,1325.00,1330.00,215.00,375.00,265.00,900.00,260.00,34.60,19.00,840.00,914.00,70.00,800000.00
"4620603.01","462","Montréal","0603.01",3598.00,-0.50,6753.00,41.60,61.50,19.40,5.00,1445.00,0.00,2.40,29000.00,27400.00,15.20,14.00,18.80,310.00,145.00,1460.00,1805.00,220.00,470.00,355.00,1110.00,315.00,23.90,20.70,840.00,854.00,110.00,800000.00
"4620603.02","462","Montréal","0603.02",4252.00,4.40,6809.70,48.50,54.50,30.90,345.00,1095.00,125.00,2.40,29600.00,27400.00,14.20,12.20,19.60,225.00,105.00,1895.00,1920.00,245.00,365.00,665.00,970.00,405.00,29.50,21.40,850.00,870.00,90.00,700000.00
"4620603.03","462","Montréal","0603.03",3281.00,-7.10,9221.50,38.20,61.70,15.10,25.00,1160.00,35.00,2.70,28600.00,27200.00,14.90,12.50,23.20,140.00,80.00,1495.00,1555.00,205.00,285.00,290.00,885.00,170.00,22.40,11.90,880.00,892.00,65.00,800000.00
"4620604.01","462","Montréal","0604.01",3550.00,9.50,3796.40,43.50,63.80,21.00,65.00,305.00,145.00,2.70,36000.00,32400.00,7.80,5.50,14.60,125.00,45.00,2115.00,1280.00,240.00,185.00,865.00,395.00,235.00,14.00,29.90,1070.00,1116.00,50.00,600000.00
"4620604.02","462","Montréal","0604.02",4517.00,0.40,13254.10,38.00,61.40,15.20,45.00,1625.00,0.00,2.60,30200.00,28200.00,14.70,13.40,18.00,210.00,140.00,2180.00,2240.00,335.00,630.00,450.00,1275.00,280.00,19.10,15.40,900.00,930.00,105.00,800000.00
"4620604.03","462","Montréal","0604.03",3012.00,-0.90,6082.40,42.40,60.40,21.20,25.00,1115.00,0.00,2.50,31000.00,28600.00,13.10,11.80,16.40,165.00,95.00,1475.00,1385.00,125.00,315.00,420.00,815.00,275.00,26.50,20.40,860.00,852.00,90.00,800000.00
"4620604.04","462","Montréal","0604.04",3457.00,-0.30,4554.10,39.70,62.10,17.10,5.00,1195.00,0.00,2.60,31000.00,28800.00,12.30,10.40,15.80,180.00,70.00,1640.00,1765.00,235.00,410.00,340.00,995.00,280.00,17.60,22.40,880.00,948.00,70.00,800000.00
"4620604.05","462","Montréal","0604.05",5279.00,1.00,8915.70,38.00,62.20,14.10,80.00,1455.00,0.00,2.80,34000.00,30800.00,10.80,9.40,17.20,295.00,110.00,2765.00,2490.00,285.00,675.00,760.00,1155.00,350.00,17.20,18.70,880.00,932.00,95.00,750000.00
"4620605.01","462","Montréal","0605.01",3525.00,1.00,2609.80,44.70,57.50,25.10,120.00,1040.00,400.00,2.20,28800.00,27000.00,19.30,13.70,33.20,215.00,95.00,1745.00,1710.00,210.00,335.00,545.00,1025.00,275.00,21.80,15.10,820.00,844.00,75.00,628000.00
"4620605.02","462","Montréal","0605.02",1997.00,-0.10,3454.40,45.90,59.40,26.10,0.00,160.00,0.00,2.70,36800.00,32800.00,7.00,5.20,9.60,65.00,20.00,1285.00,750.00,55.00,150.00,605.00,130.00,100.00,13.40,15.40,755.00,840.00,25.00,600000.00
"4620605.03","462","Montréal","0605.03",5854.00,-1.00,5679.60,39.70,62.20,16.90,85.00,2060.00,115.00,2.50,30800.00,28400.00,15.70,12.90,24.00,410.00,135.00,3000.00,2705.00,220.00,675.00,635.00,1735.00,515.00,23.80,21.00,860.00,892.00,115.00,800000.00
"4620605.04","462","Montréal","0605.04",4898.00,-0.20,3085.50,40.50,60.70,18.70,260.00,1405.00,5.00,2.60,32000.00,29800.00,14.10,12.10,18.60,265.00,160.00,2515.00,2165.00,270.00,570.00,700.00,1210.00,330.00,16.50,17.80,890.00,920.00,105.00,500000.00
"4620605.05","462","Montréal","0605.05",2270.00,4.50,3969.90,43.40,62.10,21.40,45.00,580.00,0.00,2.50,33200.00,30400.00,11.80,9.20,20.80,60.00,30.00,1390.00,970.00,120.00,165.00,555.00,390.00,185.00,18.30,22.10,900.00,988.00,40.00,650000.00
"4620610.01","462","Montréal","0610.01",4777.00,5.30,5134.90,38.30,64.70,14.70,70.00,1455.00,355.00,2.40,26400.00,25200.00,21.50,19.30,31.40,350.00,405.00,2535.00,2055.00,390.00,725.00,400.00,1645.00,450.00,22.50,21.60,790.00,817.00,225.00,448000.00
"4620610.02","462","Montréal","0610.02",4612.00,1.20,9989.20,40.70,63.30,18.30,620.00,1180.00,0.00,2.50,27800.00,26200.00,15.90,13.20,24.80,160.00,185.00,2515.00,1820.00,215.00,580.00,565.00,1230.00,415.00,25.70,21.50,830.00,854.00,130.00,580000.00
"4620610.03","462","Montréal","0610.03",5684.00,7.30,7249.10,49.10,50.20,34.00,100.00,1015.00,415.00,2.30,30800.00,28600.00,15.20,12.10,19.40,135.00,215.00,2910.00,1965.00,255.00,615.00,1005.00,1195.00,495.00,14.90,29.10,860.00,928.00,155.00,376000.00
"4620610.04","462","Montréal","0610.04",3973.00,9.40,20416.20,36.40,64.70,12.30,20.00,1715.00,0.00,2.30,25000.00,24000.00,28.40,24.70,35.60,275.00,605.00,1975.00,1440.00,295.00,535.00,100.00,1665.00,405.00,14.30,23.10,745.00,776.00,175.00,572000.00
"4620610.05","462","Montréal","0610.05",4856.00,10.20,12609.70,34.50,67.40,9.30,15.00,1845.00,225.00,2.30,23800.00,23000.00,31.10,27.30,40.40,270.00,910.00,2270.00,1610.00,325.00,605.00,220.00,1880.00,485.00,40.00,21.10,735.00,747.00,255.00,250000.00
"4620610.06","462","Montréal","0610.06",2822.00,1.10,8229.80,38.80,66.80,14.20,35.00,1005.00,0.00,2.50,26600.00,25200.00,17.00,14.70,19.50,125.00,290.00,1490.00,1105.00,200.00,425.00,230.00,900.00,240.00,31.10,19.00,840.00,874.00,100.00,400000.00
"4620610.07","462","Montréal","0610.07",4659.00,8.30,8464.80,52.60,45.10,41.50,5.00,1060.00,380.00,2.10,24000.00,23200.00,29.70,22.30,46.60,130.00,235.00,1825.00,1195.00,215.00,490.00,315.00,1210.00,320.00,21.00,21.40,730.00,710.00,165.00,352000.00
"4620611.01","462","Montréal","0611.01",3036.00,7.60,4290.00,38.30,63.20,15.60,450.00,540.00,0.00,2.60,27400.00,25800.00,18.70,16.20,23.20,80.00,210.00,1485.00,1125.00,295.00,420.00,355.00,790.00,220.00,15.70,21.20,790.00,814.00,70.00,400000.00
"4620611.02","462","Montréal","0611.02",5839.00,5.40,10343.70,38.10,66.00,13.80,675.00,1435.00,25.00,2.50,27800.00,26200.00,17.90,15.70,23.60,320.00,520.00,2795.00,2525.00,465.00,880.00,670.00,1645.00,495.00,26.30,19.50,800.00,827.00,225.00,420000.00
"4620612.00","462","Montréal","0612.00",4813.00,3.70,6437.90,37.60,64.70,14.00,530.00,1100.00,110.00,2.50,27400.00,26000.00,18.60,15.70,29.20,230.00,325.00,2430.00,1935.00,330.00,785.00,690.00,1220.00,430.00,22.50,23.20,770.00,844.00,175.00,400000.00
"4620613.00","462","Montréal","0613.00",7813.00,5.60,7883.20,37.80,64.70,13.90,685.00,2165.00,0.00,2.50,28400.00,26800.00,18.70,16.60,29.00,585.00,360.00,3815.00,3570.00,615.00,1280.00,1010.00,2135.00,695.00,21.50,22.30,775.00,814.00,255.00,448000.00
"4620614.00","462","Montréal","0614.00",3827.00,11.10,8607.70,39.80,66.60,15.50,320.00,930.00,215.00,2.20,29400.00,27400.00,17.20,15.00,28.60,210.00,210.00,2340.00,1325.00,200.00,475.00,560.00,1145.00,435.00,23.40,26.40,745.00,812.00,115.00,448000.00
"4620615.00","462","Montréal","0615.00",5848.00,4.70,10442.90,37.50,65.40,13.20,520.00,1465.00,90.00,2.50,27400.00,26000.00,19.00,17.30,23.60,425.00,425.00,2855.00,2665.00,550.00,955.00,670.00,1660.00,530.00,23.90,22.10,790.00,823.00,250.00,448000.00
"4620616.00","462","Montréal","0616.00",6896.00,4.30,9136.20,39.30,62.30,16.70,580.00,1790.00,75.00,2.50,27800.00,26400.00,21.00,18.70,26.00,410.00,445.00,3345.00,2855.00,565.00,975.00,690.00,2005.00,545.00,20.40,20.60,770.00,806.00,255.00,400000.00
"4620617.01","462","Montréal","0617.01",5616.00,2.90,6209.00,41.30,63.80,18.30,85.00,1045.00,165.00,2.50,30600.00,28600.00,15.80,14.00,20.60,220.00,335.00,3095.00,2140.00,305.00,585.00,1070.00,1125.00,395.00,8.50,27.00,785.00,826.00,220.00,400000.00
"4620617.02","462","Montréal","0617.02",3904.00,-0.60,5948.50,41.60,64.90,17.90,260.00,920.00,0.00,2.40,31600.00,29400.00,13.90,12.10,19.20,130.00,120.00,2545.00,1405.00,215.00,490.00,745.00,890.00,305.00,20.10,17.60,795.00,832.00,100.00,400000.00
"4620618.00","462","Montréal","0618.00",3611.00,3.80,7240.80,44.60,59.80,24.00,180.00,1085.00,145.00,2.10,30800.00,28600.00,19.40,15.90,29.60,160.00,225.00,1990.00,1080.00,250.00,285.00,450.00,1220.00,500.00,22.50,32.90,795.00,856.00,160.00,400000.00
"4620619.00","462","Montréal","0619.00",5885.00,1.40,10047.80,49.80,52.10,34.40,180.00,1350.00,1190.00,1.80,28000.00,26600.00,23.60,19.90,31.70,355.00,365.00,3230.00,1795.00,245.00,555.00,570.00,2430.00,1145.00,19.50,42.90,880.00,947.00,145.00,400000.00
"4620625.01","462","Montréal","0625.01",6036.00,-0.80,1191.60,40.50,67.10,15.20,85.00,355.00,0.00,2.80,38000.00,33600.00,7.00,5.60,10.00,130.00,85.00,4400.00,1720.00,350.00,530.00,1830.00,370.00,270.00,9.00,27.40,880.00,924.00,115.00,302000.00
"4620625.02","462","Montréal","0625.02",7955.00,5.50,3983.10,37.30,65.90,11.90,80.00,435.00,0.00,3.00,40400.00,36000.00,4.50,3.00,12.40,155.00,45.00,5025.00,2885.00,455.00,870.00,2325.00,320.00,280.00,9.20,19.00,940.00,950.00,115.00,300000.00
"4620626.00","462","Montréal","0626.00",7631.00,6.40,722.40,38.20,67.30,12.30,65.00,670.00,0.00,2.90,44800.00,39200.00,4.60,3.50,11.20,150.00,10.00,5430.00,2185.00,250.00,610.00,2365.00,310.00,345.00,11.20,24.60,830.00,920.00,145.00,400000.00
"4620627.00","462","Montréal","0627.00",6628.00,-3.20,1291.20,44.90,63.50,22.60,165.00,1325.00,210.00,2.20,35200.00,32000.00,10.90,8.80,17.40,70.00,70.00,4710.00,1195.00,160.00,395.00,1260.00,1495.00,695.00,17.90,31.50,870.00,967.00,190.00,400000.00
"4620628.01","462","Montréal","0628.01",4820.00,2.00,2753.30,41.20,63.50,18.30,40.00,800.00,80.00,2.40,39600.00,35200.00,8.70,7.50,13.80,125.00,75.00,3410.00,1220.00,195.00,285.00,1245.00,740.00,295.00,10.50,22.30,800.00,838.00,165.00,400000.00
"4620628.02","462","Montréal","0628.02",3746.00,-0.20,4581.70,39.90,64.50,16.50,5.00,730.00,0.00,2.40,40000.00,35200.00,8.00,6.90,9.60,160.00,80.00,2715.00,1060.00,115.00,255.00,905.00,670.00,240.00,12.20,19.70,840.00,908.00,75.00,384000.00
"4620629.00","462","Montréal","0629.00",3515.00,2.40,2952.00,44.90,60.30,23.80,20.00,195.00,0.00,2.60,41600.00,36400.00,4.70,2.90,11.20,45.00,0.00,2535.00,980.00,110.00,185.00,1135.00,190.00,115.00,5.80,23.70,810.00,840.00,90.00,424000.00
"4620630.01","462","Montréal","0630.01",3710.00,0.40,3076.00,43.70,62.50,21.00,5.00,60.00,0.00,2.80,44400.00,38400.00,3.60,2.70,7.00,50.00,40.00,2580.00,1075.00,75.00,180.00,1220.00,90.00,125.00,7.80,27.80,990.00,1260.00,65.00,500000.00
"4620630.02","462","Montréal","0630.02",5177.00,-0.20,2358.90,45.00,57.50,25.40,5.00,210.00,130.00,2.60,50400.00,42400.00,5.20,3.60,8.60,70.00,50.00,3965.00,1065.00,100.00,170.00,1705.00,240.00,185.00,7.60,25.00,820.00,840.00,90.00,552000.00
"4620631.00","462","Montréal","0631.00",7777.00,0.10,311.90,39.10,72.60,10.70,40.00,525.00,45.00,3.00,48800.00,42000.00,3.90,2.90,11.00,60.00,30.00,5770.00,1970.00,315.00,425.00,2290.00,310.00,280.00,9.90,17.70,1320.00,1320.00,55.00,600000.00
"4620632.01","462","Montréal","0632.01",5094.00,2.60,3355.30,44.10,62.80,22.00,65.00,535.00,5.00,2.50,38400.00,34000.00,7.00,5.10,13.20,150.00,45.00,3555.00,1400.00,170.00,370.00,1435.00,560.00,290.00,10.80,23.60,840.00,912.00,120.00,420000.00
"4620632.02","462","Montréal","0632.02",4836.00,0.60,2430.90,41.40,64.50,17.40,30.00,675.00,0.00,2.60,39600.00,34800.00,8.10,6.80,15.60,140.00,40.00,3420.00,1460.00,210.00,395.00,1200.00,685.00,245.00,8.30,20.30,830.00,878.00,85.00,400000.00
"4620632.03","462","Montréal","0632.03",5789.00,-3.00,1408.80,52.20,51.70,36.30,15.00,585.00,0.00,2.50,42000.00,36800.00,6.50,5.30,10.20,55.00,25.00,3360.00,1135.00,115.00,225.00,1340.00,475.00,220.00,10.60,16.80,820.00,896.00,65.00,500000.00
"4620632.04","462","Montréal","0632.04",6996.00,-2.50,3685.60,44.10,67.30,19.50,25.00,1370.00,0.00,2.30,40000.00,34800.00,7.20,5.70,14.50,125.00,45.00,5345.00,1595.00,125.00,430.00,2040.00,970.00,460.00,9.60,27.50,850.00,926.00,130.00,400000.00
"4620633.00","462","Montréal","0633.00",5272.00,0.70,3228.20,47.40,56.90,28.30,15.00,290.00,415.00,2.40,43600.00,38400.00,7.20,6.10,10.80,130.00,65.00,3605.00,1260.00,135.00,285.00,1510.00,525.00,290.00,12.00,21.90,840.00,956.00,125.00,492000.00
"4620634.00","462","Montréal","0634.00",3212.00,7.80,3924.70,41.40,64.20,18.20,10.00,425.00,125.00,2.40,38000.00,34000.00,10.10,9.30,13.20,175.00,65.00,2175.00,980.00,170.00,230.00,820.00,510.00,190.00,9.80,21.60,870.00,960.00,115.00,400000.00
"4620635.00","462","Montréal","0635.00",5666.00,2.70,5479.20,49.60,55.10,32.00,460.00,805.00,400.00,2.10,33600.00,30600.00,14.30,12.10,22.80,125.00,140.00,3400.00,1385.00,260.00,320.00,1155.00,1260.00,680.00,20.30,35.50,850.00,944.00,310.00,348000.00
"4620636.00","462","Montréal","0636.00",7443.00,2.50,3341.30,38.70,65.20,14.90,115.00,2205.00,65.00,2.40,34000.00,30800.00,13.50,11.70,20.40,350.00,200.00,5130.00,2100.00,295.00,620.00,1075.00,2000.00,470.00,12.60,16.80,870.00,890.00,275.00,368000.00
"4620637.01","462","Montréal","0637.01",4978.00,-0.20,3135.60,42.50,63.50,20.40,25.00,615.00,0.00,2.60,36000.00,32400.00,7.50,5.80,11.40,125.00,40.00,3070.00,1920.00,300.00,405.00,1360.00,545.00,280.00,12.50,20.60,870.00,908.00,170.00,400000.00
"4620637.02","462","Montréal","0637.02",4344.00,3.10,3077.80,40.80,67.50,16.70,0.00,1830.00,150.00,2.00,34800.00,31600.00,15.20,11.80,27.00,120.00,95.00,2980.00,1200.00,215.00,365.00,660.00,1525.00,405.00,17.40,19.10,785.00,822.00,100.00,332000.00
"4620638.01","462","Montréal","0638.01",5428.00,-1.50,5911.60,42.40,66.00,19.90,40.00,1595.00,120.00,2.20,34400.00,31200.00,11.70,9.50,20.60,340.00,110.00,3435.00,1885.00,295.00,440.00,1075.00,1445.00,465.00,11.60,23.50,830.00,866.00,135.00,400000.00
"4620638.02","462","Montréal","0638.02",2204.00,4.80,4908.70,41.50,63.90,18.90,40.00,325.00,0.00,2.60,35600.00,32400.00,8.00,7.80,11.20,135.00,60.00,1335.00,775.00,115.00,155.00,585.00,235.00,95.00,10.30,14.90,930.00,970.00,85.00,448000.00
"4620638.03","462","Montréal","0638.03",4605.00,6.80,6791.00,39.20,65.80,15.50,175.00,1210.00,60.00,2.30,32000.00,29400.00,13.80,12.10,21.60,280.00,215.00,2580.00,1830.00,380.00,455.00,705.00,1270.00,425.00,13.50,26.20,850.00,922.00,165.00,400000.00
"4620638.04","462","Montréal","0638.04",6570.00,3.80,7951.10,38.40,68.80,13.90,0.00,2645.00,165.00,2.10,30400.00,28000.00,17.30,15.90,27.20,510.00,295.00,3655.00,2620.00,415.00,685.00,685.00,2470.00,620.00,14.60,21.40,775.00,814.00,260.00,424000.00
"4620639.00","462","Montréal","0639.00",4195.00,1.50,3137.40,47.10,58.80,27.90,150.00,885.00,495.00,2.00,36000.00,32400.00,15.70,12.30,25.60,190.00,70.00,2785.00,1110.00,215.00,275.00,790.00,1240.00,500.00,13.90,31.50,890.00,956.00,195.00,424000.00
"4620640.00","462","Montréal","0640.00",4497.00,13.60,5645.20,45.10,59.30,25.10,215.00,740.00,205.00,2.30,34000.00,30800.00,13.80,10.70,25.00,195.00,80.00,2725.00,1380.00,225.00,260.00,950.00,880.00,555.00,17.80,44.80,1000.00,1106.00,160.00,400000.00
"4620641.01","462","Montréal","0641.01",9049.00,6.60,6680.20,44.20,61.90,24.00,150.00,2255.00,1005.00,2.10,35200.00,31600.00,13.20,10.50,24.00,545.00,260.00,5510.00,2625.00,535.00,610.00,1365.00,2735.00,935.00,16.10,26.20,910.00,996.00,215.00,380000.00
"4620641.02","462","Montréal","0641.02",4179.00,21.80,3260.50,39.80,73.60,13.60,60.00,180.00,1060.00,2.10,42000.00,37200.00,11.30,10.60,14.00,230.00,120.00,2650.00,1325.00,135.00,310.00,1265.00,690.00,455.00,18.20,33.80,1220.00,1212.00,80.00,400000.00
"4620642.00","462","Montréal","0642.00",7814.00,6.00,810.70,41.50,65.00,17.90,10.00,1880.00,125.00,2.40,34000.00,31200.00,14.00,12.00,15.70,345.00,160.00,4690.00,2915.00,565.00,670.00,1580.00,1690.00,620.00,11.10,26.50,850.00,934.00,150.00,400000.00
"4620643.01","462","Montréal","0643.01",7446.00,34.40,2346.20,40.20,67.00,15.40,0.00,310.00,1280.00,2.50,46000.00,39600.00,7.60,5.90,18.80,195.00,105.00,4850.00,2410.00,395.00,355.00,1630.00,1355.00,805.00,14.50,42.20,1450.00,1462.00,35.00,616000.00
"4620643.02","462","Montréal","0643.02",10182.00,50.20,2844.80,50.90,55.00,35.40,0.00,1230.00,3910.00,1.80,38800.00,34400.00,16.00,12.10,21.90,550.00,175.00,6095.00,3380.00,860.00,525.00,2120.00,3225.00,1855.00,23.50,42.40,1450.00,1450.00,80.00,400000.00
"4620643.03","462","Montréal","0643.03",5735.00,3.10,3700.20,41.00,67.00,16.70,55.00,1820.00,0.00,2.30,29200.00,27200.00,16.50,13.00,30.00,645.00,120.00,2765.00,2855.00,845.00,500.00,1135.00,1320.00,565.00,22.10,24.00,870.00,901.00,140.00,348000.00
"4620644.00","462","Montréal","0644.00",1244.00,2.50,837.00,43.70,65.50,19.70,10.00,215.00,0.00,2.40,39200.00,34800.00,7.60,6.00,10.00,25.00,25.00,740.00,470.00,85.00,130.00,355.00,155.00,50.00,10.00,0.00,810.00,900.00,55.00,400000.00
"4620645.00","462","Montréal","0645.00",5719.00,-10.80,3744.00,50.60,50.30,36.00,70.00,1225.00,515.00,2.20,24000.00,23400.00,24.40,18.40,42.20,370.00,95.00,2755.00,1995.00,615.00,475.00,590.00,1670.00,615.00,15.30,31.60,775.00,800.00,150.00,348000.00
"4620646.01","462","Montréal","0646.01",3906.00,8.00,7523.10,37.60,64.10,14.00,105.00,1125.00,110.00,2.50,24400.00,23600.00,27.30,22.70,43.20,745.00,145.00,1660.00,1960.00,845.00,415.00,400.00,1150.00,315.00,23.10,19.50,810.00,802.00,115.00,280000.00
"4620646.02","462","Montréal","0646.02",4009.00,5.00,6371.60,41.70,60.80,20.70,220.00,815.00,200.00,2.50,28200.00,26400.00,16.50,14.50,20.20,440.00,70.00,1955.00,2010.00,555.00,480.00,755.00,830.00,340.00,19.30,23.80,840.00,910.00,115.00,400000.00
"4620646.03","462","Montréal","0646.03",4036.00,15.40,8125.60,45.20,58.00,26.30,185.00,310.00,1050.00,2.10,28800.00,27000.00,19.60,17.20,22.00,375.00,200.00,2225.00,1530.00,410.00,300.00,555.00,1330.00,670.00,19.10,43.00,1160.00,1209.00,125.00,348000.00
"4620647.01","462","Montréal","0647.01",3229.00,7.60,11157.60,63.30,36.70,59.10,0.00,100.00,1880.00,1.60,39200.00,34000.00,13.90,13.60,14.20,105.00,40.00,2295.00,945.00,155.00,100.00,1210.00,825.00,530.00,19.90,35.40,1110.00,1078.00,115.00,348000.00
"4620647.02","462","Montréal","0647.02",8016.00,7.90,4963.50,49.80,53.60,33.90,165.00,1380.00,950.00,2.20,31200.00,28800.00,15.60,13.70,19.50,510.00,120.00,4255.00,3145.00,800.00,635.00,1915.00,1540.00,1015.00,22.00,38.80,940.00,1063.00,220.00,348000.00
"4620648.00","462","Montréal","0648.00",5330.00,1.90,4708.10,42.50,62.00,21.00,160.00,525.00,0.00,2.80,26800.00,25400.00,12.20,8.20,25.20,335.00,50.00,2615.00,2745.00,565.00,535.00,1350.00,555.00,300.00,10.80,28.20,820.00,872.00,175.00,400000.00
"4620649.01","462","Montréal","0649.01",2701.00,2.80,1859.20,42.90,61.70,22.00,15.00,335.00,0.00,2.80,29200.00,27000.00,11.60,9.20,18.00,175.00,30.00,1415.00,1310.00,185.00,300.00,630.00,350.00,195.00,16.50,25.00,870.00,960.00,70.00,468000.00
"4620649.02","462","Montréal","0649.02",5434.00,-0.10,4198.40,44.10,61.50,23.60,50.00,650.00,5.00,2.70,25400.00,24200.00,11.80,8.40,21.60,430.00,25.00,2395.00,2960.00,690.00,485.00,1350.00,625.00,360.00,13.30,28.80,820.00,848.00,120.00,448000.00
"4620650.01","462","Montréal","0650.01",4401.00,-1.80,5744.70,44.30,61.70,23.10,20.00,730.00,0.00,2.80,27800.00,25800.00,12.00,8.50,23.80,235.00,30.00,2195.00,2115.00,395.00,340.00,980.00,610.00,355.00,18.40,30.30,870.00,940.00,120.00,500000.00
"4620650.02","462","Montréal","0650.02",4168.00,2.20,5718.20,41.00,63.30,18.70,30.00,1085.00,0.00,2.70,25400.00,24400.00,15.60,12.30,28.60,330.00,135.00,1920.00,2135.00,465.00,450.00,705.00,815.00,375.00,22.10,27.80,900.00,994.00,90.00,500000.00
"4620650.04","462","Montréal","0650.04",6944.00,1.40,3900.00,37.20,67.70,11.60,0.00,1840.00,0.00,2.60,36000.00,32400.00,11.10,8.70,22.80,415.00,100.00,3875.00,2825.00,610.00,610.00,1285.00,1400.00,610.00,20.60,24.90,1050.00,1086.00,40.00,400000.00
"4620650.05","462","Montréal","0650.05",4189.00,-2.00,4819.40,41.80,63.70,18.60,30.00,710.00,0.00,2.80,32000.00,29400.00,11.30,8.40,23.60,225.00,65.00,2075.00,1960.00,415.00,355.00,930.00,530.00,255.00,15.70,21.90,1000.00,1000.00,75.00,500000.00
"4620651.01","462","Montréal","0651.01",6460.00,1.10,2993.00,42.40,66.20,18.70,40.00,525.00,0.00,2.80,33200.00,30200.00,8.80,6.20,17.20,325.00,55.00,3350.00,3060.00,560.00,570.00,1885.00,460.00,345.00,11.40,27.20,940.00,1008.00,110.00,400000.00
"4620651.02","462","Montréal","0651.02",8319.00,8.60,1640.70,37.40,68.10,10.80,20.00,470.00,5.00,3.20,39200.00,35200.00,5.00,3.70,11.60,245.00,50.00,4720.00,3555.00,730.00,780.00,2325.00,270.00,330.00,12.30,20.80,1160.00,1090.00,30.00,452000.00
"4620652.01","462","Montréal","0652.01",9150.00,8.80,3066.90,42.10,63.80,18.50,10.00,830.00,135.00,2.70,44000.00,38000.00,6.40,4.80,13.90,195.00,110.00,6060.00,2825.00,400.00,570.00,2600.00,725.00,760.00,17.20,43.80,1040.00,1464.00,140.00,536000.00
"4620652.04","462","Montréal","0652.04",4218.00,-1.10,3319.20,41.70,66.10,16.60,70.00,55.00,60.00,2.80,42800.00,37600.00,4.90,4.10,8.00,215.00,35.00,3085.00,1330.00,170.00,165.00,1325.00,240.00,145.00,7.20,23.40,870.00,840.00,55.00,400000.00
"4620652.06","462","Montréal","0652.06",4020.00,-0.40,1839.10,38.80,68.40,11.20,15.00,110.00,40.00,2.80,52800.00,45200.00,4.00,3.30,8.00,140.00,35.00,2905.00,1075.00,135.00,190.00,1310.00,150.00,150.00,9.90,13.30,1090.00,1100.00,65.00,448000.00
"4620652.07","462","Montréal","0652.07",9603.00,8.10,1003.40,38.40,68.30,11.60,80.00,505.00,180.00,2.90,46800.00,40800.00,4.50,3.80,9.00,235.00,35.00,6695.00,2855.00,290.00,675.00,2865.00,505.00,490.00,12.30,28.00,1200.00,1256.00,105.00,500000.00
"4620652.08","462","Montréal","0652.08",5115.00,0.10,3444.00,37.00,72.20,8.70,5.00,335.00,0.00,3.20,42000.00,37200.00,5.20,3.60,18.40,165.00,30.00,3110.00,1725.00,285.00,460.00,1260.00,310.00,220.00,10.40,29.00,1050.00,1050.00,45.00,564000.00
"4620652.09","462","Montréal","0652.09",4257.00,-0.20,4101.90,37.00,71.90,8.70,0.00,315.00,5.00,3.30,35200.00,31600.00,6.50,5.80,15.20,155.00,55.00,2355.00,1780.00,445.00,485.00,1010.00,270.00,205.00,14.40,21.80,1030.00,1090.00,15.00,600000.00
"4620653.00","462","Montréal","0653.00",941.00,-1.20,1554.90,45.00,63.00,22.80,0.00,0.00,0.00,2.60,52400.00,43600.00,4.80,3.80,6.00,0.00,20.00,790.00,160.00,0.00,40.00,350.00,35.00,55.00,12.70,0.00,1560.00,1700.00,30.00,650000.00
"4620654.00","462","Montréal","0654.00",879.00,18.10,523.90,48.00,58.00,27.80,0.00,80.00,0.00,2.50,70000.00,55200.00,5.20,4.00,7.00,20.00,0.00,780.00,145.00,20.00,15.00,330.00,35.00,55.00,12.10,50.00,3000.00,2200.00,25.00,1000000.00
"4620655.01","462","Montréal","0655.01",4328.00,2.90,3053.30,42.10,67.60,15.90,120.00,285.00,10.00,2.40,37600.00,33200.00,9.40,8.00,17.60,55.00,70.00,3400.00,690.00,130.00,200.00,1285.00,425.00,315.00,14.90,28.20,880.00,924.00,170.00,280000.00
"4620655.02","462","Montréal","0655.02",6706.00,0.80,2702.80,40.40,66.70,14.60,165.00,285.00,5.00,2.60,38800.00,34400.00,7.50,5.70,18.00,175.00,45.00,4795.00,1780.00,300.00,375.00,2005.00,500.00,285.00,10.00,18.20,800.00,860.00,170.00,348000.00
"4620656.01","462","Montréal","0656.01",8223.00,14.70,1344.70,46.30,57.90,26.30,160.00,240.00,705.00,2.40,37200.00,33200.00,8.90,5.80,20.80,255.00,60.00,5700.00,1920.00,400.00,445.00,2130.00,1125.00,830.00,12.30,50.70,1210.00,1204.00,140.00,348000.00
"4620656.03","462","Montréal","0656.03",3826.00,-3.70,1015.50,41.80,68.00,15.60,45.00,35.00,0.00,2.60,41200.00,36000.00,6.00,4.10,16.40,105.00,30.00,2850.00,900.00,230.00,165.00,1280.00,140.00,120.00,7.00,21.40,810.00,960.00,80.00,348000.00
"4620656.04","462","Montréal","0656.04",7473.00,3.60,3655.70,36.10,67.20,9.20,50.00,140.00,0.00,3.20,45600.00,39600.00,3.20,2.70,5.20,250.00,60.00,4940.00,2470.00,740.00,455.00,2190.00,160.00,330.00,12.80,30.00,1050.00,1140.00,90.00,492000.00
"4620657.01","462","Montréal","0657.01",3659.00,-1.00,1929.20,42.30,65.20,18.30,20.00,325.00,70.00,2.50,37600.00,33200.00,8.50,6.90,16.40,110.00,50.00,2400.00,1070.00,265.00,210.00,1135.00,305.00,235.00,13.70,26.20,880.00,890.00,90.00,348000.00
"4620657.02","462","Montréal","0657.02",5768.00,-0.60,3744.50,41.50,65.30,17.10,10.00,430.00,0.00,2.70,38400.00,34400.00,6.10,4.30,12.80,160.00,40.00,4255.00,1615.00,460.00,335.00,1735.00,430.00,265.00,10.10,20.90,820.00,892.00,115.00,376000.00
"4620657.03","462","Montréal","0657.03",4354.00,-3.50,2443.00,39.10,67.90,13.00,5.00,90.00,0.00,3.10,40000.00,36000.00,4.40,3.50,9.60,110.00,15.00,2960.00,1375.00,355.00,320.00,1305.00,120.00,120.00,7.70,20.80,900.00,1100.00,35.00,400000.00
"4620658.01","462","Montréal","0658.01",4427.00,2.80,3562.10,42.60,59.80,22.20,10.00,265.00,0.00,2.60,37600.00,33600.00,6.60,5.70,9.20,205.00,15.00,3255.00,1130.00,290.00,215.00,1440.00,285.00,230.00,11.50,23.20,860.00,880.00,65.00,348000.00
"4620658.02","462","Montréal","0658.02",3198.00,0.80,3531.00,44.00,61.80,22.50,10.00,105.00,0.00,2.70,40400.00,35200.00,4.30,2.70,10.40,75.00,0.00,2390.00,830.00,140.00,205.00,1115.00,75.00,60.00,5.40,0.00,820.00,960.00,55.00,348000.00
"4620658.03","462","Montréal","0658.03",8160.00,0.50,1445.20,41.00,66.40,15.90,45.00,660.00,95.00,2.70,42800.00,37600.00,4.80,3.80,9.20,235.00,25.00,6195.00,1935.00,435.00,440.00,2490.00,545.00,350.00,8.00,26.90,970.00,1004.00,140.00,400000.00
"4620659.04","462","Montréal","0659.04",4910.00,6.30,813.60,37.10,71.70,7.80,0.00,180.00,0.00,3.00,54400.00,45600.00,2.00,1.40,7.60,65.00,0.00,3825.00,1150.00,140.00,245.00,1550.00,110.00,150.00,7.40,30.40,1530.00,1460.00,30.00,500000.00
"4620659.05","462","Montréal","0659.05",7349.00,-1.50,3101.10,40.30,67.10,14.80,0.00,450.00,0.00,2.70,52000.00,43600.00,2.80,2.40,5.80,150.00,15.00,5940.00,1390.00,190.00,285.00,2335.00,400.00,175.00,4.90,16.50,870.00,908.00,80.00,448000.00
"4620659.06","462","Montréal","0659.06",4134.00,-6.70,2355.30,47.70,58.80,27.80,175.00,110.00,330.00,2.20,38000.00,34400.00,9.20,5.00,22.80,60.00,15.00,3420.00,595.00,100.00,100.00,1185.00,645.00,415.00,10.60,45.30,870.00,994.00,120.00,368000.00
"4620659.08","462","Montréal","0659.08",6542.00,-0.60,4742.60,39.00,68.90,11.90,80.00,245.00,0.00,2.80,45200.00,39600.00,3.90,3.30,7.40,105.00,30.00,4625.00,1795.00,235.00,360.00,2000.00,330.00,230.00,8.30,21.50,950.00,936.00,60.00,380000.00
"4620659.09","462","Montréal","0659.09",3587.00,2.00,4109.30,33.80,69.80,5.00,10.00,15.00,0.00,3.70,44400.00,39200.00,2.50,1.90,9.00,105.00,15.00,2050.00,1510.00,345.00,335.00,940.00,40.00,100.00,9.00,37.50,760.00,920.00,55.00,452000.00
"4620659.10","462","Montréal","0659.10",3594.00,1.40,3296.90,34.80,66.80,7.00,0.00,0.00,0.00,3.50,58400.00,48800.00,0.80,0.60,4.00,70.00,10.00,2445.00,1010.00,120.00,265.00,970.00,30.00,65.00,5.70,0.00,294.00,600.00,20.00,500000.00
"4620659.11","462","Montréal","0659.11",7292.00,11.00,2996.10,40.20,63.70,16.40,205.00,925.00,40.00,2.50,42800.00,37600.00,7.00,6.00,14.80,250.00,45.00,5400.00,1650.00,325.00,330.00,1800.00,1025.00,370.00,7.80,22.40,850.00,898.00,180.00,400000.00
"4620660.01","462","Montréal","0660.01",5373.00,-2.30,2680.10,40.00,70.70,11.50,25.00,120.00,0.00,3.00,48000.00,41200.00,2.90,2.20,7.00,80.00,30.00,4270.00,1060.00,140.00,305.00,1750.00,55.00,145.00,8.30,0.00,1050.00,800.00,35.00,496000.00
"4620660.02","462","Montréal","0660.02",5586.00,1.50,3957.50,41.90,63.90,19.10,10.00,780.00,0.00,2.60,38400.00,34400.00,6.20,4.30,13.60,135.00,65.00,3935.00,1580.00,120.00,490.00,1565.00,615.00,325.00,11.50,22.80,880.00,908.00,130.00,400000.00
"4620660.03","462","Montréal","0660.03",7456.00,4.00,3595.50,42.20,66.60,17.60,10.00,675.00,60.00,2.70,44800.00,38800.00,5.30,3.30,15.30,60.00,10.00,5855.00,1455.00,160.00,255.00,2295.00,475.00,320.00,8.10,30.90,1060.00,1116.00,75.00,420000.00
"4620661.01","462","Montréal","0661.01",9732.00,1.20,1737.70,38.90,67.30,12.60,95.00,680.00,60.00,2.70,45600.00,39600.00,5.20,4.00,11.00,115.00,30.00,7360.00,2230.00,305.00,505.00,3080.00,500.00,385.00,9.30,20.20,870.00,956.00,145.00,400000.00
"4620661.03","462","Montréal","0661.03",4457.00,-2.20,232.20,40.20,65.90,14.50,40.00,40.00,0.00,2.90,46400.00,40400.00,4.40,3.50,8.00,40.00,20.00,3325.00,980.00,100.00,355.00,1405.00,115.00,160.00,10.00,17.40,1050.00,1180.00,45.00,448000.00
"4620661.04","462","Montréal","0661.04",4604.00,-0.50,4766.00,40.30,68.50,14.10,25.00,535.00,0.00,2.60,42800.00,37600.00,5.20,3.60,12.40,95.00,25.00,3540.00,1125.00,120.00,305.00,1425.00,365.00,165.00,7.40,16.70,900.00,904.00,50.00,348000.00
"4620662.00","462","Montréal","0662.00",4811.00,-2.60,167.00,43.40,62.80,20.20,95.00,125.00,0.00,2.50,43600.00,37600.00,4.80,4.00,9.60,15.00,35.00,3935.00,535.00,75.00,180.00,1580.00,240.00,215.00,10.20,20.40,770.00,860.00,100.00,348000.00
"4620675.00","462","Montréal","0675.00",6365.00,5.90,1662.10,53.50,48.20,41.40,45.00,1390.00,995.00,1.80,38000.00,34000.00,11.50,9.90,14.30,50.00,45.00,5860.00,440.00,85.00,140.00,1935.00,1540.00,1025.00,12.40,51.10,940.00,1179.00,195.00,324000.00
"4620676.01","462","Montréal","0676.01",3640.00,2.80,2415.90,42.90,60.20,21.30,45.00,290.00,0.00,2.50,44400.00,38800.00,7.20,5.90,10.00,25.00,10.00,3195.00,340.00,70.00,100.00,1090.00,325.00,140.00,8.70,15.40,850.00,888.00,110.00,348000.00
"4620676.02","462","Montréal","0676.02",2931.00,3.10,2598.90,44.70,57.90,25.00,20.00,20.00,0.00,2.60,44400.00,38400.00,3.60,2.50,6.20,10.00,10.00,2710.00,235.00,20.00,65.00,1075.00,60.00,85.00,6.50,30.80,860.00,780.00,115.00,344000.00
"4620676.03","462","Montréal","0676.03",2341.00,-2.70,2000.30,45.60,58.80,25.20,0.00,5.00,0.00,2.50,42800.00,37200.00,3.80,3.10,6.00,25.00,0.00,2065.00,275.00,60.00,55.00,900.00,25.00,75.00,8.30,0.00,,1200.00,75.00,324000.00
"4620676.04","462","Montréal","0676.04",3303.00,0.90,2188.40,44.90,55.60,26.80,10.00,5.00,0.00,2.70,43600.00,38400.00,3.90,2.90,6.80,0.00,10.00,2770.00,320.00,70.00,65.00,1110.00,50.00,100.00,9.00,0.00,500.00,600.00,70.00,348000.00
"4620677.01","462","Montréal","0677.01",6374.00,3.80,2671.90,48.00,56.50,30.20,45.00,850.00,95.00,2.30,38000.00,33600.00,9.50,7.40,15.50,65.00,45.00,5450.00,555.00,85.00,220.00,1735.00,935.00,405.00,8.70,27.40,775.00,854.00,200.00,348000.00
"4620677.02","462","Montréal","0677.02",5271.00,0.90,2414.50,46.00,57.90,27.60,5.00,1825.00,0.00,2.00,36000.00,32000.00,11.90,8.50,19.40,50.00,25.00,4755.00,480.00,85.00,160.00,1230.00,1380.00,430.00,10.20,22.20,810.00,836.00,110.00,280000.00
"4620677.05","462","Montréal","0677.05",4998.00,2.80,2628.00,41.90,62.40,18.60,10.00,45.00,0.00,2.90,50800.00,43200.00,3.10,2.70,4.40,20.00,20.00,4235.00,670.00,45.00,205.00,1620.00,55.00,145.00,8.00,40.00,1030.00,1360.00,75.00,424000.00
"4620677.07","462","Montréal","0677.07",3822.00,-2.70,3783.40,41.20,65.60,16.50,5.00,570.00,0.00,2.40,42000.00,36800.00,6.50,5.10,10.40,40.00,20.00,3355.00,485.00,70.00,165.00,1160.00,415.00,140.00,8.60,9.80,830.00,868.00,70.00,324000.00
"4620677.09","462","Montréal","0677.09",4342.00,1.60,3445.80,42.30,64.10,18.80,30.00,415.00,0.00,2.50,45200.00,39200.00,5.50,4.30,8.40,20.00,30.00,3850.00,460.00,75.00,175.00,1355.00,345.00,185.00,9.60,15.70,940.00,980.00,90.00,348000.00
"4620677.10","462","Montréal","0677.10",4717.00,4.90,3030.90,45.40,59.90,24.20,40.00,650.00,0.00,2.50,46400.00,40400.00,4.10,3.40,6.40,30.00,10.00,3885.00,630.00,110.00,215.00,1520.00,325.00,265.00,12.20,26.60,1200.00,1310.00,45.00,348000.00
"4620677.11","462","Montréal","0677.11",3913.00,3.40,2791.20,36.30,64.20,10.90,20.00,110.00,0.00,3.30,58400.00,48800.00,2.00,1.60,4.80,55.00,20.00,3175.00,640.00,90.00,175.00,1160.00,35.00,120.00,9.90,0.00,930.00,1100.00,35.00,500000.00
"4620677.12","462","Montréal","0677.12",4924.00,6.00,3846.60,33.10,64.80,6.90,5.00,405.00,0.00,3.10,52400.00,45200.00,3.00,2.30,6.80,70.00,50.00,3770.00,1180.00,175.00,365.00,1310.00,265.00,220.00,12.30,20.80,1050.00,1090.00,25.00,436000.00
"4620677.13","462","Montréal","0677.13",4071.00,0.90,2484.10,39.60,66.30,14.00,5.00,600.00,5.00,2.50,46800.00,40800.00,4.90,3.50,12.00,50.00,20.00,3285.00,590.00,60.00,160.00,1345.00,290.00,175.00,9.70,16.10,960.00,980.00,25.00,324000.00
"4620677.14","462","Montréal","0677.14",3400.00,-0.20,3965.00,38.70,64.90,13.20,15.00,20.00,0.00,3.00,46400.00,40400.00,3.00,2.50,4.00,45.00,0.00,2850.00,670.00,95.00,200.00,1095.00,65.00,80.00,6.40,0.00,1210.00,1200.00,45.00,348000.00
"4620681.00","462","Montréal","0681.00",3360.00,-2.30,92.90,42.30,66.10,17.70,130.00,295.00,0.00,2.30,43200.00,37200.00,7.10,5.90,12.40,10.00,0.00,3220.00,120.00,0.00,35.00,1150.00,315.00,195.00,11.30,22.20,860.00,870.00,60.00,298000.00
"4620682.02","462","Montréal","0682.02",2742.00,9.40,229.20,46.30,57.60,27.30,130.00,380.00,55.00,2.20,37600.00,33600.00,11.40,7.40,23.20,10.00,20.00,2465.00,125.00,0.00,55.00,700.00,515.00,300.00,12.20,41.70,870.00,1028.00,80.00,348000.00
"4620682.04","462","Montréal","0682.04",3353.00,-1.40,3121.10,43.70,62.90,20.70,90.00,245.00,0.00,2.40,40800.00,36000.00,6.30,3.80,14.40,0.00,0.00,3025.00,350.00,105.00,100.00,1025.00,355.00,230.00,4.90,49.30,900.00,1108.00,75.00,324000.00
"4620682.05","462","Montréal","0682.05",2888.00,-3.60,3748.70,43.20,65.90,18.50,5.00,155.00,0.00,2.60,41200.00,36000.00,5.80,3.60,14.00,25.00,0.00,2610.00,240.00,20.00,125.00,975.00,175.00,105.00,5.70,27.30,810.00,900.00,65.00,300000.00
"4620682.06","462","Montréal","0682.06",5128.00,5.60,3195.40,37.20,67.30,10.50,5.00,135.00,0.00,2.90,46800.00,40400.00,3.00,2.20,7.60,60.00,35.00,4330.00,790.00,105.00,205.00,1620.00,140.00,120.00,5.50,18.50,1080.00,1180.00,45.00,324000.00
"4620682.07","462","Montréal","0682.07",3307.00,-0.50,195.50,40.60,67.70,13.60,15.00,330.00,0.00,2.40,44000.00,38800.00,5.70,4.10,15.20,50.00,10.00,2700.00,525.00,65.00,160.00,1130.00,195.00,120.00,9.00,10.50,810.00,840.00,35.00,276000.00
"4620682.08","462","Montréal","0682.08",4270.00,-1.30,934.90,36.90,69.00,9.80,25.00,635.00,0.00,2.70,48000.00,41200.00,3.60,2.40,11.60,20.00,25.00,3595.00,630.00,165.00,155.00,1245.00,370.00,125.00,6.90,9.30,990.00,1004.00,55.00,340000.00
"4620683.00","462","Montréal","0683.00",6302.00,6.60,2906.20,45.90,61.30,25.20,215.00,1855.00,90.00,2.00,38000.00,33600.00,11.10,8.60,17.00,40.00,25.00,5915.00,360.00,65.00,150.00,1660.00,1485.00,490.00,9.60,21.70,800.00,882.00,145.00,300000.00
"4620684.05","462","Montréal","0684.05",7000.00,28.00,1788.10,41.60,64.10,18.10,65.00,285.00,170.00,2.60,47600.00,40800.00,4.60,3.30,9.40,55.00,60.00,6070.00,865.00,100.00,200.00,2135.00,545.00,360.00,8.20,34.90,1430.00,1350.00,75.00,448000.00
"4620684.08","462","Montréal","0684.08",5707.00,-0.70,2127.40,37.30,71.30,8.70,60.00,65.00,0.00,3.00,49200.00,42400.00,2.70,2.20,7.20,50.00,30.00,5050.00,740.00,105.00,200.00,1780.00,165.00,160.00,7.00,20.60,1030.00,1070.00,70.00,400000.00
"4620684.09","462","Montréal","0684.09",3436.00,0.30,320.30,38.60,66.70,12.80,60.00,80.00,0.00,2.90,46400.00,40000.00,5.20,4.20,11.20,10.00,0.00,2885.00,430.00,50.00,105.00,1030.00,155.00,100.00,7.80,9.70,745.00,770.00,45.00,400000.00
"4620684.10","462","Montréal","0684.10",4031.00,0.00,988.30,39.10,65.10,14.60,30.00,550.00,0.00,2.60,46000.00,40000.00,5.60,4.40,12.80,40.00,0.00,3610.00,430.00,45.00,165.00,1175.00,400.00,140.00,5.60,18.80,930.00,928.00,35.00,400000.00
"4620684.11","462","Montréal","0684.11",4495.00,-0.20,1231.20,40.30,65.80,16.00,65.00,535.00,0.00,2.50,41600.00,36400.00,6.60,4.70,13.00,25.00,0.00,4035.00,445.00,105.00,105.00,1225.00,555.00,265.00,11.10,23.40,900.00,940.00,80.00,340000.00
"4620684.12","462","Montréal","0684.12",3069.00,66.10,253.00,56.70,46.30,46.60,0.00,570.00,755.00,1.70,44000.00,38000.00,7.60,6.30,11.40,40.00,0.00,2150.00,325.00,30.00,85.00,905.00,540.00,395.00,16.60,46.70,1350.00,1440.00,25.00,280000.00
"4620684.13","462","Montréal","0684.13",6227.00,2.00,2244.40,38.30,69.00,10.20,15.00,85.00,0.00,3.00,51200.00,44000.00,2.80,2.40,5.20,55.00,10.00,5160.00,1080.00,120.00,245.00,1970.00,60.00,160.00,7.60,25.00,1100.00,1040.00,65.00,424000.00
"4620684.14","462","Montréal","0684.14",1895.00,96.20,925.50,37.20,65.20,12.10,0.00,360.00,5.00,2.50,52400.00,44800.00,4.30,2.80,13.00,25.00,0.00,1595.00,310.00,20.00,55.00,520.00,275.00,145.00,14.30,27.30,1330.00,1320.00,15.00,452000.00
"4620685.02","462","Montréal","0685.02",4167.00,-1.80,73.70,40.30,65.90,15.60,70.00,135.00,0.00,2.50,40400.00,35600.00,8.90,7.00,16.40,10.00,0.00,3835.00,265.00,55.00,65.00,1310.00,330.00,210.00,10.10,22.40,830.00,868.00,100.00,348000.00
"4620685.03","462","Montréal","0685.03",6698.00,13.90,868.40,41.70,66.70,18.70,45.00,2085.00,0.00,2.00,41600.00,36400.00,8.30,5.80,19.80,50.00,105.00,5955.00,625.00,80.00,225.00,2195.00,1115.00,560.00,13.00,24.70,940.00,1006.00,45.00,276000.00
"4620685.04","462","Montréal","0685.04",3023.00,-2.60,3346.20,40.50,66.30,16.00,35.00,50.00,0.00,2.70,45200.00,39600.00,3.10,2.20,7.60,0.00,0.00,2795.00,200.00,20.00,60.00,1010.00,115.00,110.00,7.90,30.40,970.00,1160.00,20.00,348000.00
"4620685.05","462","Montréal","0685.05",4492.00,-0.30,1632.10,42.00,60.00,20.60,135.00,475.00,0.00,2.50,42400.00,37200.00,7.10,5.30,16.80,30.00,0.00,4060.00,330.00,50.00,100.00,1190.00,570.00,215.00,7.60,21.90,820.00,828.00,75.00,348000.00
"4620685.07","462","Montréal","0685.07",5912.00,4.70,1751.00,37.40,65.40,12.10,115.00,170.00,0.00,2.90,48800.00,42000.00,3.40,2.90,8.40,65.00,15.00,5585.00,310.00,25.00,80.00,1810.00,275.00,200.00,6.90,27.80,880.00,950.00,75.00,380000.00
"4620685.09","462","Montréal","0685.09",3667.00,-2.00,3062.20,42.50,59.10,21.80,50.00,700.00,0.00,2.40,46000.00,40400.00,5.40,3.40,14.40,25.00,0.00,2990.00,310.00,15.00,145.00,850.00,555.00,175.00,9.40,17.10,960.00,964.00,20.00,372000.00
"4620685.10","462","Montréal","0685.10",4595.00,20.00,3331.20,38.90,61.80,16.60,25.00,1190.00,0.00,2.30,50000.00,42800.00,5.00,3.60,8.80,45.00,45.00,4195.00,430.00,65.00,100.00,1435.00,560.00,265.00,13.20,12.40,1200.00,1220.00,40.00,332000.00
"4620685.11","462","Montréal","0685.11",2853.00,13.30,3056.20,34.10,57.20,11.80,30.00,255.00,0.00,3.00,61200.00,51200.00,2.80,2.00,8.00,35.00,0.00,2340.00,300.00,35.00,55.00,715.00,175.00,90.00,6.30,28.60,1350.00,1250.00,10.00,424000.00
"4620686.01","462","Montréal","0686.01",7961.00,37.40,305.20,37.60,67.30,11.80,140.00,355.00,0.00,2.70,47200.00,40800.00,4.70,3.60,10.00,55.00,50.00,7405.00,505.00,45.00,150.00,2290.00,675.00,380.00,11.20,17.90,1250.00,1164.00,95.00,400000.00
"4620686.02","462","Montréal","0686.02",4161.00,1.80,1050.40,39.60,65.50,14.70,100.00,30.00,0.00,2.70,41600.00,36400.00,5.40,4.20,13.80,55.00,0.00,3855.00,220.00,20.00,85.00,1320.00,230.00,160.00,9.10,12.80,770.00,795.00,65.00,348000.00
"4620686.03","462","Montréal","0686.03",3654.00,9.20,1800.20,45.90,58.80,25.00,110.00,25.00,0.00,2.60,41600.00,36800.00,5.60,4.20,12.00,45.00,0.00,3060.00,290.00,50.00,85.00,1090.00,165.00,125.00,9.70,15.20,820.00,900.00,50.00,340000.00
"4620687.01","462","Montréal","0687.01",4482.00,0.20,1418.00,41.30,63.30,17.70,35.00,210.00,0.00,2.70,46400.00,40000.00,5.20,4.50,7.80,10.00,25.00,3800.00,595.00,125.00,135.00,1385.00,275.00,175.00,8.70,20.40,795.00,880.00,85.00,376000.00
"4620687.04","462","Montréal","0687.04",4816.00,-2.90,2770.40,42.70,60.50,21.60,45.00,355.00,0.00,2.60,43600.00,38000.00,5.00,3.60,11.20,45.00,10.00,4060.00,620.00,125.00,175.00,1460.00,375.00,210.00,5.80,33.30,820.00,840.00,60.00,348000.00
"4620687.06","462","Montréal","0687.06",5482.00,2.50,2082.70,42.20,66.70,17.10,115.00,790.00,5.00,2.40,44800.00,39200.00,5.80,4.20,15.40,50.00,55.00,4585.00,570.00,90.00,120.00,1360.00,790.00,270.00,9.90,17.60,850.00,840.00,70.00,400000.00
"4620687.07","462","Montréal","0687.07",6607.00,14.40,3319.40,45.30,57.90,25.40,105.00,195.00,120.00,2.60,42400.00,37200.00,3.60,2.30,9.20,130.00,0.00,5340.00,755.00,75.00,250.00,1965.00,385.00,290.00,7.10,40.80,1200.00,1196.00,85.00,348000.00
"4620687.09","462","Montréal","0687.09",3526.00,-0.30,172.70,38.00,66.20,12.20,130.00,40.00,0.00,2.70,44000.00,38800.00,5.00,4.60,10.80,30.00,0.00,3155.00,380.00,20.00,155.00,1200.00,125.00,135.00,9.30,19.20,790.00,920.00,60.00,348000.00
"4620687.11","462","Montréal","0687.11",3126.00,2.70,160.40,39.40,67.90,12.50,70.00,20.00,0.00,2.70,41600.00,36800.00,6.80,5.40,15.20,25.00,20.00,3055.00,160.00,0.00,65.00,990.00,175.00,170.00,13.30,25.00,920.00,950.00,125.00,348000.00
"4620687.12","462","Montréal","0687.12",6147.00,6.90,2479.50,34.10,65.10,8.20,160.00,115.00,0.00,3.20,48000.00,42400.00,3.00,2.40,9.20,30.00,30.00,4695.00,1305.00,130.00,365.00,1785.00,180.00,210.00,9.00,28.60,830.00,1020.00,100.00,400000.00
"4620687.13","462","Montréal","0687.13",6136.00,2.40,1230.30,37.20,66.90,11.00,125.00,170.00,0.00,2.90,47200.00,41200.00,4.70,4.10,12.00,65.00,15.00,5175.00,920.00,75.00,340.00,1890.00,225.00,215.00,8.70,22.20,780.00,820.00,95.00,400000.00
"4620687.14","462","Montréal","0687.14",6645.00,54.10,619.70,36.70,65.50,11.40,35.00,615.00,130.00,2.70,56800.00,47600.00,3.40,2.60,7.20,75.00,20.00,5780.00,730.00,155.00,190.00,1800.00,655.00,405.00,8.60,37.70,1400.00,1340.00,20.00,500000.00
"4620688.02","462","Montréal","0688.02",4136.00,14.60,46.20,40.80,72.40,13.40,50.00,370.00,0.00,2.30,40000.00,35200.00,9.20,6.50,16.80,0.00,20.00,3390.00,140.00,20.00,35.00,1010.00,465.00,200.00,9.50,22.30,1060.00,976.00,70.00,300000.00
"4620688.03","462","Montréal","0688.03",5572.00,6.70,2741.50,40.80,60.60,19.40,125.00,730.00,0.00,2.40,38000.00,34000.00,10.10,6.50,24.80,0.00,35.00,5355.00,165.00,35.00,55.00,1445.00,895.00,475.00,9.70,38.20,830.00,886.00,80.00,280000.00
"4620688.04","462","Montréal","0688.04",5513.00,-1.40,3070.80,37.40,67.10,11.90,85.00,410.00,0.00,2.70,41200.00,36400.00,6.10,4.70,11.60,15.00,0.00,5200.00,205.00,40.00,70.00,1560.00,505.00,195.00,6.70,15.80,840.00,864.00,100.00,300000.00
"4620689.01","462","Montréal","0689.01",7001.00,3.10,2553.90,36.90,64.80,11.90,120.00,295.00,0.00,2.80,41200.00,36400.00,5.50,4.40,13.20,60.00,0.00,6035.00,960.00,200.00,285.00,2155.00,350.00,280.00,9.30,22.90,830.00,852.00,95.00,300000.00
"4620689.02","462","Montréal","0689.02",3762.00,2.30,2398.20,37.20,66.80,11.70,45.00,110.00,0.00,2.80,38800.00,34800.00,6.00,5.10,12.40,30.00,40.00,3415.00,470.00,65.00,195.00,1120.00,225.00,140.00,9.40,17.40,930.00,1030.00,75.00,290000.00
"4620689.04","462","Montréal","0689.04",5662.00,0.40,178.30,37.30,67.60,10.40,110.00,270.00,0.00,2.80,40400.00,36000.00,6.60,5.20,16.40,50.00,15.00,4935.00,565.00,65.00,250.00,1605.00,415.00,265.00,11.60,20.50,840.00,844.00,105.00,300000.00
"4620689.05","462","Montréal","0689.05",3130.00,4.20,1549.90,34.40,65.50,8.60,80.00,135.00,5.00,3.00,41600.00,36800.00,6.20,4.70,18.00,50.00,15.00,2650.00,360.00,60.00,95.00,835.00,205.00,135.00,12.70,14.60,960.00,960.00,40.00,340000.00
"4620689.06","462","Montréal","0689.06",5151.00,0.40,3160.90,35.80,67.40,9.60,140.00,330.00,0.00,2.80,39200.00,34800.00,6.50,4.80,18.80,60.00,15.00,4405.00,790.00,130.00,335.00,1425.00,430.00,250.00,8.80,29.10,850.00,840.00,85.00,260000.00
"4620690.00","462","Montréal","0690.00",8310.00,12.60,127.00,39.80,63.90,16.10,130.00,470.00,0.00,2.50,40800.00,36000.00,7.10,5.40,16.40,70.00,0.00,7965.00,325.00,25.00,105.00,2540.00,830.00,485.00,7.70,35.20,950.00,1030.00,140.00,300000.00
"4620691.00","462","Montréal","0691.00",6115.00,-2.50,2195.40,41.20,64.90,16.90,75.00,320.00,0.00,2.50,38000.00,34000.00,8.50,6.00,18.40,45.00,0.00,5875.00,165.00,55.00,50.00,1895.00,575.00,325.00,8.40,28.70,765.00,820.00,120.00,260000.00
"4620692.01","462","Montréal","0692.01",7142.00,2.10,1310.90,37.80,63.60,13.10,140.00,445.00,0.00,2.70,48400.00,42000.00,4.20,3.70,8.40,15.00,10.00,6650.00,410.00,80.00,130.00,2170.00,445.00,280.00,9.00,17.80,930.00,920.00,75.00,348000.00
"4620692.02","462","Montréal","0692.02",2279.00,-0.50,39.00,43.20,61.00,21.10,45.00,125.00,0.00,2.40,39600.00,34800.00,9.00,6.70,14.80,10.00,0.00,2220.00,70.00,0.00,25.00,780.00,190.00,120.00,10.50,21.10,800.00,830.00,40.00,300000.00
"4620693.00","462","Montréal","0693.00",5329.00,1.50,2645.70,48.60,55.10,31.70,235.00,1285.00,5.00,2.00,35200.00,31400.00,13.80,10.00,22.60,35.00,0.00,4845.00,155.00,35.00,55.00,1110.00,1455.00,595.00,13.10,30.80,780.00,862.00,170.00,300000.00
"4620694.01","462","Montréal","0694.01",4904.00,12.70,204.70,33.60,60.80,10.40,45.00,120.00,0.00,3.00,46000.00,40400.00,5.20,3.50,14.80,85.00,10.00,4235.00,500.00,95.00,150.00,1415.00,190.00,145.00,8.60,7.90,1080.00,1040.00,45.00,318000.00
"4620694.02","462","Montréal","0694.02",3788.00,6.90,429.30,36.70,66.70,10.00,25.00,15.00,0.00,2.70,48000.00,41600.00,4.20,3.30,12.00,0.00,0.00,3715.00,180.00,20.00,65.00,1320.00,125.00,120.00,7.60,20.80,970.00,1040.00,35.00,300000.00
"4620700.01","462","Montréal","0700.01",5078.00,7.20,3824.10,44.20,61.60,23.40,465.00,1430.00,0.00,2.00,34000.00,30600.00,15.40,11.60,23.40,25.00,15.00,4560.00,230.00,15.00,80.00,905.00,1560.00,580.00,13.90,29.20,900.00,946.00,205.00,300000.00
"4620700.03","462","Montréal","0700.03",2854.00,2.30,1852.00,44.40,58.50,25.00,60.00,510.00,0.00,2.30,34000.00,30600.00,13.20,9.60,24.00,90.00,80.00,2435.00,385.00,55.00,145.00,690.00,575.00,230.00,10.80,27.40,810.00,804.00,95.00,324000.00
"4620700.04","462","Montréal","0700.04",4479.00,-1.00,2885.20,44.90,62.80,23.40,155.00,1425.00,0.00,2.00,37200.00,33200.00,12.20,10.20,18.00,40.00,25.00,4070.00,420.00,60.00,120.00,1135.00,1170.00,400.00,12.30,22.30,820.00,854.00,125.00,324000.00
"4620701.01","462","Montréal","0701.01",3374.00,0.60,1949.30,37.60,67.60,11.00,65.00,470.00,0.00,2.40,48800.00,42400.00,6.90,5.40,15.60,45.00,0.00,2760.00,500.00,75.00,100.00,1115.00,260.00,200.00,12.10,23.50,980.00,1010.00,45.00,310000.00
"4620701.02","462","Montréal","0701.02",6785.00,8.00,2576.60,41.50,65.00,17.40,145.00,865.00,0.00,2.30,41600.00,36400.00,8.50,6.50,16.20,150.00,35.00,5795.00,950.00,180.00,275.00,2075.00,805.00,435.00,10.40,26.70,890.00,954.00,165.00,320000.00
"4620702.01","462","Montréal","0702.01",2672.00,5.00,1323.80,43.70,59.60,23.40,0.00,160.00,0.00,2.60,54800.00,46000.00,3.40,2.90,5.20,0.00,15.00,2320.00,270.00,55.00,70.00,970.00,45.00,60.00,4.60,0.00,1300.00,1280.00,50.00,472000.00
"4620702.02","462","Montréal","0702.02",6830.00,0.30,1758.50,39.60,64.70,15.10,0.00,0.00,0.00,2.90,55200.00,46400.00,2.80,2.50,4.60,95.00,35.00,6030.00,825.00,95.00,185.00,2340.00,30.00,210.00,8.80,0.00,1000.00,1200.00,100.00,500000.00
"4620703.02","462","Montréal","0703.02",4045.00,6.60,936.90,46.00,57.90,26.30,30.00,380.00,0.00,2.50,49200.00,42000.00,7.00,4.90,12.40,30.00,20.00,3505.00,530.00,25.00,85.00,1305.00,325.00,220.00,8.00,35.90,880.00,1070.00,100.00,552000.00
"4620703.03","462","Montréal","0703.03",4487.00,0.70,1440.50,42.20,65.20,17.90,15.00,240.00,0.00,2.70,47600.00,40800.00,5.20,3.70,10.80,25.00,25.00,3790.00,655.00,35.00,145.00,1455.00,210.00,200.00,10.30,23.80,1000.00,1070.00,45.00,576000.00
"4620703.04","462","Montréal","0703.04",5558.00,-2.60,1709.10,41.20,63.70,17.00,25.00,50.00,0.00,2.80,51600.00,43600.00,3.40,3.20,4.60,35.00,20.00,4880.00,645.00,50.00,130.00,1870.00,90.00,200.00,9.40,22.20,950.00,960.00,105.00,552000.00
"4620704.01","462","Montréal","0704.01",4968.00,5.30,2818.90,41.20,67.30,17.10,30.00,1515.00,0.00,2.00,36800.00,32800.00,12.00,9.30,20.40,65.00,95.00,4240.00,640.00,65.00,140.00,1030.00,1385.00,435.00,11.70,22.80,810.00,844.00,190.00,324000.00
"4620704.04","462","Montréal","0704.04",4299.00,-3.80,2395.70,40.90,66.30,15.90,10.00,190.00,0.00,2.60,44800.00,39200.00,3.20,2.50,6.20,35.00,10.00,3680.00,530.00,100.00,90.00,1515.00,165.00,160.00,7.30,27.30,880.00,950.00,60.00,376000.00
"4620704.05","462","Montréal","0704.05",5965.00,-4.40,1221.90,40.70,69.20,13.80,25.00,510.00,0.00,2.60,46800.00,40000.00,5.30,4.30,9.20,75.00,10.00,5310.00,650.00,90.00,180.00,1825.00,485.00,265.00,9.60,18.80,880.00,912.00,75.00,400000.00
"4620704.06","462","Montréal","0704.06",2076.00,15.60,932.60,42.30,68.00,16.40,30.00,70.00,70.00,2.50,44000.00,38400.00,6.80,3.40,24.00,30.00,0.00,1825.00,285.00,110.00,30.00,685.00,140.00,115.00,13.90,13.80,850.00,940.00,25.00,460000.00
"4620704.08","462","Montréal","0704.08",5252.00,2.00,361.30,29.20,57.80,7.00,50.00,530.00,0.00,3.50,38000.00,34800.00,8.20,8.30,15.60,55.00,10.00,4385.00,695.00,50.00,340.00,935.00,485.00,180.00,11.80,14.60,930.00,1020.00,60.00,400000.00
"4620704.09","462","Montréal","0704.09",5748.00,27.30,2324.20,44.60,63.70,21.80,10.00,1630.00,0.00,2.10,44800.00,38800.00,7.60,6.00,12.40,90.00,40.00,5365.00,505.00,90.00,115.00,1375.00,1395.00,740.00,8.40,45.10,1380.00,1428.00,100.00,400000.00
"4620705.01","462","Montréal","0705.01",3338.00,-0.90,2109.90,42.10,60.30,20.80,5.00,0.00,0.00,2.70,55600.00,46400.00,2.90,2.20,3.60,0.00,0.00,3130.00,165.00,50.00,15.00,1225.00,15.00,75.00,5.80,,,,25.00,448000.00
"4620705.02","462","Montréal","0705.02",5003.00,-4.00,2617.90,49.60,56.60,32.10,55.00,1505.00,0.00,2.00,39200.00,34800.00,10.70,7.60,18.20,30.00,30.00,4180.00,365.00,20.00,85.00,1015.00,1300.00,475.00,15.20,24.60,870.00,903.00,110.00,348000.00
"4620706.00","462","Montréal","0706.00",3756.00,-2.10,2748.40,45.20,67.00,22.70,230.00,1470.00,300.00,1.70,33600.00,30600.00,17.00,13.20,28.80,70.00,10.00,3280.00,425.00,70.00,105.00,705.00,1525.00,570.00,17.70,29.30,820.00,879.00,140.00,250000.00
"4620707.00","462","Montréal","0707.00",5530.00,18.80,2972.20,52.10,54.90,36.70,500.00,1135.00,345.00,1.80,33200.00,30200.00,17.60,15.40,23.60,45.00,65.00,4060.00,315.00,45.00,75.00,790.00,1760.00,705.00,13.30,34.10,850.00,978.00,225.00,296000.00
"4620708.01","462","Montréal","0708.01",4630.00,-2.00,3826.80,39.10,69.50,13.90,105.00,1480.00,0.00,2.10,36000.00,32400.00,11.50,9.20,20.40,75.00,15.00,4150.00,425.00,70.00,125.00,840.00,1440.00,390.00,10.70,20.90,860.00,901.00,140.00,320000.00
"4620708.02","462","Montréal","0708.02",4276.00,2.10,2759.40,48.60,58.80,30.10,15.00,1115.00,195.00,2.00,40400.00,35600.00,8.70,7.90,11.00,30.00,30.00,3915.00,275.00,15.00,40.00,1325.00,740.00,370.00,12.00,28.40,860.00,930.00,55.00,348000.00
"4620709.01","462","Montréal","0709.01",9706.00,15.20,2625.70,43.70,61.40,22.40,245.00,1530.00,45.00,2.40,44800.00,38800.00,5.80,4.50,10.10,145.00,35.00,8085.00,1130.00,175.00,275.00,2845.00,1080.00,695.00,12.30,31.50,1160.00,1180.00,85.00,348000.00
"4620709.02","462","Montréal","0709.02",6406.00,1.40,2686.70,39.70,67.00,15.10,220.00,810.00,0.00,2.40,42000.00,36800.00,6.80,5.30,13.40,105.00,10.00,5635.00,755.00,115.00,165.00,1780.00,885.00,325.00,7.30,22.90,900.00,954.00,110.00,376000.00
"4620710.03","462","Montréal","0710.03",8619.00,-1.70,2789.00,38.70,67.70,12.60,510.00,480.00,0.00,2.60,44400.00,39200.00,5.10,3.70,11.80,120.00,15.00,7555.00,980.00,105.00,200.00,2590.00,720.00,305.00,7.10,16.80,930.00,944.00,130.00,352000.00
"4620710.05","462","Montréal","0710.05",9560.00,28.00,297.10,38.00,66.80,11.80,95.00,555.00,0.00,3.00,54800.00,46400.00,3.40,3.30,4.60,120.00,20.00,8360.00,1165.00,105.00,235.00,2720.00,520.00,465.00,10.90,33.00,1680.00,1470.00,85.00,600000.00
"4620710.06","462","Montréal","0710.06",3346.00,-5.30,1595.80,42.40,68.30,15.70,30.00,85.00,0.00,2.60,50000.00,42400.00,4.30,3.50,8.80,35.00,0.00,2995.00,345.00,25.00,90.00,1175.00,105.00,135.00,8.10,42.10,970.00,1000.00,35.00,400000.00
"4620710.07","462","Montréal","0710.07",5022.00,5.60,1482.60,40.10,65.90,15.20,180.00,395.00,0.00,2.60,45600.00,39600.00,5.00,4.10,8.00,10.00,15.00,4420.00,590.00,60.00,115.00,1455.00,490.00,240.00,7.60,25.30,1040.00,1148.00,65.00,368000.00
"4620710.08","462","Montréal","0710.08",4182.00,-3.50,3392.00,39.60,66.20,14.90,105.00,610.00,0.00,2.40,41600.00,36800.00,9.00,6.00,22.00,25.00,30.00,3645.00,390.00,55.00,75.00,1050.00,625.00,180.00,11.00,10.50,870.00,852.00,85.00,352000.00
"4620710.09","462","Montréal","0710.09",5378.00,-2.30,1550.10,38.40,72.40,9.00,5.00,0.00,0.00,3.30,61600.00,50400.00,3.40,3.00,3.60,75.00,35.00,4450.00,750.00,135.00,145.00,1595.00,15.00,160.00,10.00,0.00,,,50.00,800000.00
"4620710.10","462","Montréal","0710.10",4911.00,-1.80,1951.10,40.90,68.70,14.40,10.00,70.00,235.00,2.80,52400.00,44000.00,4.80,2.80,14.40,85.00,45.00,4285.00,555.00,30.00,130.00,1420.00,320.00,395.00,8.80,84.10,2000.00,2020.00,10.00,600000.00
"4620710.11","462","Montréal","0710.11",2689.00,-2.00,2940.70,40.00,70.80,12.50,70.00,150.00,0.00,2.60,45200.00,39600.00,4.00,3.10,10.00,50.00,0.00,2440.00,265.00,50.00,55.00,800.00,240.00,75.00,4.40,14.60,920.00,980.00,50.00,384000.00
"4620725.03","462","Montréal","0725.03",3613.00,-0.20,2347.20,43.20,61.60,21.60,60.00,300.00,0.00,2.40,38400.00,34400.00,6.70,4.90,11.20,40.00,0.00,3210.00,475.00,30.00,160.00,1130.00,380.00,205.00,9.30,27.30,850.00,900.00,60.00,348000.00
"4620725.04","462","Montréal","0725.04",3482.00,7.60,1235.50,45.10,61.40,23.40,80.00,300.00,0.00,2.40,42000.00,36800.00,6.20,4.80,9.60,10.00,25.00,3080.00,355.00,85.00,45.00,1120.00,310.00,175.00,6.20,33.90,900.00,970.00,75.00,348000.00
"4620725.06","462","Montréal","0725.06",2433.00,48.60,46.10,41.30,66.90,17.00,90.00,40.00,0.00,2.40,43600.00,38000.00,6.10,5.20,12.00,20.00,10.00,2110.00,210.00,25.00,60.00,860.00,120.00,90.00,10.30,0.00,880.00,980.00,30.00,400000.00
"4620725.07","462","Montréal","0725.07",6244.00,-1.70,4239.30,37.00,68.10,9.60,20.00,130.00,0.00,2.90,48000.00,41600.00,3.20,2.60,7.00,75.00,0.00,5445.00,855.00,145.00,195.00,2015.00,170.00,130.00,5.00,14.30,1000.00,990.00,65.00,348000.00
"4620725.09","462","Montréal","0725.09",3813.00,0.80,1742.50,46.50,58.50,25.70,5.00,35.00,0.00,2.70,47600.00,40800.00,2.20,1.60,5.60,15.00,0.00,2895.00,280.00,50.00,85.00,1155.00,40.00,90.00,7.40,0.00,840.00,800.00,45.00,340000.00
"4620725.10","462","Montréal","0725.10",5073.00,2.30,1587.00,40.90,64.70,16.90,10.00,1170.00,0.00,2.40,46400.00,40000.00,5.20,3.20,15.20,55.00,10.00,4260.00,745.00,125.00,155.00,1640.00,430.00,300.00,11.00,28.20,950.00,988.00,40.00,310000.00
"4620726.01","462","Montréal","0726.01",6373.00,1.50,3432.80,45.10,58.20,26.10,135.00,1320.00,70.00,2.20,37200.00,33200.00,11.50,9.60,15.00,105.00,15.00,5830.00,455.00,120.00,100.00,1795.00,1160.00,500.00,9.20,28.90,830.00,862.00,165.00,324000.00
"4620726.03","462","Montréal","0726.03",4915.00,0.30,3898.30,41.50,63.60,19.10,25.00,1145.00,0.00,2.20,35600.00,32000.00,13.50,11.20,21.00,60.00,50.00,4565.00,295.00,40.00,80.00,1115.00,1125.00,420.00,9.90,28.00,780.00,786.00,150.00,336000.00
"4620726.04","462","Montréal","0726.04",1804.00,-3.70,2268.30,42.50,62.90,19.70,5.00,20.00,0.00,2.60,44400.00,38800.00,3.00,1.90,7.20,10.00,10.00,1640.00,225.00,55.00,55.00,660.00,25.00,35.00,4.50,0.00,,1000.00,10.00,348000.00
"4620727.01","462","Montréal","0727.01",3281.00,-0.40,2918.80,48.40,55.50,31.60,105.00,1060.00,0.00,1.90,31600.00,28800.00,16.30,12.40,26.00,45.00,0.00,3065.00,220.00,0.00,55.00,665.00,1080.00,415.00,9.00,32.40,765.00,804.00,95.00,300000.00
"4620727.02","462","Montréal","0727.02",4245.00,4.20,2818.00,49.50,56.30,31.30,145.00,675.00,245.00,2.00,36000.00,32000.00,15.00,9.90,28.00,55.00,0.00,3620.00,315.00,40.00,85.00,1015.00,935.00,480.00,11.90,38.50,830.00,1066.00,100.00,348000.00
"4620728.01","462","Montréal","0728.01",6533.00,-2.30,3700.80,38.40,69.30,10.90,25.00,570.00,0.00,2.60,45200.00,39200.00,4.90,3.90,11.40,95.00,35.00,5485.00,1010.00,140.00,220.00,1890.00,665.00,250.00,8.20,15.20,880.00,910.00,90.00,300000.00
"4620728.02","462","Montréal","0728.02",4489.00,2.40,2344.60,41.10,62.70,17.90,50.00,565.00,0.00,2.40,43200.00,38000.00,5.90,4.90,10.00,70.00,0.00,3925.00,570.00,60.00,90.00,1380.00,445.00,235.00,8.30,27.00,850.00,984.00,60.00,320000.00
"4620728.03","462","Montréal","0728.03",2711.00,2.90,2964.80,41.20,66.10,16.60,50.00,60.00,0.00,2.50,40800.00,36000.00,5.20,4.00,11.60,20.00,40.00,2325.00,250.00,20.00,45.00,890.00,160.00,120.00,10.20,18.80,1250.00,1100.00,60.00,300000.00
"4620729.00","462","Montréal","0729.00",4182.00,10.30,2820.00,45.50,59.60,25.30,100.00,620.00,125.00,2.20,35600.00,32400.00,14.50,10.70,27.60,35.00,30.00,3550.00,380.00,45.00,90.00,980.00,855.00,375.00,10.70,32.00,850.00,918.00,155.00,300000.00
"4620730.01","462","Montréal","0730.01",13552.00,19.40,2352.00,35.60,63.40,10.40,85.00,1100.00,0.00,2.80,51600.00,44000.00,4.10,3.10,11.40,210.00,35.00,11420.00,2065.00,135.00,435.00,4430.00,485.00,455.00,8.10,19.60,1000.00,1000.00,80.00,352000.00
"4620730.02","462","Montréal","0730.02",6245.00,-7.10,2103.30,42.10,64.50,17.90,85.00,160.00,0.00,2.40,40000.00,35600.00,7.30,5.40,14.40,60.00,25.00,5735.00,480.00,20.00,125.00,2260.00,325.00,295.00,9.90,21.20,980.00,996.00,250.00,286000.00
"4620731.00","462","Montréal","0731.00",6281.00,-2.30,1367.70,39.90,67.20,13.90,110.00,120.00,0.00,2.40,38400.00,34400.00,8.80,6.80,20.40,25.00,0.00,6055.00,225.00,35.00,75.00,1985.00,605.00,320.00,9.10,23.10,850.00,884.00,150.00,260000.00
"4620732.01","462","Montréal","0732.01",7031.00,5.10,170.60,39.90,65.30,14.80,125.00,490.00,0.00,2.60,44400.00,38400.00,6.70,5.10,15.50,10.00,0.00,6765.00,240.00,15.00,75.00,2140.00,600.00,345.00,10.00,22.50,910.00,868.00,75.00,400000.00
"4620732.03","462","Montréal","0732.03",,,,,,,,,,,,,,,,,,,,,,,,,,,,,,
"4620732.04","462","Montréal","0732.04",3968.00,3.80,69.60,43.90,61.50,21.40,65.00,70.00,0.00,2.40,41200.00,36400.00,8.80,7.80,14.60,0.00,0.00,3800.00,85.00,15.00,20.00,1330.00,285.00,190.00,9.70,22.40,770.00,810.00,115.00,376000.00
"4620733.01","462","Montréal","0733.01",4356.00,4.70,18.90,42.40,64.60,18.70,150.00,105.00,0.00,2.40,37600.00,33600.00,9.40,8.00,17.20,10.00,30.00,3820.00,140.00,0.00,35.00,1250.00,415.00,215.00,9.80,27.50,860.00,944.00,140.00,340000.00
"4620733.02","462","Montréal","0733.02",1784.00,5.80,41.60,46.90,63.00,23.50,30.00,45.00,0.00,2.20,37200.00,33200.00,13.80,11.60,21.20,0.00,0.00,1595.00,85.00,0.00,20.00,595.00,180.00,125.00,11.60,32.40,850.00,1010.00,60.00,300000.00
"4620734.03","462","Montréal","0734.03",6377.00,8.00,1206.70,34.80,67.70,8.70,475.00,140.00,0.00,2.80,48800.00,42000.00,4.20,3.20,12.00,35.00,25.00,6285.00,275.00,30.00,60.00,1810.00,560.00,215.00,6.90,15.90,880.00,952.00,60.00,400000.00
"4620734.04","462","Montréal","0734.04",3946.00,7.80,165.40,42.70,66.20,18.10,100.00,460.00,70.00,2.30,40800.00,36400.00,7.70,5.20,19.60,20.00,0.00,3890.00,180.00,15.00,60.00,1190.00,560.00,285.00,9.00,31.30,890.00,888.00,35.00,352000.00
"4620734.05","462","Montréal","0734.05",11018.00,50.20,341.90,36.60,67.80,10.50,665.00,1455.00,10.00,2.50,50800.00,43200.00,4.30,3.60,9.40,175.00,70.00,9585.00,1200.00,255.00,315.00,3195.00,1100.00,555.00,10.00,21.30,1100.00,1120.00,80.00,472000.00
"4620734.06","462","Montréal","0734.06",5093.00,0.20,2379.20,35.50,67.60,9.80,215.00,305.00,0.00,2.60,42400.00,37200.00,6.80,5.20,16.80,10.00,0.00,4955.00,165.00,15.00,35.00,1395.00,610.00,200.00,6.10,18.20,940.00,976.00,65.00,300000.00
"4620734.07","462","Montréal","0734.07",14150.00,55.50,110.10,34.40,66.00,9.90,530.00,2195.00,0.00,2.40,45600.00,39600.00,7.10,5.50,16.40,135.00,65.00,13350.00,670.00,115.00,185.00,3370.00,2410.00,835.00,8.40,23.40,1050.00,1060.00,100.00,400000.00
"4620735.01","462","Montréal","0735.01",7054.00,6.20,134.60,41.90,65.70,18.50,705.00,830.00,65.00,2.20,39200.00,34800.00,8.80,6.30,19.80,25.00,10.00,6795.00,215.00,30.00,75.00,1775.00,1370.00,540.00,7.70,30.00,950.00,959.00,70.00,348000.00
"4620735.02","462","Montréal","0735.02",9114.00,5.70,1025.30,39.10,67.60,13.60,775.00,1090.00,5.00,2.40,43200.00,37600.00,6.90,5.60,13.00,55.00,70.00,8515.00,495.00,55.00,110.00,2405.00,1385.00,510.00,8.50,22.00,880.00,982.00,105.00,400000.00
"4620740.01","462","Montréal","0740.01",2283.00,19.90,25.40,49.20,64.90,25.20,5.00,0.00,0.00,2.00,38800.00,34000.00,11.50,11.30,11.60,10.00,0.00,2130.00,150.00,0.00,30.00,1005.00,115.00,135.00,9.40,33.30,800.00,720.00,120.00,300000.00
"4620740.03","462","Montréal","0740.03",7458.00,5.90,167.50,39.00,67.40,12.20,250.00,10.00,0.00,2.60,43600.00,38400.00,7.20,6.40,11.80,10.00,0.00,7220.00,255.00,0.00,80.00,2520.00,290.00,310.00,10.30,19.60,850.00,900.00,115.00,348000.00
"4620740.04","462","Montréal","0740.04",10282.00,14.50,213.40,35.50,66.20,8.90,445.00,90.00,0.00,2.70,46800.00,40400.00,5.50,4.70,14.00,80.00,0.00,9890.00,345.00,15.00,85.00,3250.00,570.00,405.00,8.80,21.20,785.00,820.00,145.00,360000.00
"4620750.01","462","Montréal","0750.01",5484.00,6.40,358.00,41.40,66.50,15.10,15.00,30.00,0.00,2.70,50000.00,42400.00,4.60,4.40,6.60,70.00,0.00,4610.00,865.00,100.00,170.00,1920.00,110.00,225.00,10.70,20.00,910.00,920.00,85.00,500000.00
"4620750.02","462","Montréal","0750.02",5943.00,8.00,466.60,39.40,68.80,12.50,25.00,30.00,0.00,2.90,48400.00,41600.00,3.60,3.00,7.60,100.00,40.00,4845.00,1060.00,120.00,210.00,1985.00,55.00,170.00,7.80,27.30,1100.00,1200.00,75.00,468000.00
"4620750.04","462","Montréal","0750.04",1887.00,-5.00,1782.40,42.90,66.00,17.80,60.00,115.00,0.00,2.30,42000.00,36800.00,6.00,5.60,9.50,0.00,0.00,1610.00,275.00,20.00,45.00,585.00,225.00,105.00,11.20,17.80,880.00,900.00,55.00,376000.00
"4620750.06","462","Montréal","0750.06",6164.00,9.10,1761.90,44.20,63.10,22.00,130.00,1270.00,0.00,2.10,38000.00,34000.00,12.10,10.00,19.40,125.00,75.00,4385.00,1025.00,105.00,235.00,1515.00,1150.00,535.00,14.20,27.30,830.00,888.00,165.00,348000.00
"4620750.07","462","Montréal","0750.07",5474.00,7.20,2785.50,41.70,66.50,17.20,125.00,485.00,155.00,2.40,43200.00,37600.00,7.00,5.80,12.00,65.00,55.00,4655.00,990.00,85.00,160.00,1735.00,595.00,395.00,11.30,33.10,860.00,1040.00,105.00,380000.00
"4620751.01","462","Montréal","0751.01",6884.00,2.20,2038.70,41.60,63.10,18.60,20.00,695.00,0.00,2.50,41600.00,36800.00,7.00,4.80,14.30,80.00,35.00,5690.00,1155.00,70.00,195.00,2290.00,500.00,370.00,8.30,37.00,900.00,960.00,160.00,348000.00
"4620751.02","462","Montréal","0751.02",7867.00,0.50,2113.70,40.00,64.50,15.40,30.00,315.00,0.00,2.80,46000.00,40000.00,4.20,3.50,8.60,165.00,70.00,6170.00,1575.00,170.00,280.00,2655.00,190.00,340.00,10.20,36.80,1150.00,1070.00,120.00,424000.00
"4620755.01","462","Montréal","0755.01",9131.00,6.40,428.90,39.80,66.80,15.30,165.00,1385.00,0.00,2.30,41600.00,36400.00,7.90,6.60,16.00,140.00,100.00,7405.00,1545.00,290.00,380.00,2675.00,1240.00,620.00,11.10,26.10,950.00,984.00,230.00,348000.00
"4620755.03","462","Montréal","0755.03",4312.00,55.50,2901.70,42.40,57.10,23.80,0.00,990.00,130.00,2.30,41200.00,36400.00,7.00,5.20,13.40,130.00,15.00,3185.00,1110.00,215.00,340.00,1105.00,805.00,715.00,20.00,61.90,1640.00,1808.00,10.00,400000.00
"4620755.04","462","Montréal","0755.04",6011.00,4.40,2473.10,36.00,65.50,10.40,135.00,355.00,0.00,2.80,43600.00,38000.00,5.80,4.90,15.20,245.00,35.00,4345.00,1690.00,285.00,500.00,1610.00,535.00,280.00,9.30,24.30,900.00,1012.00,110.00,424000.00
"4620755.05","462","Montréal","0755.05",5666.00,76.80,3519.90,30.60,65.70,4.90,15.00,110.00,0.00,3.20,46800.00,40800.00,4.30,4.00,6.00,245.00,80.00,3540.00,1975.00,335.00,545.00,1490.00,275.00,290.00,14.80,26.40,1560.00,1470.00,25.00,500000.00
"4620756.02","462","Montréal","0756.02",1050.00,10.10,96.70,41.30,65.90,15.60,5.00,0.00,0.00,2.60,40400.00,35200.00,4.00,4.80,5.00,0.00,0.00,915.00,140.00,0.00,35.00,350.00,50.00,35.00,7.10,0.00,1190.00,1120.00,30.00,472000.00
"4620756.03","462","Montréal","0756.03",7187.00,1.30,207.10,40.50,64.60,15.90,30.00,45.00,0.00,2.90,47600.00,41200.00,4.10,3.50,7.10,210.00,35.00,5680.00,1475.00,140.00,365.00,2375.00,115.00,265.00,10.30,18.20,1100.00,1240.00,110.00,500000.00
"4620756.04","462","Montréal","0756.04",6297.00,0.40,2265.60,44.50,61.40,22.60,90.00,540.00,110.00,2.50,42000.00,36800.00,7.10,4.60,18.40,60.00,20.00,4710.00,1150.00,65.00,335.00,1795.00,545.00,315.00,9.80,24.80,840.00,844.00,120.00,424000.00
"4620756.05","462","Montréal","0756.05",6870.00,7.00,3104.70,46.30,59.20,26.70,40.00,1695.00,185.00,2.10,40800.00,35600.00,10.30,8.60,14.20,230.00,115.00,5095.00,1080.00,120.00,275.00,1905.00,1130.00,470.00,11.60,22.10,930.00,992.00,100.00,348000.00
"4620757.00","462","Montréal","0757.00",5411.00,4.90,248.40,48.90,55.50,31.00,20.00,170.00,0.00,2.30,46400.00,39200.00,8.90,8.00,10.80,80.00,20.00,4435.00,960.00,10.00,155.00,2065.00,270.00,430.00,15.10,44.40,970.00,1080.00,180.00,600000.00
"4620758.03","462","Montréal","0758.03",4382.00,2.40,184.40,40.90,65.00,16.10,5.00,5.00,0.00,3.00,48800.00,41600.00,4.70,4.60,6.00,40.00,45.00,3650.00,680.00,40.00,180.00,1420.00,45.00,185.00,12.00,0.00,810.00,880.00,90.00,600000.00
"4620758.04","462","Montréal","0758.04",5888.00,4.40,382.00,39.10,66.90,13.30,5.00,0.00,0.00,3.10,52400.00,44400.00,3.10,2.70,5.20,10.00,60.00,5225.00,605.00,65.00,95.00,1890.00,40.00,245.00,12.40,0.00,695.00,1200.00,100.00,600000.00
"4620758.05","462","Montréal","0758.05",4404.00,0.00,575.90,39.70,67.20,13.20,20.00,45.00,0.00,2.90,50800.00,42800.00,4.30,3.50,10.40,15.00,10.00,3980.00,420.00,15.00,125.00,1420.00,120.00,175.00,8.80,41.70,1010.00,1020.00,30.00,500000.00
"4620758.06","462","Montréal","0758.06",7680.00,37.20,383.40,37.10,66.80,11.50,60.00,320.00,0.00,2.70,46800.00,40800.00,4.80,3.80,9.80,145.00,60.00,6590.00,1015.00,130.00,370.00,2455.00,360.00,405.00,12.40,26.40,1030.00,1144.00,110.00,448000.00
"4620760.00","462","Montréal","0760.00",7184.00,6.00,92.50,39.90,66.70,14.10,80.00,250.00,0.00,2.60,44800.00,39200.00,5.50,4.30,12.40,25.00,90.00,6635.00,430.00,35.00,95.00,2455.00,300.00,250.00,7.40,22.00,840.00,850.00,180.00,380000.00
"4620775.00","462","Montréal","0775.00",2390.00,3.10,230.70,43.90,61.70,21.50,45.00,30.00,0.00,2.40,46800.00,40000.00,6.80,5.00,11.20,15.00,0.00,2210.00,180.00,25.00,35.00,815.00,175.00,160.00,12.90,31.40,910.00,1000.00,85.00,452000.00
"4620776.00","462","Montréal","0776.00",3719.00,9.70,454.70,43.20,61.80,21.80,70.00,430.00,0.00,2.20,40000.00,35200.00,8.00,5.90,14.40,0.00,0.00,3645.00,195.00,25.00,30.00,1270.00,425.00,230.00,10.30,23.50,950.00,916.00,105.00,280000.00
"4620777.01","462","Montréal","0777.01",4742.00,10.50,160.10,43.10,63.30,20.50,160.00,630.00,0.00,2.20,39600.00,34800.00,10.50,8.60,15.20,50.00,15.00,4335.00,230.00,0.00,55.00,1425.00,725.00,355.00,13.40,22.80,750.00,762.00,180.00,300000.00
"4620777.02","462","Montréal","0777.02",5177.00,-0.50,170.20,43.10,62.60,21.30,480.00,795.00,0.00,2.10,35200.00,31600.00,13.50,9.80,27.40,0.00,20.00,4980.00,95.00,20.00,20.00,1245.00,1200.00,425.00,12.60,22.60,735.00,744.00,145.00,300000.00
"4620780.00","462","Montréal","0780.00",3776.00,7.40,2546.90,45.60,62.40,24.40,370.00,480.00,120.00,2.10,33600.00,30200.00,15.10,12.60,22.60,10.00,25.00,3555.00,220.00,40.00,50.00,975.00,805.00,285.00,11.20,21.70,790.00,838.00,145.00,300000.00
"4620781.00","462","Montréal","0781.00",5813.00,-3.00,2495.90,53.00,50.00,40.60,655.00,1425.00,750.00,1.70,26800.00,25400.00,25.90,23.00,29.10,95.00,0.00,5260.00,245.00,130.00,25.00,775.00,2515.00,1265.00,20.60,43.90,860.00,924.00,185.00,250000.00
"4620782.00","462","Montréal","0782.00",3439.00,6.80,1389.90,47.10,59.40,28.80,255.00,1225.00,10.00,1.80,31000.00,28600.00,20.10,15.60,30.40,40.00,20.00,3115.00,220.00,80.00,55.00,565.00,1280.00,420.00,15.20,26.60,810.00,842.00,140.00,224000.00
"4620783.00","462","Montréal","0783.00",6591.00,17.20,1307.70,50.90,52.40,36.60,320.00,1985.00,330.00,1.80,29600.00,27400.00,21.00,15.70,29.00,50.00,45.00,5725.00,380.00,100.00,50.00,920.00,2555.00,1260.00,9.80,46.00,930.00,1031.00,185.00,300000.00
"4620784.00","462","Montréal","0784.00",4033.00,1.40,3455.60,51.10,55.30,34.40,400.00,1215.00,90.00,1.80,23600.00,23200.00,30.70,29.20,32.80,45.00,0.00,3225.00,195.00,65.00,55.00,405.00,1570.00,565.00,17.50,31.90,730.00,758.00,215.00,200000.00
"4620785.00","462","Montréal","0785.00",5382.00,20.00,1535.40,43.80,61.90,24.10,160.00,1865.00,5.00,1.90,30800.00,28200.00,19.90,17.00,24.80,75.00,60.00,4485.00,340.00,85.00,100.00,995.00,1705.00,585.00,10.50,28.20,795.00,819.00,180.00,220000.00
"4620786.00","462","Montréal","0786.00",4602.00,2.80,1366.70,47.20,59.10,27.30,330.00,555.00,30.00,2.10,33600.00,30400.00,13.50,10.00,24.60,20.00,0.00,4055.00,145.00,0.00,35.00,1115.00,935.00,305.00,6.70,24.70,735.00,838.00,115.00,260000.00
"4620787.01","462","Montréal","0787.01",3241.00,13.20,700.30,38.00,65.00,13.60,45.00,245.00,0.00,2.50,44800.00,39200.00,5.90,4.60,10.80,60.00,35.00,2960.00,235.00,15.00,100.00,1160.00,125.00,115.00,7.80,24.00,1070.00,1020.00,10.00,300000.00
"4620787.02","462","Montréal","0787.02",5098.00,-3.90,2790.80,43.10,63.40,20.80,180.00,1005.00,0.00,2.10,36400.00,32400.00,11.50,8.60,19.40,25.00,10.00,4985.00,290.00,85.00,85.00,1315.00,1090.00,360.00,7.30,24.30,765.00,780.00,110.00,280000.00
"4620788.00","462","Montréal","0788.00",5759.00,-1.60,2762.40,47.70,56.30,30.30,245.00,1820.00,5.00,1.90,31000.00,28600.00,17.60,12.00,31.10,60.00,25.00,5445.00,160.00,70.00,50.00,1225.00,1710.00,685.00,13.50,30.80,745.00,800.00,125.00,250000.00
"4620789.01","462","Montréal","0789.01",5206.00,2.20,566.10,40.50,66.40,15.70,230.00,580.00,0.00,2.40,39200.00,35200.00,7.80,5.70,16.00,10.00,30.00,4900.00,235.00,20.00,60.00,1470.00,680.00,295.00,9.60,22.10,820.00,832.00,100.00,300000.00
"4620789.02","462","Montréal","0789.02",3967.00,44.30,1414.30,39.50,66.20,15.60,230.00,770.00,0.00,2.20,39600.00,34800.00,9.00,7.70,15.20,55.00,0.00,3690.00,335.00,60.00,80.00,940.00,890.00,380.00,14.80,27.10,1060.00,1058.00,45.00,300000.00
"4620790.01","462","Montréal","0790.01",4826.00,13.50,567.00,39.80,64.70,15.60,185.00,595.00,0.00,2.40,42000.00,36800.00,8.40,7.00,15.00,35.00,35.00,4545.00,270.00,20.00,60.00,1335.00,720.00,350.00,14.30,22.20,910.00,934.00,55.00,340000.00
"4620790.02","462","Montréal","0790.02",3735.00,2.90,610.50,43.00,66.80,18.50,120.00,685.00,0.00,2.20,41200.00,36400.00,8.50,7.60,13.60,30.00,15.00,3495.00,260.00,30.00,70.00,1195.00,520.00,250.00,9.20,27.50,800.00,820.00,60.00,300000.00
"4620791.01","462","Montréal","0791.01",3185.00,-1.80,2765.50,40.80,64.20,17.10,130.00,75.00,0.00,2.50,47200.00,40800.00,4.60,3.40,7.20,40.00,0.00,2900.00,190.00,20.00,55.00,1090.00,165.00,155.00,10.50,23.50,830.00,930.00,40.00,348000.00
"4620791.02","462","Montréal","0791.02",6965.00,20.40,2050.90,36.30,62.80,12.90,180.00,930.00,0.00,2.50,44800.00,38800.00,6.70,5.40,10.60,140.00,0.00,6340.00,665.00,135.00,155.00,2040.00,725.00,355.00,11.10,17.90,1000.00,1006.00,55.00,340000.00
"4620792.00","462","Montréal","0792.00",4595.00,7.50,147.80,41.90,65.60,16.80,130.00,55.00,0.00,2.40,41200.00,36000.00,8.60,5.90,20.00,0.00,0.00,4310.00,150.00,0.00,25.00,1550.00,320.00,260.00,12.30,22.60,690.00,775.00,110.00,300000.00
"4620800.01","462","Montréal","0800.01",5371.00,13.10,1481.30,40.20,65.40,15.50,70.00,425.00,0.00,2.60,39600.00,35200.00,9.40,8.80,11.20,120.00,40.00,4210.00,1090.00,135.00,185.00,1600.00,440.00,390.00,13.40,39.80,1030.00,1100.00,110.00,352000.00
"4620800.02","462","Montréal","0800.02",5630.00,6.20,3417.70,44.20,59.60,23.60,40.00,1030.00,0.00,2.30,34000.00,31200.00,12.00,9.90,21.20,85.00,65.00,4400.00,1150.00,215.00,300.00,1300.00,1165.00,685.00,11.90,45.90,860.00,1124.00,150.00,320000.00
"4620801.00","462","Montréal","0801.00",7550.00,4.00,2892.70,41.60,62.20,19.20,140.00,775.00,0.00,2.50,36800.00,33200.00,10.00,8.60,14.30,185.00,35.00,5940.00,1515.00,205.00,345.00,2065.00,925.00,540.00,12.10,31.40,850.00,864.00,215.00,340000.00
"4620802.00","462","Montréal","0802.00",3317.00,3.30,796.50,41.90,65.50,17.80,165.00,120.00,0.00,2.50,38800.00,34400.00,8.90,7.00,14.00,50.00,25.00,2905.00,355.00,65.00,110.00,965.00,360.00,215.00,13.40,21.90,910.00,896.00,95.00,324000.00
"4620804.01","462","Montréal","0804.01",7905.00,9.20,3219.70,42.10,62.20,19.90,90.00,1105.00,0.00,2.40,39200.00,34800.00,9.40,7.60,14.90,135.00,40.00,6315.00,1265.00,220.00,280.00,2080.00,1115.00,505.00,11.10,24.30,930.00,914.00,215.00,324000.00
"4620804.02","462","Montréal","0804.02",2345.00,7.80,228.10,37.60,64.40,13.00,20.00,120.00,0.00,2.90,42800.00,37600.00,7.00,4.80,15.60,70.00,0.00,1815.00,625.00,135.00,140.00,715.00,125.00,115.00,12.50,20.80,600.00,770.00,50.00,400000.00
"4620805.01","462","Montréal","0805.01",5612.00,7.90,3201.20,44.20,57.90,23.80,35.00,710.00,0.00,2.60,38800.00,34800.00,8.00,6.00,14.00,165.00,40.00,3845.00,1405.00,205.00,305.00,1675.00,390.00,375.00,11.10,50.60,1100.00,1240.00,80.00,300000.00
"4620805.02","462","Montréal","0805.02",4138.00,-0.40,2870.80,45.10,59.90,23.80,40.00,285.00,70.00,2.50,34400.00,31000.00,12.20,9.00,22.60,80.00,30.00,2980.00,975.00,165.00,265.00,1205.00,410.00,250.00,10.40,30.10,725.00,760.00,105.00,300000.00
"4620806.01","462","Montréal","0806.01",3539.00,7.70,2144.70,40.40,63.70,16.90,80.00,470.00,0.00,2.50,35200.00,32000.00,14.40,12.90,15.40,155.00,25.00,2680.00,795.00,130.00,130.00,930.00,500.00,235.00,13.00,23.20,760.00,776.00,75.00,332000.00
"4620806.02","462","Montréal","0806.02",5408.00,1.60,1155.70,40.30,62.50,17.30,35.00,130.00,0.00,2.80,40000.00,35600.00,4.90,4.30,8.00,65.00,65.00,4105.00,1250.00,145.00,240.00,1775.00,175.00,220.00,10.10,23.50,900.00,1000.00,120.00,348000.00
"4620807.01","462","Montréal","0807.01",9508.00,14.00,494.20,37.90,65.20,12.70,90.00,410.00,0.00,2.80,47200.00,41200.00,5.00,3.60,12.40,75.00,60.00,8370.00,1120.00,215.00,205.00,2855.00,530.00,310.00,7.00,21.70,1060.00,1092.00,100.00,400000.00
"4620807.02","462","Montréal","0807.02",5118.00,7.10,191.50,38.70,62.10,15.60,75.00,400.00,0.00,2.60,44400.00,38800.00,6.40,4.90,14.20,130.00,25.00,4445.00,555.00,35.00,150.00,1510.00,500.00,220.00,8.30,20.00,785.00,900.00,75.00,348000.00
"4620825.02","462","Montréal","0825.02",3806.00,-1.20,4089.40,43.00,63.50,20.30,5.00,495.00,0.00,2.50,34000.00,31200.00,10.60,8.80,14.60,115.00,185.00,2265.00,1320.00,110.00,275.00,1025.00,515.00,250.00,13.60,22.50,890.00,976.00,150.00,400000.00
"4620825.03","462","Montréal","0825.03",6128.00,5.50,4662.90,39.00,63.10,16.80,60.00,1650.00,150.00,2.40,30000.00,28000.00,16.10,13.80,21.20,625.00,160.00,3490.00,2430.00,770.00,490.00,865.00,1625.00,545.00,15.00,25.40,920.00,967.00,165.00,348000.00
"4620825.04","462","Montréal","0825.04",5261.00,-3.90,3005.10,45.00,61.60,24.10,0.00,405.00,360.00,2.40,31200.00,29000.00,12.50,9.80,20.60,195.00,150.00,2925.00,2185.00,255.00,485.00,1540.00,655.00,310.00,10.40,24.20,940.00,996.00,185.00,352000.00
"4620825.05","462","Montréal","0825.05",5178.00,3.40,3130.20,42.10,61.40,20.80,35.00,990.00,40.00,2.40,32400.00,29600.00,14.20,13.00,16.40,355.00,130.00,3005.00,2085.00,540.00,330.00,1145.00,1045.00,425.00,8.70,30.60,900.00,960.00,215.00,400000.00
"4620825.06","462","Montréal","0825.06",5204.00,1.30,3791.10,42.60,61.00,21.80,30.00,340.00,120.00,2.70,37200.00,33200.00,7.10,5.10,13.40,185.00,140.00,3355.00,1695.00,145.00,375.00,1485.00,470.00,220.00,8.80,21.30,980.00,984.00,155.00,448000.00
"4620825.07","462","Montréal","0825.07",6998.00,1.80,3844.40,36.70,68.10,10.90,75.00,1445.00,180.00,2.40,44400.00,38800.00,9.20,8.00,17.60,340.00,485.00,3915.00,2635.00,305.00,635.00,2055.00,885.00,505.00,15.60,21.50,1210.00,1296.00,95.00,352000.00
"4620825.08","462","Montréal","0825.08",3581.00,79.40,378.60,37.00,71.50,11.00,0.00,1020.00,235.00,2.20,45600.00,39200.00,9.40,8.60,16.50,175.00,100.00,1935.00,1500.00,165.00,345.00,985.00,615.00,395.00,18.90,35.00,1450.00,1540.00,20.00,400000.00
"4620826.02","462","Montréal","0826.02",4669.00,-0.30,2810.30,43.70,61.10,22.40,5.00,210.00,0.00,2.70,38400.00,34400.00,9.00,7.50,11.60,255.00,155.00,2575.00,1935.00,220.00,350.00,1535.00,195.00,210.00,10.70,18.40,1210.00,1110.00,145.00,500000.00
"4620826.05","462","Montréal","0826.05",4016.00,-0.70,2622.40,46.80,59.00,28.10,5.00,200.00,200.00,2.50,36800.00,32800.00,9.30,7.80,12.20,105.00,100.00,2200.00,1835.00,155.00,390.00,1345.00,320.00,270.00,11.90,34.40,1270.00,1345.00,100.00,480000.00
"4620826.06","462","Montréal","0826.06",3963.00,-1.40,3559.00,41.00,61.70,20.20,0.00,590.00,0.00,2.70,32000.00,29400.00,14.40,12.20,19.20,485.00,220.00,1755.00,1850.00,305.00,315.00,895.00,555.00,260.00,9.50,30.90,880.00,980.00,105.00,500000.00
"4620826.07","462","Montréal","0826.07",5437.00,19.00,6582.30,59.00,42.20,50.00,0.00,135.00,1300.00,2.00,40000.00,34800.00,10.40,9.50,11.40,190.00,75.00,2710.00,1595.00,100.00,250.00,1365.00,790.00,690.00,15.30,61.10,1720.00,1848.00,90.00,500000.00
"4620826.08","462","Montréal","0826.08",3338.00,-0.30,2677.90,44.70,56.40,26.50,0.00,195.00,0.00,2.70,44800.00,38800.00,7.90,7.30,6.20,160.00,110.00,2015.00,1225.00,70.00,200.00,1155.00,75.00,170.00,13.90,0.00,1230.00,1240.00,50.00,600000.00
"4620826.09","462","Montréal","0826.09",3767.00,11.20,2838.10,50.00,53.30,34.50,0.00,150.00,115.00,2.80,39200.00,34800.00,9.20,8.40,9.20,150.00,55.00,1670.00,1595.00,90.00,295.00,1070.00,130.00,215.00,17.80,23.10,1060.00,1460.00,35.00,800000.00
"4620826.10","462","Montréal","0826.10",6085.00,-0.10,3049.70,42.60,63.40,20.10,30.00,830.00,0.00,2.70,35200.00,32000.00,12.20,10.50,15.20,305.00,240.00,3055.00,2780.00,290.00,545.00,1880.00,390.00,450.00,17.10,32.90,1230.00,1260.00,80.00,500000.00
"4620826.11","462","Montréal","0826.11",4251.00,-4.20,4014.20,45.00,58.40,26.30,5.00,805.00,0.00,2.50,35600.00,31800.00,13.40,11.70,16.40,300.00,150.00,2195.00,1570.00,180.00,305.00,895.00,705.00,230.00,8.90,21.40,850.00,926.00,90.00,452000.00
"4620826.13","462","Montréal","0826.13",3877.00,-4.70,3808.10,42.70,65.60,18.90,5.00,100.00,0.00,2.90,40800.00,36400.00,8.00,6.30,10.40,175.00,95.00,2075.00,1675.00,160.00,440.00,1235.00,85.00,215.00,14.20,47.10,1270.00,1480.00,30.00,690000.00
"4620826.15","462","Montréal","0826.15",8171.00,30.20,722.70,36.90,71.50,10.20,160.00,1980.00,355.00,2.20,42400.00,37200.00,11.30,10.00,14.40,535.00,425.00,4290.00,3350.00,295.00,625.00,2440.00,1175.00,860.00,18.00,36.50,1400.00,1420.00,35.00,400000.00
"4620826.16","462","Montréal","0826.16",4541.00,20.00,1487.00,41.80,63.90,17.70,70.00,520.00,195.00,2.70,42000.00,36800.00,12.20,11.10,15.80,235.00,245.00,2110.00,1875.00,125.00,345.00,1280.00,280.00,465.00,29.00,33.90,1450.00,1520.00,35.00,556000.00
"4620827.02","462","Montréal","0827.02",7397.00,3.60,2214.90,45.20,61.20,24.50,165.00,2320.00,115.00,1.90,36800.00,32800.00,15.00,11.40,24.50,185.00,175.00,6170.00,860.00,155.00,180.00,1735.00,2005.00,825.00,16.50,27.30,860.00,880.00,310.00,320000.00
"4620827.03","462","Montréal","0827.03",7285.00,-2.00,1671.00,41.60,66.20,16.10,5.00,400.00,130.00,2.60,49600.00,42400.00,4.50,3.80,8.80,150.00,20.00,5960.00,1310.00,80.00,260.00,2575.00,225.00,300.00,8.80,34.10,1020.00,1090.00,80.00,448000.00
"4620827.04","462","Montréal","0827.04",11724.00,22.90,327.80,38.70,66.40,13.00,145.00,1180.00,0.00,2.60,54000.00,45600.00,4.80,3.80,12.10,350.00,95.00,9375.00,2235.00,105.00,390.00,3630.00,885.00,710.00,10.30,38.30,1020.00,1206.00,125.00,500000.00
"4620828.03","462","Montréal","0828.03",4944.00,2.00,1754.20,39.10,64.10,14.90,0.00,375.00,45.00,2.50,53200.00,44800.00,4.00,3.00,10.00,115.00,25.00,4195.00,690.00,55.00,170.00,1540.00,435.00,230.00,7.20,27.60,870.00,1020.00,90.00,452000.00
"4620828.04","462","Montréal","0828.04",5027.00,19.40,1636.40,43.10,63.00,21.30,95.00,1045.00,5.00,2.20,44400.00,38800.00,6.80,4.90,10.80,60.00,50.00,4400.00,605.00,80.00,130.00,1470.00,865.00,505.00,9.50,41.90,1200.00,1468.00,100.00,380000.00
"4620828.05","462","Montréal","0828.05",8342.00,5.20,2241.10,39.10,66.60,13.10,0.00,445.00,125.00,2.90,58400.00,48400.00,4.90,4.60,6.20,350.00,140.00,6635.00,1565.00,115.00,230.00,2550.00,365.00,400.00,11.80,28.80,1360.00,1420.00,135.00,750000.00
"4620828.06","462","Montréal","0828.06",4684.00,15.30,611.40,40.80,58.20,19.30,0.00,300.00,0.00,2.80,61600.00,51200.00,3.60,3.30,4.00,150.00,50.00,3310.00,870.00,85.00,130.00,1420.00,85.00,170.00,9.80,35.30,1500.00,1520.00,50.00,500000.00
"4620829.00","462","Montréal","0829.00",8328.00,11.70,1089.60,41.20,64.60,17.40,130.00,940.00,10.00,2.40,43600.00,38000.00,6.50,4.60,14.40,90.00,45.00,7325.00,955.00,110.00,170.00,2365.00,1115.00,495.00,7.60,28.40,970.00,1034.00,180.00,352000.00
"4620830.01","462","Montréal","0830.01",7071.00,-0.50,1076.90,41.10,66.30,16.30,185.00,870.00,0.00,2.40,42000.00,36800.00,7.20,5.40,15.20,75.00,25.00,6290.00,660.00,85.00,130.00,1910.00,995.00,370.00,7.60,22.70,840.00,918.00,135.00,352000.00
"4620830.03","462","Montréal","0830.03",6091.00,6.80,4080.00,44.80,61.00,23.20,50.00,725.00,45.00,2.40,44800.00,38800.00,5.90,4.30,14.40,75.00,10.00,4805.00,640.00,70.00,70.00,1815.00,440.00,305.00,10.50,26.10,940.00,996.00,80.00,348000.00
"4620830.04","462","Montréal","0830.04",4185.00,-1.20,3193.20,41.60,67.00,15.90,40.00,425.00,95.00,2.40,46000.00,40400.00,4.60,2.40,18.40,55.00,15.00,3705.00,445.00,30.00,135.00,1350.00,395.00,280.00,5.20,51.90,1300.00,1410.00,65.00,352000.00
"4620831.03","462","Montréal","0831.03",5179.00,4.50,2491.80,43.20,61.90,22.00,75.00,860.00,0.00,2.30,39200.00,34800.00,8.60,6.60,15.40,80.00,70.00,4435.00,520.00,55.00,80.00,1345.00,885.00,360.00,9.70,26.40,980.00,976.00,105.00,348000.00
"4620831.04","462","Montréal","0831.04",4632.00,-2.30,2675.60,39.80,70.10,12.80,15.00,545.00,0.00,2.60,44400.00,38400.00,4.60,3.50,9.60,85.00,20.00,4135.00,545.00,65.00,90.00,1345.00,475.00,165.00,6.30,17.00,850.00,888.00,75.00,400000.00
"4620831.05","462","Montréal","0831.05",4679.00,2.00,2424.50,40.90,69.60,13.60,15.00,280.00,0.00,2.70,48000.00,41200.00,3.40,2.50,7.40,105.00,55.00,3895.00,715.00,80.00,180.00,1570.00,165.00,140.00,6.70,20.60,1090.00,1090.00,75.00,400000.00
"4620831.07","462","Montréal","0831.07",3095.00,4.20,40.40,41.40,64.40,16.80,45.00,25.00,0.00,2.50,43200.00,37600.00,7.50,5.80,15.20,0.00,0.00,2925.00,105.00,0.00,25.00,1065.00,170.00,100.00,8.20,12.10,870.00,880.00,85.00,376000.00
"4620831.08","462","Montréal","0831.08",10576.00,31.70,2347.80,36.30,65.00,11.50,75.00,995.00,0.00,2.80,51200.00,44000.00,4.00,3.10,11.80,255.00,110.00,8380.00,1990.00,190.00,265.00,2995.00,790.00,450.00,8.20,25.90,1250.00,1146.00,95.00,448000.00
"4620831.09","462","Montréal","0831.09",4132.00,-2.20,2465.20,36.40,67.10,9.20,45.00,145.00,0.00,2.90,48800.00,42000.00,4.10,3.40,9.00,45.00,0.00,3815.00,345.00,55.00,50.00,1265.00,185.00,105.00,5.50,18.90,1020.00,1030.00,70.00,352000.00
"4620832.00","462","Montréal","0832.00",,,,,,,,,,,,,,,,,,,,,,,,,,,,,,
"4620833.00","462","Montréal","0833.00",7597.00,20.20,122.60,37.30,66.50,12.10,50.00,425.00,0.00,2.60,48800.00,42000.00,4.80,3.40,13.80,115.00,50.00,6730.00,635.00,110.00,120.00,2445.00,410.00,285.00,7.60,24.10,1090.00,1152.00,85.00,424000.00
"4620834.00","462","Montréal","0834.00",2769.00,6.20,53.00,41.00,66.10,17.00,40.00,95.00,0.00,2.50,42800.00,37200.00,6.50,5.10,11.60,10.00,0.00,2580.00,80.00,25.00,15.00,825.00,250.00,110.00,8.80,18.00,880.00,880.00,70.00,376000.00
"4620850.03","462","Montréal","0850.03",5148.00,2.40,3438.60,40.80,62.90,17.60,30.00,995.00,0.00,2.30,44400.00,38800.00,9.10,7.10,17.20,55.00,35.00,4450.00,345.00,40.00,95.00,1180.00,900.00,295.00,8.90,21.20,830.00,864.00,95.00,400000.00
"4620850.04","462","Montréal","0850.04",4878.00,0.20,579.40,35.80,67.80,8.50,5.00,190.00,0.00,2.90,58400.00,49200.00,2.00,1.90,4.00,75.00,0.00,4520.00,435.00,95.00,85.00,1640.00,65.00,130.00,7.00,0.00,620.00,640.00,35.00,424000.00
"4620850.05","462","Montréal","0850.05",3525.00,-3.10,456.40,35.60,68.10,8.70,5.00,400.00,0.00,2.60,50000.00,42800.00,5.10,4.00,13.00,20.00,0.00,3175.00,260.00,20.00,45.00,1075.00,295.00,80.00,4.70,11.90,900.00,930.00,55.00,360000.00
"4620850.06","462","Montréal","0850.06",5127.00,-3.20,2992.60,39.90,66.00,14.70,15.00,495.00,0.00,2.60,48400.00,42000.00,2.80,2.00,7.80,15.00,0.00,4800.00,375.00,55.00,80.00,1655.00,345.00,200.00,9.40,13.20,930.00,980.00,125.00,400000.00
"4620850.07","462","Montréal","0850.07",6793.00,35.10,2827.60,33.70,63.00,8.70,15.00,645.00,0.00,2.80,62000.00,51600.00,2.40,2.00,7.20,130.00,10.00,5845.00,855.00,65.00,190.00,2050.00,385.00,270.00,7.30,29.90,1330.00,1248.00,40.00,460000.00
"4620851.00","462","Montréal","0851.00",5973.00,13.50,1796.40,46.10,60.10,25.70,230.00,1365.00,0.00,2.00,41600.00,36400.00,10.20,8.30,15.80,85.00,30.00,5145.00,610.00,35.00,105.00,1610.00,1215.00,460.00,10.90,23.00,870.00,904.00,105.00,380000.00
"4620852.02","462","Montréal","0852.02",932.00,10.30,120.00,41.80,64.40,17.00,25.00,25.00,0.00,2.40,44000.00,37600.00,7.40,6.00,13.00,0.00,0.00,850.00,80.00,0.00,25.00,315.00,65.00,50.00,9.40,35.70,800.00,880.00,40.00,424000.00
"4620852.03","462","Montréal","0852.03",2189.00,8.00,973.50,41.10,68.70,14.20,40.00,10.00,0.00,2.70,54400.00,45200.00,4.00,3.50,8.50,25.00,15.00,1870.00,175.00,0.00,35.00,695.00,60.00,95.00,12.90,0.00,800.00,880.00,30.00,600000.00
"4620852.04","462","Montréal","0852.04",5502.00,52.80,249.80,35.30,66.80,8.90,120.00,305.00,0.00,2.70,54000.00,45600.00,4.40,3.80,10.00,65.00,55.00,4910.00,645.00,145.00,95.00,1860.00,230.00,225.00,10.20,17.40,1250.00,1200.00,85.00,496000.00
"4620852.05","462","Montréal","0852.05",3117.00,4.20,103.80,38.10,65.70,12.50,20.00,0.00,0.00,3.00,52400.00,44800.00,3.70,3.20,8.00,35.00,0.00,2840.00,285.00,75.00,45.00,1000.00,40.00,115.00,9.60,50.00,1000.00,1000.00,40.00,600000.00
"4620853.02","462","Montréal","0853.02",5631.00,-1.10,279.10,40.30,65.50,15.10,30.00,280.00,0.00,2.60,50800.00,43200.00,4.50,3.00,14.20,80.00,40.00,5070.00,410.00,10.00,80.00,1900.00,265.00,230.00,7.90,30.20,840.00,785.00,85.00,380000.00
"4620853.03","462","Montréal","0853.03",5809.00,2.20,1887.60,40.20,65.00,16.00,35.00,1005.00,0.00,2.40,50400.00,42800.00,4.20,3.20,9.80,60.00,35.00,5340.00,395.00,65.00,90.00,1905.00,540.00,300.00,6.80,31.80,1090.00,1204.00,80.00,352000.00
"4620853.04","462","Montréal","0853.04",5613.00,-1.20,445.80,38.40,66.90,12.50,55.00,15.00,0.00,2.90,52400.00,44800.00,2.60,2.00,6.60,35.00,0.00,5165.00,440.00,10.00,115.00,1895.00,60.00,155.00,7.70,0.00,785.00,880.00,90.00,420000.00
"4620854.01","462","Montréal","0854.01",5486.00,-2.40,1944.90,45.00,56.90,25.30,20.00,125.00,0.00,2.70,60400.00,50000.00,3.30,2.80,5.40,25.00,80.00,4710.00,485.00,10.00,80.00,1840.00,135.00,155.00,6.00,32.10,880.00,1060.00,130.00,650000.00
"4620854.02","462","Montréal","0854.02",5980.00,0.80,299.40,45.10,59.30,24.60,30.00,180.00,90.00,2.50,56400.00,47200.00,3.20,3.10,4.20,110.00,65.00,5340.00,575.00,20.00,100.00,2210.00,145.00,180.00,6.60,21.40,860.00,1000.00,165.00,516000.00
"4620855.01","462","Montréal","0855.01",4808.00,-2.40,617.20,43.10,61.20,21.20,0.00,160.00,5.00,2.50,51600.00,44000.00,3.40,2.60,5.60,50.00,0.00,4285.00,505.00,25.00,110.00,1805.00,125.00,140.00,6.70,15.40,930.00,960.00,105.00,424000.00
"4620855.03","462","Montréal","0855.03",6481.00,2.00,1641.70,46.30,57.40,27.30,30.00,1495.00,55.00,2.10,47600.00,40400.00,8.10,5.80,12.60,115.00,60.00,5660.00,655.00,35.00,110.00,2060.00,985.00,535.00,12.70,27.40,930.00,994.00,180.00,448000.00
"4620855.04","462","Montréal","0855.04",3518.00,4.50,423.10,37.10,63.90,11.50,5.00,135.00,0.00,3.10,69000.00,56800.00,1.70,1.40,4.00,80.00,45.00,2985.00,460.00,15.00,80.00,1080.00,60.00,90.00,7.50,0.00,1640.00,1700.00,25.00,700000.00
"4620856.00","462","Montréal","0856.00",3588.00,45.40,231.60,38.80,69.30,15.00,35.00,970.00,35.00,2.00,42400.00,37200.00,9.00,9.00,10.80,85.00,75.00,2885.00,660.00,110.00,140.00,795.00,965.00,395.00,13.80,29.70,1210.00,1216.00,60.00,320000.00
"4620857.01","462","Montréal","0857.01",5310.00,11.20,3566.60,45.60,58.60,25.80,75.00,765.00,0.00,2.30,37200.00,33600.00,9.50,7.10,15.90,60.00,20.00,4195.00,1055.00,165.00,240.00,1435.00,840.00,415.00,3.10,43.80,900.00,1312.00,95.00,400000.00
"4620857.02","462","Montréal","0857.02",4294.00,0.40,3637.10,41.10,62.50,18.80,60.00,385.00,10.00,2.60,38800.00,34000.00,8.70,7.40,12.20,90.00,45.00,3510.00,805.00,75.00,100.00,1185.00,495.00,200.00,9.30,18.20,820.00,844.00,100.00,348000.00
"4620857.06","462","Montréal","0857.06",5696.00,1.30,3991.90,41.00,64.80,17.00,75.00,615.00,0.00,2.50,41200.00,36400.00,6.80,4.70,16.40,110.00,110.00,4360.00,1190.00,150.00,300.00,1685.00,565.00,265.00,6.20,28.80,810.00,872.00,205.00,376000.00
"4620857.07","462","Montréal","0857.07",7509.00,0.50,737.30,39.40,68.80,12.50,60.00,575.00,5.00,2.80,47200.00,40400.00,3.80,3.50,8.00,160.00,60.00,5925.00,1495.00,220.00,280.00,2245.00,455.00,190.00,6.70,7.80,1020.00,1008.00,80.00,400000.00
"4620857.08","462","Montréal","0857.08",5836.00,1.80,1510.70,46.40,59.10,27.70,115.00,2235.00,0.00,1.90,38800.00,34800.00,10.60,6.70,19.80,105.00,40.00,4665.00,985.00,165.00,195.00,1965.00,1000.00,600.00,11.70,36.70,920.00,1098.00,90.00,260000.00
"4620857.09","462","Montréal","0857.09",5424.00,4.10,2352.30,43.10,66.60,18.60,55.00,1025.00,0.00,2.30,46000.00,39600.00,5.70,4.50,11.80,160.00,55.00,4135.00,1215.00,165.00,215.00,1855.00,430.00,370.00,9.70,44.20,1260.00,1320.00,50.00,400000.00
"4620857.10","462","Montréal","0857.10",7888.00,38.00,1196.10,38.50,67.90,13.10,215.00,890.00,0.00,2.50,49200.00,42400.00,4.60,3.70,9.80,250.00,90.00,6220.00,1470.00,185.00,190.00,2640.00,455.00,455.00,12.90,27.50,1070.00,1140.00,115.00,400000.00
"4620857.11","462","Montréal","0857.11",3606.00,-3.80,1660.20,41.90,68.80,16.40,15.00,330.00,0.00,2.40,42000.00,36800.00,5.30,3.70,13.60,120.00,45.00,2800.00,800.00,125.00,145.00,1380.00,125.00,130.00,7.60,20.00,1100.00,1040.00,55.00,300000.00
"4620857.12","462","Montréal","0857.12",4053.00,7.50,3709.50,41.00,64.70,17.50,60.00,170.00,10.00,2.70,40800.00,35600.00,4.50,3.40,8.80,100.00,45.00,3240.00,730.00,120.00,125.00,1220.00,310.00,160.00,8.60,19.70,830.00,920.00,105.00,348000.00
"4620858.01","462","Montréal","0858.01",4910.00,3.80,3244.40,41.20,63.70,18.50,85.00,160.00,0.00,2.60,39600.00,35200.00,5.80,4.90,9.20,145.00,35.00,3710.00,1100.00,180.00,185.00,1625.00,220.00,165.00,7.70,17.80,1000.00,1020.00,105.00,348000.00
"4620858.02","462","Montréal","0858.02",3988.00,2.80,3323.30,41.90,63.40,19.30,65.00,140.00,190.00,2.50,34800.00,31600.00,10.60,8.80,13.40,245.00,100.00,2795.00,1130.00,195.00,255.00,1125.00,465.00,215.00,8.00,26.10,870.00,900.00,100.00,348000.00
"4620858.04","462","Montréal","0858.04",5772.00,4.50,2065.10,40.30,63.60,17.00,75.00,125.00,0.00,2.80,43200.00,37600.00,4.50,3.80,8.40,90.00,35.00,4155.00,1630.00,175.00,280.00,1885.00,195.00,240.00,10.60,23.70,960.00,1070.00,120.00,400000.00
"4620858.05","462","Montréal","0858.05",3318.00,10.20,328.10,38.30,67.20,12.50,70.00,135.00,0.00,2.80,43200.00,38000.00,5.70,3.70,13.60,85.00,30.00,2420.00,815.00,75.00,180.00,1015.00,165.00,95.00,6.90,14.70,960.00,1000.00,50.00,400000.00
"4620859.00","462","Montréal","0859.00",3254.00,13.90,4339.20,39.20,66.60,14.90,160.00,265.00,0.00,2.70,30800.00,28400.00,11.60,11.10,15.60,205.00,90.00,1930.00,1230.00,265.00,265.00,770.00,405.00,195.00,15.60,17.70,920.00,1044.00,35.00,492000.00
"4620860.01","462","Montréal","0860.01",6199.00,-2.10,3731.20,42.60,62.10,20.80,10.00,370.00,0.00,2.50,38000.00,34400.00,7.10,5.60,11.00,180.00,60.00,4360.00,1785.00,260.00,315.00,2025.00,410.00,270.00,8.60,23.20,730.00,852.00,170.00,348000.00
"4620860.02","462","Montréal","0860.02",4028.00,5.30,3339.40,41.00,62.60,18.40,50.00,630.00,0.00,2.50,34800.00,31600.00,13.90,11.00,17.60,205.00,135.00,2745.00,1045.00,210.00,165.00,825.00,825.00,270.00,12.00,20.90,910.00,966.00,180.00,424000.00
"4620861.00","462","Montréal","0861.00",6970.00,6.10,3652.30,44.50,60.80,23.70,120.00,1750.00,220.00,2.00,36000.00,32400.00,17.30,14.70,27.40,315.00,255.00,5125.00,1465.00,270.00,285.00,1680.00,1675.00,710.00,13.40,29.50,785.00,858.00,320.00,400000.00
"4620862.00","462","Montréal","0862.00",6833.00,-0.40,3072.50,48.80,51.80,33.10,0.00,1420.00,595.00,2.00,50000.00,42000.00,11.00,10.20,10.80,320.00,185.00,4890.00,1365.00,210.00,190.00,2130.00,1025.00,670.00,12.90,39.40,930.00,1004.00,205.00,500000.00
"4620863.01","462","Montréal","0863.01",3686.00,7.20,2623.50,44.60,57.00,25.20,15.00,490.00,160.00,2.30,52800.00,44000.00,7.80,6.40,14.00,80.00,60.00,2875.00,655.00,30.00,110.00,1040.00,555.00,355.00,8.20,48.20,1030.00,1080.00,80.00,750000.00
"4620863.02","462","Montréal","0863.02",7102.00,13.10,3696.10,50.60,55.00,33.90,60.00,1120.00,1690.00,1.80,48000.00,40800.00,11.60,8.80,19.40,200.00,145.00,5415.00,1055.00,95.00,185.00,1725.00,1980.00,870.00,11.60,34.40,1080.00,1207.00,205.00,500000.00
"4620864.00","462","Montréal","0864.00",5140.00,-2.70,2554.70,41.70,63.20,18.60,110.00,630.00,5.00,2.50,64500.00,52400.00,5.20,5.00,7.00,35.00,40.00,4645.00,455.00,35.00,90.00,1525.00,575.00,315.00,10.20,28.10,970.00,1132.00,240.00,800000.00
"4620865.00","462","Montréal","0865.00",1829.00,2.90,3513.30,40.40,69.90,15.60,165.00,610.00,45.00,1.80,30800.00,28200.00,20.60,19.00,28.00,120.00,50.00,1495.00,355.00,65.00,60.00,350.00,660.00,265.00,27.10,25.00,750.00,786.00,100.00,300000.00
"4620866.00","462","Montréal","0866.00",3223.00,8.70,6562.80,40.60,69.30,16.00,360.00,1190.00,5.00,1.80,29600.00,27400.00,22.50,19.60,32.40,115.00,125.00,2540.00,450.00,145.00,120.00,355.00,1360.00,400.00,19.40,24.40,775.00,815.00,220.00,348000.00
"4620867.00","462","Montréal","0867.00",6932.00,8.30,4531.30,40.90,66.50,17.20,435.00,2170.00,5.00,2.00,35200.00,31800.00,15.80,13.00,29.20,315.00,165.00,5145.00,1380.00,255.00,330.00,1145.00,2215.00,665.00,15.30,22.20,830.00,878.00,275.00,300000.00
"4620868.01","462","Montréal","0868.01",6184.00,10.50,3877.80,40.60,63.70,18.10,210.00,690.00,0.00,2.50,35600.00,32400.00,10.90,8.50,20.20,240.00,95.00,4570.00,1515.00,285.00,305.00,1520.00,955.00,390.00,8.90,26.30,850.00,986.00,145.00,376000.00
"4620868.02","462","Montréal","0868.02",6590.00,12.50,5453.90,37.90,67.00,13.70,410.00,1525.00,0.00,2.30,32800.00,30000.00,14.90,12.70,26.80,395.00,235.00,4760.00,1600.00,320.00,360.00,950.00,1855.00,545.00,10.50,24.20,910.00,1008.00,225.00,348000.00
"4620869.00","462","Montréal","0869.00",3145.00,1.20,2939.80,45.30,58.00,26.10,0.00,230.00,105.00,2.40,40000.00,35200.00,7.10,5.10,12.40,55.00,35.00,2350.00,755.00,60.00,175.00,830.00,465.00,210.00,6.70,33.70,940.00,1036.00,125.00,348000.00
"4620870.01","462","Montréal","0870.01",3735.00,5.20,3703.50,38.50,64.30,15.10,5.00,1260.00,0.00,2.30,33600.00,31000.00,14.70,11.80,19.20,140.00,85.00,3010.00,580.00,60.00,95.00,510.00,1100.00,260.00,17.60,15.50,810.00,806.00,130.00,348000.00
"4620870.02","462","Montréal","0870.02",2306.00,1.70,3886.10,41.80,62.30,20.20,10.00,570.00,0.00,2.30,34000.00,30800.00,14.20,13.50,14.00,145.00,100.00,1750.00,535.00,50.00,130.00,445.00,560.00,155.00,15.70,16.20,795.00,796.00,90.00,348000.00
"4620871.01","462","Montréal","0871.01",3866.00,3.30,5230.00,41.60,62.20,19.90,45.00,1060.00,95.00,2.10,31600.00,29000.00,18.50,14.20,33.20,220.00,215.00,2640.00,915.00,90.00,145.00,640.00,1170.00,380.00,14.10,24.90,830.00,818.00,105.00,348000.00
"4620871.02","462","Montréal","0871.02",2058.00,2.60,4210.30,42.80,63.50,20.00,0.00,390.00,0.00,2.50,37200.00,33200.00,7.70,6.40,9.50,55.00,20.00,1570.00,480.00,70.00,125.00,530.00,310.00,110.00,7.50,21.30,840.00,850.00,80.00,364000.00
"4620872.00","462","Montréal","0872.00",6671.00,6.00,3885.00,38.60,66.30,14.30,255.00,2145.00,0.00,2.20,31600.00,29200.00,17.00,14.90,24.20,420.00,280.00,4790.00,1575.00,220.00,365.00,975.00,2060.00,600.00,16.30,21.70,830.00,853.00,240.00,300000.00
"4620873.01","462","Montréal","0873.01",4452.00,2.20,10562.30,36.90,67.60,12.20,45.00,1765.00,0.00,2.20,28400.00,26400.00,21.70,17.60,31.20,325.00,270.00,3050.00,1010.00,135.00,215.00,280.00,1680.00,450.00,17.90,24.20,840.00,847.00,160.00,348000.00
"4620873.02","462","Montréal","0873.02",4486.00,6.30,6846.80,39.50,66.80,15.60,75.00,1960.00,15.00,2.00,30400.00,28000.00,19.80,16.20,36.40,255.00,125.00,3345.00,885.00,135.00,275.00,360.00,1895.00,500.00,16.90,23.30,810.00,810.00,160.00,300000.00
"4620874.00","462","Montréal","0874.00",5233.00,5.80,6075.70,38.40,67.60,14.20,210.00,1605.00,5.00,2.20,32400.00,29600.00,15.90,14.60,21.20,285.00,190.00,3885.00,1260.00,210.00,310.00,735.00,1650.00,475.00,12.90,23.10,800.00,852.00,215.00,348000.00
"4620875.00","462","Montréal","0875.00",4916.00,3.30,6598.70,39.60,67.10,16.10,25.00,2205.00,0.00,2.00,31200.00,28600.00,19.30,16.10,29.40,225.00,275.00,3455.00,1125.00,125.00,295.00,615.00,1915.00,525.00,16.30,22.30,775.00,800.00,230.00,280000.00
"4620876.01","462","Montréal","0876.01",4162.00,9.00,5758.20,35.20,65.40,10.90,5.00,1335.00,0.00,2.50,28200.00,26200.00,22.00,20.10,23.20,580.00,435.00,2440.00,1325.00,140.00,215.00,370.00,1305.00,370.00,9.50,26.20,810.00,852.00,140.00,400000.00
"4620876.04","462","Montréal","0876.04",8283.00,7.20,3138.90,38.20,64.90,13.10,5.00,445.00,0.00,2.80,54400.00,46000.00,3.60,2.70,5.60,175.00,35.00,6480.00,1770.00,250.00,315.00,2720.00,215.00,170.00,5.20,11.60,800.00,775.00,90.00,448000.00
"4620876.05","462","Montréal","0876.05",9332.00,9.60,1995.50,45.40,60.70,24.40,30.00,2250.00,0.00,2.20,46800.00,40400.00,6.40,5.00,10.50,265.00,95.00,7430.00,1500.00,160.00,245.00,2955.00,1135.00,640.00,11.30,26.90,870.00,966.00,155.00,400000.00
"4620876.06","462","Montréal","0876.06",6064.00,6.60,5987.40,38.30,65.20,14.30,5.00,1370.00,0.00,2.40,36400.00,33200.00,15.80,14.30,14.80,240.00,295.00,4310.00,1445.00,285.00,355.00,1185.00,1295.00,360.00,8.90,20.00,810.00,846.00,180.00,372000.00
"4620876.07","462","Montréal","0876.07",2536.00,12.40,2528.40,50.10,53.50,33.90,5.00,420.00,110.00,2.10,42000.00,36400.00,10.50,4.60,28.00,65.00,95.00,1620.00,435.00,45.00,90.00,645.00,415.00,240.00,7.70,46.30,1090.00,1124.00,45.00,348000.00
"4620877.01","462","Montréal","0877.01",9316.00,0.80,1841.40,50.80,55.20,33.10,20.00,2475.00,140.00,2.10,52000.00,43600.00,5.20,4.40,8.10,115.00,130.00,7110.00,1340.00,95.00,210.00,3245.00,935.00,735.00,10.60,41.90,1350.00,1352.00,100.00,380000.00
"4620877.02","462","Montréal","0877.02",6294.00,5.30,4228.40,44.10,57.10,25.40,15.00,1590.00,0.00,2.20,37600.00,33600.00,12.80,10.60,18.20,295.00,345.00,4305.00,1230.00,90.00,240.00,1195.00,1435.00,455.00,6.70,26.30,850.00,923.00,200.00,424000.00
"4620878.00","462","Montréal","0878.00",5457.00,9.40,4980.80,39.90,66.40,16.90,285.00,1990.00,0.00,2.00,31400.00,28800.00,18.40,15.00,31.80,275.00,290.00,3885.00,1155.00,160.00,265.00,660.00,2075.00,600.00,17.40,23.40,810.00,845.00,215.00,348000.00
"4620879.01","462","Montréal","0879.01",3471.00,9.90,5585.80,40.70,67.30,16.40,210.00,1230.00,0.00,1.90,31200.00,28800.00,19.80,17.30,33.60,185.00,125.00,2680.00,755.00,90.00,195.00,520.00,1265.00,400.00,20.00,23.40,775.00,814.00,125.00,348000.00
"4620879.02","462","Montréal","0879.02",3838.00,3.90,5002.60,42.00,65.60,19.10,390.00,965.00,5.00,1.90,42400.00,36800.00,11.90,11.90,17.60,105.00,45.00,3150.00,480.00,45.00,95.00,870.00,1050.00,355.00,9.70,26.30,810.00,842.00,170.00,500000.00
"4620880.00","462","Montréal","0880.00",4166.00,5.30,4613.00,41.70,67.80,17.90,250.00,1345.00,5.00,1.90,36400.00,32400.00,14.70,14.40,20.80,250.00,170.00,3300.00,790.00,65.00,190.00,800.00,1420.00,440.00,13.80,23.30,765.00,804.00,230.00,400000.00
"4620881.01","462","Montréal","0881.01",3576.00,2.80,6627.10,40.50,68.00,15.80,210.00,1230.00,0.00,2.00,34400.00,31400.00,15.00,12.90,23.20,90.00,125.00,2925.00,515.00,90.00,130.00,565.00,1265.00,320.00,14.20,19.10,745.00,796.00,170.00,348000.00
"4620881.02","462","Montréal","0881.02",3801.00,4.90,6214.80,39.10,70.10,13.60,290.00,1100.00,65.00,2.00,33200.00,30200.00,17.20,16.00,22.40,235.00,150.00,2845.00,785.00,135.00,185.00,640.00,1220.00,370.00,12.50,24.40,810.00,846.00,200.00,348000.00
"4620882.00","462","Montréal","0882.00",2870.00,9.90,4111.70,39.60,67.90,15.30,215.00,840.00,0.00,2.00,32000.00,29400.00,18.10,15.90,27.60,165.00,150.00,2000.00,650.00,95.00,100.00,520.00,885.00,260.00,13.70,21.70,810.00,852.00,115.00,352000.00
"4620883.00","462","Montréal","0883.00",2702.00,2.50,2710.40,42.30,70.10,18.10,245.00,840.00,5.00,1.90,36400.00,32400.00,14.10,13.00,19.50,130.00,120.00,1895.00,505.00,85.00,95.00,585.00,755.00,300.00,16.90,26.50,800.00,832.00,115.00,380000.00
"4620884.01","462","Montréal","0884.01",3593.00,5.60,4954.50,41.40,69.50,19.50,0.00,5.00,1800.00,1.80,33600.00,30400.00,19.60,19.00,20.40,510.00,680.00,1565.00,1385.00,130.00,250.00,405.00,1550.00,595.00,22.80,32.90,1100.00,1127.00,175.00,400000.00
"4620884.02","462","Montréal","0884.02",7584.00,1.70,3929.50,47.70,61.30,28.10,245.00,1895.00,1595.00,1.70,37600.00,33600.00,18.10,14.80,27.70,215.00,230.00,5985.00,1230.00,250.00,255.00,1520.00,2840.00,885.00,10.60,25.60,870.00,868.00,310.00,400000.00
"4620885.00","462","Montréal","0885.00",4052.00,4.70,2507.10,47.60,56.90,30.40,130.00,1075.00,355.00,1.90,39200.00,34800.00,14.10,12.00,20.80,170.00,190.00,2810.00,665.00,50.00,170.00,640.00,1270.00,400.00,14.00,24.50,870.00,914.00,140.00,500000.00
"4620886.01","462","Montréal","0886.01",3027.00,-2.20,687.30,43.90,67.60,19.50,25.00,900.00,0.00,2.00,44800.00,38400.00,8.00,7.00,11.60,25.00,25.00,2635.00,305.00,50.00,55.00,835.00,665.00,190.00,6.00,20.50,785.00,796.00,105.00,400000.00
"4620886.02","462","Montréal","0886.02",2995.00,-1.80,1415.30,41.70,66.80,16.50,15.00,530.00,0.00,2.40,53200.00,44400.00,5.40,4.60,7.60,45.00,15.00,2435.00,495.00,55.00,125.00,870.00,400.00,125.00,8.00,16.30,970.00,976.00,70.00,500000.00
"4620886.03","462","Montréal","0886.03",3349.00,6.60,1456.50,45.60,62.50,24.20,110.00,1100.00,15.00,1.90,38400.00,33600.00,15.00,9.40,34.80,140.00,50.00,2680.00,515.00,75.00,125.00,560.00,1080.00,230.00,9.70,16.80,810.00,866.00,110.00,348000.00
"4620887.03","462","Montréal","0887.03",3648.00,1.40,302.80,42.50,60.30,21.10,5.00,15.00,0.00,2.70,55200.00,46400.00,2.60,2.40,4.00,45.00,0.00,3215.00,375.00,50.00,55.00,1305.00,30.00,70.00,5.00,0.00,1180.00,1400.00,75.00,500000.00
"4620887.04","462","Montréal","0887.04",5120.00,0.20,2615.40,44.80,61.10,23.10,15.00,705.00,85.00,2.20,48800.00,41600.00,5.80,4.90,8.80,90.00,35.00,4610.00,520.00,55.00,120.00,1655.00,665.00,315.00,6.90,30.10,940.00,950.00,155.00,448000.00
"4620887.05","462","Montréal","0887.05",4640.00,-1.20,2343.70,43.30,58.90,23.30,0.00,205.00,0.00,2.50,54400.00,46000.00,3.40,2.80,5.60,90.00,0.00,4115.00,560.00,20.00,95.00,1635.00,215.00,155.00,5.80,25.00,890.00,940.00,80.00,448000.00
"4620887.06","462","Montréal","0887.06",4384.00,-2.90,2459.70,41.90,68.40,15.80,0.00,295.00,0.00,2.60,62000.00,51200.00,2.40,2.00,4.40,85.00,0.00,3865.00,480.00,25.00,70.00,1630.00,50.00,115.00,5.80,0.00,1600.00,1700.00,35.00,500000.00
"4620887.07","462","Montréal","0887.07",15.00,-25.00,1.50,,,,,,,,,,,,,,,,,,,,,,,,,,,
"4620888.01","462","Montréal","0888.01",3090.00,-0.80,102.40,42.70,69.90,15.90,0.00,695.00,0.00,2.30,64500.00,52000.00,3.50,3.20,4.00,20.00,20.00,2705.00,255.00,20.00,70.00,1220.00,130.00,160.00,10.70,28.00,1410.00,1440.00,25.00,452000.00
"4620888.02","462","Montréal","0888.02",5443.00,-2.70,2311.10,45.00,58.10,24.70,5.00,70.00,0.00,2.60,60800.00,50000.00,2.20,1.80,4.00,95.00,15.00,4765.00,560.00,15.00,125.00,2000.00,50.00,150.00,6.50,50.00,1330.00,1240.00,70.00,500000.00
"4620888.03","462","Montréal","0888.03",5245.00,15.10,2491.40,53.20,47.80,40.50,5.00,960.00,185.00,2.30,59600.00,49200.00,4.00,3.10,6.10,75.00,0.00,4420.00,365.00,15.00,75.00,1860.00,245.00,300.00,7.30,69.40,1640.00,1680.00,55.00,600000.00
"4620889.01","462","Montréal","0889.01",2562.00,-1.90,1866.10,50.40,53.50,34.20,65.00,720.00,0.00,1.90,41200.00,36400.00,13.80,8.60,27.00,0.00,45.00,2195.00,175.00,45.00,45.00,520.00,740.00,240.00,13.50,23.60,860.00,858.00,120.00,428000.00
"4620889.02","462","Montréal","0889.02",2944.00,3.00,744.70,44.10,60.10,23.30,10.00,465.00,10.00,2.20,50000.00,42800.00,5.10,4.20,8.40,60.00,20.00,2690.00,220.00,40.00,25.00,975.00,370.00,200.00,8.20,32.90,920.00,1100.00,95.00,428000.00
"4620889.03","462","Montréal","0889.03",4652.00,-6.80,1394.20,45.60,60.30,24.50,115.00,260.00,0.00,2.40,51200.00,43200.00,4.00,2.90,7.10,30.00,30.00,4250.00,325.00,10.00,65.00,1715.00,275.00,145.00,5.30,22.20,900.00,930.00,120.00,448000.00
"4620900.00","462","Montréal","0900.00",4741.00,1.00,2118.20,45.30,57.40,26.70,95.00,770.00,0.00,2.20,43200.00,38000.00,7.20,5.30,12.40,10.00,20.00,4405.00,280.00,10.00,60.00,1425.00,740.00,300.00,9.50,22.40,790.00,836.00,175.00,380000.00
"4620901.01","462","Montréal","0901.01",4843.00,-1.50,1988.20,44.30,62.00,23.10,85.00,1115.00,0.00,2.10,41200.00,36000.00,9.90,8.10,16.60,10.00,60.00,4640.00,215.00,15.00,50.00,1320.00,1015.00,405.00,7.60,30.20,850.00,880.00,115.00,348000.00
"4620901.02","462","Montréal","0901.02",4270.00,-3.00,2576.60,42.70,62.10,20.60,55.00,220.00,0.00,2.40,45600.00,39600.00,5.90,3.90,13.60,25.00,0.00,3890.00,200.00,0.00,30.00,1450.00,290.00,135.00,7.20,12.30,665.00,735.00,105.00,348000.00
"4620901.03","462","Montréal","0901.03",10250.00,21.40,568.00,39.10,59.30,17.70,25.00,805.00,5.00,2.60,54400.00,46000.00,3.50,2.90,6.40,65.00,20.00,9385.00,620.00,45.00,120.00,3095.00,810.00,635.00,7.30,50.90,1640.00,1648.00,110.00,412000.00
"4620902.00","462","Montréal","0902.00",5936.00,4.20,1904.00,42.10,60.70,20.20,430.00,545.00,0.00,2.30,45600.00,39600.00,5.70,4.80,12.00,15.00,0.00,5375.00,215.00,10.00,20.00,1590.00,825.00,310.00,9.80,18.90,970.00,976.00,115.00,348000.00
"4620903.01","462","Montréal","0903.01",6826.00,-6.90,667.10,43.50,62.00,21.90,0.00,1265.00,0.00,2.30,51600.00,43600.00,5.30,4.20,8.20,20.00,50.00,6330.00,400.00,35.00,60.00,2095.00,870.00,390.00,7.90,25.70,880.00,976.00,120.00,452000.00
"4620903.04","462","Montréal","0903.04",4142.00,-1.80,2920.40,43.70,60.60,22.40,45.00,300.00,0.00,2.50,46400.00,40000.00,4.30,3.30,9.60,15.00,0.00,3775.00,310.00,45.00,75.00,1375.00,245.00,120.00,4.70,22.40,860.00,910.00,45.00,380000.00
"4620903.05","462","Montréal","0903.05",3753.00,0.50,3053.70,40.80,64.80,16.50,40.00,175.00,0.00,2.60,47600.00,41200.00,3.30,2.70,7.00,50.00,25.00,3530.00,200.00,10.00,35.00,1250.00,210.00,115.00,6.00,19.50,850.00,920.00,80.00,380000.00
"4620903.08","462","Montréal","0903.08",2596.00,-5.60,3142.90,40.60,66.90,14.60,15.00,235.00,0.00,2.60,50000.00,42800.00,3.80,3.20,6.80,0.00,15.00,2370.00,115.00,10.00,15.00,750.00,270.00,80.00,2.70,20.80,850.00,880.00,10.00,400000.00
"4620903.09","462","Montréal","0903.09",6496.00,7.10,468.30,36.70,68.20,10.20,115.00,540.00,0.00,2.50,44000.00,38400.00,6.50,4.70,19.20,75.00,55.00,6055.00,375.00,50.00,125.00,2070.00,510.00,350.00,12.60,16.70,900.00,868.00,85.00,324000.00
"4620903.10","462","Montréal","0903.10",6826.00,11.90,298.10,35.50,66.60,9.70,210.00,260.00,0.00,2.70,44000.00,38800.00,6.60,5.00,20.40,100.00,20.00,6355.00,450.00,55.00,125.00,1990.00,535.00,340.00,11.90,19.60,880.00,920.00,155.00,348000.00
"4620903.11","462","Montréal","0903.11",3800.00,-2.40,1011.80,36.30,72.40,7.00,5.00,145.00,0.00,3.00,59600.00,50000.00,2.00,1.30,8.00,25.00,0.00,3440.00,235.00,0.00,50.00,1100.00,160.00,70.00,5.00,0.00,930.00,860.00,20.00,500000.00
"4620903.12","462","Montréal","0903.12",6232.00,4.00,3216.00,39.70,69.00,13.20,40.00,585.00,0.00,2.60,54000.00,45600.00,2.90,1.90,9.60,40.00,0.00,5835.00,500.00,20.00,115.00,1910.00,515.00,345.00,7.60,39.80,1220.00,1300.00,35.00,420000.00
"4620903.13","462","Montréal","0903.13",2952.00,12.70,74.90,43.20,61.70,21.00,45.00,170.00,0.00,2.50,51200.00,43200.00,4.00,3.60,6.40,0.00,0.00,2855.00,90.00,0.00,15.00,990.00,175.00,195.00,11.20,48.60,1740.00,1530.00,45.00,500000.00
"4620903.14","462","Montréal","0903.14",2696.00,37.30,92.70,50.40,54.50,33.20,30.00,125.00,0.00,2.50,49600.00,42000.00,4.00,3.30,7.60,0.00,15.00,2070.00,100.00,15.00,0.00,780.00,80.00,80.00,7.80,0.00,715.00,960.00,30.00,400000.00
"4620904.02","462","Montréal","0904.02",5306.00,6.90,305.10,43.90,60.20,22.40,155.00,780.00,0.00,2.30,48000.00,41200.00,7.70,5.90,14.40,50.00,40.00,4655.00,225.00,10.00,105.00,1385.00,770.00,285.00,9.80,20.30,860.00,918.00,110.00,448000.00
"4620904.03","462","Montréal","0904.03",4598.00,-4.60,62.50,38.40,70.20,10.50,0.00,560.00,0.00,2.50,53200.00,44800.00,3.50,2.80,8.40,25.00,0.00,4505.00,185.00,35.00,70.00,1415.00,390.00,130.00,5.80,12.80,930.00,968.00,60.00,424000.00
"4620904.04","462","Montréal","0904.04",3541.00,0.70,2579.00,41.50,62.60,17.90,5.00,165.00,0.00,2.60,53200.00,44800.00,3.80,2.50,10.00,0.00,0.00,3345.00,110.00,0.00,15.00,1210.00,130.00,90.00,5.40,19.20,740.00,1000.00,65.00,400000.00
"4620904.05","462","Montréal","0904.05",3553.00,-5.10,2655.50,42.90,61.10,21.80,10.00,490.00,0.00,2.30,45200.00,39600.00,5.50,3.20,12.00,15.00,10.00,3310.00,135.00,0.00,40.00,1175.00,375.00,135.00,6.00,18.40,870.00,892.00,45.00,360000.00
"4620904.06","462","Montréal","0904.06",4200.00,-0.30,3600.50,38.30,71.20,9.40,10.00,110.00,0.00,2.70,54800.00,46000.00,1.70,1.60,3.60,0.00,10.00,4160.00,105.00,15.00,25.00,1475.00,85.00,90.00,5.10,0.00,1090.00,1100.00,25.00,400000.00
"4620926.01","462","Montréal","0926.01",5742.00,9.70,185.40,45.10,59.40,24.60,140.00,820.00,0.00,2.20,41200.00,36400.00,9.30,6.20,19.40,30.00,35.00,5160.00,215.00,35.00,35.00,1490.00,925.00,410.00,10.90,27.90,880.00,978.00,120.00,400000.00
"4620926.02","462","Montréal","0926.02",4544.00,0.30,96.60,43.60,64.60,19.60,130.00,230.00,0.00,2.30,43200.00,38000.00,6.60,5.40,11.60,10.00,25.00,4385.00,130.00,10.00,20.00,1555.00,420.00,205.00,8.40,18.30,810.00,852.00,75.00,348000.00
"4620929.01","462","Montréal","0929.01",3850.00,3.00,1696.20,41.70,61.80,19.70,25.00,290.00,0.00,2.40,48800.00,42000.00,4.00,2.80,8.80,60.00,0.00,3615.00,215.00,15.00,55.00,1285.00,295.00,145.00,6.60,19.00,950.00,1020.00,60.00,400000.00
"4620929.02","462","Montréal","0929.02",4629.00,-1.20,1491.80,38.70,68.00,12.30,35.00,120.00,0.00,2.70,48800.00,42400.00,5.20,4.20,11.20,40.00,25.00,4390.00,235.00,0.00,45.00,1570.00,190.00,205.00,9.60,27.00,980.00,1000.00,90.00,384000.00
"4620930.02","462","Montréal","0930.02",9267.00,0.80,594.40,44.20,60.80,22.30,75.00,1525.00,0.00,2.20,50400.00,42800.00,5.70,4.70,10.80,45.00,40.00,8505.00,425.00,40.00,125.00,3065.00,940.00,480.00,10.30,18.40,1020.00,1006.00,145.00,400000.00
"4620930.03","462","Montréal","0930.03",2577.00,-1.10,346.00,43.40,59.50,22.70,5.00,0.00,0.00,2.70,52800.00,44800.00,3.40,2.60,5.20,15.00,15.00,2375.00,180.00,0.00,40.00,950.00,15.00,95.00,9.50,0.00,,1200.00,50.00,480000.00
"4620930.04","462","Montréal","0930.04",7015.00,3.40,333.30,45.70,59.20,24.70,40.00,585.00,0.00,2.40,52800.00,44400.00,6.60,5.00,13.40,20.00,45.00,6335.00,395.00,20.00,70.00,2265.00,530.00,270.00,7.70,17.90,730.00,820.00,110.00,552000.00
"4621000.00","462","Montréal","1000.00",5575.00,1.50,2449.80,38.50,64.70,14.30,205.00,620.00,0.00,2.40,37600.00,33600.00,11.80,8.80,26.80,0.00,0.00,5340.00,150.00,40.00,50.00,1340.00,945.00,335.00,10.80,20.10,790.00,788.00,115.00,300000.00
"4621001.00","462","Montréal","1001.00",3308.00,3.40,60.90,40.30,66.20,14.70,35.00,10.00,0.00,2.50,39600.00,34800.00,9.10,6.50,21.60,10.00,0.00,3195.00,100.00,20.00,25.00,1075.00,220.00,155.00,10.10,24.40,725.00,715.00,90.00,300000.00
"4621002.00","462","Montréal","1002.00",5759.00,-1.30,79.30,42.10,60.80,20.40,115.00,405.00,0.00,2.40,46000.00,40000.00,7.00,4.60,15.30,20.00,0.00,5625.00,145.00,15.00,55.00,1845.00,555.00,215.00,7.70,13.80,740.00,728.00,160.00,348000.00
"4621003.00","462","Montréal","1003.00",7473.00,6.10,159.40,42.30,62.90,19.10,70.00,620.00,0.00,2.50,45200.00,39200.00,6.40,4.40,14.80,35.00,0.00,6895.00,295.00,45.00,80.00,2225.00,705.00,260.00,5.20,20.10,830.00,842.00,105.00,360000.00
"4621004.00","462","Montréal","1004.00",5643.00,5.10,485.00,38.80,66.20,14.30,105.00,695.00,0.00,2.30,42400.00,37200.00,6.90,6.00,14.60,10.00,0.00,5470.00,145.00,10.00,55.00,1615.00,800.00,245.00,8.70,13.20,860.00,838.00,90.00,302000.00
"4621005.00","462","Montréal","1005.00",9618.00,21.20,384.00,40.80,62.40,18.00,80.00,870.00,35.00,2.40,43200.00,37600.00,6.80,4.80,13.40,25.00,35.00,9125.00,420.00,30.00,130.00,2915.00,1075.00,600.00,7.40,36.30,950.00,1132.00,160.00,348000.00
"4621006.01","462","Montréal","1006.01",7524.00,3.50,96.20,42.20,63.90,18.50,180.00,395.00,0.00,2.40,32800.00,30200.00,13.10,10.20,25.80,15.00,0.00,7155.00,215.00,15.00,55.00,2245.00,940.00,485.00,11.00,25.10,745.00,764.00,305.00,250000.00
"4621006.02","462","Montréal","1006.02",7154.00,15.40,206.50,35.10,65.20,10.30,160.00,370.00,0.00,2.60,38000.00,34000.00,10.00,7.60,20.40,20.00,0.00,6830.00,225.00,10.00,65.00,1970.00,730.00,375.00,12.80,17.40,880.00,858.00,95.00,284000.00
"4621006.03","462","Montréal","1006.03",9352.00,27.70,1726.40,32.50,65.00,7.70,320.00,585.00,0.00,2.70,41200.00,36400.00,7.60,5.90,20.00,60.00,25.00,9025.00,380.00,35.00,110.00,2355.00,1055.00,445.00,11.90,15.70,920.00,904.00,70.00,300000.00
"4621009.00","462","Montréal","1009.00",5453.00,5.90,68.10,39.70,62.60,16.90,110.00,350.00,0.00,2.50,39200.00,35200.00,10.80,8.40,21.40,0.00,0.00,5320.00,80.00,0.00,15.00,1470.00,690.00,260.00,8.30,19.70,795.00,840.00,125.00,314000.00
"4622001.00","462","Montréal","2001.00",8546.00,6.40,1077.10,39.50,61.50,17.00,125.00,630.00,0.00,2.60,45200.00,39600.00,5.70,4.70,10.00,85.00,65.00,7900.00,415.00,45.00,130.00,2520.00,760.00,315.00,7.00,18.30,850.00,916.00,150.00,340000.00
"4622002.00","462","Montréal","2002.00",397.00,-4.80,17.90,42.90,68.80,20.00,20.00,5.00,0.00,2.30,44800.00,38800.00,5.00,3.00,10.00,0.00,0.00,425.00,10.00,0.00,0.00,145.00,25.00,0.00,0.00,0.00,,850.00,0.00,348000.00
"4622003.00","462","Montréal","2003.00",0.00,-100.00,0.00,,,,,,,,,,,,,,,,,,,,,,,,,,,
"4622004.00","462","Montréal","2004.00",3062.00,1.60,2585.30,42.20,63.60,20.80,145.00,830.00,0.00,2.00,32800.00,29800.00,17.80,16.20,18.00,35.00,50.00,2895.00,185.00,20.00,30.00,570.00,940.00,255.00,9.60,21.00,725.00,756.00,145.00,300000.00
"4622005.00","462","Montréal","2005.00",3752.00,3.10,3150.60,42.30,68.00,18.20,325.00,1030.00,5.00,1.90,33600.00,30400.00,14.80,12.60,23.80,20.00,30.00,3470.00,105.00,20.00,25.00,630.00,1320.00,310.00,8.00,20.20,730.00,759.00,160.00,300000.00
"4622006.00","462","Montréal","2006.00",5.00,,10.90,,,,,,,,,,,,,,,,,,,,,,,,,,,
"4622007.00","462","Montréal","2007.00",1502.00,11.30,3448.90,48.20,63.20,27.20,75.00,460.00,0.00,1.60,27200.00,25400.00,27.60,25.40,31.00,15.00,15.00,1230.00,40.00,0.00,0.00,150.00,640.00,160.00,13.80,22.50,675.00,752.00,80.00,300000.00
"4622008.00","462","Montréal","2008.00",2545.00,4.70,5097.10,39.10,70.30,14.10,235.00,890.00,0.00,1.80,28800.00,27000.00,21.70,19.50,34.00,20.00,15.00,2430.00,85.00,10.00,10.00,215.00,1180.00,330.00,11.60,25.70,745.00,768.00,195.00,246000.00
"4622009.00","462","Montréal","2009.00",5466.00,2.20,2902.00,40.80,66.50,16.60,60.00,1175.00,0.00,2.10,41600.00,36400.00,8.90,7.30,18.00,30.00,0.00,5175.00,220.00,10.00,55.00,1520.00,1045.00,335.00,7.90,20.70,800.00,824.00,120.00,300000.00
"4622010.00","462","Montréal","2010.00",5.00,0.00,1.40,,,,,,,,,,,,,,,,,,,,,,,,,,,
"4622011.00","462","Montréal","2011.00",2482.00,-2.20,3973.70,51.70,56.30,34.10,260.00,670.00,55.00,1.70,29600.00,26800.00,24.10,20.80,32.50,0.00,0.00,1980.00,55.00,0.00,25.00,295.00,905.00,330.00,18.60,30.20,680.00,738.00,135.00,230000.00
"4622012.00","462","Montréal","2012.00",1607.00,-0.10,2232.30,53.90,50.60,40.70,110.00,495.00,100.00,1.70,30600.00,27600.00,21.30,15.00,31.40,20.00,10.00,1520.00,45.00,15.00,0.00,325.00,605.00,190.00,16.90,23.00,675.00,756.00,50.00,348000.00
"4622013.00","462","Montréal","2013.00",3972.00,0.80,2252.30,44.10,59.90,23.60,35.00,520.00,0.00,2.30,41200.00,36400.00,6.70,5.00,10.20,50.00,0.00,3790.00,170.00,20.00,30.00,1170.00,550.00,165.00,6.90,15.60,820.00,892.00,100.00,348000.00
"4622014.00","462","Montréal","2014.00",3898.00,1.90,2615.60,56.20,43.20,46.70,0.00,1345.00,0.00,1.80,34800.00,31600.00,14.20,7.70,23.40,50.00,0.00,3340.00,205.00,0.00,35.00,800.00,1160.00,575.00,15.60,39.60,880.00,946.00,80.00,278000.00
"4622015.00","462","Montréal","2015.00",4825.00,4.10,3902.10,52.40,52.70,38.90,25.00,2845.00,0.00,1.50,26400.00,25400.00,28.20,21.60,37.60,135.00,75.00,4275.00,360.00,75.00,130.00,370.00,2730.00,1020.00,9.30,36.30,745.00,830.00,160.00,300000.00
"4622100.00","462","Montréal","2100.00",1960.00,-1.20,207.70,40.70,65.30,15.80,0.00,15.00,0.00,2.80,47200.00,40800.00,4.40,3.60,8.50,0.00,0.00,2090.00,30.00,0.00,10.00,710.00,25.00,65.00,8.40,0.00,,1200.00,30.00,400000.00
"4622101.00","462","Montréal","2101.00",1021.00,-1.20,130.40,39.80,63.20,16.20,5.00,25.00,0.00,2.60,43600.00,38800.00,4.80,3.20,10.00,0.00,0.00,895.00,25.00,0.00,10.00,340.00,45.00,45.00,8.70,25.00,795.00,1000.00,40.00,376000.00
"4622102.00","462","Montréal","2102.00",1041.00,-1.20,21.40,42.90,63.90,18.80,0.00,0.00,0.00,2.60,45600.00,40000.00,5.00,4.00,12.00,0.00,0.00,1015.00,30.00,0.00,20.00,360.00,30.00,45.00,12.10,0.00,,600.00,30.00,400000.00
"4622103.00","462","Montréal","2103.00",1663.00,-0.50,460.30,44.60,66.10,19.50,5.00,30.00,0.00,2.30,39600.00,35200.00,8.20,5.60,17.50,0.00,0.00,1560.00,35.00,0.00,10.00,670.00,70.00,45.00,4.50,23.10,710.00,720.00,50.00,200000.00
"4622200.00","462","Montréal","2200.00",5633.00,1.90,2587.40,39.60,65.90,14.80,10.00,525.00,0.00,2.60,47600.00,41200.00,3.20,2.30,8.00,45.00,0.00,5260.00,360.00,60.00,85.00,1680.00,515.00,175.00,6.30,12.50,940.00,952.00,55.00,376000.00
"4622201.00","462","Montréal","2201.00",4350.00,-0.40,2965.40,40.80,65.60,16.60,5.00,340.00,0.00,2.50,45200.00,39600.00,3.90,2.70,9.20,0.00,15.00,4170.00,160.00,30.00,35.00,1460.00,260.00,115.00,5.80,11.30,800.00,840.00,80.00,324000.00
"4622202.00","462","Montréal","2202.00",7801.00,5.50,2144.70,42.60,61.70,19.90,35.00,940.00,0.00,2.50,47200.00,40800.00,4.50,2.50,12.20,100.00,0.00,7475.00,345.00,100.00,80.00,2340.00,835.00,485.00,7.10,38.60,1000.00,1300.00,80.00,400000.00
"4622203.00","462","Montréal","2203.00",3907.00,10.00,1506.30,40.40,64.50,15.20,5.00,5.00,0.00,2.70,50400.00,43600.00,3.50,2.80,8.40,15.00,0.00,3665.00,200.00,30.00,30.00,1415.00,45.00,155.00,9.90,33.30,1030.00,880.00,90.00,448000.00
"4622204.00","462","Montréal","2204.00",955.00,16.20,208.70,40.10,64.60,16.10,5.00,15.00,0.00,2.60,49600.00,42400.00,3.60,3.20,9.00,0.00,0.00,1030.00,25.00,0.00,10.00,320.00,50.00,30.00,7.80,0.00,1130.00,1160.00,15.00,400000.00
"4622205.00","462","Montréal","2205.00",4166.00,0.80,1255.00,41.80,62.40,19.20,5.00,615.00,0.00,2.40,48000.00,41200.00,7.00,5.40,15.40,30.00,0.00,3740.00,245.00,40.00,90.00,1275.00,425.00,190.00,8.70,18.80,870.00,832.00,35.00,400000.00
"4622206.00","462","Montréal","2206.00",1905.00,-2.60,71.50,38.10,67.50,12.60,10.00,95.00,0.00,2.90,49200.00,41600.00,2.60,1.90,5.00,20.00,10.00,1700.00,165.00,55.00,20.00,550.00,105.00,45.00,4.60,18.20,960.00,1000.00,35.00,448000.00
"4622207.00","462","Montréal","2207.00",911.00,3.20,129.70,41.70,62.30,19.10,0.00,0.00,0.00,2.80,52000.00,43200.00,2.80,2.40,5.00,0.00,0.00,820.00,70.00,0.00,20.00,320.00,20.00,20.00,4.70,0.00,,1100.00,20.00,448000.00
"4622300.00","462","Montréal","2300.00",2908.00,-1.50,2194.10,44.40,57.00,25.40,45.00,500.00,0.00,2.20,38000.00,34000.00,10.60,7.30,21.20,0.00,0.00,2830.00,65.00,0.00,30.00,750.00,555.00,180.00,7.30,21.60,770.00,792.00,50.00,348000.00
"4622301.00","462","Montréal","2301.00",3310.00,4.20,3689.30,47.00,54.80,30.10,255.00,820.00,0.00,1.90,30800.00,28400.00,19.10,14.00,34.40,15.00,35.00,2825.00,70.00,0.00,25.00,475.00,1045.00,315.00,23.40,19.60,765.00,804.00,170.00,250000.00
"4622302.00","462","Montréal","2302.00",2544.00,-5.40,2512.30,45.70,60.60,26.00,60.00,470.00,5.00,2.10,36400.00,32800.00,9.90,7.20,19.20,10.00,0.00,2425.00,70.00,0.00,15.00,645.00,550.00,170.00,6.30,22.50,750.00,784.00,65.00,300000.00
"4622303.00","462","Montréal","2303.00",10.00,,7.80,,,,,,,,,,,,,,,,,,,,,,,,,,,
"4622304.00","462","Montréal","2304.00",1068.00,-2.40,1530.50,45.50,59.20,25.40,20.00,25.00,0.00,2.40,44400.00,38000.00,4.80,2.80,10.00,0.00,0.00,990.00,15.00,0.00,0.00,365.00,85.00,45.00,8.20,18.80,710.00,760.00,35.00,348000.00
"4622400.00","462","Montréal","2400.00",2778.00,1.80,59.90,43.10,61.90,21.20,40.00,75.00,0.00,2.40,38800.00,34400.00,8.50,6.60,15.80,0.00,0.00,2655.00,75.00,0.00,15.00,945.00,195.00,90.00,8.60,0.00,830.00,880.00,95.00,300000.00
"4622401.00","462","Montréal","2401.00",4091.00,10.80,925.40,38.40,64.30,13.80,20.00,160.00,0.00,2.70,45200.00,39600.00,5.20,3.60,13.60,55.00,50.00,3915.00,175.00,30.00,40.00,1305.00,250.00,150.00,9.20,12.00,980.00,980.00,70.00,392000.00
"4622402.00","462","Montréal","2402.00",3787.00,8.70,1356.80,35.30,61.50,11.60,25.00,225.00,0.00,2.90,52800.00,44800.00,3.90,3.10,10.40,0.00,0.00,3550.00,170.00,0.00,70.00,1090.00,215.00,125.00,8.30,15.90,1150.00,1120.00,25.00,400000.00
