"COL0","COL1","COL2","COL3","COL4","COL5","COL6","COL7","COL8","COL9","COL10","COL11","COL12","COL13","COL14","COL15","COL16","COL17","COL18","COL19","COL20","COL21","COL22","COL23","COL24","COL25","COL26","COL27","COL28","COL29","COL30","COL31","COL32","COL33","COL34","COL35","COL36","COL37","COL38","COL39"
"4620000.00","462","Montréal","0000.00",1723925.00,765485.00,423420.00,36.00,777.00,842.00,8.10,300794.00,961760.00,765545.00,15.50,111595.00,54054.00,194800.00,61790.00,53738.00,15.30,14.80,33040.00,29665.00,4098927.00,4.20,1727310.00,890.20,40.60,66.70,16.40,711775.00,151365.00,2.30,179265.00,70865.00,3002625.00,936305.00,117890.00,204725.00
"4620001.00","462","Montréal","0001.00",1335.00,700.00,390.00,36.00,731.00,778.00,0.00,297350.00,640.00,700.00,22.70,105.00,51840.00,180.00,53333.00,46592.00,18.90,18.50,31629.00,28718.00,2638.00,1.20,1328.00,5710.00,42.50,71.70,15.90,795.00,5.00,1.90,45.00,10.00,2285.00,405.00,55.00,120.00
"4620002.00","462","Montréal","0002.00",1770.00,1045.00,560.00,38.10,727.00,757.00,12.90,259273.00,720.00,1050.00,22.20,130.00,48256.00,255.00,48311.00,42848.00,20.40,17.90,30296.00,27512.00,3516.00,15.70,1762.00,9029.30,41.10,68.00,16.40,1015.00,155.00,2.00,70.00,20.00,2880.00,435.00,60.00,130.00
"4620003.00","462","Montréal","0003.00",2935.00,1770.00,800.00,30.00,711.00,745.00,8.50,323884.00,1170.00,1770.00,22.60,235.00,46592.00,435.00,50459.00,44871.00,18.30,17.50,30149.00,27539.00,6373.00,2.20,2937.00,8612.20,42.00,67.80,16.70,1685.00,15.00,2.10,275.00,40.00,4780.00,1430.00,205.00,310.00
"4620004.00","462","Montréal","0004.00",1600.00,1010.00,415.00,30.20,692.00,727.00,4.00,330575.00,595.00,1010.00,18.50,95.00,50304.00,200.00,49126.00,43282.00,18.90,18.60,31152.00,28208.00,3176.00,-2.60,1603.00,7087.70,43.80,69.60,18.30,900.00,0.00,1.90,100.00,40.00,2700.00,400.00,85.00,125.00
"4620005.00","462","Montréal","0005.00",1575.00,1005.00,515.00,39.00,702.00,720.00,0.00,324554.00,570.00,1005.00,23.50,125.00,47744.00,190.00,47232.00,41941.00,19.70,19.20,30443.00,27616.00,3060.00,-3.30,1593.00,5418.80,43.10,69.40,17.30,930.00,0.00,1.90,125.00,20.00,2620.00,395.00,45.00,105.00
"4620006.00","462","Montréal","0006.00",1960.00,1445.00,605.00,31.60,713.00,763.00,6.20,349548.00,525.00,1440.00,28.80,180.00,40256.00,380.00,46259.00,41792.00,26.90,25.00,26496.00,24800.00,4467.00,0.20,1993.00,6891.40,38.20,69.10,12.90,1445.00,0.00,2.20,195.00,35.00,3400.00,840.00,145.00,325.00
"4620007.00","462","Montréal","0007.00",2810.00,1360.00,640.00,33.10,682.00,725.00,14.30,300514.00,1445.00,1360.00,13.10,225.00,49536.00,360.00,52949.00,46512.00,17.00,16.00,32361.00,29081.00,5682.00,-0.70,2809.00,5210.50,43.10,69.30,17.50,1470.00,105.00,2.00,300.00,30.00,4445.00,1175.00,200.00,280.00
"4620008.00","462","Montréal","0008.00",1495.00,705.00,275.00,24.60,701.00,743.00,2.80,300922.00,785.00,710.00,12.70,135.00,58368.00,165.00,59213.00,50674.00,11.80,11.70,36275.00,31927.00,3016.00,2.50,1465.00,4842.60,41.40,70.30,14.60,705.00,30.00,2.10,75.00,10.00,2745.00,395.00,95.00,95.00
"4620009.00","462","Montréal","0009.00",1665.00,975.00,395.00,28.40,735.00,759.00,1.50,299474.00,695.00,980.00,16.50,195.00,48512.00,215.00,51738.00,45495.00,17.10,16.90,31081.00,28151.00,3470.00,-0.50,1640.00,813.80,40.10,73.70,12.40,920.00,5.00,2.10,110.00,75.00,2840.00,585.00,75.00,160.00
"4620010.00","462","Montréal","0010.00",700.00,440.00,200.00,36.40,758.00,760.00,0.00,299285.00,255.00,440.00,15.40,35.00,46080.00,90.00,50880.00,44928.00,18.90,16.40,30059.00,27607.00,1479.00,3.60,701.00,1605.00,40.30,71.50,12.90,390.00,5.00,2.00,120.00,0.00,1195.00,285.00,40.00,70.00
"4620011.00","462","Montréal","0011.00",2825.00,1400.00,580.00,28.60,703.00,730.00,16.80,348676.00,1425.00,1400.00,13.00,140.00,52608.00,285.00,55922.00,48576.00,17.70,14.40,34359.00,30808.00,6622.00,5.40,2826.00,5301.80,46.20,61.00,25.40,1615.00,235.00,2.00,315.00,55.00,4230.00,1495.00,220.00,360.00
"4620012.01","462","Montréal","0012.01",1310.00,1175.00,420.00,31.50,721.00,758.00,3.40,400512.00,130.00,1175.00,33.30,85.00,42880.00,170.00,40768.00,36508.00,24.80,22.30,25015.00,23829.00,2502.00,3.60,1315.00,10525.90,43.30,65.00,21.00,1175.00,10.00,1.90,155.00,20.00,1775.00,705.00,80.00,115.00
"4620012.02","462","Montréal","0012.02",2015.00,1795.00,625.00,31.10,713.00,749.00,7.00,400975.00,230.00,1790.00,31.10,105.00,46400.00,210.00,40192.00,36608.00,27.50,26.20,25344.00,23979.00,4034.00,-0.10,2016.00,10176.60,43.20,65.70,20.70,1625.00,175.00,1.90,525.00,75.00,2455.00,1345.00,140.00,300.00
"4620013.00","462","Montréal","0013.00",2755.00,1705.00,865.00,37.50,731.00,967.00,9.70,324680.00,1055.00,1705.00,21.00,190.00,57472.00,210.00,51572.00,44715.00,16.60,16.90,33920.00,30379.00,5166.00,7.10,2704.00,4764.80,47.90,63.20,26.40,1450.00,280.00,1.80,180.00,50.00,3995.00,820.00,105.00,230.00
"4620014.01","462","Montréal","0014.01",4090.00,2460.00,1170.00,35.00,675.00,708.00,19.90,278957.00,1630.00,2460.00,19.40,330.00,41856.00,335.00,47872.00,42240.00,26.90,25.20,30941.00,28022.00,7545.00,12.50,4090.00,8375.00,38.30,77.60,9.90,3515.00,155.00,1.80,480.00,270.00,5295.00,1840.00,375.00,415.00
"4620014.02","462","Montréal","0014.02",,,,,,,,,,,,,,,,,,,,,0.00,-100.00,1.00,0.00,,,,,,,,,,,,
"4620015.00","462","Montréal","0015.00",2205.00,1540.00,740.00,34.30,701.00,745.00,20.10,268622.00,665.00,1545.00,31.80,215.00,39872.00,245.00,46438.00,40960.00,26.60,23.60,30485.00,27528.00,4103.00,1.50,2206.00,10883.30,37.00,76.90,8.80,1960.00,100.00,1.80,150.00,65.00,3270.00,545.00,100.00,115.00
"4620016.00","462","Montréal","0016.00",1145.00,870.00,430.00,40.20,742.00,783.00,6.90,270183.00,280.00,865.00,26.80,155.00,42368.00,120.00,41280.00,37604.00,30.30,27.90,25664.00,24192.00,2539.00,1.00,1174.00,4893.00,41.90,72.00,15.60,1125.00,5.00,1.90,55.00,15.00,1955.00,230.00,15.00,45.00
"4620017.00","462","Montréal","0017.00",1150.00,800.00,395.00,36.20,766.00,771.00,14.40,267535.00,355.00,795.00,30.00,90.00,43072.00,125.00,46112.00,41312.00,23.80,22.20,29408.00,27088.00,2141.00,4.40,1187.00,9541.00,38.10,76.20,10.30,1150.00,0.00,1.80,75.00,10.00,1775.00,225.00,40.00,70.00
"4620018.00","462","Montréal","0018.00",1110.00,900.00,375.00,36.90,685.00,726.00,7.20,299932.00,220.00,900.00,18.60,150.00,35328.00,95.00,41259.00,37248.00,26.50,26.40,28245.00,25446.00,2004.00,1.40,1136.00,5448.60,37.70,78.80,9.00,1050.00,35.00,1.70,70.00,40.00,1695.00,220.00,30.00,30.00
"4620019.00","462","Montréal","0019.00",1350.00,1020.00,400.00,33.30,692.00,717.00,26.50,300701.00,325.00,1025.00,18.50,135.00,40064.00,115.00,38949.00,35200.00,33.00,27.00,24416.00,23179.00,2340.00,-2.00,1296.00,7029.10,40.00,72.40,15.80,1070.00,135.00,1.80,80.00,20.00,2115.00,300.00,35.00,85.00
"4620021.00","462","Montréal","0021.00",1450.00,1255.00,510.00,35.60,720.00,743.00,16.30,268605.00,200.00,1260.00,32.50,180.00,34560.00,190.00,38677.00,35639.00,35.70,33.30,20999.00,20237.00,2891.00,-2.90,1433.00,6523.00,36.30,78.50,8.10,1330.00,85.00,2.00,105.00,75.00,2470.00,320.00,90.00,90.00
"4620022.00","462","Montréal","0022.00",755.00,565.00,200.00,30.10,764.00,830.00,15.90,279505.00,190.00,570.00,18.40,115.00,37888.00,85.00,44992.00,39851.00,26.40,24.20,27600.00,25696.00,1550.00,-1.80,798.00,9069.60,37.90,81.30,8.70,735.00,5.00,1.90,20.00,30.00,1140.00,170.00,30.00,50.00
"4620023.00","462","Montréal","0023.00",680.00,535.00,200.00,31.50,753.00,751.00,20.40,279344.00,140.00,540.00,20.70,85.00,30976.00,60.00,38912.00,36096.00,31.20,28.90,24421.00,22822.00,1282.00,2.20,686.00,3581.00,37.40,80.50,8.60,625.00,0.00,1.90,100.00,20.00,1130.00,225.00,35.00,75.00
"4620024.00","462","Montréal","0024.00",1455.00,1195.00,430.00,31.00,703.00,746.00,13.00,268986.00,270.00,1195.00,22.60,165.00,40576.00,160.00,40550.00,36659.00,29.10,26.80,23988.00,22739.00,2647.00,1.80,1446.00,9594.10,38.30,79.60,10.60,1300.00,70.00,1.80,140.00,70.00,2125.00,465.00,120.00,95.00
"4620025.00","462","Montréal","0025.00",1455.00,1120.00,410.00,29.50,758.00,784.00,10.70,250230.00,335.00,1120.00,23.90,150.00,39168.00,150.00,45513.00,40845.00,27.30,25.40,26778.00,25051.00,3016.00,-2.00,1511.00,13500.40,39.50,77.10,11.80,1445.00,5.00,1.90,155.00,45.00,2260.00,450.00,90.00,90.00
"4620026.00","462","Montréal","0026.00",1510.00,1045.00,495.00,39.00,693.00,727.00,14.80,245554.00,460.00,1045.00,18.50,120.00,41600.00,130.00,44608.00,39475.00,27.20,23.10,29824.00,27008.00,2581.00,12.20,1498.00,14757.00,38.30,79.50,10.50,1370.00,65.00,1.70,60.00,20.00,2160.00,300.00,35.00,70.00
"4620027.00","462","Montréal","0027.00",935.00,750.00,320.00,34.70,710.00,771.00,6.70,300367.00,185.00,750.00,32.40,95.00,42880.00,85.00,39979.00,36275.00,26.10,27.30,24875.00,23744.00,1650.00,1.90,923.00,17386.70,36.80,81.50,8.80,810.00,0.00,1.80,50.00,55.00,1485.00,180.00,45.00,60.00
"4620028.00","462","Montréal","0028.00",1185.00,945.00,435.00,38.10,775.00,831.00,0.00,299759.00,240.00,945.00,29.20,135.00,39616.00,75.00,42560.00,37815.00,26.30,24.90,26976.00,25344.00,2077.00,5.20,1152.00,13178.90,35.90,82.00,7.20,1115.00,0.00,1.80,75.00,80.00,1830.00,235.00,30.00,40.00
"4620029.00","462","Montréal","0029.00",1980.00,1570.00,625.00,34.10,702.00,729.00,5.40,279006.00,410.00,1570.00,20.70,235.00,38016.00,165.00,41280.00,36640.00,29.00,28.80,26706.00,24784.00,3679.00,-1.10,2003.00,9170.00,39.00,78.50,12.10,1810.00,10.00,1.70,140.00,160.00,2800.00,510.00,105.00,85.00
"4620030.00","462","Montréal","0030.00",1815.00,1430.00,730.00,43.70,695.00,730.00,4.50,289512.00,390.00,1430.00,26.00,190.00,52096.00,115.00,39083.00,35430.00,30.60,31.40,25872.00,24277.00,3131.00,-1.90,1798.00,10381.30,37.90,79.90,10.10,1710.00,0.00,1.70,255.00,145.00,2115.00,735.00,80.00,150.00
"4620031.00","462","Montréal","0031.00",1515.00,1125.00,520.00,39.30,675.00,749.00,3.10,400110.00,390.00,1125.00,20.50,140.00,52096.00,95.00,40448.00,36242.00,25.90,27.90,27776.00,25523.00,2659.00,1.50,1516.00,10350.30,39.30,80.60,10.50,1170.00,55.00,1.70,190.00,180.00,1825.00,620.00,105.00,105.00
"4620032.00","462","Montréal","0032.00",955.00,760.00,375.00,41.40,655.00,694.00,6.60,321372.00,195.00,760.00,31.60,125.00,36096.00,45.00,39712.00,35273.00,27.70,28.00,26330.00,24341.00,1609.00,5.60,967.00,13049.50,36.50,84.70,6.20,770.00,50.00,1.70,115.00,105.00,1100.00,320.00,25.00,85.00
"4620033.00","462","Montréal","0033.00",965.00,750.00,355.00,38.40,704.00,720.00,11.30,311141.00,215.00,755.00,32.60,115.00,34560.00,70.00,38400.00,34731.00,31.40,30.20,22857.00,21862.00,1735.00,1.90,968.00,11317.70,38.50,80.70,10.70,760.00,5.00,1.80,85.00,95.00,1305.00,330.00,65.00,60.00
"4620034.00","462","Montréal","0034.00",1365.00,975.00,380.00,29.90,689.00,733.00,15.90,270198.00,395.00,975.00,22.80,200.00,37504.00,140.00,42167.00,37522.00,30.30,29.40,23232.00,22160.00,2559.00,1.60,1354.00,11985.90,38.70,80.30,9.40,1120.00,0.00,1.90,215.00,90.00,1860.00,695.00,90.00,205.00
"4620035.00","462","Montréal","0035.00",1105.00,955.00,305.00,28.90,765.00,792.00,7.90,300277.00,150.00,955.00,20.00,115.00,35008.00,115.00,45414.00,40192.00,25.60,24.20,29072.00,26389.00,2002.00,0.10,1124.00,11036.40,36.40,80.30,8.50,1065.00,0.00,1.80,90.00,155.00,1515.00,290.00,40.00,60.00
"4620036.00","462","Montréal","0036.00",1200.00,915.00,445.00,40.40,712.00,767.00,10.40,345418.00,290.00,915.00,25.90,140.00,36480.00,85.00,40864.00,36480.00,26.80,26.90,28000.00,25899.00,2074.00,2.00,1195.00,11174.60,36.80,83.90,6.50,1085.00,15.00,1.70,95.00,135.00,1495.00,405.00,70.00,95.00
"4620037.00","462","Montréal","0037.00",2095.00,1660.00,810.00,41.50,707.00,734.00,24.20,250635.00,445.00,1660.00,28.10,115.00,44672.00,130.00,35883.00,32800.00,32.10,28.90,24320.00,23296.00,3337.00,11.40,2118.00,6598.80,45.60,68.80,23.40,935.00,1025.00,1.60,155.00,165.00,2370.00,685.00,120.00,115.00
"4620038.00","462","Montréal","0038.00",1000.00,755.00,255.00,27.20,671.00,682.00,38.00,290470.00,245.00,755.00,22.90,90.00,30400.00,105.00,38955.00,36288.00,39.60,31.90,22056.00,21196.00,1917.00,-4.90,983.00,9115.50,36.80,76.80,9.70,730.00,190.00,1.90,120.00,90.00,1465.00,475.00,75.00,145.00
"4620039.00","462","Montréal","0039.00",1205.00,780.00,420.00,38.50,777.00,790.00,24.40,250384.00,430.00,775.00,28.20,75.00,35840.00,90.00,45338.00,39968.00,28.50,25.70,27046.00,24922.00,2366.00,34.30,1185.00,4963.30,43.30,75.50,17.30,830.00,325.00,1.70,180.00,130.00,1425.00,490.00,85.00,90.00
"4620040.00","462","Montréal","0040.00",,,,,,,,,,,,,,,,,,,,,0.00,,0.00,0.00,,,,,,,,,,,,
"4620041.00","462","Montréal","0041.00",980.00,835.00,380.00,42.80,916.00,908.00,7.20,275684.00,150.00,835.00,13.30,95.00,48512.00,45.00,42080.00,36793.00,27.50,27.20,27157.00,25097.00,1680.00,2.70,993.00,6476.50,39.10,84.80,9.20,655.00,325.00,1.60,150.00,170.00,1075.00,400.00,40.00,90.00
"4620042.00","462","Montréal","0042.00",575.00,405.00,210.00,43.20,787.00,778.00,22.20,324114.00,170.00,400.00,23.50,45.00,0.00,15.00,41600.00,36800.00,31.60,28.30,26720.00,24811.00,944.00,4.90,604.00,9200.80,42.90,84.70,12.70,505.00,95.00,1.60,80.00,120.00,590.00,210.00,40.00,15.00
"4620043.00","462","Montréal","0043.00",545.00,370.00,215.00,41.90,770.00,865.00,20.30,274729.00,180.00,370.00,33.30,25.00,0.00,10.00,45312.00,40107.00,27.40,27.30,30699.00,27968.00,1015.00,6.40,562.00,2869.70,40.90,86.70,7.90,520.00,35.00,1.60,65.00,85.00,580.00,190.00,10.00,25.00
"4620044.00","462","Montréal","0044.00",1190.00,880.00,380.00,36.60,756.00,801.00,23.40,299759.00,315.00,880.00,17.70,130.00,41792.00,65.00,44160.00,39194.00,30.50,27.80,27200.00,24880.00,2053.00,-2.70,1189.00,15051.30,39.40,84.10,9.50,1050.00,80.00,1.70,125.00,175.00,1405.00,460.00,35.00,85.00
"4620045.00","462","Montréal","0045.00",895.00,750.00,390.00,45.30,790.00,831.00,14.70,383171.00,145.00,750.00,35.70,80.00,34048.00,20.00,39872.00,35174.00,31.30,31.30,26336.00,24741.00,1400.00,-4.20,900.00,11925.00,43.90,78.60,16.40,725.00,155.00,1.50,55.00,95.00,1000.00,285.00,60.00,35.00
"4620046.00","462","Montréal","0046.00",1220.00,840.00,360.00,33.90,750.00,788.00,19.20,285828.00,380.00,840.00,21.10,70.00,36992.00,95.00,46251.00,40832.00,28.60,25.90,31504.00,28608.00,1995.00,-0.90,1202.00,12539.30,38.40,82.70,6.80,1135.00,5.00,1.70,130.00,170.00,1390.00,440.00,50.00,95.00
"4620047.00","462","Montréal","0047.00",370.00,295.00,135.00,37.30,825.00,868.00,10.30,240177.00,75.00,295.00,33.30,40.00,41728.00,40.00,46490.00,41728.00,22.30,22.40,27994.00,26272.00,742.00,3.50,386.00,6272.20,36.00,87.20,4.10,365.00,0.00,1.90,75.00,55.00,490.00,220.00,35.00,50.00
"4620048.00","462","Montréal","0048.00",1240.00,945.00,415.00,33.30,817.00,874.00,10.60,300131.00,295.00,945.00,32.20,150.00,41856.00,85.00,47730.00,42069.00,24.10,23.30,28416.00,26138.00,2214.00,10.80,1218.00,15780.50,34.40,85.30,5.00,1190.00,0.00,1.80,185.00,110.00,1550.00,525.00,60.00,75.00
"4620049.00","462","Montréal","0049.00",860.00,650.00,330.00,44.60,747.00,861.00,22.30,300792.00,210.00,655.00,20.90,80.00,47232.00,40.00,35840.00,32704.00,33.30,29.40,25621.00,24064.00,1312.00,-0.50,818.00,7990.30,40.50,77.90,15.60,660.00,115.00,1.60,50.00,135.00,985.00,235.00,50.00,45.00
"4620050.00","462","Montréal","0050.00",665.00,550.00,245.00,38.70,726.00,769.00,33.60,349201.00,115.00,550.00,26.10,60.00,26400.00,65.00,30944.00,29632.00,42.30,38.30,20843.00,20467.00,1308.00,-2.10,693.00,18526.90,41.20,70.60,17.20,475.00,195.00,1.70,90.00,125.00,660.00,385.00,55.00,85.00
"4620051.00","462","Montréal","0051.00",845.00,655.00,355.00,47.70,836.00,943.00,0.00,349272.00,185.00,660.00,21.10,90.00,38272.00,30.00,40736.00,36320.00,30.00,30.10,27605.00,25792.00,1463.00,8.50,823.00,6836.40,38.70,82.90,10.20,690.00,75.00,1.70,130.00,205.00,790.00,380.00,10.00,60.00
"4620052.00","462","Montréal","0052.00",1065.00,975.00,370.00,34.20,773.00,787.00,31.40,399972.00,100.00,970.00,40.00,80.00,35712.00,80.00,33440.00,30656.00,40.50,35.50,20864.00,20224.00,1959.00,2.50,1105.00,14063.20,40.70,75.50,16.60,655.00,390.00,1.70,110.00,250.00,1120.00,475.00,100.00,120.00
"4620053.00","462","Montréal","0053.00",770.00,510.00,365.00,56.90,950.00,1014.00,21.40,300367.00,255.00,515.00,27.50,30.00,0.00,15.00,42656.00,36907.00,27.00,23.70,30656.00,28288.00,1088.00,7.90,747.00,10092.80,47.70,72.90,24.80,240.00,500.00,1.40,105.00,120.00,595.00,385.00,55.00,90.00
"4620054.00","462","Montréal","0054.00",725.00,395.00,245.00,39.70,950.00,984.00,0.00,310665.00,335.00,395.00,28.40,70.00,57600.00,20.00,54656.00,44757.00,24.80,25.30,38426.00,33248.00,1406.00,29.90,685.00,9342.20,42.60,85.80,10.70,545.00,140.00,1.50,100.00,170.00,575.00,335.00,30.00,65.00
"4620055.01","462","Montréal","0055.01",2790.00,1345.00,785.00,33.20,1223.00,1227.00,20.10,484846.00,1450.00,1345.00,23.40,195.00,57088.00,140.00,79081.00,62793.00,16.20,15.60,52672.00,43077.00,4758.00,5.00,2824.00,6500.00,43.90,78.50,14.80,1485.00,1320.00,1.70,240.00,200.00,2980.00,1305.00,110.00,240.00
"4620055.02","462","Montréal","0055.02",395.00,80.00,105.00,37.50,1972.00,2022.00,0.00,648171.00,325.00,80.00,23.40,65.00,65792.00,25.00,137728.00,102912.00,10.40,11.80,68032.00,54315.00,822.00,6.10,458.00,625.50,53.00,63.00,32.10,5.00,450.00,1.80,30.00,25.00,495.00,220.00,0.00,50.00
"4620056.00","462","Montréal","0056.00",905.00,765.00,480.00,55.30,1238.00,1306.00,13.70,358790.00,150.00,765.00,40.00,30.00,38208.00,50.00,39552.00,36139.00,36.10,27.50,23787.00,22736.00,1552.00,-0.60,942.00,5381.40,49.50,63.30,30.90,160.00,780.00,1.60,85.00,150.00,555.00,795.00,30.00,230.00
"4620057.00","462","Montréal","0057.00",695.00,455.00,315.00,47.80,946.00,880.00,19.80,300386.00,250.00,455.00,40.80,30.00,33067.00,30.00,34368.00,31987.00,42.20,39.10,20032.00,19568.00,1617.00,22.50,731.00,11105.80,48.60,67.00,28.10,130.00,595.00,1.60,150.00,130.00,445.00,535.00,25.00,220.00
"4620058.00","462","Montréal","0058.00",735.00,580.00,305.00,39.70,763.00,838.00,25.00,348666.00,155.00,580.00,41.90,55.00,54144.00,20.00,31040.00,28331.00,38.10,32.90,24224.00,23275.00,1123.00,17.30,754.00,7417.40,44.60,73.30,21.80,315.00,430.00,1.50,130.00,110.00,450.00,480.00,40.00,145.00
"4620059.00","462","Montréal","0059.00",855.00,485.00,315.00,43.80,991.00,1070.00,7.20,411619.00,385.00,485.00,28.00,80.00,0.00,20.00,58155.00,49088.00,22.70,25.20,36565.00,32149.00,1384.00,1.80,831.00,6827.80,42.20,80.10,15.90,355.00,465.00,1.60,95.00,200.00,820.00,415.00,35.00,75.00
"4620060.00","462","Montréal","0060.00",600.00,590.00,65.00,11.80,401.00,449.00,89.10,0.00,10.00,590.00,0.00,105.00,34304.00,100.00,19712.00,19669.00,65.90,54.30,17285.00,17285.00,1246.00,-24.30,584.00,13632.40,45.70,56.60,29.70,165.00,380.00,2.10,0.00,0.00,685.00,605.00,165.00,245.00
"4620061.00","462","Montréal","0061.00",420.00,205.00,150.00,42.90,1161.00,1233.00,16.70,399478.00,220.00,205.00,31.00,10.00,0.00,20.00,53760.00,46677.00,29.90,29.90,33792.00,29056.00,699.00,15.20,396.00,3221.20,37.80,87.90,7.90,245.00,145.00,1.70,35.00,75.00,400.00,245.00,0.00,20.00
"4620062.00","462","Montréal","0062.00",1485.00,865.00,695.00,51.20,1583.00,1624.00,0.00,445870.00,670.00,870.00,41.20,20.00,33664.00,60.00,52736.00,45664.00,35.50,36.40,33856.00,30016.00,2492.00,23.40,1510.00,3006.00,35.70,88.40,7.00,55.00,1450.00,1.60,240.00,450.00,1135.00,965.00,25.00,115.00
"4620063.00","462","Montréal","0063.00",635.00,370.00,390.00,60.80,1002.00,1027.00,5.30,320167.00,270.00,375.00,61.10,15.00,30016.00,40.00,18784.00,18667.00,52.60,52.90,13952.00,13920.00,1134.00,185.60,699.00,3120.50,34.10,86.80,7.50,185.00,515.00,1.50,130.00,230.00,305.00,390.00,10.00,75.00
"4620064.00","462","Montréal","0064.00",1040.00,865.00,685.00,69.50,1050.00,1352.00,3.50,897312.00,205.00,865.00,55.00,55.00,27552.00,45.00,23104.00,22144.00,53.60,55.50,13840.00,13576.00,1763.00,-10.40,1024.00,7342.80,33.70,87.80,7.40,150.00,880.00,1.70,255.00,485.00,565.00,795.00,15.00,130.00
"4620065.01","462","Montréal","0065.01",4185.00,4080.00,2800.00,67.90,905.00,941.00,1.70,400959.00,170.00,4080.00,43.80,295.00,28608.00,125.00,19813.00,19589.00,59.60,61.70,12121.00,12096.00,6883.00,1.80,4223.00,50277.60,32.50,86.70,7.00,365.00,3820.00,1.60,1230.00,2630.00,1560.00,2725.00,115.00,315.00
"4620065.02","462","Montréal","0065.02",2125.00,1920.00,1390.00,66.70,1097.00,1149.00,1.80,399554.00,240.00,1920.00,53.20,140.00,30912.00,95.00,24363.00,23552.00,52.30,54.90,15290.00,14965.00,3642.00,41.20,2188.00,25065.40,35.00,84.10,10.00,670.00,1515.00,1.60,605.00,1045.00,1140.00,1390.00,55.00,165.00
"4620066.01","462","Montréal","0066.01",1585.00,1280.00,970.00,65.30,935.00,1092.00,0.00,401215.00,325.00,1280.00,46.20,125.00,36992.00,65.00,26283.00,25536.00,52.60,54.40,14643.00,14448.00,2939.00,5.80,1584.00,12845.30,34.50,82.10,9.20,300.00,1245.00,1.90,395.00,1060.00,835.00,1085.00,60.00,170.00
"4620066.02","462","Montréal","0066.02",1490.00,1340.00,860.00,60.20,741.00,804.00,17.50,448554.00,155.00,1345.00,35.50,75.00,27840.00,40.00,20088.00,19861.00,55.90,54.40,17821.00,17809.00,2213.00,11.80,1515.00,12246.80,40.60,74.90,18.80,485.00,1000.00,1.40,260.00,430.00,855.00,865.00,105.00,125.00
"4620067.00","462","Montréal","0067.00",800.00,540.00,175.00,20.40,723.00,722.00,47.20,400366.00,260.00,540.00,25.50,70.00,37376.00,125.00,44128.00,40608.00,36.50,34.30,23061.00,22438.00,1817.00,5.30,811.00,12394.30,35.50,72.50,9.10,485.00,70.00,2.20,110.00,70.00,1095.00,690.00,160.00,175.00
"4620068.00","462","Montréal","0068.00",680.00,645.00,90.00,12.50,379.00,502.00,84.50,570450.00,45.00,645.00,0.00,115.00,37376.00,185.00,32768.00,32282.00,60.30,56.40,16352.00,16352.00,2053.00,-3.50,668.00,12743.60,34.60,68.00,8.30,490.00,50.00,2.80,20.00,15.00,1065.00,880.00,315.00,275.00
"4620069.01","462","Montréal","0069.01",1965.00,810.00,690.00,42.00,1401.00,1260.00,4.30,393557.00,1160.00,815.00,30.40,115.00,62208.00,110.00,71822.00,58041.00,23.40,22.90,41856.00,36608.00,3959.00,7.10,1973.00,9101.10,38.80,78.70,10.50,490.00,1270.00,1.90,325.00,425.00,1865.00,1415.00,75.00,180.00
"4620069.02","462","Montréal","0069.02",910.00,390.00,240.00,28.60,1147.00,1170.00,16.70,345495.00,525.00,390.00,24.00,0.00,42752.00,45.00,75827.00,59776.00,14.30,12.90,55893.00,45653.00,1469.00,641.90,911.00,5663.10,34.30,87.40,3.40,110.00,800.00,1.60,115.00,35.00,990.00,425.00,55.00,95.00
"4620070.01","462","Montréal","0070.01",1290.00,545.00,390.00,35.20,1343.00,1427.00,4.60,400927.00,745.00,545.00,26.80,20.00,62720.00,35.00,82432.00,64512.00,12.50,12.00,58752.00,47637.00,2002.00,64.10,1290.00,7644.10,37.60,88.00,5.00,115.00,1180.00,1.60,85.00,140.00,1340.00,530.00,40.00,70.00
"4620070.02","462","Montréal","0070.02",2045.00,995.00,640.00,36.90,1380.00,1361.00,0.00,299921.00,1055.00,995.00,26.20,20.00,90368.00,40.00,71270.00,56576.00,13.90,14.00,51702.00,43057.00,3334.00,150.30,2034.00,9341.60,32.10,94.30,1.70,95.00,1940.00,1.50,235.00,190.00,2020.00,805.00,50.00,140.00
"4620071.00","462","Montréal","0071.00",,,,,,,,,,,,,,,,,,,,,0.00,,0.00,0.00,,,,,,,,,,,,
"4620072.00","462","Montréal","0072.00",1795.00,1190.00,395.00,24.30,642.00,643.00,40.60,399859.00,605.00,1195.00,17.50,180.00,39424.00,270.00,42464.00,38496.00,32.30,29.00,25003.00,23757.00,3585.00,2.00,1791.00,1386.80,37.30,71.30,10.90,990.00,170.00,2.00,170.00,35.00,2715.00,855.00,165.00,250.00
"4620073.00","462","Montréal","0073.00",1110.00,745.00,425.00,41.90,741.00,854.00,32.90,400597.00,370.00,745.00,31.10,75.00,33920.00,90.00,45504.00,39893.00,29.30,25.50,30421.00,27552.00,1848.00,49.20,1115.00,5598.30,41.70,73.00,16.80,580.00,390.00,1.70,80.00,55.00,1335.00,375.00,65.00,85.00
"4620074.00","462","Montréal","0074.00",1740.00,1110.00,485.00,29.60,712.00,763.00,24.80,424319.00,625.00,1110.00,25.60,180.00,35968.00,265.00,52275.00,46029.00,26.50,23.00,29696.00,27173.00,3610.00,-2.10,1694.00,9016.00,36.30,75.60,7.80,1085.00,5.00,2.10,140.00,90.00,2915.00,665.00,155.00,170.00
"4620075.00","462","Montréal","0075.00",1380.00,1075.00,395.00,28.50,689.00,739.00,35.30,299980.00,310.00,1075.00,29.00,105.00,35392.00,180.00,44262.00,39893.00,29.60,25.60,25139.00,23648.00,2797.00,1.90,1427.00,9045.90,37.20,75.20,10.50,980.00,75.00,2.00,125.00,70.00,2105.00,545.00,115.00,145.00
"4620076.00","462","Montréal","0076.00",1580.00,1060.00,385.00,26.30,700.00,759.00,31.90,348780.00,515.00,1065.00,19.40,120.00,36992.00,175.00,52624.00,45717.00,25.70,22.60,31488.00,28704.00,2989.00,13.00,1577.00,8100.30,39.30,77.60,11.50,1135.00,240.00,1.80,90.00,110.00,2115.00,570.00,140.00,125.00
"4620077.00","462","Montréal","0077.00",1325.00,845.00,255.00,16.80,451.00,698.00,59.80,401270.00,495.00,845.00,23.20,110.00,38016.00,205.00,47488.00,42304.00,35.30,31.60,26672.00,25248.00,2967.00,25.50,1373.00,7098.10,39.50,72.10,13.30,630.00,565.00,2.00,115.00,80.00,1665.00,995.00,230.00,275.00
"4620078.00","462","Montréal","0078.00",2035.00,1105.00,435.00,24.70,666.00,846.00,48.00,448671.00,940.00,1105.00,17.00,115.00,32704.00,200.00,58624.00,49810.00,30.50,25.10,31787.00,28928.00,4013.00,4.80,2048.00,10773.20,42.10,68.50,17.90,1020.00,595.00,1.90,90.00,135.00,2390.00,1325.00,195.00,340.00
"4620079.00","462","Montréal","0079.00",2545.00,1740.00,600.00,24.10,761.00,815.00,20.70,348753.00,810.00,1735.00,22.80,205.00,38016.00,210.00,51568.00,44718.00,26.60,23.40,32832.00,29717.00,4599.00,2.70,2567.00,7716.40,38.30,77.10,11.10,2095.00,140.00,1.80,220.00,90.00,3510.00,960.00,145.00,245.00
"4620080.00","462","Montréal","0080.00",410.00,285.00,155.00,38.60,1162.00,1116.00,0.00,348690.00,125.00,285.00,32.00,70.00,58368.00,20.00,60800.00,53952.00,16.00,15.40,33536.00,29536.00,780.00,-5.50,397.00,8657.00,34.10,87.80,5.80,375.00,0.00,2.00,50.00,60.00,590.00,185.00,15.00,45.00
"4620081.00","462","Montréal","0081.00",2105.00,1345.00,685.00,36.60,825.00,884.00,13.80,275268.00,770.00,1345.00,25.30,150.00,42880.00,105.00,54960.00,46861.00,20.80,19.20,35910.00,31543.00,3501.00,16.80,2111.00,13316.90,36.10,86.70,5.10,1495.00,610.00,1.60,125.00,150.00,2650.00,680.00,60.00,150.00
"4620082.00","462","Montréal","0082.00",1115.00,940.00,300.00,28.70,717.00,728.00,28.20,300047.00,180.00,940.00,20.00,150.00,41856.00,145.00,43136.00,39534.00,31.40,27.20,24373.00,23047.00,2226.00,13.90,1098.00,7417.50,35.20,76.90,8.10,775.00,310.00,2.00,135.00,55.00,1700.00,470.00,65.00,145.00
"4620083.00","462","Montréal","0083.00",1825.00,1350.00,575.00,36.80,767.00,794.00,13.00,376662.00,485.00,1345.00,16.50,180.00,39552.00,195.00,48080.00,42624.00,23.60,22.40,30096.00,27285.00,3339.00,2.80,1771.00,8088.70,37.10,77.70,8.80,1565.00,5.00,1.90,125.00,95.00,2700.00,570.00,65.00,105.00
"4620084.00","462","Montréal","0084.00",1290.00,970.00,465.00,41.70,839.00,884.00,26.30,299151.00,325.00,965.00,21.20,105.00,42112.00,150.00,41728.00,37018.00,31.10,26.20,26650.00,25024.00,2600.00,13.20,1334.00,7547.20,42.90,66.70,21.70,855.00,375.00,1.80,115.00,50.00,1800.00,565.00,170.00,135.00
"4620085.00","462","Montréal","0085.00",320.00,205.00,100.00,31.70,782.00,800.00,0.00,324340.00,115.00,205.00,29.20,25.00,39808.00,60.00,47552.00,42624.00,27.60,25.20,26624.00,25152.00,751.00,-9.00,341.00,662.90,38.50,76.70,9.30,255.00,0.00,2.10,10.00,10.00,530.00,130.00,40.00,30.00
"4620086.00","462","Montréal","0086.00",2125.00,1405.00,535.00,29.50,702.00,727.00,11.40,399551.00,725.00,1405.00,16.70,140.00,48000.00,205.00,47408.00,42261.00,21.80,20.20,29989.00,27557.00,4068.00,3.40,2095.00,7719.20,43.10,69.50,18.90,1415.00,95.00,1.90,170.00,90.00,3175.00,760.00,70.00,115.00
"4620087.00","462","Montréal","0087.00",1580.00,1030.00,435.00,29.80,686.00,740.00,16.00,275248.00,550.00,1025.00,23.60,150.00,38592.00,255.00,47248.00,42965.00,28.20,25.90,26854.00,25216.00,3406.00,-0.30,1581.00,12975.20,35.60,73.00,7.90,995.00,235.00,2.20,210.00,45.00,2520.00,945.00,190.00,185.00
"4620088.00","462","Montréal","0088.00",1810.00,1290.00,570.00,35.40,729.00,741.00,10.10,399416.00,525.00,1290.00,21.90,240.00,47744.00,180.00,43703.00,38875.00,23.80,22.50,28480.00,26232.00,3542.00,-0.10,1850.00,10479.30,43.40,66.10,20.60,990.00,195.00,1.90,125.00,90.00,2800.00,545.00,65.00,95.00
"4620089.00","462","Montréal","0089.00",2445.00,1580.00,745.00,34.60,723.00,745.00,5.70,399706.00,870.00,1575.00,23.10,230.00,50816.00,260.00,46336.00,41435.00,23.60,23.90,27334.00,25571.00,4888.00,-1.00,2412.00,9292.80,40.90,70.90,15.40,1390.00,0.00,2.00,360.00,185.00,3465.00,1390.00,90.00,290.00
"4620090.00","462","Montréal","0090.00",2115.00,1330.00,680.00,33.70,702.00,727.00,15.00,399641.00,785.00,1330.00,29.30,130.00,41536.00,255.00,44768.00,40416.00,26.90,26.50,25267.00,24109.00,4593.00,1.80,2149.00,10544.10,40.50,68.60,15.50,810.00,75.00,2.10,370.00,175.00,2710.00,1555.00,175.00,280.00
"4620091.00","462","Montréal","0091.00",,,,,,,,,,,,,,,,,,,,,5.00,,1.00,5.00,,,,,,,,,,,,
"4620092.00","462","Montréal","0092.00",2795.00,1790.00,825.00,30.60,704.00,726.00,10.10,401366.00,1005.00,1795.00,27.90,215.00,44416.00,330.00,46480.00,41395.00,23.50,22.30,27173.00,25163.00,6124.00,2.10,2797.00,10967.00,42.90,66.50,19.10,610.00,105.00,2.10,305.00,135.00,4140.00,1645.00,180.00,335.00
"4620093.00","462","Montréal","0093.00",1540.00,1015.00,505.00,35.30,746.00,770.00,5.40,348234.00,525.00,1020.00,28.60,165.00,42112.00,200.00,47181.00,42560.00,24.10,22.60,27539.00,25613.00,3242.00,2.60,1539.00,4409.70,39.00,74.20,11.90,630.00,10.00,2.10,205.00,40.00,2350.00,680.00,75.00,125.00
"4620094.01","462","Montréal","0094.01",2915.00,2415.00,1090.00,37.70,722.00,771.00,7.50,394650.00,500.00,2415.00,35.00,310.00,39731.00,420.00,38502.00,35516.00,33.20,32.30,22288.00,21379.00,6102.00,-0.30,2960.00,3403.00,37.70,72.00,12.50,2035.00,100.00,2.00,640.00,295.00,3125.00,2535.00,370.00,525.00
"4620094.02","462","Montréal","0094.02",,,,,,,,,,,,,,,,,,,,,5.00,-50.00,5.00,2.70,,,,,,,,,,,,
"4620095.00","462","Montréal","0095.00",1040.00,865.00,370.00,38.40,912.00,976.00,0.00,449187.00,180.00,865.00,19.40,135.00,45696.00,80.00,43072.00,37803.00,28.90,29.70,25600.00,23936.00,2109.00,4.50,1068.00,9525.70,37.40,80.10,11.60,935.00,0.00,1.80,110.00,180.00,1250.00,475.00,60.00,80.00
"4620096.00","462","Montréal","0096.00",1130.00,645.00,315.00,36.90,962.00,996.00,0.00,376427.00,480.00,645.00,15.80,185.00,60800.00,125.00,56539.00,49152.00,19.20,20.10,30304.00,27691.00,2276.00,1.90,1086.00,11786.60,36.90,74.50,10.10,465.00,50.00,2.10,115.00,50.00,1725.00,580.00,55.00,100.00
"4620097.01","462","Montréal","0097.01",3285.00,2735.00,1355.00,44.10,718.00,772.00,4.20,400480.00,560.00,2730.00,27.40,330.00,42880.00,325.00,37568.00,34185.00,32.80,33.70,23567.00,22562.00,6285.00,0.10,3298.00,17819.70,38.40,74.10,10.80,1265.00,1275.00,1.90,990.00,275.00,2915.00,3075.00,295.00,445.00
"4620097.02","462","Montréal","0097.02",1950.00,1685.00,955.00,50.40,802.00,843.00,3.30,448696.00,275.00,1680.00,37.00,210.00,35413.00,165.00,33792.00,31829.00,42.90,42.90,21056.00,20538.00,3831.00,5.50,1962.00,9728.30,39.30,72.60,13.40,540.00,1085.00,1.90,900.00,320.00,1545.00,1800.00,155.00,225.00
"4620098.00","462","Montréal","0098.00",2245.00,895.00,585.00,40.60,762.00,830.00,5.60,460322.00,1345.00,900.00,16.40,170.00,59520.00,305.00,64640.00,56141.00,15.80,15.70,33229.00,30222.00,5332.00,-2.00,2245.00,5139.80,41.50,64.80,17.60,835.00,10.00,2.40,225.00,105.00,3195.00,2020.00,145.00,350.00
"4620099.00","462","Montréal","0099.00",2630.00,1500.00,760.00,40.30,786.00,776.00,25.80,501352.00,1135.00,1500.00,13.70,225.00,43494.00,305.00,52281.00,45984.00,21.60,20.60,30688.00,28267.00,5627.00,-1.70,2622.00,8138.60,41.90,62.10,20.00,1020.00,710.00,2.10,240.00,180.00,3350.00,2110.00,230.00,290.00
"4620100.01","462","Montréal","0100.01",1865.00,1275.00,630.00,39.60,816.00,846.00,2.40,493908.00,585.00,1275.00,22.20,145.00,49280.00,255.00,50278.00,44910.00,22.50,24.10,28171.00,26103.00,4061.00,-0.10,1848.00,8864.90,39.60,66.40,15.30,785.00,355.00,2.20,395.00,225.00,2060.00,1750.00,165.00,270.00
"4620100.02","462","Montréal","0100.02",1450.00,960.00,515.00,39.30,776.00,804.00,2.60,450138.00,495.00,960.00,29.30,170.00,48896.00,230.00,50603.00,46592.00,24.70,24.00,25216.00,23883.00,3474.00,-0.30,1424.00,9769.40,37.80,66.30,13.00,575.00,270.00,2.40,425.00,65.00,1735.00,1725.00,130.00,255.00
"4620101.01","462","Montréal","0101.01",1790.00,1110.00,570.00,39.40,743.00,787.00,12.20,424926.00,685.00,1110.00,19.90,180.00,44864.00,275.00,44270.00,40368.00,29.60,29.90,23434.00,22479.00,4016.00,-1.80,1823.00,11360.70,42.70,61.10,22.30,620.00,665.00,2.20,490.00,135.00,1655.00,2160.00,240.00,345.00
"4620101.02","462","Montréal","0101.02",1530.00,1205.00,510.00,37.10,732.00,797.00,9.10,500548.00,335.00,1205.00,19.70,210.00,40288.00,300.00,42138.00,39270.00,30.50,31.40,22857.00,21906.00,3808.00,-2.30,1552.00,10616.10,39.30,67.00,15.00,1035.00,0.00,2.40,465.00,120.00,1610.00,1955.00,185.00,410.00
"4620102.00","462","Montréal","0102.00",1985.00,1130.00,525.00,34.40,943.00,1001.00,7.60,501548.00,860.00,1130.00,15.60,180.00,69632.00,230.00,71131.00,59520.00,15.40,15.00,39140.00,34243.00,4213.00,3.00,1983.00,7141.90,40.40,68.20,15.80,750.00,175.00,2.10,290.00,130.00,2865.00,1210.00,60.00,240.00
"4620103.00","462","Montréal","0103.00",1095.00,485.00,255.00,40.60,770.00,807.00,5.20,717957.00,615.00,485.00,9.80,145.00,72448.00,70.00,82464.00,68160.00,11.60,13.60,46064.00,38933.00,2413.00,0.00,1101.00,7246.20,40.90,68.70,15.80,550.00,0.00,2.20,55.00,70.00,1810.00,535.00,25.00,85.00
"4620104.00","462","Montréal","0104.00",1170.00,380.00,205.00,30.70,873.00,896.00,23.70,800801.00,795.00,375.00,11.30,160.00,72448.00,90.00,113920.00,90027.00,11.30,9.50,51744.00,43376.00,2821.00,2.50,1129.00,7427.60,40.70,64.50,17.20,240.00,100.00,2.50,90.00,60.00,2105.00,730.00,85.00,140.00
"4620105.00","462","Montréal","0105.00",1500.00,750.00,385.00,34.00,1019.00,1176.00,0.00,499900.00,755.00,755.00,16.80,205.00,68352.00,190.00,78592.00,65472.00,13.10,13.20,44416.00,37824.00,3342.00,0.40,1550.00,11018.80,40.20,66.30,15.90,465.00,110.00,2.20,160.00,155.00,2145.00,945.00,50.00,145.00
"4620106.00","462","Montréal","0106.00",900.00,520.00,320.00,48.60,878.00,1005.00,0.00,501583.00,375.00,520.00,17.30,65.00,64384.00,90.00,61269.00,51712.00,18.70,19.20,36800.00,31712.00,2114.00,3.80,912.00,8901.10,44.10,64.10,22.50,225.00,295.00,2.10,140.00,65.00,1185.00,575.00,50.00,85.00
"4620107.00","462","Montréal","0107.00",825.00,680.00,355.00,45.90,812.00,924.00,0.00,400461.00,155.00,675.00,29.00,115.00,47616.00,85.00,43840.00,39136.00,27.20,28.10,27008.00,25024.00,1544.00,6.10,801.00,9942.00,37.00,78.00,10.00,490.00,255.00,1.90,210.00,65.00,855.00,690.00,75.00,115.00
"4620108.00","462","Montréal","0108.00",1635.00,850.00,470.00,36.50,1024.00,1214.00,0.00,851225.00,790.00,850.00,20.40,155.00,60096.00,170.00,81280.00,67328.00,13.10,14.80,42960.00,36666.00,4107.00,-1.50,1629.00,7283.20,44.80,62.60,23.80,610.00,265.00,2.30,165.00,190.00,2490.00,995.00,45.00,170.00
"4620109.00","462","Montréal","0109.00",1075.00,845.00,390.00,36.50,970.00,1012.00,1.80,449384.00,230.00,850.00,34.80,155.00,47168.00,100.00,51872.00,45584.00,23.90,25.50,28960.00,26411.00,2120.00,2.20,1055.00,12709.80,38.60,74.50,13.40,600.00,80.00,2.00,140.00,165.00,1145.00,795.00,80.00,120.00
"4620110.00","462","Montréal","0110.00",1925.00,1710.00,715.00,38.80,817.00,861.00,4.40,434630.00,220.00,1705.00,25.00,190.00,50688.00,200.00,44048.00,39216.00,27.10,27.20,25338.00,24055.00,3836.00,2.30,1949.00,15612.50,36.50,76.00,9.10,1140.00,610.00,2.00,650.00,225.00,1870.00,1820.00,115.00,290.00
"4620111.00","462","Montréal","0111.00",2830.00,1815.00,985.00,36.00,866.00,887.00,11.90,481221.00,1020.00,1810.00,32.80,235.00,52224.00,360.00,49350.00,44960.00,21.90,21.60,25044.00,23808.00,6542.00,-3.00,2835.00,8723.80,40.70,66.90,16.80,830.00,510.00,2.30,395.00,270.00,3040.00,3165.00,325.00,645.00
"4620112.01","462","Montréal","0112.01",1790.00,1240.00,510.00,27.10,693.00,702.00,14.60,501181.00,550.00,1240.00,31.80,160.00,41664.00,260.00,47595.00,44774.00,26.50,25.40,21947.00,21139.00,5346.00,5.10,1753.00,8481.70,34.10,66.50,9.10,1530.00,70.00,3.00,500.00,240.00,2320.00,2860.00,320.00,635.00
"4620112.02","462","Montréal","0112.02",1875.00,1650.00,690.00,37.70,714.00,719.00,22.40,500906.00,230.00,1650.00,32.60,180.00,39648.00,220.00,33715.00,31632.00,33.60,28.00,20430.00,20072.00,4087.00,-4.60,1855.00,14791.90,41.40,66.00,18.60,1105.00,705.00,2.20,505.00,240.00,1145.00,2620.00,300.00,510.00
"4620113.00","462","Montréal","0113.00",2120.00,1630.00,710.00,34.70,812.00,888.00,4.60,500587.00,490.00,1625.00,29.60,220.00,45888.00,300.00,49728.00,44912.00,24.90,26.00,24282.00,22997.00,5099.00,-6.70,2143.00,10290.60,36.80,71.30,11.60,1465.00,15.00,2.40,765.00,300.00,2115.00,2730.00,265.00,495.00
"4620114.00","462","Montréal","0114.00",870.00,555.00,335.00,50.00,951.00,1079.00,0.00,849708.00,320.00,550.00,19.00,85.00,46720.00,95.00,62080.00,53760.00,23.90,27.70,29696.00,27520.00,1989.00,-2.10,874.00,7020.80,39.50,68.60,16.60,400.00,180.00,2.30,170.00,135.00,975.00,860.00,65.00,115.00
"4620115.01","462","Montréal","0115.01",865.00,490.00,270.00,39.80,926.00,1108.00,0.00,749727.00,375.00,485.00,20.00,165.00,51584.00,85.00,73984.00,59605.00,18.50,21.70,35296.00,30688.00,2005.00,-1.40,862.00,9155.30,40.10,68.60,17.00,360.00,0.00,2.30,220.00,170.00,910.00,875.00,45.00,110.00
"4620115.02","462","Montréal","0115.02",3405.00,3130.00,1600.00,47.70,1001.00,1054.00,1.60,219619.00,290.00,3130.00,37.90,365.00,48704.00,210.00,42055.00,37781.00,33.30,35.40,25728.00,24558.00,5866.00,-1.50,3421.00,13734.50,42.30,69.80,20.70,660.00,2740.00,1.70,1085.00,625.00,2220.00,2940.00,160.00,345.00
"4620116.00","462","Montréal","0116.00",2965.00,2585.00,1115.00,39.50,781.00,819.00,7.90,501413.00,390.00,2585.00,25.30,335.00,41408.00,285.00,39360.00,36186.00,33.80,34.30,21653.00,21094.00,6649.00,-2.50,2981.00,10366.40,39.10,69.20,16.70,2240.00,235.00,2.10,800.00,700.00,2330.00,3225.00,350.00,635.00
"4620117.00","462","Montréal","0117.00",1470.00,1325.00,435.00,30.00,741.00,792.00,4.20,491163.00,155.00,1325.00,25.80,145.00,41088.00,195.00,45216.00,43150.00,27.50,26.20,22112.00,21174.00,4359.00,-2.70,1506.00,16114.60,40.00,69.00,15.20,1205.00,270.00,2.70,710.00,325.00,1085.00,2560.00,210.00,530.00
"4620118.00","462","Montréal","0118.00",1600.00,1270.00,505.00,29.60,758.00,808.00,7.10,501398.00,335.00,1270.00,38.80,180.00,40832.00,230.00,47744.00,45040.00,26.40,26.10,22452.00,21349.00,4411.00,-0.90,1575.00,14519.40,36.10,70.60,10.10,1445.00,0.00,2.80,620.00,260.00,1675.00,2530.00,270.00,575.00
"4620119.00","462","Montréal","0119.00",2395.00,2115.00,705.00,28.90,668.00,693.00,13.00,449123.00,280.00,2115.00,33.90,305.00,37056.00,395.00,39696.00,37832.00,33.60,32.20,20040.00,19584.00,6337.00,-1.90,2393.00,11013.20,36.00,70.70,9.30,2230.00,115.00,2.60,945.00,350.00,1950.00,4030.00,515.00,1160.00
"4620120.01","462","Montréal","0120.01",2645.00,1445.00,1025.00,39.20,716.00,827.00,13.10,344196.00,1210.00,1445.00,38.20,140.00,46336.00,275.00,51740.00,46144.00,25.00,24.40,27954.00,25944.00,5690.00,62.60,2686.00,2160.10,35.60,76.40,8.20,900.00,1525.00,2.10,800.00,285.00,2090.00,3180.00,380.00,710.00
"4620120.02","462","Montréal","0120.02",450.00,60.00,105.00,58.30,1842.00,1628.00,0.00,450385.00,390.00,60.00,17.90,0.00,82432.00,30.00,95232.00,77056.00,9.70,10.10,46720.00,40149.00,1029.00,-4.60,450.00,5186.50,48.70,51.50,34.00,30.00,265.00,2.30,30.00,10.00,640.00,385.00,10.00,45.00
"4620121.00","462","Montréal","0121.00",705.00,300.00,175.00,41.70,1146.00,1294.00,0.00,699122.00,400.00,305.00,12.30,45.00,68480.00,85.00,86080.00,71488.00,15.50,15.00,42027.00,37248.00,1769.00,-3.30,689.00,4590.00,41.20,61.60,18.60,110.00,175.00,2.60,205.00,60.00,950.00,805.00,50.00,95.00
"4620122.00","462","Montréal","0122.00",2945.00,2805.00,1105.00,38.10,641.00,664.00,11.20,500805.00,140.00,2805.00,27.60,470.00,34389.00,390.00,31314.00,29976.00,41.00,40.50,18732.00,18575.00,6595.00,-3.80,2949.00,9900.90,37.10,71.00,11.10,2875.00,0.00,2.20,1135.00,400.00,1955.00,4065.00,625.00,1040.00
"4620123.00","462","Montréal","0123.00",3110.00,2805.00,1445.00,47.70,804.00,858.00,1.40,458866.00,325.00,2805.00,37.50,270.00,42112.00,260.00,35237.00,32849.00,37.10,38.60,21162.00,20732.00,6249.00,-1.90,3128.00,15226.60,35.30,76.00,10.40,2345.00,670.00,1.90,1190.00,770.00,2205.00,3075.00,200.00,535.00
"4620124.00","462","Montréal","0124.00",2590.00,2265.00,1105.00,43.70,724.00,775.00,4.20,473316.00,325.00,2265.00,35.40,340.00,39424.00,275.00,35781.00,33664.00,36.60,37.90,20501.00,20090.00,5729.00,-1.80,2592.00,15136.10,33.20,71.90,7.90,2060.00,470.00,2.20,1040.00,490.00,2270.00,2950.00,270.00,710.00
"4620125.00","462","Montréal","0125.00",2595.00,1410.00,880.00,43.60,970.00,1070.00,2.80,648214.00,1185.00,1410.00,22.80,210.00,48000.00,215.00,65510.00,56732.00,19.30,22.90,33004.00,29956.00,6272.00,-1.10,2617.00,13184.80,41.90,55.30,24.80,865.00,1530.00,2.40,640.00,325.00,3115.00,2750.00,150.00,340.00
"4620126.00","462","Montréal","0126.00",850.00,625.00,415.00,62.10,892.00,993.00,0.00,599068.00,230.00,625.00,12.80,90.00,86955.00,55.00,36326.00,34517.00,37.40,44.60,18534.00,18261.00,2536.00,20.40,897.00,3399.00,31.80,83.80,8.30,595.00,180.00,2.10,140.00,320.00,1115.00,445.00,20.00,70.00
"4620127.01","462","Montréal","0127.01",3225.00,2915.00,1665.00,55.80,844.00,901.00,4.10,400157.00,375.00,2915.00,21.10,230.00,42368.00,180.00,30003.00,28621.00,46.00,50.30,18513.00,18268.00,5554.00,4.00,3252.00,11425.60,36.60,77.90,13.50,2120.00,985.00,1.70,800.00,1055.00,2385.00,2075.00,120.00,280.00
"4620127.02","462","Montréal","0127.02",,,,,,,,,,,,,,,,,,,,,5.00,0.00,3.00,3.80,,,,,,,,,,,,
"4620128.00","462","Montréal","0128.00",1770.00,885.00,610.00,40.90,1121.00,1311.00,0.00,901119.00,885.00,885.00,28.20,135.00,81664.00,100.00,81792.00,65894.00,17.50,21.60,48320.00,41011.00,3491.00,-5.40,1773.00,1162.20,47.00,63.50,27.90,350.00,965.00,1.90,240.00,190.00,2065.00,1215.00,40.00,190.00
"4620129.01","462","Montréal","0129.01",2215.00,1500.00,1025.00,55.30,1258.00,1393.00,1.00,609047.00,745.00,1495.00,28.40,200.00,66304.00,100.00,58138.00,48512.00,28.70,35.10,35468.00,31296.00,3835.00,-6.60,2221.00,13484.50,46.30,66.60,27.20,240.00,1835.00,1.70,290.00,435.00,1940.00,1555.00,115.00,170.00
"4620129.02","462","Montréal","0129.02",2055.00,1775.00,1315.00,69.80,1371.00,1482.00,1.10,699534.00,315.00,1770.00,31.70,165.00,36864.00,90.00,34944.00,32384.00,42.90,52.40,20800.00,19922.00,3438.00,-7.30,2112.00,9581.90,40.60,73.80,21.70,105.00,1965.00,1.60,310.00,695.00,1315.00,1255.00,50.00,95.00
"4620130.00","462","Montréal","0130.00",2050.00,1905.00,1370.00,70.20,762.00,890.00,1.80,401101.00,190.00,1905.00,35.90,150.00,34944.00,40.00,19232.00,18731.00,57.10,60.30,12992.00,12896.00,2946.00,-0.90,2026.00,19192.20,30.80,91.50,6.30,995.00,990.00,1.40,170.00,1075.00,1040.00,800.00,10.00,105.00
"4620131.00","462","Montréal","0131.00",1990.00,1910.00,1220.00,62.80,933.00,1017.00,12.00,400032.00,95.00,1910.00,36.80,130.00,43008.00,55.00,22182.00,21685.00,52.70,55.60,16661.00,16544.00,3137.00,1.70,2067.00,29961.80,36.30,82.00,12.90,520.00,1495.00,1.50,325.00,845.00,1200.00,980.00,55.00,115.00
"4620132.00","462","Montréal","0132.00",3030.00,2765.00,1545.00,53.00,845.00,911.00,10.60,448768.00,290.00,2770.00,31.00,220.00,46592.00,95.00,28407.00,26743.00,42.20,44.80,21413.00,20850.00,4865.00,-0.80,3061.00,18214.20,42.60,76.60,19.50,1210.00,1690.00,1.40,415.00,825.00,2195.00,1335.00,90.00,175.00
"4620133.00","462","Montréal","0133.00",1405.00,1135.00,675.00,51.60,880.00,1000.00,7.90,449518.00,280.00,1135.00,33.30,130.00,48640.00,55.00,36896.00,33676.00,36.80,40.30,21899.00,21264.00,2508.00,5.10,1450.00,17237.10,35.80,83.20,9.40,745.00,510.00,1.70,305.00,410.00,1255.00,775.00,40.00,115.00
"4620134.00","462","Montréal","0134.00",605.00,280.00,230.00,52.60,1072.00,1082.00,0.00,499848.00,320.00,280.00,24.60,55.00,95232.00,20.00,64896.00,52128.00,21.30,23.80,36704.00,32608.00,1057.00,15.80,617.00,12276.40,40.70,78.70,13.70,480.00,105.00,1.70,80.00,140.00,660.00,230.00,20.00,25.00
"4620135.00","462","Montréal","0135.00",895.00,570.00,330.00,43.90,987.00,1081.00,6.10,598500.00,330.00,570.00,24.20,85.00,53568.00,55.00,54144.00,47189.00,26.10,28.60,31526.00,28608.00,1758.00,10.50,856.00,14589.20,40.70,73.60,15.60,600.00,5.00,1.90,75.00,265.00,1020.00,410.00,25.00,65.00
"4620136.00","462","Montréal","0136.00",1450.00,1030.00,560.00,49.00,917.00,999.00,5.80,469868.00,430.00,1030.00,12.90,125.00,47552.00,70.00,50158.00,44080.00,26.60,28.10,26208.00,24640.00,2774.00,1.60,1479.00,15283.70,36.40,83.80,7.90,1270.00,10.00,1.90,130.00,265.00,1680.00,760.00,50.00,125.00
"4620137.00","462","Montréal","0137.00",600.00,495.00,320.00,58.60,829.00,990.00,3.00,499866.00,105.00,495.00,30.00,90.00,56576.00,30.00,33835.00,31296.00,38.20,39.60,19872.00,19733.00,1165.00,8.20,629.00,6390.60,37.80,82.00,13.70,425.00,135.00,1.70,55.00,205.00,510.00,300.00,10.00,45.00
"4620138.00","462","Montréal","0138.00",1020.00,730.00,415.00,42.80,1129.00,1168.00,12.90,400619.00,295.00,730.00,33.90,115.00,46272.00,60.00,46976.00,42432.00,29.40,28.80,23288.00,22354.00,1994.00,-2.10,1030.00,7152.10,37.60,79.70,12.80,910.00,110.00,1.90,50.00,280.00,1145.00,515.00,35.00,90.00
"4620139.00","462","Montréal","0139.00",1690.00,1070.00,615.00,43.20,941.00,1029.00,9.30,424692.00,625.00,1070.00,25.40,185.00,55936.00,105.00,55142.00,48201.00,24.40,25.20,31728.00,28846.00,3174.00,0.50,1648.00,14394.60,35.70,81.30,7.10,1300.00,125.00,1.90,205.00,370.00,2065.00,855.00,60.00,145.00
"4620140.00","462","Montréal","0140.00",710.00,390.00,190.00,30.80,1065.00,1074.00,0.00,483849.00,320.00,390.00,21.50,35.00,67072.00,50.00,72320.00,60352.00,12.90,13.20,41664.00,36480.00,1420.00,2.90,681.00,12023.70,38.60,75.40,11.30,545.00,0.00,2.10,120.00,175.00,940.00,330.00,10.00,70.00
"4620141.00","462","Montréal","0141.00",820.00,480.00,240.00,42.10,1102.00,1128.00,0.00,401035.00,345.00,480.00,13.00,75.00,56960.00,55.00,67755.00,57088.00,16.00,17.50,39744.00,33971.00,1623.00,-0.60,804.00,13513.70,36.00,77.50,7.70,610.00,0.00,2.00,160.00,160.00,1070.00,465.00,10.00,45.00
"4620142.00","462","Montréal","0142.00",825.00,580.00,260.00,37.90,828.00,931.00,25.00,420709.00,245.00,580.00,18.00,100.00,33600.00,75.00,44971.00,39834.00,29.70,26.70,27968.00,25984.00,1657.00,4.50,854.00,15050.00,37.50,73.20,12.70,695.00,105.00,1.90,90.00,180.00,1025.00,410.00,45.00,95.00
"4620143.00","462","Montréal","0143.00",1410.00,1180.00,580.00,43.60,829.00,960.00,8.00,500278.00,240.00,1180.00,25.50,155.00,37504.00,55.00,40064.00,35840.00,28.60,29.90,30144.00,27443.00,2418.00,8.70,1416.00,13985.00,46.00,66.10,26.70,815.00,570.00,1.60,145.00,265.00,1480.00,500.00,35.00,85.00
"4620144.00","462","Montréal","0144.00",2015.00,1415.00,690.00,38.90,903.00,974.00,5.30,449129.00,600.00,1415.00,23.30,135.00,48000.00,80.00,49584.00,42697.00,23.90,25.30,36454.00,32192.00,3512.00,5.30,2045.00,18387.40,40.10,76.60,13.10,1595.00,385.00,1.70,270.00,450.00,2175.00,755.00,40.00,130.00
"4620145.00","462","Montréal","0145.00",,,,,,,,,,,,,,,,,,,,,0.00,,0.00,0.00,,,,,,,,,,,,
"4620146.00","462","Montréal","0146.00",1445.00,995.00,515.00,41.60,755.00,846.00,3.50,500182.00,455.00,995.00,22.00,170.00,56192.00,70.00,45781.00,39552.00,25.60,26.40,33778.00,30170.00,2391.00,4.30,1427.00,16897.50,37.00,81.40,7.10,1015.00,180.00,1.70,230.00,225.00,1600.00,585.00,20.00,65.00
"4620147.00","462","Montréal","0147.00",1510.00,1060.00,520.00,42.50,903.00,1017.00,3.80,401177.00,455.00,1060.00,15.60,235.00,63616.00,95.00,55219.00,47181.00,18.20,19.40,36297.00,31904.00,2749.00,4.20,1519.00,16353.40,36.70,79.60,8.00,1270.00,155.00,1.80,200.00,210.00,1920.00,615.00,25.00,80.00
"4620148.00","462","Montréal","0148.00",460.00,290.00,140.00,32.80,1102.00,1113.00,0.00,399369.00,170.00,290.00,22.90,50.00,58240.00,45.00,65280.00,56320.00,14.40,14.50,34048.00,30784.00,1306.00,6.90,472.00,9164.90,44.70,65.50,23.40,460.00,0.00,2.10,30.00,65.00,720.00,220.00,10.00,35.00
"4620149.00","462","Montréal","0149.00",1730.00,1215.00,640.00,42.10,901.00,996.00,2.10,318349.00,515.00,1220.00,25.50,220.00,53888.00,95.00,48435.00,42411.00,22.00,23.30,31392.00,28192.00,3161.00,0.60,1756.00,22856.10,38.60,78.60,11.60,1075.00,605.00,1.80,300.00,305.00,1990.00,765.00,45.00,110.00
"4620150.00","462","Montréal","0150.00",1390.00,1065.00,575.00,46.90,699.00,785.00,8.90,345511.00,330.00,1070.00,22.70,165.00,43136.00,120.00,39130.00,36075.00,31.50,31.30,27184.00,25062.00,2474.00,1.70,1375.00,15030.40,38.80,78.70,10.50,1340.00,0.00,1.70,250.00,130.00,1670.00,620.00,110.00,95.00
"4620151.00","462","Montréal","0151.00",1100.00,785.00,305.00,29.50,927.00,938.00,8.90,390743.00,320.00,785.00,22.20,135.00,56256.00,85.00,53504.00,45824.00,19.80,18.50,33190.00,29904.00,2215.00,4.30,1126.00,18915.50,38.20,76.30,11.50,995.00,80.00,1.90,105.00,95.00,1555.00,400.00,20.00,75.00
"4620152.00","462","Montréal","0152.00",895.00,685.00,325.00,41.60,854.00,918.00,4.40,311058.00,210.00,685.00,19.00,155.00,51840.00,60.00,50406.00,43104.00,20.80,21.50,33664.00,29333.00,1525.00,-1.40,863.00,11180.40,36.80,81.30,7.20,845.00,0.00,1.80,70.00,75.00,1215.00,250.00,0.00,55.00
"4620153.00","462","Montréal","0153.00",405.00,320.00,140.00,33.80,727.00,777.00,0.00,349581.00,85.00,325.00,35.30,55.00,48000.00,25.00,36416.00,33664.00,31.80,31.90,23648.00,22541.00,785.00,-6.90,431.00,2804.60,36.40,79.00,8.30,375.00,0.00,1.70,50.00,10.00,510.00,180.00,10.00,55.00
"4620154.00","462","Montréal","0154.00",625.00,360.00,170.00,33.30,855.00,911.00,8.30,400141.00,265.00,355.00,18.90,20.00,56192.00,40.00,61632.00,51264.00,15.30,16.00,42470.00,36843.00,1144.00,85.70,615.00,9196.10,34.50,77.60,5.70,550.00,0.00,1.90,75.00,10.00,920.00,210.00,10.00,40.00
"4620155.00","462","Montréal","0155.00",990.00,800.00,320.00,32.50,853.00,902.00,3.10,369929.00,190.00,800.00,31.60,120.00,59136.00,85.00,48917.00,42470.00,20.20,19.10,31824.00,28661.00,1753.00,2.70,1005.00,16537.70,36.60,80.90,7.70,880.00,90.00,1.70,85.00,80.00,1260.00,320.00,15.00,50.00
"4620156.00","462","Montréal","0156.00",1065.00,805.00,375.00,38.80,833.00,930.00,10.60,448999.00,265.00,805.00,24.10,95.00,47488.00,75.00,49579.00,43904.00,22.40,21.30,32512.00,29227.00,1923.00,1.10,1078.00,13985.50,37.40,80.00,7.80,875.00,55.00,1.80,95.00,145.00,1455.00,270.00,25.00,60.00
"4620157.00","462","Montréal","0157.00",1135.00,765.00,325.00,31.60,978.00,1042.00,0.00,425362.00,375.00,760.00,22.70,80.00,57728.00,85.00,64205.00,54784.00,14.50,15.10,38784.00,33701.00,2132.00,1.60,1120.00,13242.20,37.20,80.60,8.00,950.00,0.00,1.90,110.00,155.00,1540.00,420.00,25.00,80.00
"4620158.00","462","Montréal","0158.00",1205.00,920.00,405.00,35.30,811.00,879.00,9.80,499775.00,285.00,920.00,27.60,140.00,60800.00,60.00,50816.00,44224.00,22.30,21.50,36480.00,32096.00,2021.00,-1.10,1189.00,14623.70,38.10,77.00,10.60,870.00,150.00,1.70,155.00,185.00,1420.00,380.00,20.00,45.00
"4620159.00","462","Montréal","0159.00",1015.00,545.00,295.00,38.50,1087.00,1183.00,0.00,500704.00,470.00,545.00,18.10,90.00,62464.00,75.00,66400.00,56352.00,16.00,17.40,41344.00,35552.00,1942.00,7.60,963.00,15699.30,35.40,78.60,6.70,670.00,0.00,2.00,155.00,195.00,1450.00,400.00,10.00,60.00
"4620160.00","462","Montréal","0160.00",1020.00,715.00,400.00,46.90,720.00,892.00,12.60,400217.00,305.00,715.00,21.70,125.00,56960.00,45.00,42411.00,38080.00,27.90,26.10,28768.00,26368.00,1749.00,2.50,1028.00,14550.70,38.00,77.40,12.60,620.00,175.00,1.70,125.00,250.00,1070.00,390.00,25.00,80.00
"4620161.00","462","Montréal","0161.00",975.00,715.00,285.00,33.80,885.00,867.00,16.80,420655.00,265.00,715.00,17.00,95.00,43136.00,95.00,51520.00,45376.00,26.10,23.70,29584.00,27400.00,1934.00,7.00,993.00,13893.70,36.20,78.00,8.00,805.00,35.00,1.90,105.00,200.00,1135.00,625.00,40.00,115.00
"4620162.00","462","Montréal","0162.00",895.00,620.00,380.00,47.60,974.00,996.00,6.50,400598.00,275.00,620.00,29.10,70.00,54656.00,55.00,51584.00,43776.00,24.00,24.10,30016.00,27520.00,1574.00,-1.50,918.00,16870.30,36.40,84.80,7.30,795.00,60.00,1.70,75.00,200.00,975.00,355.00,15.00,45.00
"4620163.00","462","Montréal","0163.00",1445.00,955.00,520.00,45.30,1009.00,1079.00,0.00,450472.00,485.00,960.00,18.40,155.00,62528.00,105.00,57835.00,50560.00,18.30,19.70,28400.00,25963.00,3096.00,2.50,1457.00,15304.00,36.70,78.50,10.20,1330.00,75.00,2.10,135.00,240.00,1920.00,810.00,30.00,130.00
"4620164.00","462","Montréal","0164.00",720.00,500.00,230.00,34.30,905.00,1019.00,0.00,449159.00,225.00,500.00,26.70,55.00,58496.00,55.00,51968.00,44928.00,18.70,21.00,33664.00,30432.00,1301.00,1.40,738.00,18746.40,38.60,79.20,11.20,550.00,170.00,1.70,85.00,125.00,870.00,315.00,10.00,65.00
"4620165.00","462","Montréal","0165.00",1100.00,855.00,500.00,46.20,902.00,966.00,4.10,499843.00,245.00,855.00,42.00,165.00,38528.00,75.00,45888.00,40942.00,26.70,28.90,25856.00,24608.00,2455.00,5.00,1099.00,16355.80,31.00,72.10,5.70,1015.00,5.00,2.20,110.00,185.00,1925.00,490.00,10.00,180.00
"4620166.00","462","Montréal","0166.00",255.00,135.00,90.00,44.40,729.00,780.00,0.00,349329.00,120.00,135.00,20.80,65.00,0.00,20.00,57472.00,48320.00,21.40,20.00,33152.00,29440.00,491.00,2.30,271.00,2091.10,37.00,81.60,5.10,230.00,0.00,1.80,20.00,25.00,305.00,120.00,25.00,30.00
"4620167.00","462","Montréal","0167.00",1195.00,900.00,430.00,36.30,904.00,949.00,2.20,449266.00,300.00,900.00,35.60,170.00,53120.00,125.00,54379.00,48107.00,20.20,22.20,28629.00,26394.00,2549.00,3.70,1157.00,12397.90,32.70,72.10,7.10,1025.00,0.00,2.20,160.00,150.00,1820.00,675.00,50.00,160.00
"4620168.00","462","Montréal","0168.00",1100.00,735.00,390.00,40.10,1030.00,1071.00,0.00,425649.00,365.00,735.00,27.40,105.00,52992.00,80.00,59008.00,52032.00,18.40,20.40,29184.00,27349.00,2886.00,6.30,1136.00,16946.60,31.70,67.90,7.30,925.00,30.00,2.50,110.00,125.00,1920.00,665.00,30.00,155.00
"4620169.00","462","Montréal","0169.00",960.00,625.00,320.00,37.90,1062.00,1134.00,0.00,500129.00,340.00,625.00,23.90,80.00,67328.00,105.00,67285.00,57984.00,15.80,16.10,32491.00,29397.00,2216.00,5.30,973.00,15064.60,38.60,75.20,10.80,855.00,0.00,2.20,70.00,125.00,1480.00,460.00,10.00,95.00
"4620170.00","462","Montréal","0170.00",1030.00,750.00,380.00,38.30,933.00,989.00,7.30,500967.00,285.00,750.00,35.70,125.00,62336.00,90.00,52582.00,46643.00,21.60,22.60,28448.00,26240.00,2111.00,-0.10,1044.00,13343.90,37.70,78.20,9.50,895.00,0.00,2.00,70.00,160.00,1370.00,545.00,10.00,110.00
"4620171.00","462","Montréal","0171.00",2680.00,1750.00,880.00,41.00,841.00,869.00,25.70,350139.00,930.00,1745.00,17.70,285.00,46208.00,170.00,45227.00,40363.00,27.50,24.70,30528.00,28306.00,4735.00,4.30,2648.00,9805.30,43.40,71.70,19.90,1885.00,575.00,1.70,300.00,260.00,3035.00,1190.00,80.00,250.00
"4620172.00","462","Montréal","0172.00",1510.00,1075.00,655.00,50.70,863.00,907.00,2.30,306711.00,435.00,1080.00,24.10,145.00,65152.00,50.00,42304.00,37739.00,28.70,29.60,31712.00,28646.00,2496.00,13.50,1551.00,12593.30,33.90,87.40,4.40,1420.00,95.00,1.60,215.00,440.00,1380.00,660.00,25.00,100.00
"4620173.00","462","Montréal","0173.00",1180.00,825.00,435.00,46.10,842.00,911.00,3.00,359221.00,350.00,830.00,15.70,100.00,54912.00,50.00,52416.00,45235.00,20.30,22.00,34517.00,30409.00,2029.00,3.00,1141.00,10867.70,35.50,82.00,6.90,1065.00,0.00,1.70,165.00,215.00,1345.00,490.00,35.00,30.00
"4620174.00","462","Montréal","0174.00",1205.00,700.00,285.00,32.40,945.00,981.00,0.00,350208.00,510.00,700.00,11.80,95.00,63424.00,60.00,65440.00,53872.00,12.90,13.40,44582.00,37788.00,2091.00,3.00,1221.00,9091.30,37.90,80.10,8.10,1140.00,0.00,1.70,100.00,135.00,1550.00,410.00,10.00,55.00
"4620175.00","462","Montréal","0175.00",1065.00,600.00,245.00,27.70,969.00,1025.00,5.00,383879.00,470.00,600.00,17.20,60.00,67328.00,75.00,72032.00,58240.00,12.50,13.10,46771.00,39501.00,1978.00,-3.20,1059.00,16621.80,36.90,78.00,6.60,975.00,0.00,1.90,160.00,185.00,1470.00,360.00,25.00,50.00
"4620176.00","462","Montréal","0176.00",850.00,640.00,310.00,41.40,913.00,998.00,0.00,428597.00,210.00,645.00,24.40,105.00,65152.00,45.00,55424.00,46866.00,17.40,17.40,34325.00,30912.00,1572.00,1.40,873.00,13789.50,36.40,85.40,5.70,855.00,0.00,1.80,55.00,70.00,1205.00,265.00,15.00,60.00
"4620177.00","462","Montréal","0177.00",740.00,515.00,190.00,31.10,804.00,893.00,0.00,349664.00,230.00,515.00,13.30,75.00,61056.00,50.00,59264.00,50176.00,15.60,16.00,38997.00,33792.00,1346.00,13.20,748.00,13623.50,35.90,82.50,5.60,625.00,15.00,1.80,75.00,90.00,1000.00,215.00,35.00,25.00
"4620178.00","462","Montréal","0178.00",1335.00,1035.00,440.00,35.10,855.00,938.00,0.00,349967.00,310.00,1035.00,24.20,165.00,57088.00,100.00,50656.00,43750.00,20.00,21.00,31328.00,28256.00,2353.00,2.40,1323.00,8406.60,34.90,82.20,5.90,1280.00,0.00,1.80,140.00,130.00,2000.00,370.00,15.00,55.00
"4620179.00","462","Montréal","0179.00",2190.00,1675.00,775.00,38.20,708.00,781.00,3.60,349038.00,510.00,1675.00,26.20,255.00,50304.00,175.00,42524.00,38030.00,25.10,25.30,29286.00,26923.00,3819.00,3.10,2172.00,7668.70,36.50,81.70,7.20,1855.00,80.00,1.70,205.00,145.00,3040.00,590.00,70.00,135.00
"4620180.00","462","Montréal","0180.00",1920.00,1485.00,695.00,38.30,722.00,773.00,3.70,383714.00,430.00,1485.00,30.20,235.00,45056.00,185.00,43662.00,38327.00,24.60,24.50,28974.00,26549.00,3378.00,-2.20,1904.00,12790.60,37.60,77.80,8.90,1560.00,35.00,1.80,120.00,95.00,2545.00,650.00,75.00,130.00
"4620181.00","462","Montréal","0181.00",2425.00,1830.00,840.00,37.80,781.00,839.00,9.00,349355.00,600.00,1830.00,25.00,240.00,47317.00,230.00,46487.00,41003.00,22.00,21.40,31910.00,28933.00,4468.00,25.20,2449.00,13341.30,37.70,73.60,11.10,1645.00,420.00,1.80,220.00,60.00,3575.00,760.00,90.00,160.00
"4620182.00","462","Montréal","0182.00",1115.00,820.00,285.00,28.00,791.00,840.00,0.00,400738.00,295.00,820.00,20.30,95.00,52224.00,110.00,48448.00,43168.00,17.60,17.70,34020.00,30656.00,2155.00,0.00,1125.00,15638.60,38.20,72.20,11.60,770.00,75.00,1.90,55.00,30.00,1800.00,295.00,55.00,80.00
"4620183.00","462","Montréal","0183.00",1215.00,910.00,275.00,23.80,729.00,784.00,8.20,380170.00,315.00,915.00,19.00,120.00,49152.00,125.00,48160.00,41552.00,21.30,19.40,33621.00,30080.00,2205.00,0.00,1231.00,16742.60,39.10,75.30,11.30,930.00,60.00,1.80,50.00,25.00,1985.00,255.00,30.00,55.00
"4620184.00","462","Montréal","0184.00",1545.00,950.00,545.00,39.50,766.00,812.00,1.60,449326.00,595.00,945.00,29.40,105.00,51840.00,165.00,47872.00,42539.00,17.80,18.50,33408.00,30170.00,2943.00,1.10,1540.00,13426.10,38.50,72.80,11.20,1165.00,5.00,1.90,125.00,50.00,2460.00,465.00,35.00,120.00
"4620185.00","462","Montréal","0185.00",2745.00,1950.00,770.00,31.40,705.00,737.00,7.40,449234.00,795.00,1955.00,19.50,235.00,53120.00,290.00,46677.00,41330.00,20.10,19.90,32421.00,29146.00,5217.00,-0.90,2756.00,13274.80,39.20,73.20,11.30,2070.00,45.00,1.90,170.00,65.00,4180.00,900.00,125.00,185.00
"4620186.00","462","Montréal","0186.00",2465.00,1830.00,750.00,35.20,713.00,743.00,7.10,341228.00,640.00,1830.00,16.50,230.00,44480.00,305.00,43600.00,39226.00,25.60,24.20,27984.00,25984.00,4539.00,2.60,2445.00,11722.60,38.90,72.10,13.00,2125.00,5.00,1.90,370.00,165.00,3235.00,1195.00,160.00,240.00
"4620187.01","462","Montréal","0187.01",1695.00,1295.00,610.00,41.90,757.00,869.00,13.80,349898.00,400.00,1295.00,15.00,125.00,43776.00,100.00,40294.00,35520.00,27.10,25.40,28553.00,26578.00,3032.00,14.50,1702.00,8311.40,43.70,69.70,20.10,1060.00,390.00,1.70,145.00,80.00,2155.00,620.00,80.00,175.00
"4620187.03","462","Montréal","0187.03",2530.00,1560.00,575.00,25.60,755.00,772.00,23.70,286109.00,975.00,1560.00,17.40,130.00,51712.00,300.00,53248.00,46816.00,19.30,15.70,35851.00,31698.00,4805.00,1.70,2550.00,13501.00,42.00,69.30,16.50,2415.00,0.00,1.90,210.00,95.00,3480.00,1095.00,165.00,215.00
"4620187.04","462","Montréal","0187.04",2410.00,935.00,385.00,25.70,708.00,805.00,27.80,399606.00,1470.00,940.00,9.50,120.00,60544.00,275.00,83456.00,68779.00,11.40,10.80,51285.00,42592.00,5679.00,13.30,2406.00,7381.10,41.20,65.00,16.30,1795.00,5.00,2.20,150.00,45.00,4210.00,995.00,65.00,210.00
"4620188.01","462","Montréal","0188.01",1170.00,785.00,310.00,30.60,695.00,735.00,4.50,401002.00,385.00,785.00,16.90,95.00,48512.00,110.00,47701.00,41792.00,23.30,22.20,30859.00,28192.00,2186.00,3.70,1150.00,14457.70,38.40,74.60,11.20,795.00,30.00,1.90,145.00,65.00,1655.00,485.00,45.00,70.00
"4620188.02","462","Montréal","0188.02",1405.00,980.00,400.00,31.60,704.00,740.00,6.60,421374.00,425.00,980.00,20.20,130.00,42112.00,115.00,45376.00,39787.00,22.00,21.80,29968.00,27684.00,2671.00,4.20,1407.00,11679.10,38.70,73.40,12.40,935.00,5.00,1.90,245.00,50.00,1815.00,855.00,155.00,135.00
"4620189.00","462","Montréal","0189.00",,,,,,,,,,,,,,,,,,,,,0.00,,0.00,0.00,,,,,,,,,,,,
"4620190.01","462","Montréal","0190.01",1745.00,1030.00,335.00,22.40,750.00,775.00,0.00,450250.00,730.00,1030.00,14.60,100.00,53568.00,165.00,56090.00,48366.00,13.40,13.30,34909.00,31072.00,3599.00,4.90,1809.00,7929.10,44.10,66.10,21.10,1240.00,0.00,2.00,170.00,50.00,2665.00,820.00,100.00,190.00
"4620190.02","462","Montréal","0190.02",2265.00,1060.00,650.00,46.00,1266.00,1268.00,1.40,399432.00,1210.00,1055.00,13.60,160.00,86272.00,105.00,71232.00,58667.00,7.80,8.20,46390.00,38746.00,4145.00,15.70,2272.00,3974.50,58.50,47.80,46.80,305.00,1720.00,1.70,90.00,30.00,3415.00,455.00,10.00,105.00
"4620191.00","462","Montréal","0191.00",2875.00,1795.00,810.00,34.80,826.00,863.00,1.70,449598.00,1080.00,1795.00,17.10,180.00,58709.00,255.00,55915.00,48720.00,16.10,16.30,33331.00,29865.00,6171.00,-0.10,2875.00,3647.60,43.90,64.30,21.40,1305.00,615.00,2.10,490.00,185.00,4100.00,1735.00,170.00,310.00
"4620192.00","462","Montréal","0192.00",1175.00,370.00,150.00,15.10,623.00,629.00,52.70,348395.00,810.00,365.00,11.70,60.00,57728.00,135.00,71509.00,60416.00,15.50,14.00,40256.00,34709.00,3290.00,2.10,1172.00,4219.60,52.30,53.20,35.30,455.00,205.00,2.20,50.00,10.00,2020.00,515.00,130.00,110.00
"4620193.00","462","Montréal","0193.00",915.00,495.00,195.00,26.00,741.00,757.00,0.00,349880.00,425.00,500.00,15.30,60.00,50880.00,100.00,57446.00,49664.00,14.50,13.60,34283.00,30170.00,2003.00,1.30,924.00,7567.10,40.80,66.80,16.00,635.00,0.00,2.20,115.00,15.00,1500.00,520.00,105.00,85.00
"4620194.00","462","Montréal","0194.00",3065.00,1525.00,610.00,24.50,723.00,719.00,20.30,360110.00,1530.00,1530.00,15.60,135.00,48000.00,480.00,67294.00,57696.00,17.10,14.70,37157.00,32657.00,7557.00,29.00,3061.00,6248.60,36.60,66.50,11.30,2055.00,85.00,2.40,345.00,50.00,5565.00,1860.00,365.00,430.00
"4620195.01","462","Montréal","0195.01",1620.00,1115.00,490.00,35.30,775.00,778.00,7.60,518480.00,505.00,1115.00,17.80,80.00,73728.00,125.00,47040.00,41488.00,15.70,15.10,31664.00,28672.00,3479.00,4.30,1609.00,6310.50,51.20,52.80,35.30,1305.00,0.00,1.90,125.00,45.00,2185.00,930.00,55.00,190.00
"4620195.02","462","Montréal","0195.02",2325.00,1580.00,560.00,26.30,704.00,730.00,18.10,501666.00,750.00,1580.00,18.70,120.00,50048.00,295.00,50624.00,45504.00,21.80,21.30,27975.00,25762.00,5390.00,0.80,2347.00,8981.80,43.40,62.30,21.90,1905.00,0.00,2.20,310.00,20.00,3065.00,1955.00,285.00,415.00
"4620195.03","462","Montréal","0195.03",2275.00,1470.00,550.00,25.90,773.00,800.00,1.70,528273.00,805.00,1470.00,21.10,125.00,53589.00,255.00,54093.00,48059.00,14.60,14.00,30448.00,27781.00,4978.00,0.40,2255.00,5668.40,43.20,64.40,20.70,1680.00,5.00,2.20,365.00,45.00,3225.00,1915.00,145.00,360.00
"4620196.00","462","Montréal","0196.00",2005.00,1480.00,565.00,31.80,695.00,742.00,7.40,459200.00,525.00,1480.00,18.30,185.00,48981.00,205.00,46037.00,41239.00,22.90,22.00,30693.00,28109.00,3944.00,-2.70,2018.00,9743.10,40.80,67.60,16.00,1520.00,5.00,1.90,345.00,55.00,2760.00,1005.00,125.00,240.00
"4620197.00","462","Montréal","0197.00",2420.00,1790.00,725.00,33.30,692.00,731.00,3.10,450263.00,630.00,1785.00,21.30,180.00,48333.00,235.00,46127.00,40627.00,21.00,20.50,29192.00,26728.00,5027.00,4.40,2404.00,8434.60,40.80,65.50,16.80,1865.00,5.00,2.00,515.00,105.00,3210.00,1650.00,170.00,375.00
"4620198.00","462","Montréal","0198.00",2400.00,1660.00,700.00,36.30,721.00,747.00,7.80,424803.00,745.00,1660.00,14.10,170.00,50176.00,255.00,45158.00,40265.00,23.10,22.60,28169.00,26103.00,4940.00,1.00,2440.00,7637.60,40.50,66.00,16.10,1650.00,0.00,2.00,520.00,95.00,3210.00,1585.00,120.00,290.00
"4620199.00","462","Montréal","0199.00",1345.00,960.00,440.00,36.80,692.00,741.00,4.20,376634.00,385.00,965.00,23.40,105.00,46784.00,160.00,44723.00,40283.00,23.30,22.80,28139.00,26104.00,2613.00,0.30,1341.00,11597.90,39.40,72.80,11.90,1040.00,5.00,1.90,250.00,60.00,1730.00,775.00,100.00,150.00
"4620200.00","462","Montréal","0200.00",2305.00,1585.00,790.00,39.10,676.00,717.00,7.50,365202.00,715.00,1585.00,24.30,180.00,51925.00,265.00,42854.00,38798.00,27.30,27.20,26080.00,24535.00,4667.00,6.60,2278.00,15192.10,38.50,69.00,12.60,1615.00,80.00,2.00,500.00,75.00,2970.00,1715.00,200.00,480.00
"4620201.00","462","Montréal","0201.00",3495.00,2630.00,1115.00,35.60,673.00,726.00,18.30,401067.00,875.00,2630.00,20.70,270.00,44928.00,390.00,40491.00,36730.00,28.80,26.00,26128.00,24713.00,7118.00,-0.10,3436.00,7588.50,43.50,62.80,22.00,2310.00,450.00,1.90,715.00,160.00,4485.00,2270.00,295.00,555.00
"4620202.00","462","Montréal","0202.00",2215.00,1620.00,595.00,28.80,668.00,701.00,11.70,500630.00,600.00,1615.00,22.70,180.00,54400.00,205.00,44629.00,39483.00,20.00,18.20,31111.00,28264.00,4224.00,-1.60,2280.00,6871.60,44.20,66.60,20.10,1645.00,120.00,1.80,195.00,85.00,2865.00,885.00,125.00,125.00
"4620203.00","462","Montréal","0203.00",1425.00,925.00,405.00,34.40,750.00,819.00,0.00,480282.00,500.00,930.00,17.00,145.00,59584.00,130.00,52791.00,45184.00,15.80,16.10,37213.00,32640.00,2700.00,-0.90,1459.00,11349.30,40.20,73.00,12.00,1040.00,0.00,1.80,145.00,25.00,2150.00,440.00,45.00,50.00
"4620204.00","462","Montréal","0204.00",1450.00,980.00,445.00,34.90,753.00,819.00,2.00,500293.00,470.00,980.00,22.30,125.00,61184.00,130.00,51328.00,44608.00,16.30,16.40,38336.00,33488.00,2670.00,-0.90,1438.00,11376.20,38.80,74.20,10.70,1120.00,10.00,1.80,95.00,60.00,2225.00,325.00,30.00,75.00
"4620205.00","462","Montréal","0205.00",1105.00,750.00,305.00,34.70,660.00,736.00,0.00,421188.00,355.00,750.00,11.30,110.00,59648.00,70.00,51883.00,44992.00,16.10,16.30,37197.00,32558.00,2115.00,2.20,1150.00,11955.90,40.70,73.00,12.50,805.00,10.00,1.80,55.00,60.00,1710.00,220.00,10.00,45.00
"4620206.00","462","Montréal","0206.00",1370.00,855.00,350.00,31.20,754.00,828.00,0.00,500598.00,520.00,855.00,16.50,145.00,66048.00,110.00,54323.00,47433.00,13.50,14.40,37856.00,33152.00,2564.00,1.00,1352.00,11042.20,40.00,72.90,12.30,975.00,0.00,1.90,45.00,40.00,2280.00,360.00,25.00,75.00
"4620207.00","462","Montréal","0207.00",1825.00,1295.00,600.00,38.00,685.00,749.00,8.10,401351.00,530.00,1290.00,19.80,150.00,52864.00,165.00,43349.00,38447.00,22.50,24.10,28560.00,26295.00,3331.00,1.10,1784.00,13021.90,40.40,74.20,13.80,1270.00,55.00,1.80,80.00,50.00,2595.00,700.00,65.00,150.00
"4620208.00","462","Montréal","0208.00",1325.00,860.00,395.00,35.30,728.00,787.00,0.00,375442.00,460.00,865.00,19.60,155.00,44715.00,115.00,50432.00,43739.00,18.00,18.10,33728.00,30118.00,2465.00,0.40,1292.00,12374.50,38.30,76.90,10.30,970.00,5.00,1.80,95.00,60.00,2040.00,385.00,25.00,120.00
"4620209.00","462","Montréal","0209.00",2985.00,2215.00,975.00,34.80,723.00,755.00,3.60,388169.00,775.00,2215.00,26.50,270.00,49920.00,265.00,45568.00,40647.00,23.10,23.10,28757.00,26601.00,5819.00,4.40,3024.00,8755.60,41.00,72.60,15.30,2345.00,95.00,1.80,400.00,215.00,3790.00,1415.00,160.00,300.00
"4620210.00","462","Montréal","0210.00",2230.00,1590.00,670.00,35.80,720.00,785.00,10.10,341133.00,640.00,1590.00,16.40,205.00,54912.00,160.00,48555.00,41771.00,23.30,21.20,33005.00,29595.00,3961.00,2.90,2208.00,12142.90,37.70,78.50,10.70,1930.00,60.00,1.70,200.00,200.00,2810.00,815.00,65.00,135.00
"4620211.00","462","Montréal","0211.00",1270.00,1010.00,390.00,34.70,755.00,809.00,10.90,359041.00,260.00,1005.00,15.40,90.00,48896.00,80.00,46997.00,41344.00,22.00,20.60,33075.00,29504.00,2281.00,0.20,1267.00,12923.50,37.80,77.40,11.00,1105.00,0.00,1.70,145.00,130.00,1735.00,355.00,20.00,65.00
"4620212.00","462","Montréal","0212.00",1380.00,990.00,375.00,31.30,790.00,861.00,0.00,415472.00,390.00,990.00,17.90,120.00,56192.00,90.00,49451.00,43290.00,18.70,18.80,34125.00,30208.00,2565.00,5.60,1387.00,13221.60,36.10,78.90,7.40,1270.00,0.00,1.80,135.00,90.00,1990.00,485.00,30.00,85.00
"4620213.00","462","Montréal","0213.00",1350.00,990.00,380.00,31.80,761.00,846.00,3.50,400812.00,360.00,990.00,17.80,150.00,53056.00,85.00,52187.00,44992.00,17.30,17.50,35488.00,31573.00,2664.00,5.40,1344.00,13911.20,39.20,72.80,14.10,1095.00,60.00,1.80,135.00,85.00,1960.00,425.00,20.00,80.00
"4620214.00","462","Montréal","0214.00",1425.00,1065.00,455.00,36.80,814.00,879.00,10.30,425076.00,360.00,1065.00,18.30,170.00,42752.00,100.00,49856.00,44480.00,22.10,19.20,29056.00,26598.00,2737.00,6.30,1405.00,10784.10,36.20,76.80,10.20,960.00,105.00,1.90,150.00,245.00,1900.00,650.00,65.00,205.00
"4620215.00","462","Montréal","0215.00",1610.00,1130.00,395.00,25.30,722.00,789.00,18.50,375020.00,485.00,1135.00,21.60,120.00,47232.00,115.00,51328.00,43968.00,22.00,19.50,33455.00,30098.00,3031.00,27.50,1633.00,12953.00,38.80,74.80,13.20,1050.00,460.00,1.80,115.00,125.00,2135.00,620.00,60.00,135.00
"4620216.00","462","Montréal","0216.00",1235.00,895.00,390.00,32.40,797.00,854.00,6.70,321116.00,335.00,895.00,27.90,110.00,45888.00,95.00,48256.00,42295.00,21.80,22.20,30248.00,27728.00,2233.00,1.60,1247.00,6898.40,35.10,81.80,6.30,1115.00,20.00,1.80,110.00,160.00,1585.00,470.00,35.00,140.00
"4620217.00","462","Montréal","0217.00",1475.00,1165.00,385.00,25.80,802.00,835.00,10.30,400830.00,315.00,1165.00,25.40,170.00,45696.00,115.00,50816.00,43627.00,21.80,19.00,32224.00,29024.00,2650.00,1.70,1449.00,16307.70,38.20,78.90,10.20,1155.00,170.00,1.80,150.00,140.00,2070.00,495.00,60.00,85.00
"4620218.00","462","Montréal","0218.00",1665.00,1310.00,570.00,36.00,843.00,899.00,3.40,448743.00,360.00,1305.00,26.80,225.00,46720.00,115.00,49451.00,43328.00,21.30,21.10,29817.00,27271.00,3042.00,6.20,1684.00,10848.80,37.50,81.70,8.60,1440.00,45.00,1.80,195.00,195.00,2080.00,685.00,90.00,175.00
"4620219.00","462","Montréal","0219.00",1515.00,880.00,475.00,40.30,825.00,882.00,2.80,348634.00,635.00,880.00,19.70,145.00,48000.00,110.00,53568.00,46080.00,20.50,20.10,31808.00,29038.00,2778.00,11.80,1528.00,8881.10,37.60,80.90,8.80,1355.00,10.00,1.80,160.00,105.00,1765.00,855.00,85.00,175.00
"4620220.00","462","Montréal","0220.00",2775.00,2225.00,1160.00,44.70,656.00,700.00,12.40,286664.00,545.00,2225.00,29.40,250.00,34880.00,230.00,31915.00,30647.00,43.30,40.90,18900.00,18767.00,5798.00,-0.20,2802.00,13808.00,40.30,69.40,16.50,2160.00,390.00,2.00,530.00,370.00,2290.00,2865.00,700.00,690.00
"4620221.00","462","Montréal","0221.00",2695.00,2220.00,1085.00,40.90,648.00,677.00,4.70,400218.00,480.00,2220.00,37.50,330.00,37248.00,305.00,32768.00,31411.00,38.30,37.90,18593.00,18461.00,5988.00,-5.60,2698.00,18217.20,39.60,68.50,15.80,2195.00,110.00,2.20,645.00,290.00,2270.00,3430.00,770.00,1010.00
"4620222.00","462","Montréal","0222.00",1515.00,1100.00,550.00,37.30,670.00,695.00,3.20,400830.00,420.00,1095.00,33.30,105.00,40832.00,190.00,36301.00,34867.00,35.10,34.80,19208.00,19001.00,3587.00,-4.50,1492.00,18016.10,39.50,66.00,17.30,905.00,140.00,2.40,345.00,175.00,1405.00,2110.00,425.00,560.00
"4620223.01","462","Montréal","0223.01",1465.00,1195.00,515.00,35.30,671.00,680.00,4.20,499973.00,275.00,1195.00,34.50,95.00,36256.00,220.00,36480.00,34731.00,37.50,37.50,18224.00,18037.00,3883.00,-1.80,1484.00,26872.00,36.50,67.40,12.50,1415.00,45.00,2.60,505.00,245.00,1245.00,2335.00,520.00,830.00
"4620223.02","462","Montréal","0223.02",1195.00,930.00,410.00,36.80,742.00,735.00,3.80,400243.00,270.00,930.00,24.10,125.00,40576.00,170.00,39456.00,37728.00,33.20,31.60,19982.00,19696.00,3085.00,-5.80,1186.00,15796.20,38.50,65.60,14.70,855.00,160.00,2.60,385.00,165.00,1115.00,1860.00,380.00,645.00
"4620224.00","462","Montréal","0224.00",2370.00,1835.00,875.00,37.30,656.00,680.00,15.00,425307.00,535.00,1835.00,34.60,210.00,36800.00,295.00,35060.00,33323.00,39.10,37.00,18468.00,18368.00,5937.00,-3.30,2395.00,15681.50,39.10,64.90,16.40,1880.00,165.00,2.50,425.00,335.00,2270.00,3195.00,760.00,980.00
"4620225.00","462","Montréal","0225.00",670.00,405.00,205.00,32.10,838.00,810.00,0.00,480803.00,260.00,410.00,28.30,55.00,54144.00,75.00,54059.00,47552.00,15.60,16.40,29536.00,27029.00,1400.00,0.40,639.00,2150.50,41.30,68.30,16.40,230.00,0.00,2.20,45.00,25.00,985.00,495.00,110.00,125.00
"4620226.00","462","Montréal","0226.00",1590.00,1075.00,405.00,28.50,814.00,868.00,1.40,450558.00,520.00,1075.00,18.30,145.00,52864.00,145.00,58752.00,49975.00,12.70,12.40,35409.00,31589.00,3143.00,3.70,1595.00,12833.80,37.50,77.40,10.00,1155.00,0.00,2.00,125.00,75.00,2380.00,625.00,55.00,150.00
"4620227.00","462","Montréal","0227.00",795.00,555.00,195.00,26.10,850.00,860.00,8.10,400279.00,240.00,555.00,20.80,80.00,55936.00,55.00,61472.00,52693.00,13.50,13.40,37184.00,32786.00,1592.00,2.60,779.00,13736.00,36.10,76.40,8.50,585.00,0.00,2.00,60.00,60.00,1310.00,255.00,30.00,65.00
"4620228.00","462","Montréal","0228.00",775.00,495.00,150.00,25.50,805.00,857.00,0.00,421819.00,285.00,495.00,12.50,50.00,61312.00,65.00,59136.00,51200.00,13.80,13.60,34816.00,30925.00,1721.00,-0.70,794.00,15216.60,40.40,69.60,16.20,540.00,0.00,2.00,50.00,50.00,1280.00,305.00,30.00,70.00
"4620229.00","462","Montréal","0229.00",,,,,,,,,,,,,,,,,,,,,0.00,,0.00,0.00,,,,,,,,,,,,
"4620230.00","462","Montréal","0230.00",975.00,660.00,225.00,27.80,801.00,834.00,4.50,528133.00,310.00,665.00,12.90,105.00,55168.00,80.00,56661.00,48677.00,15.40,15.90,34080.00,30592.00,1880.00,2.50,948.00,16333.60,37.90,74.70,10.60,715.00,0.00,2.00,55.00,40.00,1420.00,430.00,55.00,75.00
"4620231.00","462","Montréal","0231.00",870.00,600.00,230.00,30.00,793.00,853.00,2.50,449946.00,270.00,605.00,18.50,55.00,47616.00,80.00,53504.00,46387.00,17.30,16.20,37171.00,32683.00,1688.00,3.50,876.00,16325.00,36.20,78.70,6.50,710.00,0.00,1.90,75.00,65.00,1355.00,295.00,30.00,55.00
"4620232.00","462","Montréal","0232.00",2035.00,1080.00,535.00,34.70,812.00,900.00,3.70,400738.00,955.00,1080.00,16.10,160.00,52096.00,135.00,62096.00,52295.00,15.00,14.20,40320.00,35264.00,3737.00,16.20,2059.00,10255.20,39.60,78.00,10.80,1730.00,75.00,1.80,125.00,160.00,2775.00,760.00,70.00,200.00
"4620233.00","462","Montréal","0233.00",1165.00,990.00,505.00,46.70,814.00,869.00,7.10,349074.00,185.00,985.00,22.20,120.00,55936.00,70.00,42197.00,38272.00,25.20,24.50,26075.00,24640.00,2017.00,-1.20,1162.00,19394.20,36.20,79.70,10.70,985.00,90.00,1.70,105.00,205.00,1410.00,500.00,110.00,90.00
"4620234.00","462","Montréal","0234.00",1230.00,965.00,390.00,34.20,691.00,698.00,20.70,399590.00,265.00,970.00,22.60,115.00,43264.00,70.00,36885.00,33306.00,31.30,27.10,23413.00,22541.00,2188.00,-1.70,1245.00,14635.50,40.10,74.20,16.00,1070.00,0.00,1.70,120.00,95.00,1285.00,680.00,85.00,160.00
"4620235.00","462","Montréal","0235.00",1050.00,770.00,280.00,27.90,811.00,822.00,0.00,439060.00,280.00,770.00,22.80,100.00,62400.00,75.00,54443.00,46976.00,17.00,17.00,33993.00,30517.00,1972.00,9.10,1034.00,16912.50,36.00,80.80,8.40,810.00,0.00,1.90,60.00,60.00,1535.00,330.00,15.00,50.00
"4620236.00","462","Montréal","0236.00",950.00,710.00,275.00,30.80,782.00,796.00,12.60,449582.00,230.00,715.00,21.70,110.00,50816.00,70.00,47104.00,42155.00,22.40,18.30,30635.00,27712.00,1761.00,-0.60,954.00,16335.80,38.30,74.70,12.50,590.00,95.00,1.80,70.00,75.00,1395.00,335.00,35.00,80.00
"4620237.00","462","Montréal","0237.00",1715.00,1115.00,365.00,22.00,850.00,890.00,8.10,349924.00,605.00,1115.00,20.80,150.00,61504.00,145.00,60160.00,52025.00,14.40,13.20,35947.00,31757.00,3435.00,12.40,1740.00,15764.10,36.50,79.20,8.60,1035.00,265.00,2.00,115.00,55.00,2830.00,645.00,75.00,115.00
"4620238.00","462","Montréal","0238.00",1215.00,880.00,335.00,29.50,748.00,779.00,0.00,448883.00,335.00,875.00,23.50,125.00,51157.00,85.00,51200.00,45056.00,16.90,17.40,33847.00,29920.00,2358.00,1.10,1216.00,14439.70,37.20,76.70,8.90,690.00,85.00,1.90,125.00,45.00,1810.00,490.00,30.00,100.00
"4620239.00","462","Montréal","0239.00",2500.00,1900.00,830.00,36.80,690.00,704.00,8.90,375666.00,610.00,1900.00,21.50,175.00,44672.00,185.00,41626.00,37461.00,26.50,26.40,27733.00,25874.00,4696.00,2.40,2484.00,8664.20,37.50,75.00,10.90,1720.00,210.00,1.90,480.00,215.00,2760.00,1550.00,185.00,315.00
"4620240.00","462","Montréal","0240.00",1545.00,1185.00,485.00,33.30,664.00,690.00,20.20,348866.00,360.00,1190.00,25.40,90.00,39552.00,210.00,38699.00,35021.00,32.60,29.80,23104.00,22123.00,3226.00,5.10,1546.00,10487.60,40.40,67.40,16.40,1240.00,115.00,2.00,210.00,70.00,1790.00,1215.00,150.00,385.00
"4620241.00","462","Montréal","0241.00",1335.00,1005.00,435.00,31.30,704.00,742.00,4.00,348969.00,340.00,1005.00,34.30,160.00,44160.00,200.00,41088.00,37433.00,27.80,26.50,23232.00,22421.00,2914.00,0.70,1340.00,14125.10,37.60,71.70,11.30,1055.00,0.00,2.20,155.00,50.00,1715.00,1195.00,245.00,360.00
"4620242.00","462","Montréal","0242.00",3010.00,2365.00,1055.00,36.40,723.00,762.00,2.50,401096.00,655.00,2365.00,30.00,295.00,42816.00,365.00,40666.00,37623.00,27.60,26.70,23794.00,22818.00,6261.00,1.30,3017.00,16903.30,38.20,70.80,13.00,2275.00,50.00,2.10,510.00,115.00,3720.00,2420.00,350.00,650.00
"4620243.00","462","Montréal","0243.00",1765.00,1375.00,570.00,34.30,768.00,796.00,2.50,449157.00,390.00,1375.00,26.60,200.00,44928.00,230.00,45261.00,41515.00,26.40,24.90,24943.00,23908.00,3946.00,-1.50,1808.00,15492.70,36.90,72.20,11.40,1395.00,5.00,2.20,410.00,70.00,2105.00,1730.00,165.00,455.00
"4620244.00","462","Montréal","0244.00",1115.00,875.00,280.00,25.10,675.00,704.00,14.20,449596.00,235.00,875.00,25.50,95.00,46208.00,120.00,44928.00,39637.00,22.20,22.80,28779.00,26569.00,2142.00,1.60,1086.00,12205.10,37.40,73.20,11.20,805.00,5.00,2.00,150.00,55.00,1640.00,485.00,55.00,115.00
"4620245.00","462","Montréal","0245.00",1575.00,1160.00,480.00,33.50,717.00,765.00,9.10,350035.00,415.00,1160.00,21.70,110.00,50688.00,120.00,43968.00,39534.00,26.20,25.20,27968.00,26162.00,2886.00,3.30,1562.00,13142.10,37.10,77.20,10.70,1235.00,90.00,1.80,165.00,165.00,1945.00,760.00,65.00,210.00
"4620247.00","462","Montréal","0247.00",1175.00,795.00,385.00,38.10,793.00,857.00,2.50,400483.00,380.00,800.00,21.10,150.00,59776.00,75.00,56128.00,47360.00,18.10,18.10,34651.00,30605.00,2239.00,1.20,1182.00,11595.00,36.00,78.30,7.60,960.00,0.00,1.90,90.00,105.00,1725.00,375.00,45.00,65.00
"4620249.00","462","Montréal","0249.00",2120.00,1335.00,600.00,36.10,653.00,704.00,7.10,420927.00,790.00,1335.00,15.30,185.00,49664.00,220.00,41792.00,38064.00,24.20,24.90,26795.00,25083.00,4194.00,2.30,2139.00,7913.20,41.40,70.40,15.70,1325.00,35.00,1.90,190.00,120.00,2680.00,1245.00,125.00,285.00
"4620250.00","462","Montréal","0250.00",1920.00,1180.00,565.00,34.70,734.00,765.00,5.10,379582.00,740.00,1180.00,20.90,110.00,48608.00,230.00,46777.00,42880.00,21.10,21.40,26643.00,24896.00,4052.00,2.00,1899.00,9038.60,39.90,70.20,14.40,1215.00,0.00,2.10,260.00,155.00,2365.00,1630.00,225.00,330.00
"4620251.01","462","Montréal","0251.01",1540.00,1095.00,425.00,28.00,681.00,696.00,14.70,400162.00,450.00,1095.00,27.80,100.00,45120.00,230.00,42010.00,38585.00,26.80,24.80,22240.00,21446.00,3822.00,1.20,1529.00,8046.30,47.00,58.30,28.20,760.00,140.00,2.20,260.00,40.00,1765.00,1500.00,220.00,470.00
"4620251.02","462","Montréal","0251.02",1225.00,885.00,485.00,40.70,653.00,699.00,5.10,379791.00,345.00,885.00,34.80,125.00,39552.00,170.00,37760.00,35072.00,33.60,32.90,20690.00,20211.00,2723.00,2.50,1238.00,11508.90,38.70,71.70,11.70,980.00,0.00,2.20,375.00,110.00,1275.00,1400.00,290.00,435.00
"4620252.00","462","Montréal","0252.00",2270.00,1625.00,840.00,38.10,724.00,744.00,2.50,344530.00,655.00,1625.00,33.60,280.00,42624.00,310.00,40539.00,37504.00,32.20,31.10,21784.00,21133.00,5258.00,4.20,2275.00,16148.60,37.80,68.30,12.80,1745.00,10.00,2.30,610.00,160.00,2580.00,2485.00,410.00,665.00
"4620253.00","462","Montréal","0253.00",1470.00,875.00,475.00,37.10,667.00,705.00,4.00,230208.00,595.00,880.00,26.30,115.00,43904.00,210.00,48016.00,43676.00,27.40,25.80,24192.00,23066.00,3436.00,14.60,1443.00,7497.30,36.60,69.60,10.50,1175.00,0.00,2.40,385.00,100.00,1715.00,1685.00,285.00,500.00
"4620254.00","462","Montréal","0254.00",1810.00,1070.00,580.00,37.90,645.00,682.00,2.80,348179.00,740.00,1065.00,24.30,150.00,44117.00,245.00,42394.00,38656.00,28.60,28.30,24256.00,23066.00,4069.00,3.50,1836.00,6630.30,39.80,69.30,13.90,1260.00,5.00,2.20,355.00,130.00,2100.00,1760.00,335.00,485.00
"4620256.00","462","Montréal","0256.00",1425.00,925.00,500.00,39.00,713.00,739.00,3.80,299732.00,515.00,925.00,28.40,180.00,44704.00,310.00,44123.00,41746.00,25.10,23.10,21600.00,20779.00,3772.00,-2.40,1465.00,2049.70,37.40,68.90,12.20,840.00,0.00,2.60,305.00,55.00,1590.00,1830.00,355.00,730.00
"4620257.00","462","Montréal","0257.00",1685.00,1255.00,490.00,30.30,694.00,705.00,20.20,369727.00,420.00,1260.00,25.90,150.00,42560.00,360.00,42688.00,40832.00,29.60,27.20,20176.00,19846.00,4520.00,-2.20,1657.00,3398.50,37.70,64.10,14.60,920.00,0.00,2.70,310.00,65.00,2185.00,2410.00,455.00,895.00
"4620258.00","462","Montréal","0258.00",1775.00,1460.00,445.00,26.50,691.00,686.00,25.30,348411.00,320.00,1460.00,20.30,160.00,35456.00,445.00,41754.00,39503.00,40.90,36.90,21008.00,20416.00,5162.00,5.50,1802.00,13045.20,32.80,64.20,8.00,1430.00,0.00,2.90,680.00,120.00,2280.00,2630.00,690.00,860.00
"4620259.00","462","Montréal","0259.00",2315.00,1945.00,865.00,36.80,676.00,718.00,5.90,376660.00,375.00,1945.00,40.00,270.00,37120.00,510.00,37675.00,35732.00,37.30,36.20,20303.00,19978.00,5969.00,-1.60,2321.00,16106.30,35.00,66.20,10.20,1980.00,5.00,2.60,830.00,105.00,2705.00,3145.00,645.00,1150.00
"4620260.00","462","Montréal","0260.00",830.00,575.00,205.00,27.00,696.00,728.00,0.00,348782.00,260.00,570.00,19.20,55.00,38656.00,185.00,47770.00,44032.00,25.80,23.20,22731.00,21952.00,2312.00,-0.20,836.00,4264.90,35.70,64.40,11.90,505.00,0.00,2.80,265.00,15.00,1020.00,1215.00,145.00,435.00
"4620261.00","462","Montréal","0261.00",1080.00,750.00,365.00,35.30,698.00,712.00,0.00,359785.00,330.00,750.00,31.80,90.00,44288.00,215.00,40448.00,37478.00,31.20,29.60,21003.00,20448.00,2713.00,-3.80,1070.00,4309.80,37.60,64.80,14.40,615.00,0.00,2.50,270.00,45.00,1290.00,1375.00,255.00,545.00
"4620262.00","462","Montréal","0262.00",1745.00,1095.00,535.00,32.00,742.00,744.00,1.80,349010.00,650.00,1095.00,28.20,140.00,42304.00,370.00,43494.00,40939.00,29.70,28.80,21318.00,20779.00,4525.00,-1.50,1717.00,5972.00,37.60,64.20,14.50,1080.00,0.00,2.60,455.00,75.00,2070.00,2675.00,590.00,930.00
"4620263.00","462","Montréal","0263.00",1710.00,1130.00,460.00,26.70,695.00,701.00,16.40,400057.00,580.00,1125.00,27.60,105.00,46592.00,300.00,45184.00,41498.00,24.00,20.30,22992.00,22336.00,4085.00,1.40,1713.00,5431.50,40.60,62.30,19.00,995.00,0.00,2.40,290.00,35.00,2165.00,1940.00,330.00,625.00
"4620264.01","462","Montréal","0264.01",2275.00,1445.00,400.00,20.40,758.00,768.00,23.50,499744.00,830.00,1445.00,12.70,100.00,62272.00,285.00,64987.00,55424.00,13.50,13.10,36873.00,32625.00,5530.00,1.20,2330.00,4515.80,44.70,59.80,24.90,1275.00,235.00,2.20,185.00,35.00,3865.00,1110.00,230.00,330.00
"4620264.02","462","Montréal","0264.02",2590.00,1100.00,470.00,21.50,778.00,810.00,16.80,300014.00,1495.00,1095.00,15.70,75.00,60800.00,270.00,64363.00,53385.00,16.50,14.30,42123.00,36197.00,5249.00,4.60,2591.00,5754.20,41.30,72.10,15.70,1705.00,725.00,1.90,235.00,35.00,3545.00,1295.00,240.00,335.00
"4620265.00","462","Montréal","0265.00",2220.00,1420.00,630.00,31.00,750.00,780.00,0.00,401214.00,805.00,1420.00,24.20,165.00,61056.00,245.00,54875.00,48192.00,14.90,15.60,32192.00,29274.00,4565.00,3.70,2213.00,9447.40,38.80,72.10,13.30,1685.00,0.00,2.10,255.00,65.00,3335.00,1135.00,145.00,255.00
"4620266.00","462","Montréal","0266.00",1660.00,1230.00,450.00,28.00,702.00,725.00,17.90,399530.00,430.00,1230.00,24.40,150.00,47744.00,165.00,45184.00,40448.00,25.20,22.40,26765.00,24677.00,3357.00,3.00,1682.00,4456.40,40.70,70.70,16.70,1305.00,175.00,1.90,230.00,45.00,2230.00,995.00,200.00,235.00
"4620267.00","462","Montréal","0267.00",2665.00,1535.00,730.00,28.70,757.00,758.00,3.90,448598.00,1130.00,1535.00,25.70,150.00,49536.00,355.00,50688.00,46234.00,19.40,17.90,25432.00,24099.00,6334.00,5.00,2666.00,5626.70,39.60,67.60,15.20,1945.00,190.00,2.40,485.00,140.00,3020.00,3135.00,465.00,790.00
"4620268.01","462","Montréal","0268.01",3170.00,1755.00,1090.00,45.30,843.00,994.00,5.70,224907.00,1410.00,1755.00,20.80,145.00,49067.00,260.00,46197.00,41254.00,27.40,26.10,25813.00,24614.00,6777.00,12.10,3137.00,11656.30,44.30,58.50,25.10,715.00,2300.00,2.10,1030.00,215.00,2625.00,3700.00,630.00,610.00
"4620268.02","462","Montréal","0268.02",2120.00,1120.00,700.00,38.40,871.00,887.00,12.00,274513.00,995.00,1125.00,27.50,70.00,47744.00,270.00,53205.00,48491.00,26.60,23.80,24948.00,23925.00,5598.00,68.60,2151.00,18487.50,35.50,66.60,11.30,525.00,1530.00,2.60,960.00,110.00,1925.00,3500.00,815.00,775.00
"4620268.03","462","Montréal","0268.03",,,,,,,,,,,,,,,,,,,,,0.00,-100.00,0.00,0.00,,,,,,,,,,,,
"4620269.00","462","Montréal","0269.00",1915.00,1500.00,645.00,35.70,683.00,729.00,10.00,500547.00,420.00,1500.00,26.20,150.00,37248.00,235.00,41970.00,37906.00,30.50,29.10,26286.00,24870.00,4137.00,4.20,1921.00,5358.10,36.40,68.20,11.00,1550.00,5.00,2.10,585.00,135.00,2090.00,1910.00,300.00,560.00
"4620270.00","462","Montréal","0270.00",2410.00,1530.00,655.00,31.60,664.00,719.00,17.00,401381.00,875.00,1535.00,18.90,115.00,53888.00,175.00,48816.00,42585.00,21.80,23.40,32576.00,29134.00,4529.00,3.70,2403.00,6672.10,40.30,71.70,14.20,1235.00,460.00,1.90,430.00,125.00,3045.00,1290.00,155.00,315.00
"4620271.00","462","Montréal","0271.00",1670.00,720.00,325.00,28.30,781.00,809.00,0.00,400762.00,945.00,725.00,12.70,95.00,65280.00,165.00,67424.00,57323.00,9.20,9.00,39040.00,34163.00,3454.00,6.50,1613.00,7224.40,40.80,69.70,15.80,925.00,0.00,2.10,145.00,30.00,2945.00,630.00,65.00,155.00
"4620272.00","462","Montréal","0272.00",1860.00,1250.00,475.00,29.50,681.00,738.00,7.20,420823.00,610.00,1255.00,16.50,115.00,48384.00,220.00,48910.00,43290.00,22.80,22.50,30016.00,27533.00,3796.00,1.30,1841.00,7524.30,40.50,67.60,14.90,1350.00,5.00,2.10,375.00,110.00,2340.00,1435.00,125.00,405.00
"4620273.00","462","Montréal","0273.00",2175.00,1420.00,720.00,36.10,742.00,830.00,6.30,401112.00,750.00,1425.00,26.70,150.00,52736.00,255.00,48114.00,43026.00,19.60,18.20,29766.00,27653.00,4661.00,6.40,2195.00,8188.70,44.40,59.80,24.10,1455.00,0.00,2.00,320.00,35.00,2625.00,1660.00,170.00,375.00
"4620274.00","462","Montréal","0274.00",1335.00,895.00,325.00,27.90,711.00,737.00,6.70,428807.00,440.00,895.00,18.20,80.00,50048.00,190.00,46357.00,42224.00,20.10,18.70,26320.00,24998.00,3014.00,-0.90,1357.00,6287.00,41.80,62.50,19.90,690.00,75.00,2.20,190.00,10.00,1690.00,1245.00,155.00,230.00
"4620275.00","462","Montréal","0275.00",2020.00,1340.00,630.00,36.40,698.00,781.00,7.10,424163.00,670.00,1345.00,20.70,195.00,49792.00,210.00,46950.00,41984.00,21.50,22.90,30152.00,27712.00,4011.00,0.70,1996.00,6461.00,42.60,66.50,17.60,1440.00,0.00,2.00,375.00,50.00,2570.00,1425.00,190.00,350.00
"4620276.00","462","Montréal","0276.00",2525.00,1720.00,670.00,27.00,674.00,727.00,12.50,425459.00,810.00,1720.00,24.70,220.00,52864.00,290.00,49040.00,42953.00,21.70,21.20,29936.00,27576.00,5112.00,1.90,2529.00,5954.60,40.80,66.90,15.90,1810.00,100.00,2.00,495.00,50.00,3345.00,1665.00,305.00,400.00
"4620277.00","462","Montréal","0277.00",1925.00,1355.00,630.00,40.20,685.00,738.00,6.60,501251.00,570.00,1350.00,15.80,115.00,54187.00,210.00,42291.00,37920.00,26.90,27.90,28979.00,26841.00,4410.00,0.20,1936.00,7882.00,46.60,58.80,26.60,1480.00,110.00,1.90,530.00,100.00,2415.00,1275.00,145.00,325.00
"4620278.00","462","Montréal","0278.00",2100.00,1360.00,590.00,33.50,731.00,787.00,5.50,479634.00,750.00,1360.00,18.80,220.00,58752.00,220.00,54016.00,46848.00,18.80,19.20,34336.00,30933.00,4343.00,0.10,2100.00,7364.80,39.80,69.20,14.00,1235.00,85.00,2.10,355.00,25.00,3200.00,1090.00,105.00,240.00
"4620279.00","462","Montréal","0279.00",2555.00,1730.00,905.00,44.50,758.00,953.00,14.20,552284.00,825.00,1730.00,16.40,155.00,59008.00,180.00,50099.00,43110.00,19.90,20.90,34789.00,31136.00,5261.00,26.30,2500.00,5602.80,50.80,54.80,34.10,1220.00,670.00,1.90,335.00,75.00,3525.00,1130.00,160.00,245.00
"4620280.00","462","Montréal","0280.00",2015.00,1240.00,535.00,34.50,660.00,703.00,1.60,501523.00,770.00,1245.00,13.50,145.00,56448.00,195.00,51072.00,44779.00,21.10,22.00,32640.00,29323.00,4494.00,0.50,2085.00,7605.30,38.50,67.00,13.30,1295.00,5.00,2.20,520.00,70.00,2835.00,1475.00,170.00,420.00
"4620281.00","462","Montréal","0281.00",1470.00,625.00,245.00,26.60,732.00,799.00,2.40,500423.00,845.00,620.00,9.40,90.00,76800.00,125.00,73472.00,60800.00,9.90,9.90,44117.00,37781.00,3914.00,10.00,1459.00,3607.40,44.40,67.20,20.90,715.00,0.00,2.10,170.00,25.00,2545.00,610.00,95.00,105.00
"4620282.00","462","Montréal","0282.00",2730.00,1620.00,870.00,36.50,736.00,764.00,8.30,449016.00,1120.00,1620.00,25.40,240.00,51776.00,330.00,49941.00,44480.00,24.70,24.80,25504.00,24239.00,7032.00,4.10,2737.00,5272.20,42.90,61.50,21.10,1550.00,235.00,2.40,805.00,90.00,3255.00,3140.00,525.00,690.00
"4620283.01","462","Montréal","0283.01",1360.00,600.00,390.00,33.60,767.00,810.00,0.00,549097.00,760.00,595.00,24.30,85.00,55680.00,155.00,56149.00,51814.00,16.40,16.20,24082.00,22827.00,3663.00,1.40,1356.00,6017.70,45.90,57.50,27.20,650.00,0.00,2.60,265.00,25.00,1640.00,1990.00,340.00,270.00
"4620283.02","462","Montréal","0283.02",1175.00,680.00,440.00,46.30,680.00,744.00,3.70,538568.00,495.00,680.00,25.30,65.00,54656.00,145.00,47445.00,43776.00,24.40,25.80,23296.00,22419.00,2853.00,1.10,1208.00,6076.70,43.70,60.80,22.80,760.00,0.00,2.40,280.00,30.00,1215.00,1440.00,220.00,205.00
"4620284.00","462","Montréal","0284.00",1590.00,895.00,440.00,29.10,649.00,704.00,11.70,501263.00,695.00,895.00,25.20,140.00,62592.00,125.00,49312.00,44448.00,20.90,18.70,27168.00,25461.00,3467.00,3.10,1559.00,5957.00,44.10,61.40,23.20,1065.00,90.00,2.20,275.00,45.00,1895.00,1600.00,250.00,365.00
"4620285.00","462","Montréal","0285.00",2260.00,1240.00,625.00,35.50,654.00,734.00,10.50,401062.00,1020.00,1240.00,18.10,190.00,43435.00,290.00,52480.00,47909.00,23.80,24.20,27251.00,25700.00,6577.00,0.40,2260.00,4348.70,44.10,56.30,24.70,1215.00,5.00,2.50,720.00,180.00,2860.00,2685.00,450.00,615.00
"4620286.00","462","Montréal","0286.00",1960.00,1215.00,575.00,34.60,701.00,742.00,8.30,399498.00,750.00,1210.00,20.00,155.00,41856.00,255.00,47693.00,44518.00,29.70,29.10,23336.00,22452.00,5305.00,-0.30,1961.00,6705.00,35.90,64.20,11.60,710.00,515.00,2.70,860.00,75.00,2170.00,3055.00,685.00,680.00
"4620287.01","462","Montréal","0287.01",3050.00,2455.00,1080.00,40.00,618.00,674.00,13.00,299690.00,600.00,2455.00,17.50,300.00,36736.00,345.00,36315.00,33835.00,35.70,36.00,22054.00,21335.00,6641.00,7.80,3056.00,12376.10,35.20,67.60,9.60,2695.00,110.00,2.20,1350.00,265.00,2565.00,3775.00,760.00,980.00
"4620287.02","462","Montréal","0287.02",1755.00,840.00,515.00,37.30,857.00,832.00,10.20,599353.00,920.00,835.00,22.80,110.00,63552.00,185.00,62613.00,55840.00,18.50,16.30,29178.00,27664.00,4642.00,3.30,1739.00,4193.70,42.10,58.90,22.10,1015.00,5.00,2.60,290.00,55.00,2390.00,2155.00,260.00,460.00
"4620288.00","462","Montréal","0288.00",385.00,0.00,65.00,0.00,0.00,0.00,0.00,822744.00,380.00,10.00,17.10,30.00,130816.00,35.00,157184.00,124672.00,6.40,6.30,48512.00,40192.00,1519.00,-3.90,404.00,805.10,48.10,56.30,29.30,0.00,0.00,3.10,10.00,0.00,790.00,390.00,10.00,60.00
"4620290.01","462","Montréal","0290.01",990.00,280.00,195.00,25.50,683.00,737.00,14.30,400236.00,715.00,280.00,17.60,25.00,60160.00,125.00,69344.00,60954.00,11.90,9.80,31936.00,28992.00,2655.00,18.30,1001.00,2204.80,39.10,65.00,15.30,420.00,0.00,2.60,60.00,0.00,1745.00,835.00,100.00,160.00
"4620290.02","462","Montréal","0290.02",2230.00,760.00,500.00,34.20,741.00,753.00,4.00,349354.00,1470.00,760.00,16.00,100.00,57216.00,345.00,60032.00,54224.00,11.50,9.90,28261.00,26298.00,5738.00,-3.30,2227.00,3188.50,42.70,66.50,19.10,1095.00,0.00,2.60,95.00,40.00,3615.00,2060.00,100.00,385.00
"4620290.03","462","Montréal","0290.03",1745.00,790.00,385.00,24.50,789.00,795.00,9.50,269559.00,950.00,790.00,20.00,90.00,53632.00,340.00,55347.00,49579.00,15.80,14.30,28343.00,26149.00,4171.00,0.10,1734.00,6526.40,41.00,66.40,17.30,1290.00,0.00,2.40,225.00,25.00,2495.00,1715.00,270.00,440.00
"4620290.04","462","Montréal","0290.04",2445.00,715.00,535.00,32.90,802.00,831.00,7.00,324739.00,1730.00,715.00,17.30,155.00,56448.00,440.00,67568.00,59349.00,12.30,10.90,29376.00,26900.00,6889.00,2.30,2445.00,2430.90,38.90,68.30,13.60,870.00,0.00,2.80,175.00,40.00,4585.00,2265.00,345.00,570.00
"4620290.05","462","Montréal","0290.05",2350.00,1255.00,975.00,64.30,1273.00,1209.00,15.20,289354.00,1105.00,1255.00,15.50,75.00,56960.00,270.00,48821.00,43534.00,12.40,10.30,29478.00,27213.00,5100.00,-11.70,2357.00,2296.70,54.20,49.50,40.50,760.00,845.00,2.00,75.00,10.00,3290.00,1425.00,150.00,370.00
"4620290.06","462","Montréal","0290.06",1980.00,705.00,405.00,30.70,728.00,783.00,8.60,348791.00,1275.00,705.00,14.80,150.00,53760.00,335.00,61141.00,54656.00,13.80,11.40,27217.00,25353.00,5381.00,-5.60,1982.00,6002.20,42.40,64.40,20.10,780.00,0.00,2.70,190.00,45.00,2885.00,2435.00,220.00,555.00
"4620290.07","462","Montréal","0290.07",1575.00,710.00,310.00,30.50,707.00,703.00,39.40,358400.00,870.00,710.00,11.50,45.00,51200.00,285.00,58277.00,53440.00,16.40,14.40,27648.00,25776.00,4121.00,2.80,1573.00,7075.90,39.60,64.70,15.40,740.00,0.00,2.60,185.00,10.00,2685.00,1600.00,145.00,385.00
"4620290.08","462","Montréal","0290.08",1490.00,250.00,285.00,26.50,744.00,904.00,0.00,325258.00,1235.00,245.00,17.70,55.00,59008.00,200.00,70949.00,61542.00,9.20,7.30,31268.00,28114.00,4076.00,-1.80,1494.00,3610.30,43.20,66.70,18.90,390.00,0.00,2.70,95.00,20.00,2530.00,1295.00,90.00,250.00
"4620290.09","462","Montréal","0290.09",1755.00,410.00,325.00,22.00,651.00,705.00,32.90,320131.00,1345.00,405.00,17.80,115.00,59264.00,340.00,66202.00,59552.00,12.90,9.20,28665.00,26722.00,4910.00,-4.20,1757.00,4416.70,41.80,65.20,18.60,500.00,75.00,2.80,65.00,10.00,3075.00,1810.00,190.00,510.00
"4620291.01","462","Montréal","0291.01",1365.00,250.00,225.00,26.00,675.00,697.00,14.00,299145.00,1115.00,250.00,14.40,95.00,64448.00,200.00,72960.00,62613.00,7.90,6.30,30197.00,27584.00,3923.00,-2.30,1367.00,3995.70,39.10,69.00,13.60,375.00,0.00,2.90,140.00,15.00,2510.00,1365.00,225.00,420.00
"4620291.03","462","Montréal","0291.03",1780.00,295.00,315.00,35.00,781.00,859.00,0.00,349332.00,1485.00,295.00,14.20,35.00,63403.00,225.00,90149.00,76190.00,5.80,5.50,39708.00,34748.00,5352.00,12.90,1785.00,765.60,35.70,71.60,7.80,280.00,20.00,3.00,120.00,10.00,4080.00,1155.00,165.00,305.00
"4620291.04","462","Montréal","0291.04",1475.00,120.00,180.00,25.00,773.00,771.00,0.00,317832.00,1355.00,120.00,11.10,30.00,67499.00,180.00,97024.00,81388.00,5.80,4.60,39403.00,34467.00,5230.00,9.50,1469.00,1634.40,34.80,72.30,6.40,90.00,0.00,3.20,90.00,0.00,3490.00,1270.00,200.00,360.00
"4620300.00","462","Montréal","0300.00",1250.00,1030.00,505.00,44.20,699.00,730.00,7.30,250758.00,220.00,1035.00,25.60,115.00,39552.00,90.00,38067.00,34505.00,30.90,30.50,24165.00,23088.00,2699.00,-0.30,1261.00,5226.60,45.10,67.40,23.70,1060.00,120.00,1.80,205.00,150.00,1455.00,545.00,85.00,85.00
"4620301.00","462","Montréal","0301.00",2640.00,1675.00,685.00,29.60,746.00,793.00,10.80,290560.00,965.00,1670.00,20.20,270.00,46464.00,190.00,50020.00,44101.00,21.40,19.30,31595.00,28352.00,5005.00,0.80,2627.00,11936.60,40.10,74.50,13.90,2300.00,5.00,1.90,285.00,190.00,3405.00,1360.00,90.00,340.00
"4620302.00","462","Montréal","0302.00",1560.00,1165.00,495.00,33.90,753.00,784.00,5.20,324927.00,400.00,1165.00,23.80,205.00,38208.00,135.00,43669.00,38579.00,27.80,26.30,28224.00,26069.00,2926.00,3.50,1537.00,14176.40,36.20,78.80,7.70,1295.00,5.00,1.90,225.00,140.00,2190.00,615.00,75.00,90.00
"4620303.00","462","Montréal","0303.00",1230.00,880.00,375.00,32.20,734.00,747.00,14.10,300593.00,340.00,885.00,25.00,140.00,34048.00,140.00,43072.00,38400.00,28.70,25.10,28437.00,26139.00,2291.00,3.50,1252.00,8687.90,37.30,76.60,9.80,995.00,85.00,1.80,95.00,55.00,1725.00,470.00,55.00,130.00
"4620304.00","462","Montréal","0304.00",1765.00,1210.00,530.00,32.40,731.00,739.00,19.50,320939.00,560.00,1210.00,25.20,135.00,39552.00,160.00,42795.00,38720.00,28.00,25.60,27783.00,25520.00,3277.00,12.60,1745.00,12092.30,41.00,70.60,16.00,1125.00,385.00,1.80,350.00,145.00,2135.00,890.00,125.00,250.00
"4620305.00","462","Montréal","0305.00",2085.00,1335.00,675.00,37.50,741.00,768.00,4.50,321341.00,760.00,1335.00,23.30,205.00,42560.00,145.00,48405.00,42288.00,23.50,23.60,31080.00,28264.00,3762.00,1.40,2083.00,10727.10,40.40,75.50,13.40,1375.00,415.00,1.80,405.00,175.00,2530.00,1065.00,75.00,225.00
"4620306.00","462","Montréal","0306.00",1505.00,1195.00,515.00,36.00,816.00,836.00,4.20,285247.00,305.00,1195.00,26.20,180.00,39979.00,185.00,46153.00,41600.00,24.40,22.20,27968.00,26096.00,2847.00,1.70,1524.00,12766.80,39.20,75.30,12.60,1000.00,230.00,1.90,230.00,40.00,2220.00,485.00,55.00,120.00
"4620307.00","462","Montréal","0307.00",1575.00,1360.00,470.00,31.20,780.00,802.00,1.80,300640.00,220.00,1360.00,20.50,240.00,37120.00,210.00,45286.00,40480.00,28.20,25.00,25549.00,23883.00,3079.00,-5.80,1567.00,17736.20,36.00,78.70,8.10,1345.00,0.00,2.00,225.00,130.00,2430.00,585.00,40.00,145.00
"4620308.00","462","Montréal","0308.00",1340.00,1170.00,375.00,29.10,780.00,821.00,2.10,348175.00,170.00,1170.00,17.60,150.00,41771.00,185.00,47909.00,42598.00,24.50,21.20,28288.00,26055.00,2693.00,6.80,1352.00,15477.00,36.70,78.30,8.50,1110.00,0.00,2.00,110.00,90.00,2365.00,340.00,10.00,110.00
"4620309.00","462","Montréal","0309.00",620.00,395.00,150.00,26.60,784.00,834.00,0.00,399621.00,225.00,395.00,19.60,60.00,50944.00,95.00,58112.00,51968.00,15.80,13.80,33600.00,30391.00,1364.00,4.50,622.00,7313.70,40.00,71.30,13.60,420.00,0.00,2.20,45.00,45.00,1105.00,200.00,10.00,45.00
"4620310.00","462","Montréal","0310.00",1595.00,995.00,435.00,31.70,797.00,831.00,2.00,414840.00,600.00,995.00,20.20,175.00,52480.00,185.00,56960.00,50048.00,13.90,13.10,35942.00,31424.00,3387.00,-1.00,1603.00,7915.40,39.80,71.20,12.70,235.00,0.00,2.10,100.00,20.00,2970.00,340.00,35.00,90.00
"4620311.00","462","Montréal","0311.00",2000.00,1700.00,575.00,29.90,763.00,789.00,10.00,340983.00,295.00,1700.00,20.30,285.00,44715.00,250.00,44389.00,39808.00,24.80,21.80,27749.00,25357.00,4003.00,0.40,2017.00,11203.50,41.90,70.50,17.40,1145.00,150.00,1.90,120.00,60.00,3235.00,495.00,40.00,95.00
"4620312.00","462","Montréal","0312.00",1635.00,1140.00,465.00,31.10,772.00,772.00,12.30,401328.00,495.00,1145.00,22.00,145.00,51328.00,190.00,51379.00,45338.00,20.70,17.60,32245.00,29020.00,3241.00,0.70,1621.00,10563.90,41.20,65.90,17.30,395.00,145.00,2.00,55.00,50.00,2865.00,315.00,15.00,100.00
"4620313.00","462","Montréal","0313.00",1545.00,1090.00,395.00,31.30,825.00,853.00,0.00,448947.00,460.00,1085.00,12.10,135.00,55424.00,205.00,58080.00,50448.00,14.00,12.90,34048.00,30320.00,3249.00,-1.20,1523.00,8173.60,41.90,68.30,16.80,200.00,5.00,2.10,105.00,10.00,2830.00,395.00,35.00,85.00
"4620314.00","462","Montréal","0314.00",1140.00,755.00,245.00,22.50,812.00,862.00,0.00,449092.00,390.00,755.00,20.80,100.00,57344.00,150.00,60774.00,51883.00,12.10,10.80,34802.00,30848.00,2466.00,1.80,1162.00,9573.00,42.60,66.70,18.30,15.00,5.00,2.10,35.00,10.00,2180.00,265.00,25.00,70.00
"4620315.00","462","Montréal","0315.00",,,,,,,,,,,,,,,,,,,,,240.00,155.30,5.00,295.90,,,,,,,,,,,,
"4620316.00","462","Montréal","0316.00",850.00,195.00,115.00,30.80,703.00,778.00,0.00,448860.00,650.00,195.00,8.50,70.00,79616.00,65.00,94891.00,78080.00,4.20,4.10,48832.00,40925.00,2239.00,2.40,850.00,3930.80,44.60,64.00,19.70,40.00,0.00,2.40,40.00,10.00,1805.00,215.00,10.00,30.00
"4620317.02","462","Montréal","0317.02",3850.00,1745.00,1220.00,39.80,1079.00,1229.00,0.90,401407.00,2115.00,1740.00,24.80,215.00,55808.00,280.00,76614.00,62310.00,16.90,18.40,45696.00,38708.00,7929.00,19.10,3882.00,6100.20,46.40,59.70,26.80,630.00,2630.00,2.00,875.00,240.00,4340.00,3005.00,235.00,395.00
"4620317.03","462","Montréal","0317.03",2190.00,355.00,445.00,36.60,1479.00,1403.00,0.00,400102.00,1845.00,355.00,17.10,55.00,94080.00,180.00,100147.00,78404.00,10.50,10.60,60736.00,48512.00,4349.00,5.00,2176.00,5387.80,43.80,66.60,18.00,405.00,1205.00,2.00,250.00,45.00,2950.00,1425.00,40.00,220.00
"4620317.04","462","Montréal","0317.04",3570.00,1975.00,1185.00,43.40,1062.00,1252.00,0.00,696737.00,1615.00,1970.00,20.80,105.00,56192.00,265.00,75179.00,62763.00,17.70,17.60,43237.00,37260.00,8183.00,8.80,3584.00,5031.70,41.80,63.80,18.00,940.00,1865.00,2.20,1165.00,265.00,4405.00,3305.00,215.00,410.00
"4620320.00","462","Montréal","0320.00",2165.00,1115.00,540.00,29.60,794.00,804.00,1.80,401296.00,1045.00,1120.00,20.10,210.00,57600.00,280.00,57707.00,50368.00,13.90,13.50,33980.00,30345.00,4683.00,3.10,2133.00,6895.90,41.40,65.60,17.50,210.00,0.00,2.20,185.00,45.00,3795.00,925.00,125.00,220.00
"4620321.00","462","Montréal","0321.00",1355.00,785.00,365.00,31.60,714.00,744.00,3.20,399460.00,570.00,785.00,21.10,110.00,50560.00,205.00,53280.00,47200.00,16.20,16.20,31904.00,28544.00,2921.00,2.50,1387.00,2624.00,40.80,70.90,13.40,260.00,5.00,2.10,75.00,10.00,2220.00,580.00,65.00,105.00
"4620322.02","462","Montréal","0322.02",1645.00,865.00,390.00,28.90,763.00,796.00,2.90,449279.00,780.00,865.00,17.90,95.00,53760.00,195.00,62165.00,53328.00,13.00,12.30,34700.00,31120.00,3850.00,1.90,1673.00,4956.90,42.30,65.80,18.30,310.00,0.00,2.30,165.00,35.00,2750.00,965.00,135.00,190.00
"4620322.03","462","Montréal","0322.03",2340.00,1755.00,815.00,37.70,811.00,813.00,1.70,549824.00,590.00,1750.00,27.10,125.00,45536.00,290.00,47307.00,41746.00,19.40,17.80,28245.00,26071.00,4751.00,2.20,2361.00,6194.30,45.60,59.80,25.70,635.00,255.00,2.00,240.00,20.00,3420.00,1180.00,175.00,170.00
"4620322.04","462","Montréal","0322.04",1395.00,755.00,260.00,21.10,713.00,709.00,24.50,501737.00,640.00,755.00,15.70,55.00,54784.00,115.00,52645.00,46245.00,17.10,12.90,30464.00,27392.00,3345.00,-3.80,1377.00,7335.50,53.80,51.40,39.00,380.00,0.00,2.00,60.00,35.00,2010.00,890.00,65.00,140.00
"4620323.00","462","Montréal","0323.00",1210.00,760.00,265.00,25.80,755.00,782.00,0.00,449536.00,455.00,765.00,16.70,105.00,56224.00,135.00,56704.00,49638.00,14.90,15.40,34192.00,30344.00,2862.00,-2.70,1191.00,4618.40,46.30,61.20,25.50,90.00,0.00,2.10,125.00,30.00,1940.00,600.00,115.00,140.00
"4620324.01","462","Montréal","0324.01",2140.00,1340.00,700.00,34.50,805.00,831.00,2.20,500025.00,810.00,1335.00,29.20,155.00,46336.00,315.00,49792.00,44928.00,23.40,23.60,27192.00,25426.00,4894.00,5.40,2130.00,7279.50,40.50,66.40,16.20,600.00,0.00,2.30,630.00,95.00,2800.00,1955.00,420.00,335.00
"4620324.02","462","Montréal","0324.02",1135.00,715.00,295.00,27.80,683.00,730.00,2.80,425012.00,420.00,720.00,20.20,90.00,50240.00,165.00,50752.00,46234.00,20.10,20.10,27723.00,26048.00,2806.00,4.00,1148.00,4178.70,38.60,65.80,15.20,310.00,0.00,2.40,205.00,65.00,1565.00,1135.00,240.00,280.00
"4620325.01","462","Montréal","0325.01",1440.00,900.00,435.00,31.70,816.00,804.00,3.30,450208.00,545.00,900.00,27.80,100.00,48832.00,265.00,53248.00,48213.00,18.60,17.30,26576.00,24942.00,3715.00,1.20,1454.00,9424.20,40.60,62.60,18.80,515.00,0.00,2.60,275.00,45.00,1905.00,1655.00,220.00,425.00
"4620325.02","462","Montréal","0325.02",2760.00,2060.00,835.00,32.00,786.00,819.00,4.60,450233.00,705.00,2065.00,25.00,215.00,45888.00,430.00,46944.00,42825.00,24.30,23.10,25796.00,24408.00,6575.00,0.20,2764.00,6733.20,41.20,62.90,19.60,1690.00,155.00,2.30,730.00,145.00,3710.00,2620.00,430.00,630.00
"4620325.03","462","Montréal","0325.03",1505.00,975.00,465.00,33.30,861.00,874.00,0.00,499214.00,525.00,980.00,26.40,80.00,51712.00,250.00,53824.00,48875.00,16.80,17.20,26411.00,24896.00,3702.00,2.50,1507.00,7927.20,41.50,62.70,20.00,665.00,10.00,2.40,190.00,105.00,2025.00,1535.00,220.00,405.00
"4620325.05","462","Montréal","0325.05",3025.00,1130.00,1010.00,37.70,898.00,946.00,7.50,334279.00,1910.00,1130.00,31.00,105.00,48640.00,300.00,53237.00,47456.00,18.00,18.80,28819.00,26748.00,6994.00,39.00,3039.00,7659.60,45.80,61.30,25.50,975.00,755.00,2.10,590.00,180.00,3290.00,3010.00,255.00,540.00
"4620325.06","462","Montréal","0325.06",1925.00,710.00,375.00,26.10,844.00,835.00,0.00,335138.00,1220.00,710.00,15.60,95.00,60843.00,180.00,62649.00,54030.00,11.70,12.40,33512.00,29888.00,4225.00,1.50,1925.00,5458.70,43.60,66.50,20.00,1120.00,0.00,2.20,335.00,80.00,2680.00,1500.00,95.00,305.00
"4620326.01","462","Montréal","0326.01",1140.00,785.00,340.00,27.20,860.00,865.00,3.80,500540.00,345.00,790.00,34.30,95.00,49792.00,180.00,54048.00,48293.00,19.10,18.30,26061.00,24576.00,2822.00,-1.70,1129.00,1111.10,39.90,64.60,17.20,0.00,5.00,2.50,175.00,110.00,1675.00,1205.00,240.00,305.00
"4620326.02","462","Montréal","0326.02",1585.00,1020.00,445.00,27.50,722.00,755.00,5.40,399998.00,560.00,1020.00,29.50,175.00,41216.00,215.00,46421.00,41472.00,23.80,22.80,27191.00,25612.00,3386.00,-3.10,1570.00,3117.30,40.00,67.90,15.20,360.00,10.00,2.20,360.00,55.00,2030.00,1440.00,295.00,340.00
"4620326.03","462","Montréal","0326.03",1885.00,1210.00,585.00,33.10,837.00,857.00,1.70,449167.00,690.00,1205.00,27.20,135.00,51648.00,335.00,52672.00,48299.00,20.40,19.90,24885.00,23616.00,4976.00,0.50,1906.00,3771.40,39.70,65.40,16.70,365.00,5.00,2.60,395.00,140.00,2620.00,2040.00,310.00,450.00
"4620327.00","462","Montréal","0327.00",2055.00,1265.00,620.00,33.30,774.00,795.00,5.50,400430.00,795.00,1265.00,25.30,155.00,48320.00,285.00,49664.00,45030.00,20.70,20.70,27957.00,25920.00,4737.00,-1.00,2078.00,4342.30,40.60,68.60,15.20,270.00,5.00,2.30,370.00,75.00,3105.00,1560.00,270.00,335.00
"4620328.00","462","Montréal","0328.00",790.00,785.00,225.00,28.70,604.00,659.00,24.80,0.00,10.00,785.00,0.00,85.00,34048.00,175.00,35157.00,33609.00,45.40,40.40,19430.00,19174.00,1940.00,-1.00,798.00,4383.20,36.00,63.70,11.90,745.00,0.00,2.40,240.00,30.00,915.00,970.00,225.00,215.00
"4620329.00","462","Montréal","0329.00",1720.00,1045.00,540.00,35.90,743.00,781.00,5.30,399946.00,675.00,1045.00,23.70,170.00,45184.00,220.00,51328.00,45120.00,21.00,19.40,31834.00,28832.00,3669.00,1.90,1700.00,5832.10,39.20,69.50,12.50,880.00,0.00,2.20,255.00,45.00,2415.00,1185.00,165.00,225.00
"4620330.00","462","Montréal","0330.00",2370.00,1615.00,850.00,40.10,711.00,758.00,7.50,330885.00,760.00,1615.00,27.60,245.00,40192.00,370.00,44998.00,40811.00,25.80,23.60,26144.00,24459.00,5239.00,0.50,2371.00,2546.00,38.40,70.40,11.50,1385.00,110.00,2.20,235.00,45.00,3765.00,1420.00,205.00,350.00
"4620340.00","462","Montréal","0340.00",1850.00,415.00,360.00,36.90,971.00,1041.00,0.00,600784.00,1435.00,415.00,14.30,170.00,71680.00,200.00,115029.00,93491.00,8.30,8.00,45227.00,38810.00,5050.00,-0.70,1850.00,3689.60,40.90,64.60,16.90,420.00,0.00,2.70,145.00,50.00,3800.00,1190.00,75.00,140.00
"4620350.00","462","Montréal","0350.00",1135.00,610.00,370.00,43.40,985.00,1138.00,15.60,750798.00,530.00,610.00,20.00,80.00,55552.00,100.00,63360.00,53536.00,22.30,22.60,35669.00,31424.00,2525.00,1.40,1121.00,4511.30,47.20,58.90,28.30,465.00,405.00,2.00,115.00,190.00,1485.00,595.00,25.00,90.00
"4620351.00","462","Montréal","0351.00",2655.00,1840.00,1110.00,52.60,1502.00,1717.00,1.10,1196276.00,850.00,1840.00,18.90,210.00,47744.00,215.00,74382.00,60736.00,19.80,24.80,46859.00,39473.00,4984.00,1.30,2715.00,10811.30,50.90,52.60,37.20,505.00,1825.00,1.80,365.00,195.00,3020.00,1745.00,65.00,175.00
"4620352.00","462","Montréal","0352.00",1335.00,770.00,455.00,48.10,1227.00,1337.00,2.60,830390.00,565.00,770.00,15.00,105.00,50240.00,140.00,74496.00,60395.00,18.50,19.00,42650.00,36754.00,3113.00,3.20,1357.00,6415.90,46.30,55.90,28.50,290.00,675.00,2.10,275.00,240.00,1625.00,1000.00,40.00,120.00
"4620353.00","462","Montréal","0353.00",1175.00,470.00,305.00,38.30,1520.00,1805.00,0.00,1105777.00,710.00,470.00,17.00,120.00,85248.00,130.00,130389.00,98048.00,9.50,9.80,52992.00,44006.00,2999.00,1.30,1166.00,7238.70,41.00,63.30,18.50,250.00,125.00,2.60,95.00,270.00,2200.00,580.00,25.00,95.00
"4620354.00","462","Montréal","0354.00",975.00,95.00,160.00,30.00,1148.00,1700.00,0.00,1501090.00,890.00,95.00,14.80,65.00,128256.00,80.00,269722.00,197120.00,5.30,5.50,70400.00,55680.00,3092.00,-2.10,1001.00,3816.30,39.90,64.70,15.90,0.00,40.00,3.10,45.00,85.00,2460.00,500.00,25.00,40.00
"4620355.00","462","Montréal","0355.00",680.00,305.00,205.00,53.30,1321.00,1482.00,0.00,1597790.00,375.00,305.00,12.00,50.00,93952.00,50.00,140629.00,100864.00,14.10,16.60,54080.00,44587.00,1573.00,13.40,672.00,5117.10,44.10,63.70,23.90,125.00,125.00,2.30,80.00,65.00,1160.00,375.00,10.00,65.00
"4620356.00","462","Montréal","0356.00",660.00,25.00,125.00,0.00,0.00,0.00,0.00,1954383.00,640.00,25.00,18.10,50.00,165376.00,55.00,334165.00,234667.00,7.40,6.90,78592.00,62720.00,2026.00,1.50,653.00,2016.90,41.40,63.00,19.00,5.00,0.00,3.10,95.00,110.00,1425.00,475.00,15.00,50.00
"4620360.00","462","Montréal","0360.00",645.00,100.00,105.00,40.00,2250.00,1935.00,0.00,1504447.00,545.00,100.00,11.90,70.00,131584.00,55.00,247808.00,176128.00,6.20,6.00,73557.00,59349.00,1923.00,-0.60,624.00,1349.00,41.90,62.60,19.70,70.00,25.00,2.90,45.00,15.00,1495.00,315.00,20.00,70.00
"4620361.00","462","Montréal","0361.00",625.00,445.00,255.00,46.60,1031.00,1133.00,0.00,801085.00,185.00,440.00,24.30,45.00,75904.00,50.00,61056.00,53056.00,16.80,20.10,36821.00,32896.00,1419.00,2.50,671.00,12602.10,44.10,62.20,24.70,170.00,410.00,2.00,135.00,90.00,750.00,435.00,10.00,15.00
"4620362.00","462","Montréal","0362.00",860.00,235.00,215.00,45.80,1297.00,1344.00,0.00,1295435.00,620.00,240.00,16.90,45.00,111616.00,75.00,136960.00,104704.00,7.90,8.80,56384.00,45653.00,2366.00,-7.30,834.00,4517.90,39.60,60.90,18.00,235.00,0.00,2.80,90.00,0.00,1980.00,415.00,0.00,80.00
"4620363.00","462","Montréal","0363.00",2065.00,1195.00,750.00,44.50,1256.00,1322.00,2.10,752382.00,880.00,1195.00,25.00,110.00,75264.00,120.00,71322.00,60960.00,15.00,17.70,41504.00,36425.00,4936.00,-1.50,2075.00,13402.10,39.50,55.20,21.30,725.00,845.00,2.40,225.00,190.00,3505.00,1210.00,40.00,325.00
"4620364.00","462","Montréal","0364.00",950.00,590.00,375.00,41.50,1133.00,1207.00,0.00,500766.00,355.00,590.00,34.70,125.00,57280.00,85.00,60672.00,55200.00,17.70,21.40,29483.00,27952.00,3112.00,6.00,962.00,13293.50,26.30,57.30,5.60,870.00,30.00,3.20,110.00,160.00,2315.00,565.00,15.00,260.00
"4620365.00","462","Montréal","0365.00",1275.00,595.00,370.00,33.10,1311.00,1265.00,2.50,474551.00,685.00,595.00,25.50,140.00,71680.00,165.00,75110.00,64384.00,14.50,14.90,40722.00,35917.00,3080.00,10.80,1267.00,12414.30,35.10,63.30,12.00,1090.00,160.00,2.40,175.00,170.00,2195.00,785.00,30.00,205.00
"4620366.00","462","Montréal","0366.00",1055.00,380.00,245.00,35.10,1115.00,1219.00,0.00,842168.00,685.00,375.00,16.20,85.00,85248.00,125.00,100352.00,81237.00,8.50,9.70,51424.00,42931.00,2570.00,1.30,1018.00,7282.50,38.60,62.50,15.70,570.00,30.00,2.50,125.00,140.00,1775.00,730.00,15.00,105.00
"4620367.00","462","Montréal","0367.00",1670.00,690.00,395.00,32.60,1146.00,1228.00,4.30,549059.00,985.00,695.00,17.30,145.00,76288.00,250.00,91853.00,73842.00,12.20,11.80,48491.00,41198.00,4548.00,2.60,1722.00,8305.30,44.30,58.80,23.80,1065.00,270.00,2.30,300.00,145.00,2525.00,1275.00,50.00,195.00
"4620370.00","462","Montréal","0370.00",2465.00,820.00,585.00,35.60,914.00,1188.00,0.00,1001525.00,1655.00,820.00,17.80,140.00,66304.00,230.00,122496.00,98617.00,10.80,11.40,46025.00,39501.00,6973.00,-2.50,2473.00,3884.20,40.10,63.40,17.90,470.00,245.00,2.80,295.00,200.00,4780.00,1980.00,135.00,290.00
"4620380.00","462","Montréal","0380.00",1800.00,1135.00,670.00,47.30,887.00,984.00,9.30,600652.00,685.00,1135.00,20.40,130.00,50432.00,180.00,52821.00,47104.00,17.60,18.90,30842.00,28608.00,4060.00,-0.80,1802.00,5305.10,45.90,56.20,28.50,200.00,835.00,2.30,320.00,75.00,2390.00,1715.00,65.00,300.00
"4620381.00","462","Montréal","0381.00",2475.00,1850.00,990.00,41.20,902.00,905.00,2.40,375690.00,630.00,1845.00,37.30,260.00,41856.00,325.00,45696.00,41899.00,28.10,28.10,23866.00,23060.00,6290.00,-1.40,2474.00,10691.80,41.40,58.30,20.90,295.00,1660.00,2.40,1190.00,175.00,2105.00,3605.00,335.00,430.00
"4620382.01","462","Montréal","0382.01",1430.00,435.00,550.00,58.10,1149.00,1188.00,0.00,450532.00,995.00,435.00,30.50,100.00,52864.00,120.00,67401.00,58944.00,16.30,17.60,33963.00,30583.00,3873.00,4.10,1449.00,6666.10,46.70,48.90,32.30,105.00,800.00,2.50,245.00,55.00,2015.00,1450.00,85.00,135.00
"4620382.02","462","Montréal","0382.02",1480.00,355.00,315.00,39.40,802.00,946.00,4.20,499949.00,1120.00,355.00,15.60,135.00,48768.00,150.00,84301.00,74268.00,10.70,11.20,33963.00,30501.00,4445.00,-3.80,1475.00,2846.10,39.40,60.20,18.30,250.00,0.00,3.00,225.00,80.00,2540.00,1760.00,85.00,250.00
"4620383.01","462","Montréal","0383.01",1045.00,370.00,350.00,41.90,1172.00,1113.00,23.00,488577.00,680.00,365.00,28.90,75.00,58112.00,115.00,73856.00,64800.00,14.20,14.70,31552.00,28629.00,3232.00,-2.30,1047.00,1873.10,46.40,50.30,30.50,135.00,115.00,2.70,115.00,160.00,1560.00,1185.00,50.00,140.00
"4620383.02","462","Montréal","0383.02",3835.00,1790.00,1515.00,52.00,1029.00,1106.00,1.40,425753.00,2060.00,1790.00,28.80,170.00,50048.00,305.00,60467.00,52679.00,17.70,20.50,34621.00,30816.00,8002.00,4.60,3844.00,5327.60,49.90,48.30,37.20,275.00,2670.00,2.10,585.00,140.00,4470.00,3390.00,180.00,420.00
"4620385.00","462","Montréal","0385.00",945.00,885.00,465.00,50.30,1171.00,1301.00,0.00,349396.00,60.00,885.00,23.10,30.00,43136.00,85.00,49365.00,43989.00,21.10,24.70,33152.00,30400.00,1517.00,3.50,949.00,40889.50,55.10,51.80,41.90,105.00,840.00,1.60,110.00,90.00,830.00,600.00,35.00,60.00
"4620390.00","462","Montréal","0390.00",620.00,390.00,140.00,19.20,695.00,752.00,7.70,300157.00,230.00,385.00,27.70,30.00,46976.00,85.00,46400.00,40320.00,22.80,20.30,30528.00,27840.00,1198.00,25.70,617.00,1167.30,41.30,71.00,14.10,365.00,0.00,1.90,15.00,0.00,1055.00,145.00,35.00,30.00
"4620391.00","462","Montréal","0391.00",830.00,590.00,275.00,36.40,711.00,745.00,11.90,348160.00,235.00,590.00,25.50,110.00,38656.00,85.00,40294.00,36301.00,27.30,24.00,26133.00,24427.00,1656.00,-0.50,834.00,5228.90,44.70,65.40,22.00,445.00,115.00,1.90,20.00,0.00,1445.00,220.00,35.00,105.00
"4620392.00","462","Montréal","0392.00",715.00,455.00,190.00,28.90,760.00,820.00,7.60,300386.00,270.00,455.00,22.60,40.00,51840.00,80.00,55424.00,47744.00,17.20,15.90,36736.00,32128.00,1522.00,3.50,738.00,3472.50,45.70,66.40,20.70,420.00,0.00,1.90,60.00,10.00,1025.00,250.00,15.00,50.00
"4620393.00","462","Montréal","0393.00",3195.00,1695.00,790.00,27.50,720.00,746.00,7.40,280376.00,1500.00,1690.00,21.30,220.00,45568.00,475.00,55152.00,48000.00,18.70,17.00,33029.00,29772.00,6874.00,32.00,3193.00,6593.80,39.10,69.50,13.20,1400.00,580.00,2.10,275.00,55.00,5310.00,1365.00,150.00,320.00
"4620394.00","462","Montréal","0394.00",1885.00,1210.00,585.00,34.70,732.00,749.00,5.00,299878.00,675.00,1210.00,23.70,180.00,45696.00,275.00,47817.00,42507.00,20.50,19.20,29760.00,27520.00,3689.00,11.10,1871.00,2743.60,40.20,73.20,13.30,910.00,0.00,2.00,160.00,30.00,2925.00,655.00,80.00,195.00
"4620395.01","462","Montréal","0395.01",1090.00,1030.00,300.00,26.70,629.00,609.00,36.90,348963.00,55.00,1030.00,45.50,90.00,31776.00,290.00,31136.00,30464.00,52.90,50.30,18406.00,18112.00,2731.00,-3.80,1090.00,357.40,39.90,61.10,17.40,1015.00,0.00,2.30,245.00,25.00,1660.00,785.00,325.00,150.00
"4620395.02","462","Montréal","0395.02",2800.00,1855.00,830.00,33.80,708.00,751.00,7.50,349257.00,945.00,1855.00,22.10,195.00,47360.00,360.00,47776.00,42394.00,23.10,21.80,27535.00,25339.00,6451.00,2.90,2802.00,9372.40,43.10,64.70,20.10,1735.00,315.00,2.10,455.00,100.00,3970.00,1920.00,250.00,465.00
"4620395.03","462","Montréal","0395.03",2355.00,1235.00,580.00,37.00,725.00,750.00,6.50,325425.00,1125.00,1235.00,11.60,150.00,57216.00,260.00,54571.00,46720.00,17.80,16.60,36212.00,31872.00,4590.00,0.50,2346.00,7470.70,41.90,68.10,16.00,1445.00,0.00,2.00,290.00,40.00,3400.00,1145.00,110.00,225.00
"4620396.00","462","Montréal","0396.00",2535.00,1130.00,575.00,32.40,769.00,813.00,6.20,425688.00,1405.00,1130.00,15.30,285.00,58240.00,275.00,68531.00,57984.00,12.20,12.20,39191.00,33937.00,6501.00,4.70,2539.00,4454.60,46.80,59.20,26.60,1210.00,5.00,2.20,180.00,25.00,4615.00,1030.00,85.00,170.00
"4620397.00","462","Montréal","0397.00",1510.00,210.00,270.00,54.80,1018.00,941.00,23.80,400776.00,1300.00,215.00,12.70,60.00,82688.00,130.00,97638.00,80608.00,6.90,5.60,43952.00,37461.00,4038.00,3.30,1517.00,3403.60,40.80,65.50,15.60,175.00,0.00,2.70,25.00,0.00,3405.00,625.00,60.00,110.00
"4620400.00","462","Montréal","0400.00",1960.00,585.00,485.00,43.10,1048.00,1180.00,0.00,798728.00,1380.00,580.00,16.70,115.00,71936.00,250.00,111982.00,88178.00,10.50,10.60,49609.00,41799.00,5232.00,6.20,1980.00,3794.30,39.90,63.30,16.50,695.00,55.00,2.60,285.00,215.00,3275.00,1710.00,50.00,185.00
"4620401.00","462","Montréal","0401.00",1230.00,480.00,280.00,37.50,1062.00,1085.00,0.00,1002529.00,745.00,485.00,13.40,120.00,67456.00,120.00,109824.00,86187.00,10.90,10.70,49554.00,41877.00,3116.00,-0.60,1218.00,3217.70,41.30,61.20,19.30,485.00,0.00,2.60,125.00,145.00,2125.00,880.00,25.00,105.00
"4620402.00","462","Montréal","0402.00",705.00,250.00,165.00,35.30,977.00,1013.00,0.00,598577.00,450.00,250.00,15.40,30.00,78208.00,70.00,74240.00,61952.00,13.90,13.30,38912.00,34099.00,1686.00,29.30,698.00,691.60,39.10,65.60,16.00,230.00,240.00,2.40,205.00,45.00,850.00,790.00,45.00,70.00
"4620403.00","462","Montréal","0403.00",1755.00,580.00,325.00,36.50,972.00,1133.00,0.00,1000473.00,1190.00,580.00,9.70,120.00,72960.00,175.00,120021.00,96800.00,11.40,11.70,49199.00,41114.00,5198.00,3.40,1767.00,3946.20,40.20,59.90,18.60,320.00,245.00,2.90,395.00,75.00,3130.00,1840.00,90.00,240.00
"4620404.00","462","Montréal","0404.00",1705.00,525.00,465.00,49.50,991.00,1116.00,7.50,1000999.00,1185.00,525.00,17.80,95.00,68608.00,160.00,122624.00,95744.00,11.90,11.60,47488.00,40397.00,5044.00,-1.30,1710.00,3521.10,43.30,58.00,23.00,250.00,290.00,2.80,345.00,65.00,2995.00,1725.00,105.00,205.00
"4620410.01","462","Montréal","0410.01",2065.00,995.00,520.00,31.70,794.00,810.00,20.60,401136.00,1075.00,1000.00,19.20,125.00,46848.00,280.00,57504.00,51925.00,22.00,20.90,25072.00,23672.00,5540.00,2.70,2072.00,6360.50,40.30,63.10,18.10,660.00,330.00,2.70,465.00,80.00,2675.00,2785.00,350.00,610.00
"4620410.02","462","Montréal","0410.02",2675.00,1230.00,985.00,49.20,888.00,925.00,2.00,278993.00,1445.00,1230.00,26.70,205.00,51072.00,255.00,49394.00,43371.00,26.70,26.80,26650.00,25156.00,5948.00,4.60,2691.00,7790.40,49.90,52.40,35.20,30.00,2650.00,2.00,790.00,205.00,1885.00,3350.00,375.00,415.00
"4620410.03","462","Montréal","0410.03",640.00,270.00,165.00,35.80,851.00,937.00,0.00,365337.00,375.00,270.00,18.40,80.00,48448.00,115.00,63061.00,57429.00,21.00,18.20,24976.00,23573.00,1905.00,0.80,628.00,863.30,37.30,65.10,13.40,225.00,45.00,3.00,265.00,15.00,825.00,1080.00,320.00,125.00
"4620412.00","462","Montréal","0412.00",2715.00,1090.00,785.00,34.10,835.00,894.00,6.00,400113.00,1630.00,1090.00,25.20,200.00,54912.00,330.00,61888.00,55575.00,17.00,16.30,27980.00,26048.00,7329.00,8.20,2716.00,4876.60,40.30,65.70,17.10,1300.00,350.00,2.60,570.00,160.00,3210.00,3750.00,390.00,770.00
"4620413.01","462","Montréal","0413.01",1395.00,80.00,295.00,43.80,1331.00,1251.00,0.00,480664.00,1315.00,80.00,19.80,60.00,77568.00,140.00,95061.00,79214.00,7.90,7.60,36679.00,32064.00,3865.00,-2.60,1380.00,4785.20,44.80,58.10,25.60,145.00,325.00,2.80,60.00,40.00,2010.00,1900.00,120.00,180.00
"4620413.02","462","Montréal","0413.02",1435.00,1000.00,455.00,35.70,831.00,874.00,3.00,400966.00,435.00,995.00,23.00,160.00,44032.00,210.00,51456.00,47552.00,22.50,21.40,25972.00,24755.00,3812.00,-0.70,1450.00,4726.60,36.20,63.20,13.40,775.00,410.00,2.60,530.00,30.00,1475.00,2215.00,350.00,470.00
"4620415.03","462","Montréal","0415.03",1930.00,1380.00,710.00,37.80,931.00,957.00,0.00,348524.00,560.00,1380.00,34.20,120.00,53056.00,190.00,48146.00,43648.00,23.20,22.50,24300.00,23369.00,4193.00,1.20,1913.00,16417.40,43.70,61.40,23.60,635.00,1270.00,2.20,525.00,125.00,1625.00,2580.00,355.00,395.00
"4620415.04","462","Montréal","0415.04",2015.00,1430.00,735.00,37.40,915.00,938.00,9.10,400561.00,585.00,1430.00,33.30,160.00,49152.00,265.00,48691.00,43605.00,23.50,22.70,24512.00,23411.00,4748.00,-0.80,1980.00,9951.80,42.70,62.20,21.60,1240.00,510.00,2.30,600.00,110.00,1870.00,2770.00,405.00,445.00
"4620415.05","462","Montréal","0415.05",2835.00,485.00,595.00,34.40,1307.00,1319.00,0.00,526987.00,2350.00,485.00,18.30,55.00,75008.00,245.00,109952.00,88064.00,7.70,7.20,51367.00,42694.00,7819.00,19.70,2836.00,717.80,35.90,68.10,9.10,730.00,470.00,2.80,405.00,145.00,4705.00,2965.00,205.00,505.00
"4620415.06","462","Montréal","0415.06",2865.00,360.00,610.00,45.10,1549.00,1517.00,0.00,474370.00,2515.00,360.00,17.90,20.00,77227.00,290.00,113636.00,90132.00,8.60,8.30,57111.00,47008.00,7683.00,31.50,2931.00,427.70,34.30,69.30,6.30,1205.00,110.00,2.60,365.00,135.00,4590.00,2700.00,215.00,485.00
"4620416.01","462","Montréal","0416.01",1430.00,225.00,285.00,29.50,775.00,845.00,0.00,400505.00,1210.00,220.00,17.80,95.00,75435.00,140.00,82261.00,70451.00,10.00,8.70,29589.00,26999.00,4050.00,-0.70,1414.00,4747.90,44.70,59.80,24.40,235.00,0.00,2.90,135.00,15.00,1930.00,2035.00,105.00,490.00
"4620416.02","462","Montréal","0416.02",1055.00,575.00,265.00,28.40,922.00,911.00,0.00,450023.00,475.00,580.00,21.10,105.00,50816.00,155.00,61760.00,55488.00,16.80,14.70,26283.00,24812.00,3067.00,-1.30,1073.00,2949.90,38.90,61.10,16.60,830.00,5.00,2.90,170.00,45.00,1605.00,1480.00,180.00,340.00
"4620417.01","462","Montréal","0417.01",1785.00,645.00,535.00,31.50,758.00,760.00,7.00,267414.00,1135.00,650.00,29.10,165.00,49792.00,210.00,54816.00,49941.00,22.30,20.10,24501.00,23450.00,4804.00,13.00,1779.00,7190.50,38.00,65.50,13.60,670.00,565.00,2.70,385.00,95.00,2150.00,2540.00,385.00,630.00
"4620417.02","462","Montréal","0417.02",870.00,755.00,295.00,35.10,836.00,853.00,8.60,350109.00,115.00,755.00,22.70,105.00,43840.00,175.00,46413.00,43968.00,35.50,32.80,18534.00,18231.00,2857.00,-6.10,873.00,7909.70,32.10,69.40,6.00,695.00,40.00,3.30,690.00,175.00,875.00,1790.00,445.00,440.00
"4620418.00","462","Montréal","0418.00",2545.00,1575.00,700.00,32.70,853.00,845.00,12.70,421568.00,970.00,1575.00,19.60,205.00,55168.00,305.00,53653.00,47851.00,21.80,20.10,26601.00,24896.00,5907.00,6.50,2545.00,4534.80,39.10,70.30,13.80,1360.00,160.00,2.30,630.00,145.00,3010.00,2745.00,485.00,535.00
"4620419.00","462","Montréal","0419.00",1650.00,1340.00,560.00,36.30,802.00,827.00,3.00,376372.00,310.00,1340.00,24.20,180.00,41024.00,280.00,43776.00,41344.00,35.40,33.70,20462.00,19989.00,4746.00,-5.60,1652.00,12529.00,32.40,67.30,7.60,1255.00,0.00,2.90,1355.00,295.00,1290.00,3160.00,625.00,700.00
"4620420.00","462","Montréal","0420.00",1710.00,625.00,370.00,32.80,732.00,808.00,9.60,420365.00,1085.00,625.00,14.30,110.00,58880.00,210.00,67669.00,59904.00,14.90,12.80,29205.00,26854.00,5157.00,1.90,1710.00,6189.40,44.50,58.90,24.80,430.00,85.00,2.70,300.00,45.00,2500.00,2145.00,315.00,420.00
"4620421.01","462","Montréal","0421.01",2955.00,2800.00,1225.00,42.10,900.00,928.00,2.90,279015.00,155.00,2800.00,32.30,160.00,37888.00,375.00,42566.00,39641.00,39.10,36.10,20744.00,20314.00,7897.00,3.50,2956.00,19038.10,33.90,64.10,10.10,130.00,2800.00,2.60,1875.00,160.00,2350.00,5290.00,1135.00,945.00
"4620421.02","462","Montréal","0421.02",2780.00,2225.00,1165.00,44.70,849.00,892.00,2.90,501180.00,555.00,2230.00,30.60,210.00,43341.00,360.00,43591.00,41079.00,36.30,34.40,20348.00,19957.00,7501.00,3.70,2779.00,13459.50,36.10,65.00,12.30,1245.00,920.00,2.70,1570.00,260.00,2345.00,4900.00,955.00,1035.00
"4620430.00","462","Montréal","0430.00",3405.00,1815.00,855.00,37.00,761.00,804.00,2.50,348316.00,1590.00,1810.00,11.90,325.00,53760.00,310.00,55731.00,47403.00,15.20,14.80,36395.00,32020.00,6711.00,11.80,3403.00,3377.50,43.70,69.50,18.90,1775.00,570.00,1.90,270.00,110.00,4780.00,1555.00,125.00,375.00
"4620431.00","462","Montréal","0431.00",2345.00,1160.00,570.00,37.40,901.00,962.00,4.70,420734.00,1200.00,1160.00,11.30,205.00,61824.00,265.00,64363.00,55534.00,13.40,12.80,34551.00,30630.00,5413.00,-0.20,2361.00,2443.90,43.90,65.70,20.80,825.00,220.00,2.30,255.00,70.00,3655.00,1675.00,125.00,225.00
"4620432.00","462","Montréal","0432.00",1205.00,105.00,180.00,30.00,759.00,1050.00,0.00,359301.00,1110.00,105.00,14.00,80.00,74112.00,120.00,87245.00,72875.00,6.30,6.60,40806.00,35493.00,3267.00,0.50,1244.00,2504.40,44.90,61.60,23.10,60.00,0.00,2.50,55.00,10.00,2385.00,645.00,15.00,60.00
"4620433.00","462","Montréal","0433.00",1415.00,290.00,230.00,22.40,805.00,865.00,0.00,299992.00,1125.00,290.00,14.20,160.00,64640.00,175.00,71959.00,62208.00,8.10,7.60,33813.00,30016.00,3589.00,1.70,1384.00,233.00,41.50,68.80,16.00,265.00,0.00,2.60,65.00,0.00,2735.00,940.00,65.00,275.00
"4620440.00","462","Montréal","0440.00",,,,,,,,,,,,,,,,,,,,,5.00,0.00,4.00,26.10,,,,,,,,,,,,
"4620450.00","462","Montréal","0450.00",3225.00,1095.00,825.00,45.00,1076.00,1173.00,8.70,425889.00,2140.00,1095.00,15.70,250.00,68813.00,270.00,81109.00,66544.00,9.20,8.90,41523.00,35451.00,7183.00,-1.80,3233.00,1911.50,48.70,57.10,30.10,440.00,810.00,2.20,150.00,115.00,5455.00,1465.00,65.00,165.00
"4620451.00","462","Montréal","0451.00",2755.00,755.00,595.00,48.70,1095.00,1020.00,31.60,349296.00,1995.00,760.00,11.30,210.00,73728.00,270.00,75486.00,63824.00,8.60,6.80,36578.00,32251.00,6731.00,-0.90,2755.00,2024.20,43.40,63.50,20.00,145.00,465.00,2.40,75.00,40.00,5150.00,1520.00,110.00,200.00
"4620452.00","462","Montréal","0452.00",2725.00,1210.00,675.00,43.80,1077.00,1133.00,0.00,380343.00,1515.00,1210.00,9.60,185.00,57344.00,345.00,71680.00,61312.00,11.90,11.60,37274.00,32729.00,7275.00,1.90,2724.00,2306.80,47.70,56.90,29.30,385.00,665.00,2.40,410.00,175.00,4345.00,1885.00,120.00,270.00
"4620453.01","462","Montréal","0453.01",1920.00,250.00,245.00,10.00,890.00,1015.00,0.00,358745.00,1665.00,250.00,13.20,175.00,70528.00,210.00,93397.00,76601.00,5.00,4.60,40229.00,34767.00,5212.00,2.20,1909.00,2638.50,40.90,66.60,15.70,250.00,0.00,2.70,120.00,20.00,4025.00,1215.00,135.00,280.00
"4620453.02","462","Montréal","0453.02",1745.00,360.00,440.00,63.00,1719.00,1974.00,18.10,348215.00,1385.00,360.00,15.20,75.00,67200.00,155.00,83029.00,70528.00,7.40,6.90,36361.00,32267.00,4979.00,12.00,1755.00,744.00,44.00,63.80,20.60,110.00,240.00,2.70,140.00,55.00,2735.00,1860.00,140.00,420.00
"4620460.00","462","Montréal","0460.00",1855.00,60.00,235.00,38.50,1584.00,1522.00,0.00,549864.00,1800.00,60.00,11.70,125.00,106496.00,160.00,129451.00,101792.00,5.00,5.60,48209.00,40460.00,5345.00,-0.30,1843.00,1492.10,42.10,62.10,19.50,20.00,0.00,2.90,105.00,70.00,4030.00,1190.00,25.00,175.00
"4620461.00","462","Montréal","0461.00",1010.00,85.00,175.00,58.80,1936.00,1931.00,0.00,488093.00,930.00,90.00,13.50,60.00,80128.00,75.00,119893.00,95846.00,7.00,6.50,46464.00,39152.00,2942.00,-0.70,1032.00,1567.00,43.50,62.60,20.90,30.00,0.00,2.80,50.00,25.00,2250.00,595.00,20.00,105.00
"4620462.01","462","Montréal","0462.01",1885.00,295.00,320.00,43.10,1035.00,1159.00,10.20,448943.00,1590.00,295.00,11.90,90.00,65152.00,185.00,103765.00,83507.00,6.90,6.80,43974.00,37224.00,5085.00,0.00,1886.00,2135.50,42.20,63.10,19.50,215.00,0.00,2.70,165.00,30.00,3640.00,1370.00,115.00,180.00
"4620462.02","462","Montréal","0462.02",1900.00,240.00,250.00,30.60,1242.00,1303.00,0.00,599160.00,1660.00,240.00,10.50,50.00,74112.00,180.00,143040.00,112043.00,5.80,5.90,47904.00,40438.00,5952.00,-2.40,1901.00,1868.60,40.20,66.90,15.00,60.00,0.00,3.10,140.00,35.00,4520.00,1265.00,15.00,185.00
"4620470.01","462","Montréal","0470.01",2565.00,295.00,430.00,45.80,1047.00,1180.00,0.00,449506.00,2265.00,295.00,13.00,120.00,81920.00,295.00,98761.00,81456.00,6.70,6.30,40375.00,34804.00,7159.00,-4.90,2563.00,2037.60,44.00,63.00,21.90,40.00,215.00,2.70,90.00,25.00,5035.00,1885.00,55.00,260.00
"4620470.03","462","Montréal","0470.03",1575.00,30.00,190.00,0.00,0.00,0.00,0.00,563482.00,1550.00,30.00,11.30,50.00,92416.00,130.00,140800.00,112165.00,5.00,5.00,42720.00,36759.00,5156.00,-6.00,1579.00,2131.50,38.60,74.10,9.10,0.00,0.00,3.30,180.00,10.00,3915.00,1235.00,45.00,210.00
"4620470.04","462","Montréal","0470.04",1220.00,25.00,185.00,0.00,0.00,0.00,0.00,400361.00,1195.00,25.00,15.10,55.00,86784.00,115.00,104090.00,86841.00,5.90,4.90,37088.00,32666.00,3642.00,-5.10,1215.00,2312.70,42.30,67.70,17.00,0.00,0.00,3.00,140.00,10.00,2395.00,1235.00,105.00,200.00
"4620470.05","462","Montréal","0470.05",1310.00,20.00,215.00,0.00,0.00,0.00,0.00,551046.00,1295.00,20.00,16.30,65.00,80043.00,110.00,132011.00,104661.00,6.30,5.40,40249.00,34803.00,4194.00,-4.60,1325.00,1976.70,41.90,70.40,15.30,0.00,0.00,3.20,130.00,60.00,2755.00,1380.00,60.00,220.00
"4620480.00","462","Montréal","0480.00",1335.00,85.00,230.00,41.20,1708.00,1859.00,0.00,593854.00,1250.00,85.00,15.20,90.00,73216.00,95.00,118784.00,94037.00,6.70,7.00,43584.00,37427.00,3823.00,-0.70,1334.00,633.90,45.30,60.50,24.00,45.00,0.00,2.80,120.00,100.00,2655.00,960.00,30.00,150.00
"4620490.00","462","Montréal","0490.00",1265.00,845.00,420.00,41.80,850.00,860.00,6.50,345560.00,425.00,845.00,15.50,115.00,51456.00,115.00,44949.00,40048.00,25.50,29.10,27575.00,25728.00,2432.00,0.40,1277.00,3530.80,42.40,71.20,18.50,580.00,65.00,1.90,90.00,260.00,1890.00,340.00,35.00,75.00
"4620491.00","462","Montréal","0491.00",690.00,60.00,65.00,0.00,812.00,875.00,0.00,400386.00,630.00,55.00,10.20,30.00,86784.00,60.00,130645.00,103584.00,2.70,2.40,46507.00,39275.00,2526.00,-4.70,683.00,257.90,44.60,67.90,19.20,0.00,0.00,3.00,60.00,15.00,1615.00,345.00,40.00,35.00
"4620500.00","462","Montréal","0500.00",345.00,40.00,55.00,0.00,850.00,868.00,0.00,647854.00,305.00,40.00,14.80,25.00,52352.00,30.00,116224.00,91904.00,10.30,11.50,48213.00,40064.00,921.00,0.10,346.00,122.40,44.60,62.00,23.90,5.00,0.00,2.70,45.00,15.00,670.00,240.00,0.00,30.00
"4620511.01","462","Montréal","0511.01",1155.00,155.00,170.00,32.30,763.00,884.00,9.70,349547.00,995.00,155.00,12.10,65.00,74240.00,150.00,83776.00,71205.00,9.70,9.10,36907.00,32747.00,3295.00,-1.10,1171.00,2261.70,41.30,64.30,17.30,105.00,70.00,2.70,80.00,30.00,2010.00,1095.00,150.00,225.00
"4620511.02","462","Montréal","0511.02",2265.00,1255.00,580.00,36.50,753.00,774.00,29.60,296528.00,1020.00,1250.00,12.70,135.00,44672.00,375.00,55829.00,50573.00,23.30,20.10,25840.00,24826.00,6209.00,1.80,2253.00,4042.60,36.00,66.30,11.10,1455.00,0.00,2.80,785.00,70.00,2925.00,3275.00,555.00,835.00
"4620512.02","462","Montréal","0512.02",1755.00,390.00,340.00,37.20,903.00,972.00,0.00,320347.00,1375.00,390.00,13.90,115.00,63040.00,165.00,72850.00,61525.00,10.90,10.40,34336.00,30496.00,4449.00,-0.10,1768.00,3027.10,45.00,63.10,22.90,105.00,540.00,2.50,240.00,25.00,2745.00,1570.00,135.00,270.00
"4620512.03","462","Montréal","0512.03",1315.00,570.00,385.00,37.50,886.00,899.00,0.00,234892.00,755.00,570.00,22.50,30.00,48960.00,110.00,50859.00,44660.00,17.40,15.80,31184.00,28425.00,2512.00,13.50,1302.00,3659.10,42.90,62.50,21.70,730.00,360.00,1.90,145.00,30.00,1520.00,1015.00,75.00,250.00
"4620512.04","462","Montréal","0512.04",2395.00,745.00,595.00,39.60,801.00,855.00,0.00,300766.00,1650.00,745.00,18.10,175.00,57216.00,315.00,66304.00,58283.00,12.90,11.70,29639.00,27150.00,6674.00,1.20,2416.00,3770.40,39.60,67.90,14.30,740.00,0.00,2.80,350.00,35.00,3775.00,2825.00,395.00,695.00
"4620513.01","462","Montréal","0513.01",1815.00,695.00,445.00,40.30,729.00,841.00,16.40,331068.00,1115.00,695.00,14.30,95.00,57472.00,240.00,63598.00,57037.00,14.00,12.60,26176.00,24636.00,5229.00,0.90,1808.00,4816.70,39.70,67.40,15.20,595.00,0.00,2.90,340.00,55.00,2665.00,2495.00,300.00,610.00
"4620513.02","462","Montréal","0513.02",1680.00,835.00,420.00,39.40,750.00,747.00,22.30,348635.00,855.00,830.00,11.20,135.00,45824.00,205.00,50688.00,46208.00,21.90,18.60,25973.00,24256.00,4227.00,8.40,1692.00,3387.80,40.40,63.20,18.20,790.00,180.00,2.50,340.00,75.00,2235.00,1905.00,300.00,445.00
"4620514.01","462","Montréal","0514.01",2760.00,850.00,725.00,41.40,976.00,1083.00,13.00,300719.00,1910.00,850.00,19.80,160.00,58496.00,345.00,68155.00,59463.00,11.80,10.60,32819.00,29573.00,6997.00,-2.30,2761.00,3494.80,41.80,65.80,17.90,1070.00,170.00,2.50,370.00,20.00,4385.00,2525.00,345.00,480.00
"4620514.02","462","Montréal","0514.02",2165.00,490.00,410.00,36.70,815.00,899.00,0.00,348193.00,1685.00,495.00,13.40,110.00,63872.00,290.00,77312.00,66958.00,10.40,9.60,30880.00,28425.00,6255.00,-1.10,2176.00,3344.20,39.30,69.00,13.30,535.00,0.00,2.90,440.00,70.00,3730.00,2440.00,245.00,505.00
"4620515.01","462","Montréal","0515.01",1905.00,345.00,425.00,39.10,842.00,961.00,0.00,449652.00,1565.00,340.00,18.60,60.00,69461.00,205.00,99243.00,83602.00,8.20,7.20,38693.00,34137.00,5975.00,8.40,1946.00,655.20,36.90,70.70,8.40,320.00,0.00,3.00,250.00,35.00,3580.00,2120.00,295.00,540.00
"4620515.02","462","Montréal","0515.02",1550.00,485.00,325.00,27.60,850.00,930.00,0.00,400515.00,1065.00,485.00,18.30,60.00,61248.00,220.00,84736.00,71654.00,9.80,8.70,34676.00,30976.00,4551.00,0.60,1511.00,4881.50,36.50,71.50,8.10,495.00,0.00,3.00,295.00,10.00,2910.00,1750.00,195.00,330.00
"4620515.03","462","Montréal","0515.03",1175.00,170.00,190.00,52.90,782.00,868.00,0.00,324779.00,1000.00,170.00,10.00,70.00,66816.00,130.00,82091.00,69461.00,10.50,9.20,31923.00,28928.00,3328.00,-5.00,1170.00,3442.60,40.50,71.10,12.60,135.00,0.00,2.80,215.00,0.00,2020.00,1295.00,100.00,245.00
"4620515.04","462","Montréal","0515.04",1290.00,365.00,255.00,34.20,822.00,911.00,0.00,348323.00,925.00,365.00,14.10,75.00,61248.00,180.00,74848.00,64933.00,11.80,10.70,31251.00,28352.00,3655.00,-1.60,1293.00,4377.20,39.40,70.00,12.70,295.00,0.00,2.80,370.00,30.00,2230.00,1395.00,170.00,220.00
"4620520.02","462","Montréal","0520.02",2440.00,620.00,565.00,33.10,865.00,917.00,0.00,325071.00,1830.00,620.00,20.10,190.00,59392.00,395.00,68166.00,60601.00,11.70,10.60,27994.00,25890.00,7081.00,-1.10,2449.00,4370.20,40.60,66.50,17.20,565.00,90.00,2.90,130.00,80.00,3655.00,3335.00,465.00,895.00
"4620520.03","462","Montréal","0520.03",1270.00,430.00,295.00,38.40,724.00,813.00,0.00,379380.00,840.00,430.00,15.50,100.00,54827.00,185.00,65690.00,59110.00,14.00,13.70,28378.00,26169.00,3655.00,-5.10,1285.00,2470.40,40.70,66.50,16.80,380.00,0.00,2.80,185.00,50.00,1770.00,1795.00,185.00,535.00
"4620520.04","462","Montréal","0520.04",1745.00,815.00,495.00,34.80,875.00,934.00,0.00,299914.00,930.00,820.00,22.60,180.00,55808.00,245.00,58219.00,52718.00,16.90,16.20,27226.00,25330.00,4544.00,0.00,1735.00,4286.80,39.90,66.60,16.10,600.00,0.00,2.60,345.00,70.00,2275.00,2235.00,290.00,555.00
"4620521.01","462","Montréal","0521.01",1930.00,610.00,505.00,35.50,1028.00,1104.00,2.50,286021.00,1325.00,610.00,21.90,160.00,57984.00,310.00,65306.00,56672.00,13.30,11.80,31072.00,27956.00,4819.00,3.60,1911.00,5733.50,40.90,65.70,17.80,195.00,325.00,2.50,225.00,40.00,2970.00,1865.00,150.00,405.00
"4620521.04","462","Montréal","0521.04",1720.00,325.00,335.00,39.10,853.00,964.00,0.00,400950.00,1400.00,320.00,15.00,105.00,64320.00,165.00,90155.00,75725.00,9.00,8.70,34901.00,30859.00,4983.00,-1.40,1743.00,3554.20,41.40,63.90,18.80,205.00,105.00,2.90,95.00,30.00,3375.00,1535.00,100.00,300.00
"4620521.05","462","Montréal","0521.05",1445.00,195.00,355.00,59.00,920.00,1063.00,43.60,650574.00,1250.00,195.00,19.30,55.00,66304.00,125.00,121728.00,98624.00,8.20,7.30,36672.00,32256.00,4882.00,1.30,1471.00,3624.40,40.00,68.60,14.40,70.00,210.00,3.20,110.00,20.00,3235.00,1465.00,145.00,285.00
"4620521.06","462","Montréal","0521.06",1860.00,275.00,465.00,65.50,1132.00,1312.00,31.50,449916.00,1585.00,275.00,17.70,85.00,70528.00,150.00,98816.00,81262.00,8.30,6.70,39168.00,34284.00,5029.00,-1.80,1848.00,2407.10,43.30,61.30,21.90,395.00,185.00,2.70,100.00,30.00,3360.00,1715.00,130.00,315.00
"4620521.07","462","Montréal","0521.07",1245.00,95.00,195.00,21.10,1238.00,1310.00,0.00,424593.00,1155.00,90.00,15.20,45.00,69888.00,120.00,101760.00,85440.00,7.20,6.70,35328.00,31184.00,4291.00,-3.70,1261.00,2084.70,45.40,60.30,24.50,0.00,0.00,3.10,65.00,0.00,2330.00,1510.00,120.00,255.00
"4620522.01","462","Montréal","0522.01",1330.00,230.00,250.00,55.60,848.00,873.00,0.00,380799.00,1105.00,225.00,11.80,110.00,65152.00,115.00,86187.00,72090.00,7.70,7.50,35230.00,31225.00,3557.00,-4.70,1318.00,2903.40,43.30,62.90,21.90,40.00,165.00,2.70,120.00,15.00,2280.00,1315.00,95.00,275.00
"4620522.02","462","Montréal","0522.02",1370.00,435.00,285.00,37.90,966.00,946.00,0.00,379286.00,935.00,435.00,12.80,60.00,60928.00,140.00,74539.00,63616.00,9.80,9.10,32807.00,29402.00,3595.00,-3.50,1381.00,3307.60,45.60,62.70,24.10,170.00,255.00,2.50,190.00,35.00,2070.00,1335.00,115.00,195.00
"4620523.00","462","Montréal","0523.00",830.00,0.00,120.00,0.00,0.00,0.00,0.00,366037.00,810.00,15.00,14.20,70.00,84224.00,70.00,98645.00,82944.00,6.70,5.80,35054.00,31168.00,2463.00,-2.40,808.00,3228.00,41.20,64.50,18.10,0.00,0.00,3.00,50.00,10.00,1455.00,1035.00,65.00,215.00
"4620530.00","462","Montréal","0530.00",2110.00,310.00,355.00,33.30,830.00,912.00,0.00,348625.00,1805.00,310.00,14.10,200.00,63104.00,260.00,81067.00,69063.00,8.30,7.70,35058.00,30912.00,5941.00,1.00,2120.00,2642.00,41.60,65.80,17.00,230.00,0.00,2.80,120.00,10.00,3840.00,2040.00,200.00,430.00
"4620540.00","462","Montréal","0540.00",1655.00,1050.00,585.00,43.30,795.00,920.00,4.80,276331.00,600.00,1050.00,21.50,135.00,45952.00,245.00,43853.00,39584.00,24.40,23.20,26901.00,24968.00,3700.00,7.20,1681.00,4215.10,44.90,62.40,23.10,1075.00,145.00,2.00,410.00,65.00,2160.00,1125.00,100.00,260.00
"4620550.02","462","Montréal","0550.02",1270.00,240.00,260.00,31.20,729.00,737.00,0.00,399737.00,1025.00,240.00,18.00,70.00,68224.00,140.00,80512.00,67371.00,9.50,9.40,36826.00,32240.00,3233.00,12.40,1263.00,242.50,41.90,68.20,16.20,160.00,0.00,2.50,75.00,30.00,2300.00,865.00,25.00,160.00
"4620550.03","462","Montréal","0550.03",2205.00,180.00,360.00,47.20,754.00,844.00,0.00,414906.00,2030.00,180.00,13.80,125.00,82304.00,190.00,115383.00,93834.00,6.00,5.20,42240.00,36413.00,6683.00,0.30,2183.00,1331.60,41.10,68.30,14.60,120.00,0.00,2.90,125.00,0.00,4870.00,1565.00,155.00,240.00
"4620550.04","462","Montréal","0550.04",1795.00,325.00,260.00,25.80,815.00,816.00,0.00,349332.00,1475.00,330.00,11.60,50.00,73600.00,200.00,91981.00,76325.00,6.90,6.20,38827.00,33632.00,4797.00,-6.10,1803.00,1083.30,41.40,70.00,14.40,310.00,0.00,2.60,20.00,60.00,3810.00,920.00,35.00,170.00
"4620570.00","462","Montréal","0570.00",1735.00,975.00,510.00,38.70,711.00,734.00,9.70,250023.00,760.00,975.00,18.30,210.00,44160.00,290.00,50318.00,44690.00,20.60,18.50,29605.00,26950.00,3850.00,3.30,1734.00,314.50,39.60,71.00,13.50,845.00,80.00,2.10,55.00,25.00,3365.00,330.00,50.00,145.00
"4620580.01","462","Montréal","0580.01",1860.00,720.00,365.00,37.50,698.00,766.00,2.80,259386.00,1140.00,720.00,7.90,165.00,49152.00,280.00,62891.00,53824.00,14.40,13.30,35817.00,31411.00,4260.00,2.10,1868.00,3647.90,41.80,69.70,15.50,970.00,70.00,2.20,60.00,10.00,3730.00,475.00,85.00,145.00
"4620580.02","462","Montréal","0580.02",1585.00,220.00,205.00,15.60,791.00,777.00,24.40,190229.00,1365.00,225.00,12.50,60.00,59584.00,235.00,66048.00,55467.00,7.80,6.90,42688.00,36615.00,3235.00,11.20,1582.00,4025.10,38.60,74.20,9.60,1135.00,5.00,2.00,45.00,10.00,2740.00,480.00,75.00,115.00
"4620580.03","462","Montréal","0580.03",1560.00,430.00,215.00,23.30,716.00,765.00,0.00,299993.00,1125.00,430.00,10.20,100.00,60160.00,190.00,79388.00,66842.00,7.30,6.40,39367.00,33988.00,3879.00,-3.70,1563.00,3588.70,42.90,70.60,15.00,480.00,0.00,2.40,20.00,0.00,3510.00,280.00,60.00,110.00
"4620581.01","462","Montréal","0581.01",2050.00,620.00,350.00,25.00,670.00,708.00,21.00,249890.00,1435.00,620.00,13.60,120.00,54101.00,340.00,68884.00,59776.00,12.20,10.70,33990.00,30309.00,5708.00,-4.30,2018.00,4342.70,45.10,63.50,21.60,545.00,0.00,2.50,50.00,10.00,4350.00,795.00,120.00,175.00
"4620581.02","462","Montréal","0581.02",1490.00,665.00,275.00,28.20,651.00,638.00,27.80,278697.00,835.00,665.00,11.40,55.00,41600.00,280.00,53856.00,47508.00,21.20,19.30,30880.00,27589.00,3495.00,5.40,1529.00,5224.20,41.10,69.40,14.40,710.00,105.00,2.30,70.00,0.00,2940.00,480.00,50.00,210.00
"4620582.01","462","Montréal","0582.01",3015.00,1545.00,595.00,29.50,701.00,706.00,6.50,259250.00,1475.00,1540.00,9.50,150.00,51285.00,395.00,53472.00,46379.00,12.90,10.40,33293.00,29481.00,6465.00,-1.00,3019.00,5563.70,46.20,64.60,23.00,2005.00,80.00,2.00,200.00,20.00,5425.00,725.00,125.00,215.00
"4620582.02","462","Montréal","0582.02",2645.00,1220.00,520.00,28.40,704.00,712.00,13.50,250682.00,1430.00,1220.00,12.20,150.00,51584.00,405.00,56903.00,49849.00,14.20,13.80,32401.00,29178.00,6033.00,-1.50,2657.00,4713.30,42.90,65.80,18.80,1445.00,10.00,2.20,115.00,30.00,4965.00,855.00,155.00,230.00
"4620583.00","462","Montréal","0583.00",1320.00,535.00,240.00,31.50,674.00,677.00,5.60,255209.00,785.00,535.00,10.20,135.00,60608.00,185.00,61248.00,54118.00,11.30,10.40,32560.00,29043.00,3205.00,-0.40,1314.00,4327.60,42.60,66.40,18.40,420.00,45.00,2.40,100.00,10.00,2685.00,485.00,95.00,165.00
"4620584.00","462","Montréal","0584.00",3215.00,1845.00,745.00,27.60,718.00,715.00,16.80,259529.00,1375.00,1845.00,16.80,275.00,48960.00,475.00,49877.00,44459.00,19.70,17.10,29558.00,26910.00,7022.00,3.10,3220.00,4389.00,42.90,67.40,18.70,1695.00,150.00,2.10,85.00,30.00,6020.00,745.00,160.00,260.00
"4620585.01","462","Montréal","0585.01",770.00,105.00,75.00,28.60,865.00,894.00,0.00,299364.00,670.00,105.00,6.80,20.00,69888.00,95.00,89637.00,74283.00,5.00,5.10,42816.00,36498.00,1995.00,-1.20,767.00,576.40,39.40,73.40,10.30,105.00,0.00,2.60,15.00,0.00,1815.00,215.00,40.00,60.00
"4620585.02","462","Montréal","0585.02",1725.00,980.00,540.00,45.70,846.00,826.00,13.20,299077.00,740.00,985.00,12.20,50.00,51520.00,210.00,51285.00,45472.00,15.30,12.80,30469.00,27659.00,3900.00,-1.70,1718.00,698.10,49.30,58.60,29.40,1025.00,0.00,2.10,40.00,0.00,3175.00,350.00,100.00,100.00
"4620590.01","462","Montréal","0590.01",2215.00,1260.00,570.00,33.90,739.00,776.00,13.10,349528.00,955.00,1255.00,15.60,105.00,50944.00,345.00,56978.00,51008.00,17.30,14.10,29916.00,27200.00,5439.00,1.00,2200.00,3637.20,40.00,65.30,15.90,1415.00,75.00,2.40,365.00,80.00,3575.00,1665.00,235.00,460.00
"4620590.02","462","Montréal","0590.02",1360.00,1020.00,420.00,30.40,738.00,785.00,5.40,336148.00,345.00,1015.00,30.40,105.00,46251.00,255.00,47760.00,43546.00,23.60,22.40,26129.00,24626.00,3340.00,6.50,1379.00,11129.60,36.00,66.50,10.90,1035.00,0.00,2.40,520.00,60.00,1925.00,1325.00,235.00,320.00
"4620591.01","462","Montréal","0591.01",1075.00,470.00,205.00,23.40,826.00,812.00,0.00,448650.00,610.00,465.00,15.40,70.00,54528.00,105.00,69717.00,59200.00,12.10,11.40,35277.00,31296.00,2664.00,4.20,1057.00,5469.10,40.60,65.10,16.50,650.00,0.00,2.50,165.00,35.00,1815.00,860.00,85.00,190.00
"4620591.02","462","Montréal","0591.02",1625.00,840.00,390.00,29.20,755.00,790.00,6.50,450084.00,780.00,840.00,18.60,95.00,50176.00,190.00,60544.00,53138.00,15.10,14.00,33210.00,30248.00,4158.00,2.00,1644.00,6066.50,41.20,62.90,18.30,800.00,0.00,2.50,335.00,35.00,2605.00,1315.00,115.00,280.00
"4620592.00","462","Montréal","0592.00",3060.00,1985.00,740.00,25.80,746.00,778.00,11.30,421772.00,1085.00,1985.00,21.30,215.00,51328.00,400.00,53616.00,48139.00,19.40,16.60,29301.00,27115.00,7418.00,3.30,3067.00,7745.60,39.30,62.50,16.50,1710.00,200.00,2.40,700.00,45.00,4500.00,2870.00,330.00,565.00
"4620593.01","462","Montréal","0593.01",2770.00,1035.00,795.00,45.60,1099.00,1159.00,5.80,259090.00,1740.00,1030.00,18.70,75.00,56960.00,130.00,49617.00,43099.00,11.80,11.10,33498.00,30208.00,5087.00,1.50,2772.00,4880.10,64.70,35.50,60.00,455.00,2265.00,1.60,65.00,15.00,3285.00,1050.00,80.00,135.00
"4620593.02","462","Montréal","0593.02",1980.00,1390.00,595.00,34.20,811.00,843.00,2.50,400462.00,585.00,1390.00,19.70,150.00,44416.00,260.00,49792.00,44949.00,20.70,19.90,28456.00,26539.00,4538.00,3.10,1977.00,9362.50,40.50,60.80,19.30,1460.00,330.00,2.30,375.00,25.00,3030.00,1545.00,165.00,330.00
"4620594.01","462","Montréal","0594.01",1330.00,1075.00,335.00,25.10,699.00,714.00,12.10,280424.00,260.00,1075.00,23.10,30.00,46592.00,190.00,44828.00,39782.00,23.40,21.50,27315.00,25552.00,2704.00,-2.20,1330.00,6756.60,42.20,64.10,19.20,1290.00,0.00,2.00,280.00,10.00,1565.00,1140.00,140.00,270.00
"4620594.02","462","Montréal","0594.02",3375.00,1400.00,590.00,26.30,785.00,805.00,2.10,320582.00,1970.00,1400.00,11.20,105.00,62336.00,355.00,60818.00,52382.00,12.20,11.70,34944.00,31067.00,7448.00,0.40,3372.00,938.30,45.80,60.60,25.10,1825.00,605.00,2.20,420.00,40.00,5095.00,2190.00,295.00,375.00
"4620600.01","462","Montréal","0600.01",1550.00,1080.00,425.00,26.40,827.00,833.00,3.70,600851.00,470.00,1080.00,29.80,90.00,46976.00,200.00,52224.00,47509.00,21.60,20.70,27125.00,25336.00,3931.00,2.60,1564.00,5306.40,40.30,60.20,19.20,1360.00,0.00,2.50,410.00,45.00,1940.00,2025.00,170.00,390.00
"4620600.02","462","Montréal","0600.02",1725.00,1395.00,600.00,36.20,744.00,789.00,6.10,501242.00,330.00,1395.00,28.80,150.00,42368.00,220.00,42752.00,39552.00,30.20,30.70,24313.00,23451.00,4141.00,2.80,1706.00,10024.20,37.80,61.20,15.70,1365.00,5.00,2.40,720.00,50.00,1820.00,2190.00,190.00,580.00
"4620600.03","462","Montréal","0600.03",2425.00,1630.00,740.00,33.50,805.00,858.00,2.80,449882.00,800.00,1630.00,23.80,165.00,49195.00,325.00,48243.00,44326.00,23.90,22.90,25827.00,24346.00,6617.00,3.10,2429.00,9494.90,48.00,51.30,32.00,1475.00,590.00,2.30,685.00,75.00,2545.00,3045.00,440.00,565.00
"4620601.01","462","Montréal","0601.01",1320.00,850.00,380.00,31.80,815.00,812.00,0.00,549484.00,470.00,850.00,24.50,100.00,54656.00,165.00,53860.00,49382.00,19.00,17.80,26021.00,24491.00,3284.00,-0.30,1305.00,10224.20,41.40,61.50,19.80,820.00,10.00,2.50,215.00,35.00,1660.00,1535.00,250.00,335.00
"4620601.02","462","Montréal","0601.02",1960.00,1230.00,605.00,32.90,790.00,847.00,4.50,275127.00,740.00,1230.00,26.50,105.00,49408.00,240.00,48864.00,44531.00,25.10,23.80,27248.00,25620.00,4466.00,9.30,1985.00,10449.20,38.40,63.20,15.80,1010.00,675.00,2.20,645.00,75.00,2080.00,2355.00,235.00,390.00
"4620602.01","462","Montréal","0602.01",1660.00,1085.00,515.00,31.80,929.00,938.00,2.80,501039.00,580.00,1085.00,29.30,65.00,60160.00,200.00,51931.00,47161.00,20.00,20.40,26688.00,25210.00,3809.00,9.20,1656.00,7062.90,45.70,57.30,27.20,610.00,415.00,2.30,290.00,30.00,2055.00,1740.00,195.00,370.00
"4620602.02","462","Montréal","0602.02",1155.00,845.00,410.00,35.90,797.00,821.00,2.40,571884.00,305.00,850.00,33.90,60.00,49536.00,145.00,46976.00,42906.00,28.70,29.30,23616.00,22640.00,2880.00,5.40,1164.00,4680.60,39.40,63.40,16.80,975.00,0.00,2.50,450.00,70.00,1290.00,1475.00,235.00,310.00
"4620603.01","462","Montréal","0603.01",1420.00,1035.00,450.00,30.90,764.00,792.00,3.40,599744.00,385.00,1040.00,33.80,85.00,44928.00,210.00,49067.00,44160.00,21.90,22.00,25893.00,24437.00,3615.00,-3.80,1444.00,6784.90,41.30,62.20,19.50,1425.00,0.00,2.40,445.00,40.00,1465.00,1825.00,255.00,365.00
"4620603.02","462","Montréal","0603.02",1650.00,1075.00,570.00,35.30,850.00,925.00,8.30,550290.00,575.00,1080.00,32.80,85.00,46464.00,235.00,48064.00,43989.00,18.90,18.10,25157.00,23907.00,4072.00,10.30,1671.00,6520.40,46.40,56.10,28.70,1100.00,215.00,2.30,215.00,15.00,2035.00,1760.00,270.00,355.00
"4620603.03","462","Montréal","0603.03",1290.00,1000.00,350.00,25.10,784.00,815.00,4.00,552774.00,290.00,995.00,33.90,145.00,46080.00,205.00,50139.00,46234.00,25.80,25.10,23725.00,22680.00,3532.00,0.40,1276.00,9926.90,36.40,62.70,13.40,1255.00,0.00,2.80,540.00,60.00,1650.00,1910.00,340.00,410.00
"4620604.01","462","Montréal","0604.01",1130.00,255.00,225.00,27.50,870.00,884.00,0.00,460224.00,880.00,255.00,18.20,75.00,59520.00,115.00,80384.00,69427.00,8.20,8.00,32544.00,29392.00,3241.00,1.10,1138.00,3473.70,43.00,62.60,21.10,305.00,0.00,2.80,130.00,10.00,2080.00,1250.00,125.00,200.00
"4620604.02","462","Montréal","0604.02",1725.00,1290.00,550.00,29.80,805.00,834.00,3.10,665490.00,440.00,1290.00,37.50,95.00,44992.00,285.00,50304.00,45781.00,23.80,21.70,25893.00,24644.00,4501.00,0.80,1752.00,13211.00,38.20,61.00,16.10,1650.00,0.00,2.60,440.00,25.00,2015.00,2340.00,280.00,655.00
"4620604.03","462","Montréal","0604.03",1215.00,770.00,335.00,27.90,815.00,837.00,3.30,598789.00,445.00,770.00,25.80,40.00,49024.00,170.00,52198.00,47590.00,21.40,20.60,26025.00,24424.00,3040.00,1.10,1207.00,6137.70,41.80,59.90,21.50,1095.00,0.00,2.50,290.00,15.00,1540.00,1570.00,180.00,290.00
"4620604.04","462","Montréal","0604.04",1350.00,940.00,410.00,29.30,815.00,865.00,1.60,699541.00,410.00,940.00,34.10,65.00,46848.00,215.00,51115.00,47531.00,22.00,20.80,26240.00,24960.00,3468.00,4.50,1338.00,4562.60,38.40,62.70,15.90,1200.00,0.00,2.60,390.00,55.00,1705.00,1725.00,240.00,355.00
"4620604.05","462","Montréal","0604.05",1860.00,1195.00,485.00,28.00,802.00,834.00,0.00,599098.00,670.00,1195.00,23.10,90.00,51456.00,275.00,59797.00,53520.00,16.50,15.60,28430.00,26672.00,5229.00,11.60,1865.00,8867.20,36.90,63.60,12.90,1450.00,0.00,2.80,420.00,40.00,2840.00,2240.00,275.00,615.00
"4620605.01","462","Montréal","0605.01",1615.00,1100.00,405.00,24.20,726.00,752.00,19.20,500940.00,525.00,1095.00,26.00,50.00,45696.00,210.00,45082.00,41685.00,23.00,18.30,24613.00,23328.00,3491.00,2.00,1585.00,2585.20,44.20,58.20,25.30,1020.00,405.00,2.20,190.00,55.00,1805.00,1600.00,255.00,355.00
"4620605.02","462","Montréal","0605.02",730.00,135.00,125.00,22.20,751.00,807.00,0.00,450171.00,600.00,135.00,16.00,25.00,65024.00,60.00,75051.00,64704.00,6.80,6.00,32427.00,29472.00,1998.00,-0.10,729.00,3456.70,45.80,59.10,26.30,155.00,0.00,2.70,20.00,35.00,1180.00,850.00,85.00,140.00
"4620605.03","462","Montréal","0605.03",2345.00,1660.00,670.00,28.30,808.00,821.00,6.90,601781.00,690.00,1660.00,29.00,95.00,46208.00,340.00,50368.00,46288.00,23.60,21.70,26941.00,25144.00,5911.00,0.90,2355.00,5735.50,38.30,61.70,16.10,2035.00,115.00,2.50,525.00,85.00,3115.00,2695.00,275.00,630.00
"4620605.04","462","Montréal","0605.04",1910.00,1135.00,475.00,26.00,823.00,848.00,2.20,449507.00,775.00,1135.00,23.20,145.00,53120.00,280.00,56021.00,50325.00,17.40,15.50,28428.00,26419.00,4907.00,2.20,1915.00,3098.60,39.40,61.70,17.40,1410.00,5.00,2.60,365.00,90.00,2645.00,2105.00,180.00,495.00
"4620605.05","462","Montréal","0605.05",835.00,370.00,150.00,18.90,821.00,864.00,0.00,500529.00,465.00,370.00,19.60,35.00,57984.00,110.00,60288.00,53709.00,13.60,12.90,29029.00,26992.00,2172.00,3.50,848.00,3782.00,42.60,60.50,21.40,510.00,0.00,2.60,220.00,20.00,1220.00,1115.00,185.00,240.00
"4620610.01","462","Montréal","0610.01",1955.00,1615.00,600.00,30.70,712.00,723.00,8.40,375893.00,345.00,1610.00,30.40,135.00,41941.00,385.00,38720.00,36448.00,30.40,30.00,21939.00,21308.00,4536.00,0.50,1963.00,4856.50,39.20,66.30,15.20,1435.00,340.00,2.30,420.00,110.00,2610.00,1895.00,355.00,635.00
"4620610.02","462","Montréal","0610.02",1755.00,1260.00,525.00,30.30,767.00,799.00,3.60,449138.00,495.00,1255.00,30.00,140.00,50176.00,315.00,47770.00,44339.00,22.90,21.40,23808.00,22939.00,4558.00,0.40,1764.00,9876.50,41.00,62.00,19.70,1150.00,5.00,2.50,320.00,40.00,2415.00,2045.00,255.00,565.00
"4620610.03","462","Montréal","0610.03",2205.00,1160.00,780.00,47.80,775.00,911.00,16.50,300354.00,1045.00,1160.00,21.50,145.00,45696.00,305.00,48185.00,43819.00,18.80,18.90,26112.00,24563.00,5297.00,1.80,2198.00,6742.60,48.20,53.50,32.00,995.00,445.00,2.30,240.00,30.00,3125.00,1780.00,245.00,510.00
"4620610.04","462","Montréal","0610.04",1615.00,1550.00,595.00,36.80,669.00,696.00,10.30,394782.00,65.00,1555.00,38.50,135.00,34816.00,405.00,35499.00,33815.00,41.70,38.50,20642.00,20136.00,3632.00,-8.20,1610.00,18673.50,36.50,67.60,11.40,1585.00,0.00,2.30,410.00,85.00,2285.00,1280.00,220.00,415.00
"4620610.05","462","Montréal","0610.05",1915.00,1685.00,675.00,35.30,654.00,653.00,18.00,224606.00,220.00,1685.00,36.40,185.00,31987.00,530.00,33847.00,32608.00,45.60,42.10,19815.00,19546.00,4406.00,2.60,1919.00,11441.20,34.30,66.90,9.20,1695.00,185.00,2.30,525.00,35.00,2530.00,1825.00,265.00,790.00
"4620610.06","462","Montréal","0610.06",1080.00,810.00,355.00,34.40,755.00,791.00,2.50,348978.00,265.00,815.00,28.80,100.00,48853.00,235.00,47659.00,44320.00,24.40,23.60,23456.00,22379.00,2792.00,0.50,1069.00,8144.70,37.90,66.50,14.30,950.00,0.00,2.60,320.00,35.00,1400.00,1335.00,230.00,415.00
"4620610.07","462","Montréal","0610.07",1610.00,1325.00,425.00,27.80,651.00,659.00,33.10,299112.00,285.00,1325.00,19.30,160.00,34560.00,355.00,33190.00,31888.00,39.70,36.40,20295.00,19973.00,4301.00,-4.70,1621.00,7815.70,52.70,44.60,41.80,1045.00,460.00,2.00,255.00,40.00,2040.00,1180.00,130.00,430.00
"4620611.01","462","Montréal","0611.01",1140.00,690.00,440.00,44.20,745.00,763.00,0.00,341273.00,450.00,690.00,30.00,95.00,41088.00,220.00,44864.00,41326.00,26.40,24.90,23408.00,22564.00,2822.00,0.50,1134.00,3963.50,39.50,63.40,16.60,505.00,0.00,2.50,175.00,30.00,1470.00,1235.00,225.00,420.00
"4620611.02","462","Montréal","0611.02",2185.00,1495.00,745.00,34.30,721.00,749.00,1.30,375893.00,685.00,1495.00,32.60,185.00,44459.00,370.00,45205.00,41746.00,26.60,25.40,23477.00,22360.00,5541.00,0.80,2183.00,9814.00,38.10,66.10,13.70,1330.00,30.00,2.50,595.00,80.00,2995.00,2455.00,280.00,745.00
"4620612.00","462","Montréal","0612.00",1870.00,1235.00,585.00,34.40,714.00,746.00,5.30,279116.00,635.00,1235.00,25.20,150.00,43494.00,335.00,44454.00,41237.00,27.50,26.30,22768.00,21900.00,4641.00,10.20,1859.00,6216.20,37.40,66.50,13.00,1070.00,105.00,2.50,440.00,40.00,2500.00,2175.00,360.00,850.00
"4620613.00","462","Montréal","0613.00",2880.00,2085.00,995.00,36.60,720.00,754.00,3.10,350108.00,795.00,2090.00,28.80,210.00,44821.00,445.00,44221.00,41067.00,26.60,25.90,22701.00,21896.00,7398.00,4.00,2884.00,7467.40,37.90,64.70,14.70,1945.00,5.00,2.50,845.00,165.00,3560.00,3560.00,590.00,1150.00
"4620614.00","462","Montréal","0614.00",1590.00,1125.00,600.00,42.20,682.00,730.00,4.90,348395.00,470.00,1120.00,26.60,120.00,47872.00,210.00,42592.00,38560.00,24.60,23.90,23776.00,22763.00,3446.00,-3.30,1579.00,7752.50,40.80,66.30,16.50,875.00,150.00,2.20,300.00,35.00,2100.00,1245.00,180.00,345.00
"4620615.00","462","Montréal","0615.00",2180.00,1550.00,725.00,34.20,728.00,767.00,3.90,341723.00,630.00,1550.00,31.00,210.00,43477.00,405.00,45901.00,42406.00,27.40,26.10,23707.00,22592.00,5584.00,-1.10,2193.00,9975.00,37.40,64.70,13.50,1370.00,90.00,2.50,595.00,100.00,2950.00,2400.00,400.00,840.00
"4620616.00","462","Montréal","0616.00",2590.00,1895.00,945.00,37.30,707.00,732.00,8.20,324857.00,690.00,1890.00,34.80,270.00,41856.00,520.00,43221.00,40135.00,28.50,27.80,22406.00,21807.00,6609.00,1.30,2586.00,8757.10,38.60,64.40,15.10,1710.00,70.00,2.50,715.00,65.00,3330.00,3020.00,460.00,970.00
"4620617.01","462","Montréal","0617.01",2150.00,1125.00,570.00,38.70,706.00,730.00,5.30,320003.00,1025.00,1125.00,13.60,150.00,47104.00,300.00,50816.00,46229.00,20.20,19.90,25330.00,23951.00,5460.00,0.80,2153.00,6035.80,41.50,63.30,18.80,1000.00,170.00,2.50,440.00,55.00,2990.00,2365.00,425.00,565.00
"4620617.02","462","Montréal","0617.02",1650.00,890.00,460.00,33.70,709.00,750.00,0.00,310627.00,760.00,890.00,20.30,140.00,50944.00,260.00,51507.00,46746.00,18.30,17.90,26998.00,25172.00,3926.00,-0.20,1632.00,5972.00,40.70,66.60,15.90,925.00,0.00,2.40,150.00,35.00,2590.00,1240.00,200.00,305.00
"4620618.00","462","Montréal","0618.00",1600.00,1135.00,470.00,32.50,696.00,731.00,6.20,299601.00,470.00,1140.00,22.60,140.00,44544.00,210.00,41658.00,37339.00,26.70,24.20,25691.00,24357.00,3479.00,3.40,1628.00,6915.10,44.20,62.20,21.80,1045.00,140.00,2.10,355.00,35.00,2115.00,1240.00,165.00,405.00
"4620619.00","462","Montréal","0619.00",3050.00,2440.00,1510.00,57.80,809.00,878.00,10.90,319875.00,610.00,2440.00,16.40,145.00,41728.00,245.00,34995.00,32082.00,28.10,26.00,24990.00,24057.00,5806.00,-3.20,3063.00,10146.80,53.60,46.90,40.60,1265.00,1370.00,1.70,525.00,60.00,3530.00,1725.00,210.00,390.00
"4620625.01","462","Montréal","0625.01",2155.00,335.00,300.00,28.40,773.00,831.00,0.00,249961.00,1825.00,340.00,11.20,115.00,62464.00,300.00,73907.00,64238.00,7.40,6.70,33132.00,29603.00,6083.00,-0.50,2133.00,1179.30,40.70,67.80,15.10,325.00,5.00,2.80,85.00,25.00,4690.00,1300.00,160.00,490.00
"4620625.02","462","Montréal","0625.02",2545.00,340.00,385.00,32.40,884.00,898.00,7.20,240495.00,2210.00,340.00,12.50,90.00,60459.00,375.00,77120.00,66737.00,7.10,6.00,34304.00,30539.00,7541.00,8.00,2549.00,3776.50,36.60,68.40,10.30,435.00,0.00,3.00,160.00,10.00,5245.00,2285.00,360.00,735.00
"4620626.00","462","Montréal","0626.00",2525.00,290.00,405.00,36.20,799.00,851.00,0.00,299615.00,2230.00,290.00,13.50,145.00,66176.00,305.00,86656.00,72960.00,6.30,5.60,39581.00,34375.00,7174.00,15.70,2521.00,677.70,36.90,68.20,10.50,635.00,0.00,2.80,130.00,25.00,5415.00,1745.00,220.00,550.00
"4620627.00","462","Montréal","0627.00",2735.00,1470.00,800.00,40.00,807.00,845.00,2.40,285834.00,1260.00,1470.00,17.00,175.00,51296.00,355.00,52021.00,46281.00,13.50,12.50,30729.00,27816.00,6850.00,2.90,2735.00,1333.30,46.40,63.50,24.10,1300.00,215.00,2.10,170.00,40.00,4790.00,990.00,130.00,280.00
"4620628.01","462","Montréal","0628.01",1925.00,700.00,370.00,34.50,730.00,791.00,2.90,300965.00,1225.00,695.00,10.60,165.00,60928.00,315.00,66048.00,57472.00,12.30,12.00,34500.00,30549.00,4724.00,1.10,1944.00,2701.70,41.00,65.50,17.10,785.00,80.00,2.40,100.00,35.00,3695.00,970.00,80.00,235.00
"4620628.02","462","Montréal","0628.02",1600.00,660.00,370.00,34.10,780.00,821.00,0.00,290633.00,935.00,660.00,15.40,105.00,56384.00,240.00,61995.00,54293.00,12.40,11.60,34342.00,30630.00,3753.00,1.20,1580.00,4594.80,39.90,67.50,15.20,720.00,0.00,2.40,220.00,25.00,2780.00,955.00,100.00,165.00
"4620629.00","462","Montréal","0629.00",1330.00,175.00,215.00,37.10,810.00,839.00,0.00,348471.00,1150.00,180.00,13.50,105.00,74496.00,140.00,81225.00,68864.00,6.90,6.00,37560.00,32978.00,3432.00,0.50,1333.00,2892.10,45.00,62.20,22.60,190.00,0.00,2.60,30.00,20.00,2480.00,925.00,90.00,190.00
"4620630.01","462","Montréal","0630.01",1310.00,60.00,160.00,33.30,896.00,1010.00,0.00,350179.00,1250.00,60.00,10.80,70.00,70912.00,125.00,95275.00,79323.00,4.10,3.40,38729.00,33810.00,3697.00,0.00,1305.00,3065.30,43.90,63.10,21.50,60.00,0.00,2.80,70.00,10.00,2605.00,1085.00,90.00,135.00
"4620630.02","462","Montréal","0630.02",1915.00,205.00,260.00,41.50,718.00,796.00,12.20,421103.00,1715.00,205.00,10.20,105.00,83456.00,170.00,98816.00,82385.00,5.00,4.10,43520.00,36664.00,5186.00,-0.20,1918.00,2346.20,46.40,57.90,27.60,180.00,135.00,2.60,20.00,10.00,4040.00,975.00,55.00,220.00
"4620631.00","462","Montréal","0631.00",2515.00,200.00,435.00,37.50,1289.00,1198.00,0.00,494096.00,2335.00,200.00,15.80,40.00,75648.00,205.00,110464.00,90311.00,4.70,4.20,44109.00,37466.00,7772.00,13.90,2535.00,310.70,36.30,71.80,8.10,480.00,30.00,3.10,100.00,0.00,6100.00,1660.00,155.00,320.00
"4620632.01","462","Montréal","0632.01",2040.00,600.00,390.00,38.30,805.00,841.00,4.20,300775.00,1435.00,600.00,10.80,115.00,62208.00,225.00,69348.00,60331.00,8.70,7.90,33163.00,29769.00,4964.00,-1.30,1992.00,3268.40,44.40,63.20,21.80,530.00,0.00,2.50,115.00,0.00,3690.00,1260.00,110.00,305.00
"4620632.02","462","Montréal","0632.02",1845.00,630.00,295.00,26.80,780.00,814.00,2.40,300191.00,1215.00,630.00,10.30,105.00,62592.00,265.00,68710.00,59648.00,10.80,9.60,33032.00,29585.00,4807.00,-0.50,1890.00,2410.40,41.50,67.00,16.50,660.00,0.00,2.50,90.00,25.00,3535.00,1240.00,220.00,315.00
"4620632.03","462","Montréal","0632.03",1825.00,495.00,310.00,30.30,753.00,849.00,0.00,390370.00,1335.00,495.00,12.10,70.00,62464.00,180.00,78023.00,66144.00,7.10,6.40,37074.00,32283.00,5970.00,6.50,1831.00,1419.40,51.60,53.40,35.90,600.00,0.00,2.50,105.00,0.00,3415.00,1205.00,95.00,220.00
"4620632.04","462","Montréal","0632.04",3005.00,930.00,600.00,34.90,764.00,833.00,1.60,300766.00,2085.00,925.00,13.20,75.00,61440.00,345.00,69632.00,60237.00,8.80,7.90,35689.00,31123.00,7175.00,-1.30,3012.00,3780.10,41.90,71.10,15.10,1375.00,0.00,2.40,145.00,45.00,5560.00,1560.00,185.00,340.00
"4620633.00","462","Montréal","0633.00",2040.00,510.00,370.00,36.90,807.00,861.00,2.90,359986.00,1535.00,510.00,12.10,125.00,69120.00,220.00,75481.00,63770.00,8.80,8.80,37760.00,32845.00,5236.00,1.80,2043.00,3205.00,48.20,57.70,29.20,290.00,405.00,2.40,145.00,10.00,3700.00,1140.00,160.00,250.00
"4620634.00","462","Montréal","0634.00",1225.00,425.00,250.00,37.60,727.00,797.00,0.00,320637.00,805.00,425.00,11.20,125.00,52608.00,140.00,64725.00,55936.00,13.00,12.70,33792.00,30349.00,2979.00,2.40,1256.00,3642.30,42.40,66.90,18.00,420.00,40.00,2.40,65.00,10.00,2250.00,715.00,80.00,175.00
"4620635.00","462","Montréal","0635.00",2155.00,985.00,700.00,43.10,701.00,742.00,5.10,280234.00,1175.00,980.00,23.30,180.00,48341.00,260.00,50944.00,45107.00,20.10,20.00,28264.00,25933.00,5517.00,5.90,2130.00,5328.90,48.60,56.50,30.80,785.00,170.00,2.10,240.00,30.00,3270.00,1265.00,225.00,345.00
"4620636.00","462","Montréal","0636.00",3045.00,1905.00,810.00,28.90,802.00,835.00,3.40,290411.00,1140.00,1905.00,22.80,245.00,47462.00,565.00,53451.00,48293.00,18.70,17.30,28933.00,26638.00,7262.00,5.10,3045.00,3253.30,38.10,67.80,12.90,2190.00,55.00,2.40,455.00,40.00,5255.00,1945.00,300.00,515.00
"4620637.01","462","Montréal","0637.01",1880.00,515.00,305.00,23.30,820.00,828.00,0.00,299415.00,1360.00,515.00,13.60,135.00,57280.00,255.00,70720.00,61426.00,9.30,8.50,31707.00,28352.00,4988.00,0.50,1889.00,3139.90,42.30,65.50,19.10,600.00,0.00,2.60,180.00,40.00,3120.00,1835.00,180.00,310.00
"4620637.02","462","Montréal","0637.02",2130.00,1480.00,645.00,32.40,701.00,767.00,13.60,250439.00,655.00,1475.00,26.00,75.00,46752.00,290.00,49554.00,44160.00,19.00,17.00,30184.00,27465.00,4214.00,2.00,2120.00,2976.60,39.90,72.60,12.80,1775.00,140.00,2.00,195.00,20.00,2995.00,1190.00,270.00,280.00
"4620638.01","462","Montréal","0638.01",2540.00,1410.00,665.00,31.00,769.00,795.00,2.10,299676.00,1135.00,1410.00,19.90,110.00,48704.00,265.00,54034.00,47744.00,16.20,14.70,30048.00,27386.00,5511.00,2.50,2541.00,6010.50,41.70,67.80,18.60,1610.00,120.00,2.20,300.00,25.00,3800.00,1690.00,255.00,395.00
"4620638.02","462","Montréal","0638.02",870.00,280.00,185.00,28.60,746.00,810.00,0.00,323841.00,585.00,280.00,17.90,70.00,56064.00,95.00,63360.00,56064.00,11.90,12.00,31219.00,28720.00,2104.00,4.10,848.00,4687.00,42.40,64.50,18.80,325.00,0.00,2.50,105.00,10.00,1595.00,620.00,145.00,120.00
"4620638.03","462","Montréal","0638.03",1800.00,1140.00,490.00,30.80,755.00,794.00,4.80,300919.00,665.00,1140.00,22.00,110.00,50560.00,235.00,51243.00,45984.00,20.20,19.50,26679.00,25005.00,4312.00,4.70,1820.00,6359.90,39.40,67.20,15.60,1130.00,5.00,2.40,275.00,35.00,2735.00,1395.00,215.00,345.00
"4620638.04","462","Montréal","0638.04",3000.00,2440.00,975.00,34.40,714.00,741.00,4.90,349103.00,560.00,2440.00,23.90,185.00,43989.00,445.00,42867.00,38449.00,26.60,25.80,24805.00,23534.00,6331.00,3.00,3003.00,7693.50,37.80,71.00,12.20,2630.00,40.00,2.10,600.00,100.00,4115.00,2110.00,230.00,560.00
"4620639.00","462","Montréal","0639.00",1730.00,965.00,395.00,29.90,742.00,764.00,13.90,299890.00,760.00,970.00,13.20,155.00,50816.00,165.00,54368.00,46944.00,19.80,16.60,31480.00,28560.00,4135.00,4.40,1699.00,3088.10,45.40,60.80,25.20,870.00,200.00,2.10,375.00,105.00,2405.00,1165.00,210.00,210.00
"4620640.00","462","Montréal","0640.00",1710.00,855.00,610.00,47.40,824.00,929.00,14.60,300124.00,860.00,855.00,24.00,100.00,52160.00,210.00,52535.00,46157.00,19.20,16.90,28442.00,26347.00,3958.00,6.40,1713.00,4968.60,43.20,63.50,20.80,670.00,210.00,2.20,175.00,20.00,2685.00,1190.00,215.00,255.00
"4620641.01","462","Montréal","0641.01",3660.00,2310.00,975.00,30.70,810.00,841.00,2.80,309817.00,1345.00,2315.00,19.30,165.00,54144.00,430.00,51857.00,45715.00,17.70,16.50,30498.00,27927.00,8489.00,12.20,3659.00,6244.20,43.40,64.40,22.50,2255.00,575.00,2.10,640.00,70.00,5245.00,2260.00,285.00,570.00
"4620641.02","462","Montréal","0641.02",1520.00,450.00,350.00,33.30,949.00,881.00,0.00,299568.00,1070.00,455.00,18.30,55.00,63360.00,110.00,69248.00,57888.00,10.50,9.90,38195.00,33109.00,3431.00,16.80,1547.00,2677.50,39.90,70.80,15.00,105.00,705.00,2.20,195.00,40.00,2250.00,1040.00,115.00,240.00
"4620642.00","462","Montréal","0642.00",3045.00,1375.00,660.00,27.30,732.00,734.00,21.50,301041.00,1665.00,1375.00,16.80,160.00,43477.00,395.00,55445.00,48841.00,20.10,18.10,29051.00,26675.00,7369.00,0.60,3041.00,765.10,40.30,66.70,16.20,1675.00,95.00,2.40,395.00,40.00,4830.00,2430.00,465.00,465.00
"4620643.01","462","Montréal","0643.01",1865.00,350.00,415.00,42.90,1328.00,1278.00,0.00,500277.00,1520.00,350.00,17.80,25.00,72064.00,135.00,105165.00,85333.00,7.40,7.30,46293.00,39435.00,5540.00,51.10,1872.00,1744.90,35.90,66.90,9.30,250.00,415.00,2.90,150.00,30.00,3915.00,1640.00,270.00,355.00
"4620643.02","462","Montréal","0643.02",3570.00,1885.00,1260.00,47.20,1031.00,1150.00,18.00,299744.00,1690.00,1885.00,22.30,70.00,58112.00,245.00,56128.00,47680.00,20.40,17.80,33739.00,30109.00,6778.00,61.60,3570.00,1874.10,50.50,55.00,34.90,1050.00,2330.00,1.80,540.00,40.00,4275.00,2000.00,385.00,235.00
"4620643.03","462","Montréal","0643.03",2435.00,1310.00,660.00,32.10,783.00,806.00,5.00,239771.00,1125.00,1315.00,21.80,135.00,53248.00,330.00,49883.00,44757.00,22.30,20.00,26042.00,24369.00,5563.00,5.90,2436.00,3589.50,40.30,67.50,16.40,1805.00,0.00,2.30,530.00,60.00,3235.00,2260.00,495.00,465.00
"4620644.00","462","Montréal","0644.00",500.00,150.00,95.00,30.00,771.00,790.00,0.00,296658.00,345.00,150.00,15.90,55.00,68096.00,50.00,63104.00,54976.00,11.50,10.60,30528.00,27366.00,1214.00,-1.90,499.00,817.20,43.20,68.30,18.50,180.00,0.00,2.40,60.00,30.00,660.00,435.00,20.00,110.00
"4620645.00","462","Montréal","0645.00",2330.00,1590.00,840.00,44.80,731.00,839.00,36.60,275184.00,745.00,1585.00,16.80,160.00,48000.00,230.00,39808.00,35952.00,29.30,26.70,22548.00,21751.00,6415.00,-2.70,2331.00,4199.90,55.80,43.70,45.40,1185.00,625.00,2.10,395.00,50.00,2950.00,1820.00,380.00,435.00
"4620646.01","462","Montréal","0646.01",1440.00,935.00,515.00,39.40,743.00,770.00,13.80,200564.00,505.00,935.00,29.00,165.00,45184.00,235.00,40224.00,37299.00,35.50,33.00,20528.00,20032.00,3618.00,2.70,1443.00,6964.40,39.40,65.10,16.30,1010.00,60.00,2.40,525.00,30.00,1760.00,1840.00,695.00,360.00
"4620646.02","462","Montréal","0646.02",1575.00,775.00,465.00,31.60,797.00,841.00,5.20,300990.00,805.00,775.00,27.50,135.00,47744.00,240.00,51883.00,46976.00,21.70,20.80,24960.00,23693.00,3817.00,4.50,1570.00,6066.40,41.40,61.50,19.90,800.00,195.00,2.40,330.00,20.00,2010.00,1660.00,235.00,360.00
"4620646.03","462","Montréal","0646.03",1685.00,1175.00,725.00,54.00,976.00,983.00,0.00,279530.00,510.00,1175.00,18.80,135.00,48256.00,150.00,44032.00,39680.00,24.40,24.40,25808.00,24559.00,3496.00,9.10,1692.00,7030.00,47.40,56.90,29.20,315.00,860.00,2.00,365.00,60.00,2115.00,1405.00,280.00,265.00
"4620647.01","462","Montréal","0647.01",1915.00,820.00,550.00,35.40,993.00,955.00,3.70,300150.00,1095.00,820.00,23.70,115.00,53056.00,70.00,53210.00,46025.00,15.50,17.80,35140.00,31303.00,3001.00,1.80,1881.00,9718.30,63.50,37.30,58.80,105.00,1775.00,1.60,60.00,10.00,2395.00,685.00,85.00,60.00
"4620647.02","462","Montréal","0647.02",3135.00,1400.00,1085.00,44.60,810.00,910.00,5.70,295670.00,1740.00,1395.00,26.50,225.00,47701.00,310.00,51315.00,45924.00,19.70,19.70,27018.00,25071.00,7426.00,8.10,3171.00,4596.40,48.00,56.00,30.80,1225.00,775.00,2.20,485.00,90.00,3790.00,3015.00,555.00,580.00
"4620648.00","462","Montréal","0648.00",1875.00,570.00,535.00,39.50,780.00,809.00,7.00,300058.00,1305.00,565.00,23.80,160.00,52800.00,245.00,55936.00,51792.00,18.10,16.30,22549.00,21696.00,5229.00,2.70,1871.00,4617.60,42.60,63.10,20.70,515.00,0.00,2.80,285.00,75.00,2340.00,2690.00,395.00,510.00
"4620649.01","462","Montréal","0649.01",945.00,305.00,235.00,37.70,791.00,844.00,0.00,348823.00,635.00,305.00,18.80,50.00,53760.00,120.00,61440.00,55125.00,15.40,14.70,25550.00,24272.00,2628.00,-1.10,960.00,1797.00,42.90,64.40,20.30,335.00,0.00,2.70,145.00,20.00,1270.00,1405.00,175.00,245.00
"4620649.02","462","Montréal","0649.02",1980.00,635.00,490.00,43.80,743.00,743.00,11.00,300945.00,1350.00,640.00,15.20,155.00,51584.00,290.00,54421.00,50214.00,18.60,16.10,22450.00,21584.00,5437.00,0.40,1969.00,4199.80,43.10,62.80,22.10,630.00,0.00,2.80,225.00,90.00,2490.00,2785.00,430.00,440.00
"4620650.01","462","Montréal","0650.01",1550.00,570.00,445.00,40.40,800.00,823.00,0.00,375242.00,970.00,570.00,21.60,60.00,52352.00,210.00,56555.00,51255.00,19.10,17.00,22828.00,21801.00,4483.00,1.60,1601.00,5851.00,43.50,61.30,23.00,740.00,5.00,2.80,185.00,40.00,2220.00,1990.00,305.00,310.00
"4620650.02","462","Montréal","0650.02",1505.00,760.00,535.00,39.70,762.00,812.00,2.00,376495.00,750.00,760.00,32.00,110.00,44331.00,195.00,49488.00,46048.00,25.80,23.80,20999.00,20518.00,4080.00,3.70,1453.00,5595.90,40.20,63.10,18.30,1025.00,0.00,2.80,500.00,85.00,1875.00,2300.00,480.00,365.00
"4620650.04","462","Montréal","0650.04",2665.00,1390.00,735.00,31.40,986.00,1015.00,1.40,300196.00,1280.00,1390.00,23.00,50.00,53333.00,330.00,67398.00,58135.00,13.60,12.30,34229.00,30684.00,6851.00,19.10,2656.00,3847.40,35.20,70.10,9.10,1830.00,0.00,2.50,450.00,145.00,4335.00,2555.00,475.00,570.00
"4620650.05","462","Montréal","0650.05",1450.00,545.00,425.00,44.00,922.00,908.00,0.00,380369.00,905.00,545.00,21.00,90.00,47040.00,175.00,61696.00,55333.00,14.90,12.90,26976.00,25317.00,4276.00,-1.80,1466.00,4920.00,41.50,63.00,18.80,700.00,0.00,2.70,110.00,40.00,2155.00,1560.00,170.00,300.00
"4620651.01","462","Montréal","0651.01",2245.00,420.00,445.00,48.20,762.00,862.00,0.00,309562.00,1830.00,415.00,13.70,120.00,63744.00,255.00,72928.00,63275.00,11.50,9.80,28411.00,26293.00,6389.00,2.60,2247.00,2960.30,41.60,67.70,16.70,455.00,0.00,2.80,220.00,35.00,3400.00,2870.00,370.00,485.00
"4620651.02","462","Montréal","0651.02",2420.00,140.00,505.00,25.00,1037.00,974.00,0.00,330659.00,2280.00,140.00,20.60,40.00,69888.00,215.00,88299.00,74291.00,6.70,6.00,33990.00,30192.00,7658.00,14.90,2421.00,1512.00,35.80,69.50,8.60,445.00,0.00,3.20,235.00,30.00,4450.00,3175.00,600.00,760.00
"4620652.01","462","Montréal","0652.01",2850.00,395.00,605.00,31.60,796.00,880.00,0.00,375788.00,2460.00,390.00,19.50,125.00,67482.00,285.00,90937.00,75398.00,7.70,7.10,40006.00,34594.00,8413.00,5.80,2853.00,2801.60,40.40,64.80,16.10,525.00,35.00,2.80,130.00,30.00,5805.00,2130.00,290.00,480.00
"4620652.04","462","Montréal","0652.04",1535.00,220.00,265.00,50.00,737.00,766.00,0.00,300496.00,1315.00,225.00,11.80,60.00,67243.00,170.00,85632.00,72480.00,7.10,6.00,36425.00,31808.00,4266.00,1.50,1531.00,3356.90,40.70,66.60,15.90,50.00,60.00,2.80,95.00,15.00,3205.00,1085.00,60.00,240.00
"4620652.06","462","Montréal","0652.06",1455.00,150.00,205.00,41.90,961.00,1002.00,0.00,341247.00,1310.00,155.00,10.80,80.00,70272.00,175.00,97975.00,80512.00,6.30,5.50,46059.00,39339.00,4035.00,3.70,1459.00,1828.40,36.80,70.10,7.90,115.00,20.00,2.80,70.00,10.00,3115.00,940.00,50.00,175.00
"4620652.07","462","Montréal","0652.07",3005.00,280.00,515.00,21.80,949.00,999.00,0.00,375756.00,2750.00,280.00,16.50,100.00,68992.00,290.00,100224.00,82364.00,5.30,4.70,43344.00,36998.00,8884.00,11.40,3022.00,924.60,36.50,67.10,9.90,370.00,90.00,2.90,175.00,10.00,6575.00,2290.00,230.00,450.00
"4620652.08","462","Montréal","0652.08",1595.00,290.00,255.00,34.50,892.00,903.00,8.60,401083.00,1305.00,290.00,12.30,30.00,64000.00,140.00,101504.00,83665.00,7.10,5.90,38970.00,34409.00,5112.00,5.60,1597.00,3442.20,34.60,69.90,6.50,335.00,0.00,3.20,220.00,20.00,3415.00,1630.00,350.00,330.00
"4620652.09","462","Montréal","0652.09",1295.00,270.00,275.00,27.30,996.00,942.00,0.00,424635.00,1020.00,275.00,19.20,10.00,72192.00,125.00,88224.00,76032.00,8.10,7.40,32201.00,29355.00,4265.00,0.00,1293.00,4110.40,34.60,70.00,7.20,310.00,0.00,3.30,130.00,35.00,2500.00,1800.00,480.00,390.00
"4620653.00","462","Montréal","0653.00",345.00,25.00,35.00,0.00,0.00,1058.00,0.00,500833.00,320.00,25.00,7.80,20.00,80384.00,30.00,118016.00,94336.00,2.60,2.60,47744.00,40320.00,952.00,-6.80,361.00,1552.80,44.40,63.90,20.40,0.00,0.00,2.60,0.00,0.00,810.00,160.00,10.00,35.00
"4620654.00","462","Montréal","0654.00",255.00,20.00,35.00,0.00,0.00,0.00,0.00,752741.00,240.00,20.00,12.50,30.00,0.00,15.00,173568.00,130816.00,5.40,5.90,61568.00,51200.00,744.00,-2.90,266.00,438.20,43.00,61.70,20.10,0.00,0.00,2.80,10.00,10.00,495.00,140.00,0.00,20.00
"4620655.01","462","Montréal","0655.01",1730.00,385.00,400.00,41.00,764.00,809.00,0.00,234643.00,1345.00,390.00,18.20,135.00,54357.00,235.00,64683.00,56137.00,11.90,10.90,31019.00,27922.00,4206.00,-0.50,1706.00,2854.80,41.90,70.20,14.70,270.00,10.00,2.40,60.00,0.00,3655.00,485.00,100.00,75.00
"4620655.02","462","Montréal","0655.02",2485.00,475.00,450.00,34.00,725.00,772.00,17.00,250439.00,2020.00,475.00,14.60,195.00,60672.00,320.00,72064.00,61909.00,9.50,8.00,33926.00,30197.00,6656.00,2.10,2489.00,2680.50,39.60,68.80,12.70,280.00,0.00,2.60,120.00,25.00,4990.00,1550.00,210.00,320.00
"4620656.01","462","Montréal","0656.01",2470.00,415.00,440.00,32.90,983.00,968.00,0.00,259555.00,2060.00,410.00,15.10,105.00,64640.00,290.00,76629.00,65152.00,7.60,6.90,35627.00,31378.00,7171.00,3.40,2472.00,1165.50,43.00,63.10,20.60,165.00,55.00,2.60,55.00,0.00,5215.00,1330.00,210.00,285.00
"4620656.03","462","Montréal","0656.03",1460.00,130.00,220.00,30.80,851.00,844.00,0.00,250777.00,1335.00,125.00,13.20,110.00,70400.00,170.00,76715.00,65690.00,7.00,5.50,34680.00,30820.00,3975.00,0.40,1441.00,1047.10,40.00,69.30,13.50,40.00,0.00,2.70,70.00,15.00,3055.00,880.00,200.00,140.00
"4620656.04","462","Montréal","0656.04",2295.00,170.00,405.00,30.30,989.00,958.00,0.00,359075.00,2125.00,170.00,16.90,45.00,75648.00,225.00,101216.00,83947.00,4.50,3.90,41728.00,35961.00,7212.00,14.50,2295.00,3519.90,34.50,67.50,7.60,140.00,0.00,3.10,195.00,0.00,5055.00,2150.00,615.00,505.00
"4620657.01","462","Montréal","0657.01",1475.00,310.00,280.00,37.10,848.00,833.00,0.00,268729.00,1165.00,310.00,14.60,60.00,61312.00,190.00,66909.00,57933.00,10.30,9.00,32784.00,29542.00,3695.00,1.70,1489.00,1948.10,42.60,65.40,19.10,335.00,70.00,2.50,120.00,35.00,2830.00,805.00,130.00,210.00
"4620657.02","462","Montréal","0657.02",2155.00,395.00,330.00,34.60,801.00,832.00,3.80,276044.00,1765.00,395.00,11.40,85.00,59072.00,295.00,73864.00,63536.00,7.70,6.00,34031.00,30169.00,5805.00,1.90,2143.00,3769.00,40.70,67.10,15.50,430.00,0.00,2.70,55.00,45.00,4515.00,1260.00,230.00,275.00
"4620657.03","462","Montréal","0657.03",1410.00,100.00,155.00,20.00,849.00,850.00,0.00,288903.00,1310.00,105.00,10.70,30.00,72448.00,150.00,91794.00,77605.00,5.90,4.70,35529.00,31296.00,4511.00,-0.70,1432.00,2529.20,36.90,70.20,9.00,90.00,0.00,3.20,110.00,10.00,3225.00,1260.00,260.00,255.00
"4620658.01","462","Montréal","0658.01",1735.00,280.00,250.00,32.10,769.00,817.00,0.00,250299.00,1455.00,280.00,11.30,70.00,65536.00,200.00,67129.00,58272.00,7.40,6.20,33493.00,29755.00,4306.00,-0.60,1714.00,3465.00,43.00,63.40,20.60,255.00,0.00,2.50,60.00,15.00,3630.00,760.00,125.00,195.00
"4620658.02","462","Montréal","0658.02",1185.00,65.00,95.00,38.50,692.00,702.00,0.00,269865.00,1115.00,70.00,6.70,55.00,78592.00,100.00,82944.00,68901.00,4.90,4.20,36955.00,32096.00,3173.00,0.30,1206.00,3502.60,43.60,67.50,18.80,105.00,0.00,2.60,55.00,10.00,2450.00,615.00,115.00,105.00
"4620658.03","462","Montréal","0658.03",2975.00,405.00,475.00,28.40,851.00,875.00,0.00,299736.00,2575.00,405.00,13.80,105.00,70400.00,350.00,83934.00,70848.00,5.40,4.80,37880.00,33105.00,8117.00,2.40,2980.00,1411.60,39.90,68.50,13.90,645.00,45.00,2.70,175.00,30.00,6420.00,1665.00,335.00,375.00
"4620659.04","462","Montréal","0659.04",1490.00,35.00,125.00,0.00,1255.00,1223.00,0.00,399482.00,1465.00,35.00,8.60,25.00,89984.00,145.00,122816.00,98731.00,3.50,3.10,51255.00,42985.00,4621.00,15.00,1489.00,765.60,34.70,72.10,4.90,110.00,0.00,3.10,50.00,10.00,3655.00,970.00,190.00,175.00
"4620659.05","462","Montréal","0659.05",2740.00,395.00,345.00,30.40,798.00,852.00,0.00,348524.00,2350.00,390.00,9.60,105.00,76288.00,320.00,101339.00,83371.00,5.00,4.20,45579.00,38483.00,7458.00,2.50,2741.00,3147.00,38.80,70.80,10.60,465.00,0.00,2.70,145.00,20.00,6275.00,1160.00,140.00,240.00
"4620659.06","462","Montréal","0659.06",1440.00,305.00,255.00,30.60,754.00,791.00,0.00,278770.00,1135.00,310.00,13.70,95.00,66560.00,160.00,73612.00,62315.00,8.60,8.40,36523.00,32099.00,4430.00,7.00,1459.00,2460.60,49.30,55.50,31.00,105.00,0.00,2.40,40.00,0.00,3015.00,380.00,50.00,145.00
"4620659.08","462","Montréal","0659.08",2320.00,400.00,310.00,20.30,903.00,905.00,0.00,279503.00,1920.00,400.00,12.00,70.00,71680.00,330.00,85790.00,71666.00,5.00,4.40,41056.00,35517.00,6581.00,1.10,2347.00,4770.90,37.50,70.40,9.60,255.00,0.00,2.70,160.00,10.00,4845.00,1560.00,155.00,415.00
"4620659.09","462","Montréal","0659.09",1005.00,50.00,115.00,40.00,1701.00,1571.00,0.00,349831.00,955.00,50.00,9.90,25.00,81152.00,75.00,107571.00,88422.00,3.30,3.00,43328.00,37316.00,3518.00,13.20,977.00,4031.60,31.00,65.90,3.60,15.00,0.00,3.60,70.00,0.00,2280.00,1275.00,325.00,190.00
"4620659.1","462","Montréal","0659.1",1000.00,0.00,75.00,0.00,0.00,0.00,0.00,380395.00,1000.00,0.00,8.00,30.00,86784.00,85.00,123563.00,100864.00,2.80,2.40,53520.00,44693.00,3546.00,6.30,1012.00,3256.50,33.00,63.40,6.60,0.00,0.00,3.40,25.00,10.00,2650.00,780.00,55.00,220.00
"4620659.11","462","Montréal","0659.11",2540.00,955.00,470.00,30.20,769.00,792.00,5.20,300414.00,1595.00,955.00,11.30,195.00,53888.00,365.00,68472.00,59152.00,12.10,11.60,36359.00,32166.00,6572.00,9.70,2549.00,2700.20,39.60,65.50,15.30,885.00,0.00,2.50,270.00,35.00,5210.00,1065.00,195.00,250.00
"4620660.01","462","Montréal","0660.01",1815.00,95.00,185.00,31.60,988.00,987.00,0.00,350053.00,1715.00,95.00,8.70,65.00,82176.00,185.00,108715.00,89856.00,3.00,2.40,43061.00,36816.00,5498.00,-1.30,1812.00,2744.30,38.10,73.10,8.40,115.00,0.00,3.00,75.00,10.00,4095.00,1390.00,150.00,240.00
"4620660.02","462","Montréal","0660.02",2130.00,565.00,455.00,41.20,811.00,834.00,0.00,295115.00,1560.00,565.00,14.10,110.00,59968.00,300.00,67897.00,59120.00,9.00,7.70,33368.00,30059.00,5503.00,1.40,2133.00,3898.40,41.40,65.60,17.60,720.00,5.00,2.60,205.00,10.00,4080.00,1405.00,210.00,425.00
"4620660.03","462","Montréal","0660.03",2605.00,335.00,360.00,37.90,821.00,827.00,18.20,330457.00,2270.00,335.00,10.40,90.00,70656.00,270.00,89830.00,74633.00,5.50,4.30,40433.00,34821.00,7167.00,1.50,2603.00,3455.80,40.70,68.00,14.80,625.00,60.00,2.70,35.00,10.00,5815.00,1200.00,105.00,230.00
"4620661.01","462","Montréal","0661.01",3560.00,545.00,600.00,33.30,809.00,897.00,11.90,296618.00,3020.00,540.00,13.90,165.00,63424.00,480.00,82240.00,69619.00,7.30,6.40,39843.00,34660.00,9616.00,13.20,3545.00,1694.60,37.70,69.70,10.70,685.00,60.00,2.70,280.00,25.00,7470.00,2170.00,225.00,600.00
"4620661.03","462","Montréal","0661.03",1525.00,125.00,250.00,32.00,973.00,915.00,0.00,340808.00,1405.00,125.00,14.60,70.00,72448.00,155.00,97024.00,80384.00,6.20,5.60,40666.00,34741.00,4556.00,-2.30,1526.00,235.80,38.80,68.50,11.70,35.00,0.00,2.90,20.00,0.00,3775.00,805.00,80.00,250.00
"4620661.04","462","Montréal","0661.04",1780.00,385.00,265.00,33.80,854.00,896.00,5.30,275354.00,1400.00,380.00,9.60,45.00,64043.00,310.00,77525.00,66121.00,7.00,6.10,38309.00,33504.00,4627.00,0.90,1788.00,4791.80,38.80,71.00,11.50,535.00,0.00,2.60,145.00,0.00,3505.00,1015.00,105.00,270.00
"4620662.00","462","Montréal","0662.00",1830.00,190.00,310.00,25.60,675.00,723.00,0.00,270011.00,1635.00,190.00,15.90,145.00,68352.00,205.00,80416.00,66816.00,6.20,5.70,38153.00,33184.00,4939.00,0.10,1857.00,170.70,42.70,65.30,17.80,115.00,0.00,2.60,40.00,10.00,4080.00,590.00,90.00,145.00
"4620675.00","462","Montréal","0675.00",3185.00,1365.00,1045.00,57.00,797.00,1007.00,11.30,259332.00,1830.00,1365.00,14.50,175.00,50752.00,235.00,51696.00,45248.00,13.80,15.20,32442.00,29337.00,6009.00,9.80,3195.00,1588.40,53.60,50.20,40.50,1115.00,965.00,1.90,30.00,0.00,5710.00,255.00,55.00,65.00
"4620676.01","462","Montréal","0676.01",1385.00,290.00,245.00,46.60,724.00,757.00,0.00,265936.00,1100.00,290.00,10.00,85.00,66048.00,170.00,77824.00,65769.00,8.70,8.80,37029.00,32128.00,3542.00,-1.30,1382.00,2346.20,45.10,61.80,23.40,240.00,0.00,2.50,30.00,0.00,3240.00,215.00,35.00,70.00
"4620676.02","462","Montréal","0676.02",1125.00,50.00,155.00,36.40,843.00,963.00,0.00,250638.00,1070.00,55.00,12.60,55.00,69888.00,115.00,79968.00,67767.00,3.50,3.10,37606.00,33136.00,2843.00,-1.70,1127.00,2512.40,45.40,60.60,25.70,20.00,0.00,2.50,15.00,0.00,2620.00,150.00,25.00,35.00
"4620676.03","462","Montréal","0676.03",920.00,25.00,55.00,0.00,0.00,0.00,0.00,249906.00,900.00,25.00,5.60,70.00,69888.00,95.00,79680.00,67840.00,3.70,2.90,37291.00,32827.00,2407.00,-0.40,923.00,2056.90,45.40,60.00,24.90,5.00,0.00,2.60,20.00,0.00,2145.00,250.00,20.00,80.00
"4620676.04","462","Montréal","0676.04",1180.00,40.00,110.00,0.00,732.00,573.00,0.00,259344.00,1135.00,45.00,8.80,80.00,79104.00,105.00,87424.00,73216.00,4.20,4.00,38894.00,33827.00,3275.00,1.10,1172.00,2154.90,44.70,61.10,23.20,10.00,0.00,2.70,0.00,0.00,2895.00,220.00,30.00,75.00
"4620677.01","462","Montréal","0677.01",2545.00,855.00,480.00,37.40,712.00,763.00,7.60,250581.00,1695.00,855.00,9.80,160.00,58496.00,275.00,65408.00,56422.00,10.80,9.70,33159.00,29915.00,6141.00,-1.00,2548.00,2688.50,47.30,60.20,27.30,740.00,90.00,2.30,40.00,20.00,5470.00,320.00,25.00,140.00
"4620677.02","462","Montréal","0677.02",2595.00,1340.00,595.00,32.50,762.00,815.00,2.60,224339.00,1250.00,1340.00,12.40,85.00,50091.00,360.00,51866.00,45294.00,13.30,10.90,31366.00,28337.00,5224.00,-0.40,2590.00,2393.10,45.60,61.00,25.80,1805.00,0.00,2.00,60.00,10.00,4840.00,385.00,55.00,130.00
"4620677.05","462","Montréal","0677.05",1605.00,30.00,175.00,0.00,0.00,0.00,0.00,330941.00,1580.00,25.00,10.80,60.00,84736.00,125.00,112242.00,90903.00,3.40,3.30,45389.00,38696.00,4864.00,-2.40,1616.00,2558.70,41.80,69.90,14.20,10.00,0.00,2.90,75.00,20.00,4070.00,620.00,30.00,225.00
"4620677.06","462","Montréal","0677.06",2740.00,240.00,430.00,39.60,1066.00,1148.00,0.00,350153.00,2495.00,240.00,13.40,30.00,65792.00,295.00,110373.00,90624.00,4.30,4.10,48930.00,41382.00,8429.00,37.20,2740.00,3149.10,33.30,67.10,6.80,505.00,0.00,3.10,135.00,10.00,7060.00,1355.00,225.00,425.00
"4620677.07","462","Montréal","0677.07",1600.00,450.00,290.00,32.20,775.00,839.00,0.00,245269.00,1155.00,445.00,12.20,40.00,58539.00,260.00,73318.00,62016.00,8.50,6.90,36754.00,32160.00,3927.00,-2.70,1612.00,3887.70,39.80,72.00,11.10,590.00,0.00,2.40,10.00,25.00,3505.00,330.00,40.00,110.00
"4620677.08","462","Montréal","0677.08",2765.00,330.00,340.00,24.60,952.00,984.00,0.00,260001.00,2445.00,330.00,10.70,55.00,72448.00,325.00,90650.00,75339.00,4.10,3.40,42489.00,36440.00,7440.00,1.50,2763.00,2979.90,38.00,70.70,9.70,620.00,5.00,2.70,120.00,30.00,6510.00,970.00,105.00,380.00
"4620677.09","462","Montréal","0677.09",1645.00,285.00,190.00,22.80,858.00,874.00,5.30,255519.00,1360.00,285.00,9.60,85.00,62925.00,215.00,83008.00,70560.00,5.70,4.90,38691.00,33632.00,4275.00,-2.40,1637.00,3392.90,41.20,70.90,13.60,350.00,0.00,2.60,40.00,0.00,3920.00,350.00,20.00,120.00
"4620677.1","462","Montréal","0677.1",1705.00,200.00,285.00,26.80,983.00,1061.00,0.00,300093.00,1505.00,200.00,15.30,35.00,70400.00,180.00,86579.00,72562.00,5.40,5.00,40892.00,35610.00,4496.00,6.40,1713.00,3232.70,43.80,64.10,20.10,540.00,0.00,2.50,45.00,15.00,3890.00,405.00,65.00,155.00
"4620681.00","462","Montréal","0681.00",1425.00,315.00,215.00,31.20,772.00,782.00,0.00,225268.00,1115.00,320.00,10.40,50.00,58496.00,160.00,72414.00,61056.00,8.80,6.80,37568.00,32840.00,3439.00,5.10,1435.00,94.60,41.20,69.50,14.70,285.00,0.00,2.40,10.00,15.00,3325.00,60.00,0.00,10.00
"4620682.02","462","Montréal","0682.02",1055.00,415.00,230.00,32.50,714.00,727.00,0.00,250567.00,650.00,410.00,14.60,75.00,55168.00,135.00,61568.00,52960.00,11.20,10.10,33664.00,29984.00,2506.00,-7.40,1077.00,209.30,44.90,64.10,21.70,310.00,0.00,2.20,10.00,10.00,2295.00,75.00,0.00,10.00
"4620682.03","462","Montréal","0682.03",3010.00,655.00,460.00,23.80,876.00,831.00,11.40,229799.00,2370.00,660.00,13.20,65.00,62144.00,500.00,78832.00,65743.00,6.20,4.90,41884.00,36056.00,7686.00,-1.40,3029.00,357.50,36.70,70.50,9.30,995.00,25.00,2.50,45.00,10.00,7090.00,580.00,70.00,200.00
"4620682.04","462","Montréal","0682.04",1390.00,335.00,280.00,56.70,827.00,976.00,7.50,249877.00,1055.00,335.00,8.10,90.00,55424.00,145.00,71765.00,61611.00,8.40,6.40,34603.00,30803.00,3402.00,-2.30,1378.00,3160.20,42.30,68.10,16.60,240.00,0.00,2.50,10.00,0.00,3180.00,215.00,15.00,95.00
"4620682.05","462","Montréal","0682.05",1115.00,160.00,125.00,37.50,783.00,866.00,0.00,238817.00,955.00,165.00,6.20,25.00,69888.00,145.00,79787.00,68395.00,5.00,4.50,37178.00,32416.00,2997.00,-2.30,1141.00,3890.70,41.40,71.80,13.70,160.00,0.00,2.60,25.00,0.00,2670.00,200.00,35.00,70.00
"4620682.06","462","Montréal","0682.06",1700.00,110.00,155.00,18.20,837.00,790.00,0.00,250320.00,1595.00,110.00,8.50,50.00,65920.00,200.00,91392.00,76629.00,3.90,3.20,42275.00,36561.00,4822.00,0.40,1678.00,3021.30,36.00,69.30,8.40,40.00,0.00,2.90,20.00,15.00,4465.00,475.00,50.00,170.00
"4620683.00","462","Montréal","0683.00",2875.00,1275.00,680.00,35.30,719.00,746.00,5.10,240451.00,1600.00,1280.00,14.40,95.00,50368.00,305.00,55808.00,49067.00,13.90,12.20,32459.00,29020.00,5913.00,1.00,2878.00,2706.20,45.40,65.80,21.60,1655.00,45.00,2.10,10.00,0.00,5645.00,265.00,20.00,100.00
"4620684.03","462","Montréal","0684.03",3380.00,270.00,475.00,41.50,1164.00,1227.00,15.10,299714.00,3115.00,265.00,11.70,50.00,79360.00,295.00,95915.00,78400.00,4.20,3.60,46152.00,39099.00,8919.00,18.50,3380.00,521.40,38.60,69.80,11.00,580.00,480.00,2.60,30.00,25.00,7730.00,1160.00,160.00,350.00
"4620684.05","462","Montréal","0684.05",2000.00,225.00,300.00,21.70,840.00,853.00,0.00,348360.00,1770.00,230.00,14.10,70.00,69376.00,195.00,99360.00,80933.00,5.90,4.60,40997.00,35240.00,5468.00,3.30,1999.00,1377.80,40.80,72.10,12.80,130.00,0.00,2.70,35.00,10.00,4970.00,500.00,105.00,125.00
"4620684.08","462","Montréal","0684.08",1895.00,125.00,245.00,29.20,875.00,904.00,0.00,279683.00,1770.00,120.00,11.60,80.00,67840.00,210.00,101376.00,83223.00,4.70,3.70,44150.00,37746.00,5750.00,1.20,1914.00,2132.90,34.90,69.80,6.70,65.00,0.00,3.00,45.00,15.00,5265.00,465.00,10.00,140.00
"4620684.09","462","Montréal","0684.09",1235.00,160.00,175.00,31.20,674.00,756.00,21.90,300777.00,1080.00,160.00,11.50,40.00,65408.00,145.00,89792.00,76128.00,5.60,4.70,41490.00,35947.00,3425.00,4.10,1223.00,319.70,37.50,67.00,11.10,80.00,0.00,2.80,0.00,0.00,3080.00,355.00,25.00,85.00
"4620684.1","462","Montréal","0684.1",1565.00,415.00,275.00,29.30,876.00,852.00,0.00,290082.00,1155.00,410.00,13.00,30.00,65408.00,190.00,81038.00,67200.00,6.10,5.40,41255.00,35758.00,4029.00,7.90,1559.00,988.00,37.10,65.80,12.70,540.00,0.00,2.60,50.00,0.00,3680.00,390.00,65.00,150.00
"4620684.11","462","Montréal","0684.11",1750.00,510.00,240.00,28.20,774.00,818.00,0.00,250455.00,1240.00,510.00,7.70,70.00,57728.00,230.00,72149.00,61517.00,7.70,6.70,36352.00,32083.00,4502.00,-0.90,1761.00,1237.80,39.20,69.20,13.00,510.00,0.00,2.60,50.00,10.00,4100.00,350.00,40.00,90.00
"4620685.02","462","Montréal","0685.02",1585.00,285.00,310.00,38.60,833.00,834.00,7.00,250438.00,1315.00,285.00,15.30,115.00,52672.00,205.00,72909.00,62054.00,9.80,8.90,34747.00,30918.00,4242.00,2.80,1620.00,74.90,38.90,67.10,13.40,135.00,0.00,2.60,10.00,0.00,4015.00,135.00,15.00,20.00
"4620685.03","462","Montréal","0685.03",2785.00,715.00,585.00,31.50,803.00,844.00,6.30,210867.00,2075.00,715.00,17.10,65.00,59221.00,300.00,62891.00,53072.00,8.80,6.60,38500.00,33545.00,5881.00,19.40,2780.00,762.60,40.00,70.00,15.20,1570.00,0.00,2.10,60.00,10.00,5460.00,335.00,40.00,60.00
"4620685.04","462","Montréal","0685.04",1105.00,65.00,100.00,0.00,754.00,781.00,0.00,250503.00,1035.00,70.00,9.20,40.00,65792.00,130.00,86869.00,72285.00,4.20,3.30,38123.00,33333.00,3105.00,-5.50,1112.00,3437.40,39.40,71.70,11.90,35.00,0.00,2.80,35.00,0.00,2860.00,225.00,10.00,85.00
"4620685.05","462","Montréal","0685.05",1750.00,510.00,320.00,33.30,787.00,798.00,4.00,259399.00,1245.00,505.00,12.10,70.00,56917.00,240.00,71706.00,61168.00,8.10,7.10,37072.00,32474.00,4504.00,2.30,1727.00,1639.00,40.70,63.10,17.90,460.00,0.00,2.50,15.00,10.00,4210.00,170.00,15.00,50.00
"4620685.07","462","Montréal","0685.07",1960.00,290.00,285.00,31.60,830.00,863.00,0.00,279687.00,1670.00,290.00,11.70,55.00,69632.00,220.00,94336.00,78635.00,4.60,3.80,41310.00,35548.00,5645.00,-0.20,1947.00,1661.70,36.30,68.00,9.80,130.00,0.00,2.90,10.00,10.00,5300.00,235.00,15.00,100.00
"4620685.08","462","Montréal","0685.08",3875.00,1105.00,635.00,26.70,975.00,990.00,0.00,288943.00,2770.00,1105.00,12.30,60.00,62763.00,530.00,80530.00,67092.00,5.90,5.20,46992.00,39756.00,10087.00,42.50,3888.00,2853.90,37.40,61.50,14.90,1960.00,0.00,2.50,115.00,10.00,8935.00,705.00,30.00,205.00
"4620686.01","462","Montréal","0686.01",2085.00,295.00,310.00,27.60,912.00,764.00,0.00,299642.00,1795.00,290.00,13.10,100.00,57899.00,210.00,86464.00,72448.00,5.90,5.30,39401.00,34261.00,5795.00,5.90,2087.00,221.90,37.70,68.80,10.90,175.00,0.00,2.80,15.00,10.00,5500.00,285.00,20.00,100.00
"4620686.02","462","Montréal","0686.02",1475.00,200.00,215.00,22.50,768.00,729.00,0.00,250558.00,1275.00,200.00,13.30,110.00,59008.00,170.00,77248.00,65699.00,7.60,6.60,34700.00,30952.00,4088.00,0.10,1495.00,1032.90,38.70,68.50,12.30,25.00,0.00,2.70,10.00,10.00,3930.00,180.00,20.00,60.00
"4620686.03","462","Montréal","0686.03",1265.00,205.00,225.00,26.80,845.00,919.00,0.00,250351.00,1060.00,205.00,16.50,75.00,63872.00,170.00,76800.00,65664.00,6.90,6.20,35026.00,30965.00,3345.00,-3.40,1244.00,1647.80,39.30,69.00,13.40,20.00,0.00,2.70,10.00,0.00,3165.00,135.00,45.00,30.00
"4620687.01","462","Montréal","0687.01",1665.00,275.00,250.00,30.90,784.00,853.00,9.10,275733.00,1390.00,280.00,11.90,70.00,56192.00,185.00,86016.00,72135.00,7.00,6.20,39878.00,34452.00,4473.00,1.80,1678.00,1417.60,40.40,67.90,14.30,225.00,0.00,2.60,30.00,20.00,3920.00,435.00,45.00,95.00
"4620687.03","462","Montréal","0687.03",3445.00,355.00,505.00,26.80,690.00,784.00,11.40,348312.00,3095.00,355.00,13.30,70.00,70656.00,340.00,101843.00,83605.00,5.30,4.80,47187.00,39908.00,10304.00,15.30,3447.00,651.30,34.70,64.80,9.00,235.00,0.00,3.00,45.00,10.00,8985.00,1195.00,120.00,400.00
"4620687.04","462","Montréal","0687.04",1850.00,375.00,250.00,32.00,777.00,791.00,5.30,259269.00,1475.00,375.00,9.20,90.00,60736.00,220.00,79506.00,67499.00,6.20,4.70,37956.00,33020.00,4959.00,-3.40,1842.00,2853.10,42.50,63.80,18.80,365.00,0.00,2.60,60.00,10.00,4405.00,395.00,70.00,110.00
"4620687.06","462","Montréal","0687.06",2190.00,740.00,430.00,33.80,832.00,871.00,0.00,279145.00,1450.00,740.00,12.40,55.00,57792.00,325.00,76032.00,63634.00,8.60,7.30,39479.00,34086.00,5347.00,-1.90,2182.00,2029.80,38.50,72.00,10.60,800.00,5.00,2.50,55.00,10.00,5055.00,345.00,40.00,130.00
"4620687.07","462","Montréal","0687.07",2095.00,130.00,190.00,25.90,1002.00,913.00,0.00,250201.00,1960.00,135.00,8.40,65.00,71526.00,235.00,87369.00,73344.00,4.90,3.90,38074.00,33024.00,5773.00,-1.10,2094.00,2900.70,40.40,71.10,12.40,55.00,0.00,2.70,55.00,10.00,5280.00,455.00,60.00,170.00
"4620687.09","462","Montréal","0687.09",1280.00,175.00,185.00,22.90,683.00,723.00,0.00,279374.00,1110.00,175.00,13.10,55.00,59520.00,160.00,84565.00,71509.00,6.60,5.40,39840.00,34964.00,3536.00,13.20,1294.00,172.90,36.80,68.50,9.90,40.00,0.00,2.70,10.00,10.00,3195.00,270.00,40.00,100.00
"4620687.1","462","Montréal","0687.1",2950.00,290.00,490.00,31.00,924.00,931.00,0.00,299097.00,2665.00,290.00,15.00,120.00,63872.00,295.00,86768.00,72990.00,6.70,5.90,39635.00,34440.00,8797.00,7.20,2953.00,400.40,34.40,66.80,8.00,120.00,0.00,3.00,135.00,10.00,7715.00,1065.00,190.00,335.00
"4620688.02","462","Montréal","0688.02",1125.00,205.00,210.00,26.80,867.00,788.00,0.00,240087.00,940.00,210.00,16.80,65.00,57024.00,120.00,66816.00,57323.00,9.50,8.40,34475.00,30592.00,3610.00,-1.00,1175.00,40.20,40.60,74.10,12.30,220.00,0.00,2.50,15.00,0.00,2700.00,80.00,0.00,30.00
"4620688.03","462","Montréal","0688.03",2090.00,650.00,335.00,24.00,734.00,757.00,6.20,200358.00,1445.00,650.00,12.50,95.00,51328.00,240.00,64498.00,56859.00,10.20,8.40,32602.00,29389.00,5221.00,0.00,2041.00,2571.80,39.10,65.80,14.70,535.00,0.00,2.50,15.00,10.00,5185.00,90.00,0.00,30.00
"4620688.04","462","Montréal","0688.04",2025.00,460.00,310.00,29.30,774.00,800.00,4.30,224383.00,1565.00,465.00,11.20,80.00,52864.00,280.00,74214.00,63718.00,10.30,8.60,35251.00,31373.00,5590.00,-1.40,2047.00,3113.00,36.20,69.80,9.30,395.00,0.00,2.70,25.00,0.00,5435.00,160.00,35.00,55.00
"4620689.01","462","Montréal","0689.01",2460.00,330.00,425.00,34.80,832.00,844.00,9.10,225098.00,2130.00,330.00,14.60,115.00,55245.00,295.00,76823.00,66066.00,7.80,6.50,36035.00,31840.00,6791.00,23.20,2461.00,2477.10,36.10,67.90,9.90,280.00,0.00,2.80,80.00,10.00,6225.00,555.00,85.00,205.00
"4620689.02","462","Montréal","0689.02",1305.00,200.00,275.00,37.50,833.00,869.00,0.00,219781.00,1110.00,205.00,18.10,45.00,53760.00,205.00,70656.00,62098.00,8.60,8.10,34261.00,30522.00,3678.00,-1.70,1308.00,2347.60,36.10,68.40,9.50,105.00,0.00,2.80,0.00,0.00,3355.00,215.00,60.00,100.00
"4620689.03","462","Montréal","0689.03",2855.00,560.00,525.00,27.40,846.00,857.00,0.00,224383.00,2290.00,560.00,15.70,135.00,51243.00,485.00,71643.00,61440.00,10.00,8.40,34715.00,30805.00,8135.00,-0.40,2856.00,2228.10,33.90,67.60,7.90,460.00,0.00,2.80,80.00,10.00,7370.00,725.00,125.00,250.00
"4620689.04","462","Montréal","0689.04",1995.00,365.00,380.00,34.20,810.00,803.00,8.30,235221.00,1640.00,365.00,15.60,80.00,54464.00,275.00,74016.00,63216.00,9.90,8.20,33682.00,30229.00,5637.00,-2.60,2005.00,177.40,35.70,69.70,8.80,265.00,0.00,2.80,55.00,0.00,5320.00,420.00,70.00,170.00
"4620690.00","462","Montréal","0690.00",2885.00,605.00,515.00,30.30,821.00,796.00,0.00,229666.00,2300.00,605.00,14.80,155.00,53568.00,320.00,69589.00,59823.00,10.40,8.50,35243.00,31156.00,7383.00,5.40,2905.00,112.50,38.50,66.80,13.50,300.00,0.00,2.50,15.00,0.00,7220.00,145.00,20.00,45.00
"4620691.00","462","Montréal","0691.00",2450.00,505.00,445.00,44.60,720.00,795.00,5.90,200406.00,1940.00,505.00,11.30,95.00,51200.00,285.00,67305.00,58445.00,11.80,9.40,32923.00,29413.00,6274.00,0.10,2446.00,2270.60,39.40,67.60,13.90,320.00,0.00,2.50,10.00,10.00,6070.00,135.00,0.00,45.00
"4620692.00","462","Montréal","0692.00",3440.00,660.00,525.00,26.70,867.00,827.00,3.80,250748.00,2805.00,660.00,12.70,115.00,64512.00,410.00,82800.00,69271.00,7.00,6.20,39519.00,34370.00,9286.00,5.20,3465.00,144.80,38.20,67.30,12.90,565.00,0.00,2.70,35.00,0.00,8960.00,255.00,15.00,115.00
"4620693.00","462","Montréal","0693.00",2435.00,1355.00,630.00,37.40,733.00,751.00,8.10,230110.00,1085.00,1355.00,11.50,140.00,49664.00,315.00,48832.00,43738.00,17.80,15.80,29552.00,26880.00,5248.00,1.00,2435.00,2599.40,46.70,61.20,25.90,1225.00,0.00,2.00,10.00,10.00,4880.00,65.00,10.00,15.00
"4620694.00","462","Montréal","0694.00",2820.00,255.00,405.00,28.80,900.00,952.00,0.00,229444.00,2580.00,260.00,13.00,90.00,62336.00,345.00,83360.00,70105.00,5.80,5.30,40059.00,34873.00,7895.00,30.70,2836.00,240.20,34.30,67.80,8.40,85.00,0.00,2.80,20.00,25.00,7430.00,395.00,85.00,100.00
"4620700.01","462","Montréal","0700.01",2310.00,1415.00,665.00,36.40,780.00,806.00,10.20,240420.00,895.00,1410.00,17.40,180.00,42880.00,410.00,45952.00,40816.00,22.60,21.40,28624.00,26446.00,4737.00,1.80,2335.00,3582.40,44.50,62.90,23.30,1340.00,0.00,1.90,45.00,15.00,4185.00,200.00,25.00,35.00
"4620700.03","462","Montréal","0700.03",1255.00,595.00,275.00,33.60,748.00,794.00,10.90,249722.00,670.00,595.00,11.30,70.00,50624.00,185.00,52608.00,47104.00,16.00,12.60,28944.00,26361.00,2791.00,-1.10,1258.00,1810.90,46.00,58.80,27.40,510.00,0.00,2.20,30.00,10.00,2500.00,185.00,10.00,50.00
"4620700.04","462","Montréal","0700.04",2270.00,1150.00,540.00,30.40,757.00,769.00,1.30,250097.00,1125.00,1150.00,16.90,75.00,48819.00,320.00,51755.00,45675.00,17.00,15.80,30857.00,27891.00,4524.00,0.80,2252.00,2882.60,43.70,66.10,20.90,1410.00,0.00,2.00,65.00,10.00,4360.00,320.00,60.00,75.00
"4620701.01","462","Montréal","0701.01",1370.00,265.00,290.00,35.80,975.00,945.00,7.50,230048.00,1105.00,265.00,17.60,25.00,62336.00,210.00,78080.00,63808.00,7.00,6.10,44837.00,38298.00,3354.00,3.50,1347.00,1937.60,36.50,68.10,9.50,455.00,0.00,2.40,70.00,10.00,2975.00,330.00,40.00,105.00
"4620701.02","462","Montréal","0701.02",2645.00,745.00,535.00,35.30,814.00,829.00,6.70,231646.00,1905.00,745.00,14.20,150.00,55936.00,380.00,63957.00,55392.00,10.60,9.40,34289.00,30267.00,6282.00,0.60,2672.00,2359.60,41.10,69.30,15.10,735.00,5.00,2.30,75.00,0.00,5750.00,445.00,75.00,115.00
"4620702.01","462","Montréal","0702.01",995.00,45.00,125.00,37.50,1237.00,1040.00,0.00,345843.00,955.00,40.00,11.60,35.00,72192.00,95.00,102144.00,82816.00,3.90,4.40,46880.00,39536.00,2544.00,-0.90,970.00,1246.70,43.10,62.30,20.40,125.00,0.00,2.60,20.00,0.00,2430.00,225.00,10.00,45.00
"4620702.02","462","Montréal","0702.02",2330.00,90.00,225.00,33.30,1299.00,1172.00,0.00,370026.00,2245.00,90.00,8.70,125.00,81152.00,280.00,117419.00,93696.00,5.20,4.50,46896.00,39851.00,6808.00,-1.50,2356.00,1752.70,39.30,68.50,12.60,0.00,0.00,2.90,65.00,10.00,6060.00,625.00,40.00,105.00
"4620703.02","462","Montréal","0703.02",1555.00,275.00,180.00,34.50,734.00,773.00,16.10,424594.00,1275.00,275.00,7.00,65.00,68864.00,110.00,96110.00,78234.00,7.10,5.40,43118.00,36941.00,3796.00,-3.10,1540.00,848.40,45.20,61.80,23.00,315.00,0.00,2.50,55.00,0.00,3440.00,440.00,35.00,100.00
"4620703.03","462","Montréal","0703.03",1625.00,255.00,245.00,36.00,753.00,890.00,5.90,401126.00,1380.00,255.00,11.60,75.00,71040.00,185.00,99584.00,81306.00,6.20,5.10,42010.00,36283.00,4456.00,-3.10,1650.00,1426.90,41.00,68.70,15.00,235.00,0.00,2.70,20.00,10.00,3930.00,430.00,20.00,75.00
"4620703.04","462","Montréal","0703.04",1905.00,85.00,205.00,23.50,1148.00,1263.00,0.00,399934.00,1825.00,80.00,10.40,110.00,82688.00,180.00,113459.00,91989.00,4.10,4.10,44148.00,37528.00,5706.00,-1.30,1906.00,1759.60,41.20,67.00,15.50,10.00,0.00,2.90,35.00,15.00,4985.00,545.00,50.00,120.00
"4620704.01","462","Montréal","0704.01",2305.00,1285.00,560.00,31.90,723.00,738.00,3.50,250285.00,1020.00,1285.00,14.80,195.00,45696.00,355.00,50322.00,44381.00,16.60,15.30,31558.00,28435.00,4717.00,4.80,2296.00,2665.30,41.10,69.40,16.50,1440.00,5.00,2.00,15.00,0.00,4490.00,265.00,50.00,80.00
"4620704.04","462","Montréal","0704.04",1655.00,160.00,185.00,31.20,791.00,824.00,0.00,259941.00,1485.00,160.00,9.40,65.00,70016.00,245.00,86841.00,72781.00,3.80,3.50,38619.00,33496.00,4468.00,-2.60,1661.00,2490.00,39.20,71.40,11.90,190.00,0.00,2.70,15.00,25.00,3845.00,435.00,80.00,85.00
"4620704.05","462","Montréal","0704.05",2320.00,490.00,275.00,24.20,814.00,858.00,0.00,300984.00,1825.00,495.00,8.70,140.00,66048.00,300.00,90752.00,75150.00,5.60,4.90,40704.00,35046.00,6239.00,-4.90,2320.00,1278.70,39.00,72.60,10.70,515.00,0.00,2.70,30.00,0.00,5805.00,425.00,55.00,115.00
"4620704.06","462","Montréal","0704.06",700.00,120.00,110.00,29.20,650.00,684.00,41.70,319850.00,585.00,120.00,12.80,50.00,60032.00,50.00,83814.00,69824.00,8.70,5.30,36966.00,31403.00,1796.00,-0.70,705.00,763.20,42.80,70.80,15.80,75.00,0.00,2.50,20.00,0.00,1750.00,110.00,15.00,20.00
"4620704.08","462","Montréal","0704.08",1400.00,525.00,240.00,21.90,848.00,851.00,15.20,300238.00,880.00,525.00,13.60,70.00,62464.00,145.00,73813.00,66853.00,11.90,12.70,32676.00,29664.00,5147.00,2.80,1442.00,353.80,28.70,59.60,5.90,505.00,0.00,3.60,45.00,35.00,4350.00,675.00,125.00,255.00
"4620704.09","462","Montréal","0704.09",1900.00,685.00,305.00,25.50,923.00,919.00,0.00,290092.00,1215.00,680.00,10.30,85.00,63104.00,305.00,81613.00,67430.00,7.00,6.10,40192.00,34800.00,4517.00,3.70,1864.00,1827.80,37.80,74.90,9.40,850.00,0.00,2.40,70.00,10.00,4250.00,335.00,95.00,50.00
"4620705.01","462","Montréal","0705.01",1250.00,25.00,110.00,0.00,0.00,0.00,0.00,340131.00,1225.00,25.00,8.60,85.00,80384.00,115.00,109056.00,87808.00,2.70,2.70,47381.00,40032.00,3370.00,-4.10,1234.00,2130.50,42.20,64.30,18.80,0.00,0.00,2.70,20.00,0.00,3185.00,220.00,30.00,40.00
"4620705.02","462","Montréal","0705.02",2345.00,1295.00,585.00,31.00,786.00,821.00,4.20,278546.00,1050.00,1295.00,18.00,80.00,57344.00,315.00,56235.00,48589.00,13.90,12.00,34160.00,30304.00,5213.00,-2.90,2358.00,2722.80,48.50,58.20,30.00,1525.00,0.00,2.00,35.00,10.00,4395.00,265.00,35.00,60.00
"4620706.00","462","Montréal","0706.00",2155.00,1440.00,685.00,35.20,752.00,776.00,6.20,210219.00,720.00,1440.00,25.00,125.00,45013.00,235.00,43008.00,38477.00,21.50,19.60,28544.00,25957.00,3838.00,2.90,2194.00,2801.70,46.40,66.90,24.50,1410.00,300.00,1.70,60.00,0.00,3375.00,390.00,50.00,95.00
"4620707.00","462","Montréal","0707.00",2135.00,1410.00,720.00,40.60,736.00,767.00,4.90,220083.00,715.00,1415.00,19.40,195.00,45440.00,260.00,41671.00,37376.00,25.10,24.20,26624.00,24599.00,4656.00,-1.00,2100.00,2510.00,48.70,59.90,30.30,1010.00,0.00,1.80,60.00,0.00,3535.00,225.00,10.00,35.00
"4620708.01","462","Montréal","0708.01",2240.00,1345.00,585.00,32.00,773.00,808.00,5.60,229989.00,890.00,1345.00,16.80,125.00,47915.00,425.00,51381.00,45248.00,18.20,16.20,30821.00,27691.00,4725.00,-1.40,2281.00,3905.00,39.10,70.80,13.50,1495.00,5.00,2.10,40.00,15.00,4135.00,385.00,80.00,75.00
"4620708.02","462","Montréal","0708.02",2040.00,735.00,405.00,31.30,781.00,835.00,6.80,289319.00,1310.00,730.00,13.40,60.00,57152.00,210.00,62629.00,53995.00,11.50,11.60,37295.00,32461.00,4187.00,6.70,2003.00,2703.60,47.70,62.90,26.60,1045.00,190.00,2.00,10.00,0.00,3995.00,245.00,10.00,40.00
"4620709.01","462","Montréal","0709.01",3295.00,600.00,550.00,30.80,902.00,958.00,3.30,268842.00,2695.00,600.00,13.50,110.00,72640.00,390.00,81152.00,67925.00,6.10,5.30,40218.00,34940.00,8428.00,13.80,3296.00,2275.70,39.30,66.70,14.20,1005.00,25.00,2.50,70.00,10.00,7630.00,690.00,60.00,105.00
"4620709.02","462","Montréal","0709.02",2600.00,880.00,490.00,29.50,833.00,852.00,0.00,275290.00,1715.00,880.00,13.10,140.00,57088.00,370.00,69004.00,59184.00,9.10,8.10,36258.00,31948.00,6320.00,7.60,2601.00,2639.30,39.40,67.00,14.40,790.00,0.00,2.40,75.00,10.00,5670.00,600.00,60.00,120.00
"4620710.03","462","Montréal","0710.03",3295.00,770.00,490.00,30.30,849.00,868.00,0.00,275703.00,2520.00,770.00,10.10,105.00,61824.00,455.00,80803.00,68634.00,6.80,6.00,39122.00,34220.00,8771.00,7.10,3294.00,2835.40,36.50,69.50,9.60,465.00,0.00,2.70,55.00,10.00,8155.00,615.00,100.00,150.00
"4620710.05","462","Montréal","0710.05",2400.00,160.00,280.00,24.20,1008.00,1180.00,0.00,448569.00,2240.00,160.00,10.70,75.00,83200.00,200.00,126827.00,101664.00,3.50,3.20,48789.00,41080.00,7469.00,20.40,2383.00,231.30,35.50,69.80,7.50,110.00,0.00,3.10,85.00,25.00,6800.00,705.00,80.00,200.00
"4620710.06","462","Montréal","0710.06",1270.00,115.00,150.00,41.70,950.00,899.00,21.70,299197.00,1155.00,120.00,8.70,40.00,70912.00,150.00,99584.00,80589.00,5.00,4.00,43808.00,37551.00,3533.00,-0.10,1288.00,1688.70,39.40,71.40,10.70,85.00,0.00,2.70,20.00,10.00,3200.00,255.00,20.00,55.00
"4620710.07","462","Montréal","0710.07",1755.00,305.00,210.00,24.60,902.00,861.00,9.80,274620.00,1455.00,300.00,8.90,40.00,61632.00,255.00,85504.00,71851.00,5.60,5.00,41117.00,35770.00,4757.00,2.10,1742.00,1404.30,35.70,70.60,7.80,210.00,0.00,2.70,30.00,0.00,4395.00,320.00,25.00,60.00
"4620710.08","462","Montréal","0710.08",1720.00,605.00,295.00,26.40,825.00,810.00,15.70,259563.00,1115.00,605.00,12.60,85.00,54571.00,285.00,69230.00,58400.00,11.20,9.00,36256.00,31923.00,4334.00,-0.30,1736.00,3514.70,37.80,67.70,12.60,615.00,0.00,2.50,20.00,10.00,4100.00,245.00,15.00,65.00
"4620710.09","462","Montréal","0710.09",1590.00,25.00,200.00,0.00,0.00,0.00,0.00,600598.00,1560.00,25.00,12.80,30.00,96512.00,130.00,179541.00,136107.00,4.00,4.00,56896.00,46534.00,5506.00,-1.60,1590.00,1560.70,36.80,69.90,8.30,0.00,0.00,3.40,15.00,60.00,4785.00,510.00,55.00,95.00
"4620710.1","462","Montréal","0710.1",1655.00,250.00,345.00,95.90,1769.00,1738.00,6.00,429602.00,1405.00,250.00,8.20,40.00,92672.00,140.00,135534.00,106866.00,2.70,2.20,50992.00,42829.00,5002.00,2.10,1635.00,1983.90,39.00,66.80,13.20,40.00,190.00,3.00,15.00,0.00,4475.00,360.00,50.00,80.00
"4620710.11","462","Montréal","0710.11",1015.00,205.00,145.00,25.00,795.00,879.00,0.00,299338.00,810.00,200.00,12.30,30.00,64320.00,175.00,86336.00,71872.00,6.00,5.60,39258.00,33997.00,2743.00,-2.10,1035.00,2997.80,38.40,74.00,9.10,145.00,0.00,2.60,20.00,10.00,2655.00,145.00,10.00,20.00
"4620725.03","462","Montréal","0725.03",1460.00,350.00,255.00,39.10,763.00,769.00,0.00,250396.00,1115.00,345.00,11.20,100.00,57600.00,170.00,68181.00,58960.00,9.40,8.10,33350.00,29915.00,3620.00,-1.30,1451.00,2323.30,42.10,64.60,18.80,290.00,0.00,2.50,15.00,0.00,3265.00,310.00,55.00,65.00
"4620725.04","462","Montréal","0725.04",1330.00,220.00,205.00,36.40,830.00,851.00,0.00,250745.00,1110.00,225.00,11.70,95.00,65920.00,130.00,75878.00,64000.00,6.30,5.50,36640.00,31808.00,3236.00,-3.20,1334.00,1140.90,44.60,66.80,19.90,235.00,0.00,2.40,25.00,10.00,2940.00,245.00,35.00,45.00
"4620725.06","462","Montréal","0725.06",570.00,120.00,90.00,34.80,703.00,733.00,0.00,325344.00,515.00,120.00,11.20,65.00,60288.00,45.00,71373.00,62976.00,9.60,8.50,30752.00,27694.00,1637.00,-7.30,644.00,31.00,45.60,69.50,20.10,20.00,5.00,2.50,0.00,105.00,1520.00,30.00,0.00,10.00
"4620725.07","462","Montréal","0725.07",2210.00,200.00,200.00,20.50,882.00,839.00,0.00,259193.00,2015.00,200.00,8.00,55.00,73408.00,290.00,94883.00,78528.00,3.90,3.30,43378.00,37060.00,6352.00,-1.40,2207.00,4381.30,35.30,71.60,6.50,130.00,0.00,2.90,65.00,0.00,5690.00,630.00,120.00,150.00
"4620725.09","462","Montréal","0725.09",1180.00,35.00,85.00,0.00,768.00,774.00,0.00,250693.00,1145.00,35.00,6.60,45.00,75520.00,140.00,93312.00,78592.00,3.40,2.80,42350.00,36296.00,3783.00,7.70,1186.00,1735.50,42.40,66.10,17.60,35.00,0.00,2.80,15.00,0.00,3130.00,260.00,35.00,70.00
"4620725.1","462","Montréal","0725.1",2015.00,315.00,305.00,36.50,818.00,864.00,0.00,224463.00,1695.00,315.00,11.20,0.00,64448.00,185.00,76032.00,62048.00,5.80,4.80,43221.00,36926.00,4957.00,5.30,2014.00,1540.50,38.50,64.30,14.50,1130.00,0.00,2.40,30.00,0.00,4420.00,480.00,75.00,125.00
"4620726.01","462","Montréal","0726.01",2865.00,1130.00,570.00,29.80,745.00,758.00,5.80,250359.00,1735.00,1130.00,13.30,180.00,51520.00,390.00,59536.00,51853.00,12.90,11.50,32791.00,29431.00,6281.00,-0.30,2867.00,3358.50,44.30,62.90,22.70,1290.00,20.00,2.20,55.00,15.00,5875.00,295.00,20.00,100.00
"4620726.03","462","Montréal","0726.03",2255.00,1140.00,550.00,38.30,721.00,738.00,4.80,250175.00,1120.00,1135.00,9.80,155.00,46933.00,340.00,53099.00,46992.00,16.00,14.70,30432.00,27610.00,4902.00,0.20,2247.00,3888.90,41.00,66.70,17.30,1130.00,0.00,2.20,35.00,0.00,4680.00,255.00,40.00,80.00
"4620726.04","462","Montréal","0726.04",690.00,25.00,85.00,75.00,0.00,760.00,0.00,259555.00,670.00,25.00,9.70,35.00,72320.00,75.00,89498.00,75264.00,4.50,4.00,40149.00,34739.00,1873.00,-6.10,698.00,2355.10,40.90,72.00,12.00,20.00,0.00,2.70,10.00,0.00,1780.00,120.00,30.00,35.00
"4620727.01","462","Montréal","0727.01",1685.00,1040.00,490.00,37.30,708.00,732.00,17.20,250088.00,640.00,1045.00,15.50,80.00,50944.00,215.00,44240.00,39760.00,20.00,17.50,26624.00,24848.00,3295.00,0.20,1689.00,2931.80,48.30,58.30,29.90,1045.00,0.00,1.90,0.00,10.00,3000.00,140.00,0.00,25.00
"4620727.02","462","Montréal","0727.02",2010.00,970.00,665.00,53.10,777.00,985.00,36.10,250392.00,1040.00,970.00,15.00,120.00,51840.00,190.00,47744.00,42592.00,17.70,14.70,29941.00,27184.00,4072.00,-4.10,2010.00,2721.70,48.20,59.70,28.10,690.00,255.00,2.00,15.00,15.00,3895.00,175.00,10.00,35.00
"4620728.01","462","Montréal","0728.01",2565.00,655.00,320.00,22.90,840.00,862.00,0.00,245061.00,1905.00,660.00,8.70,110.00,59968.00,375.00,80758.00,67960.00,7.50,6.40,40347.00,34663.00,6688.00,-0.90,2563.00,3800.60,36.60,72.00,8.00,560.00,0.00,2.60,105.00,10.00,5945.00,730.00,100.00,135.00
"4620728.02","462","Montréal","0728.02",1725.00,455.00,245.00,29.70,776.00,827.00,0.00,250441.00,1270.00,450.00,8.70,110.00,58069.00,250.00,73984.00,63083.00,9.20,7.70,38281.00,33468.00,4383.00,2.00,1735.00,2283.30,40.10,66.40,15.70,455.00,5.00,2.50,35.00,10.00,3855.00,470.00,55.00,75.00
"4620728.03","462","Montréal","0728.03",1015.00,110.00,170.00,36.40,823.00,902.00,0.00,234995.00,900.00,115.00,14.40,55.00,60288.00,115.00,75605.00,63886.00,9.10,8.00,35632.00,31219.00,2635.00,-1.00,1004.00,2877.60,39.80,68.10,13.90,40.00,0.00,2.60,30.00,0.00,2325.00,250.00,10.00,45.00
"4620729.00","462","Montréal","0729.00",1790.00,760.00,470.00,39.50,762.00,779.00,16.40,235016.00,1030.00,760.00,16.00,215.00,51840.00,225.00,54707.00,48304.00,16.80,14.00,31771.00,28907.00,3790.00,-1.30,1791.00,2538.20,43.00,66.10,18.50,540.00,130.00,2.10,45.00,0.00,3450.00,345.00,0.00,45.00
"4620730.01","462","Montréal","0730.01",4170.00,340.00,450.00,27.90,930.00,880.00,7.20,264666.00,3825.00,345.00,9.20,95.00,64000.00,395.00,89317.00,74041.00,4.30,3.70,46485.00,39468.00,11350.00,25.60,4169.00,1967.40,34.20,64.40,9.10,935.00,0.00,2.70,220.00,10.00,10340.00,955.00,65.00,210.00
"4620730.02","462","Montréal","0730.02",2690.00,230.00,510.00,60.00,948.00,927.00,0.00,220033.00,2470.00,230.00,15.00,180.00,59051.00,300.00,69476.00,59450.00,9.00,7.80,34742.00,30818.00,6724.00,1.10,2701.00,2259.10,41.10,67.10,16.10,135.00,0.00,2.50,60.00,15.00,6340.00,335.00,25.00,90.00
"4620731.00","462","Montréal","0731.00",2615.00,600.00,605.00,44.20,799.00,842.00,11.70,209939.00,2020.00,600.00,17.10,210.00,51371.00,345.00,60416.00,53015.00,13.10,11.10,31910.00,28852.00,6428.00,0.50,2618.00,1391.30,38.20,68.40,11.80,125.00,0.00,2.50,0.00,0.00,6295.00,130.00,0.00,45.00
"4620732.01","462","Montréal","0732.01",2480.00,460.00,385.00,29.30,876.00,861.00,3.30,296312.00,2065.00,460.00,12.40,75.00,64077.00,245.00,80421.00,67958.00,6.80,5.60,37740.00,33028.00,6687.00,7.90,2527.00,161.80,38.40,68.20,12.00,420.00,0.00,2.60,25.00,0.00,6495.00,175.00,0.00,75.00
"4620732.03","462","Montréal","0732.03",,,,,,,,,,,,,,,,,,,,,,,,,,,,,,,,,,,,
"4620732.04","462","Montréal","0732.04",1520.00,250.00,300.00,42.00,651.00,773.00,8.00,296197.00,1315.00,250.00,15.00,105.00,50752.00,130.00,71196.00,61141.00,11.70,11.30,35342.00,31280.00,3824.00,-3.70,1563.00,66.70,43.70,64.10,19.00,65.00,0.00,2.40,20.00,0.00,3640.00,115.00,15.00,30.00
"4620733.01","462","Montréal","0733.01",1500.00,365.00,240.00,28.80,629.00,694.00,6.80,259740.00,1295.00,380.00,11.90,145.00,54784.00,140.00,65699.00,56928.00,11.70,10.20,31817.00,28288.00,4160.00,-3.90,1645.00,18.00,41.70,66.50,17.10,95.00,0.00,2.50,0.00,25.00,4085.00,115.00,10.00,25.00
"4620733.02","462","Montréal","0733.02",720.00,205.00,125.00,17.10,604.00,631.00,0.00,250745.00,520.00,205.00,17.50,65.00,58240.00,55.00,58240.00,50304.00,14.00,13.10,31248.00,28235.00,1686.00,-1.70,730.00,39.20,45.30,64.40,21.10,35.00,0.00,2.20,10.00,0.00,1555.00,50.00,0.00,10.00
"4620734.03","462","Montréal","0734.03",2030.00,420.00,305.00,26.50,924.00,906.00,0.00,290379.00,1620.00,420.00,11.80,50.00,62976.00,260.00,87712.00,73787.00,6.20,5.60,42225.00,36154.00,5907.00,10.20,2067.00,1116.00,33.30,67.60,6.90,130.00,0.00,2.90,10.00,10.00,5550.00,175.00,20.00,45.00
"4620734.04","462","Montréal","0734.04",1465.00,385.00,200.00,32.10,749.00,810.00,10.30,259791.00,1095.00,385.00,7.40,55.00,59008.00,160.00,74752.00,64000.00,7.90,6.10,36667.00,32211.00,3662.00,5.50,1492.00,152.70,39.70,71.00,12.30,300.00,55.00,2.50,0.00,0.00,3495.00,70.00,10.00,30.00
"4620734.05","462","Montréal","0734.05",2730.00,620.00,385.00,23.40,900.00,907.00,0.00,349561.00,2125.00,620.00,11.40,50.00,63531.00,290.00,95279.00,77731.00,4.90,4.70,47036.00,39710.00,7337.00,56.10,2728.00,227.30,33.70,69.00,6.50,505.00,0.00,2.70,35.00,10.00,7050.00,370.00,55.00,80.00
"4620734.06","462","Montréal","0734.06",1895.00,505.00,320.00,30.40,841.00,842.00,0.00,219543.00,1390.00,505.00,11.50,60.00,50368.00,270.00,69547.00,60208.00,10.40,9.10,36452.00,32137.00,5082.00,0.50,1905.00,2365.40,34.30,66.50,8.80,285.00,0.00,2.70,30.00,0.00,4990.00,135.00,0.00,45.00
"4620734.07","462","Montréal","0734.07",3515.00,1080.00,540.00,25.00,920.00,864.00,1.90,274734.00,2485.00,1080.00,11.30,85.00,51840.00,395.00,75503.00,63317.00,8.10,7.00,41084.00,35532.00,9098.00,72.10,3554.00,70.60,32.90,66.90,7.60,1065.00,0.00,2.60,20.00,0.00,8790.00,240.00,10.00,60.00
"4620735.01","462","Montréal","0735.01",2780.00,1075.00,535.00,29.00,770.00,803.00,1.90,250733.00,1730.00,1075.00,12.90,120.00,57216.00,350.00,66420.00,56974.00,9.90,8.40,35450.00,31424.00,6642.00,2.60,2800.00,126.40,38.70,69.10,12.90,570.00,0.00,2.40,40.00,25.00,6315.00,260.00,25.00,65.00
"4620735.02","462","Montréal","0735.02",3430.00,1275.00,595.00,28.20,763.00,800.00,3.90,296096.00,2165.00,1270.00,10.90,135.00,56704.00,505.00,73096.00,62208.00,8.90,7.30,38193.00,33323.00,8625.00,18.50,3440.00,964.70,36.40,69.70,10.00,885.00,0.00,2.50,20.00,0.00,8360.00,235.00,20.00,45.00
"4620740.01","462","Montréal","0740.01",900.00,100.00,140.00,36.80,715.00,672.00,0.00,235520.00,810.00,95.00,12.50,100.00,49536.00,35.00,61184.00,52608.00,15.00,16.30,32422.00,28941.00,1904.00,7.30,904.00,20.50,47.20,68.70,20.50,0.00,0.00,2.10,0.00,10.00,1800.00,95.00,0.00,15.00
"4620740.03","462","Montréal","0740.03",2610.00,245.00,430.00,34.00,803.00,805.00,0.00,250695.00,2370.00,250.00,14.40,100.00,60032.00,225.00,79339.00,67206.00,7.60,7.40,37447.00,32634.00,7040.00,15.20,2637.00,156.20,37.10,70.30,8.90,10.00,0.00,2.70,20.00,30.00,6725.00,225.00,10.00,70.00
"4620740.04","462","Montréal","0740.04",3340.00,475.00,560.00,33.70,761.00,805.00,6.40,265975.00,2870.00,475.00,14.10,140.00,56363.00,295.00,82530.00,69230.00,7.80,7.20,40365.00,35067.00,8979.00,28.80,3317.00,183.90,34.30,68.10,7.00,80.00,0.00,2.70,40.00,0.00,8800.00,230.00,35.00,85.00
"4620750.01","462","Montréal","0750.01",1900.00,90.00,270.00,38.90,1129.00,1110.00,0.00,348762.00,1815.00,90.00,13.30,90.00,81920.00,165.00,99755.00,82176.00,5.90,5.20,44032.00,37691.00,5152.00,1.10,1911.00,333.20,40.20,67.90,13.10,30.00,0.00,2.70,55.00,15.00,4345.00,780.00,90.00,115.00
"4620750.02","462","Montréal","0750.02",1825.00,80.00,265.00,43.80,750.00,1017.00,0.00,341866.00,1760.00,80.00,13.20,55.00,77056.00,170.00,108117.00,88832.00,4.20,4.00,43196.00,37060.00,5502.00,-0.40,1839.00,431.40,37.70,70.30,9.40,15.00,0.00,3.00,30.00,10.00,4755.00,730.00,95.00,165.00
"4620750.04","462","Montréal","0750.04",805.00,195.00,130.00,33.30,828.00,797.00,0.00,269244.00,615.00,195.00,10.70,75.00,60288.00,90.00,74624.00,63104.00,7.60,6.30,36078.00,31456.00,1986.00,0.80,809.00,1865.80,41.10,67.80,15.80,120.00,0.00,2.50,15.00,0.00,1665.00,325.00,55.00,60.00
"4620750.06","462","Montréal","0750.06",2625.00,1065.00,645.00,32.20,745.00,779.00,3.70,229279.00,1560.00,1070.00,19.60,145.00,52288.00,375.00,56436.00,48697.00,14.10,13.60,33525.00,29803.00,5651.00,0.20,2624.00,1575.50,41.20,68.30,15.70,1225.00,0.00,2.10,100.00,15.00,4585.00,915.00,85.00,245.00
"4620750.07","462","Montréal","0750.07",2055.00,470.00,400.00,39.40,740.00,793.00,0.00,259963.00,1595.00,465.00,13.80,100.00,62016.00,265.00,71790.00,61152.00,8.90,8.00,37945.00,33126.00,5105.00,5.00,2064.00,2601.50,39.40,68.90,12.60,420.00,0.00,2.50,65.00,10.00,4325.00,795.00,80.00,145.00
"4620751.01","462","Montréal","0751.01",2690.00,455.00,450.00,37.40,768.00,791.00,8.90,250562.00,2230.00,455.00,12.80,90.00,62080.00,315.00,73643.00,62555.00,7.40,6.30,36793.00,32227.00,6733.00,0.60,2687.00,1996.30,40.10,64.70,16.10,605.00,0.00,2.50,85.00,20.00,5740.00,960.00,45.00,235.00
"4620751.02","462","Montréal","0751.02",2785.00,200.00,425.00,42.50,1058.00,1045.00,0.00,289071.00,2585.00,200.00,13.20,140.00,67840.00,275.00,91166.00,75630.00,5.30,4.90,41245.00,35447.00,7825.00,2.80,2784.00,2094.90,38.40,67.40,12.10,300.00,0.00,2.80,140.00,10.00,6350.00,1410.00,145.00,300.00
"4620755.01","462","Montréal","0755.01",3635.00,1050.00,700.00,32.50,841.00,858.00,3.80,250290.00,2600.00,1055.00,14.10,190.00,55851.00,450.00,66752.00,56907.00,9.50,9.20,37303.00,32646.00,8585.00,8.60,3649.00,404.70,39.50,68.30,13.90,1155.00,0.00,2.30,75.00,15.00,7575.00,865.00,155.00,245.00
"4620755.02","462","Montréal","0755.02",4165.00,660.00,735.00,29.50,810.00,905.00,3.80,299756.00,3505.00,660.00,15.40,100.00,62720.00,440.00,85315.00,71680.00,5.80,5.20,42854.00,37046.00,11737.00,40.50,4166.00,2110.80,32.30,64.90,7.10,810.00,0.00,2.80,320.00,40.00,8725.00,2955.00,465.00,960.00
"4620756.02","462","Montréal","0756.02",355.00,35.00,75.00,37.50,1001.00,850.00,0.00,300369.00,335.00,40.00,17.50,35.00,61824.00,25.00,80704.00,66944.00,8.90,8.50,36512.00,31654.00,954.00,-3.70,373.00,87.80,41.00,71.40,12.50,0.00,0.00,2.50,25.00,0.00,815.00,140.00,10.00,30.00
"4620756.03","462","Montréal","0756.03",2460.00,120.00,340.00,54.20,931.00,931.00,0.00,359202.00,2345.00,125.00,11.90,115.00,70229.00,200.00,102855.00,84096.00,4.70,4.60,43537.00,37333.00,7097.00,1.40,2470.00,204.20,38.80,65.80,13.40,55.00,0.00,2.90,135.00,30.00,5780.00,1280.00,180.00,325.00
"4620756.04","462","Montréal","0756.04",2225.00,435.00,380.00,31.00,762.00,808.00,5.70,299692.00,1795.00,435.00,13.70,130.00,64064.00,280.00,81408.00,68681.00,7.60,6.50,39180.00,33978.00,6273.00,-2.10,2230.00,2252.10,41.60,63.80,17.80,440.00,95.00,2.60,45.00,20.00,4905.00,910.00,80.00,265.00
"4620756.05","462","Montréal","0756.05",2745.00,955.00,565.00,33.50,821.00,855.00,2.60,250080.00,1790.00,955.00,13.70,105.00,55424.00,370.00,64146.00,54048.00,9.70,8.60,37120.00,32346.00,6419.00,17.70,2744.00,2897.80,44.60,61.80,23.20,1445.00,140.00,2.10,120.00,35.00,5000.00,825.00,65.00,175.00
"4620757.00","462","Montréal","0757.00",2230.00,315.00,545.00,57.10,908.00,1021.00,19.00,424814.00,1930.00,315.00,19.10,120.00,66389.00,170.00,85120.00,70439.00,10.50,10.70,39965.00,34603.00,5185.00,1.00,2241.00,237.10,47.70,59.70,26.60,150.00,0.00,2.30,40.00,70.00,4295.00,820.00,20.00,70.00
"4620758.03","462","Montréal","0758.03",1440.00,35.00,215.00,0.00,1003.00,1621.00,0.00,410863.00,1410.00,40.00,14.60,65.00,80128.00,110.00,114901.00,91674.00,5.50,5.50,43179.00,37317.00,4250.00,4.00,1441.00,179.00,39.60,67.10,12.90,0.00,0.00,3.00,30.00,25.00,3695.00,570.00,35.00,80.00
"4620758.04","462","Montréal","0758.04",1805.00,55.00,230.00,0.00,1009.00,893.00,0.00,424198.00,1755.00,50.00,12.30,70.00,74325.00,120.00,121395.00,96199.00,4.80,4.10,46144.00,39228.00,5639.00,5.70,1806.00,366.90,36.90,67.80,9.20,0.00,0.00,3.10,35.00,0.00,5055.00,585.00,30.00,100.00
"4620758.05","462","Montréal","0758.05",1465.00,115.00,200.00,52.20,918.00,1131.00,0.00,390206.00,1350.00,115.00,10.40,35.00,76288.00,110.00,113920.00,91246.00,4.50,4.00,46535.00,39331.00,4403.00,1.80,1475.00,577.20,37.40,67.80,10.20,35.00,0.00,3.00,40.00,0.00,3950.00,410.00,25.00,105.00
"4620758.06","462","Montréal","0758.06",2025.00,300.00,310.00,33.30,951.00,981.00,0.00,299824.00,1725.00,295.00,11.90,105.00,60459.00,250.00,87808.00,73216.00,6.80,6.10,40418.00,34857.00,5597.00,0.90,2024.00,279.00,37.70,67.00,11.10,205.00,0.00,2.80,30.00,10.00,5215.00,375.00,25.00,100.00
"4620760.00","462","Montréal","0760.00",2590.00,285.00,310.00,22.80,828.00,840.00,5.30,250683.00,2320.00,285.00,10.60,115.00,65920.00,280.00,81829.00,68297.00,6.00,5.00,39436.00,34080.00,6777.00,11.50,2607.00,87.20,38.40,69.00,11.40,240.00,0.00,2.60,20.00,30.00,6395.00,320.00,50.00,90.00
"4620775.00","462","Montréal","0775.00",975.00,160.00,150.00,31.20,767.00,752.00,0.00,300905.00,815.00,160.00,12.30,85.00,62720.00,70.00,74569.00,63264.00,7.10,7.30,37989.00,32917.00,2318.00,0.50,973.00,220.10,43.90,65.00,19.90,30.00,0.00,2.40,20.00,0.00,2215.00,100.00,10.00,20.00
"4620776.00","462","Montréal","0776.00",1540.00,335.00,300.00,38.80,864.00,846.00,0.00,200407.00,1210.00,335.00,14.10,65.00,53888.00,130.00,60448.00,52736.00,9.70,8.30,34318.00,30912.00,3389.00,19.00,1524.00,398.50,44.00,63.00,22.30,325.00,0.00,2.20,0.00,10.00,3320.00,75.00,20.00,15.00
"4620777.01","462","Montréal","0777.01",1930.00,705.00,375.00,30.00,652.00,670.00,8.50,219332.00,1235.00,705.00,13.40,105.00,51840.00,200.00,58432.00,50688.00,13.90,13.10,31936.00,28633.00,4293.00,6.00,1952.00,141.30,44.00,65.10,20.50,555.00,0.00,2.20,10.00,0.00,4150.00,75.00,0.00,30.00
"4620777.02","462","Montréal","0777.02",2300.00,1040.00,525.00,31.90,625.00,677.00,11.60,219307.00,1285.00,1035.00,15.10,190.00,49280.00,280.00,51413.00,45952.00,17.70,15.50,29574.00,26938.00,5202.00,1.70,2322.00,171.00,43.40,63.20,21.10,695.00,0.00,2.20,15.00,10.00,4925.00,75.00,0.00,25.00
"4620780.00","462","Montréal","0780.00",1620.00,770.00,475.00,42.90,656.00,686.00,15.50,239719.00,845.00,775.00,17.20,110.00,43648.00,220.00,48320.00,43307.00,22.80,20.80,26418.00,24613.00,3516.00,3.50,1627.00,2368.80,44.30,64.80,21.70,460.00,95.00,2.10,30.00,0.00,3325.00,165.00,35.00,45.00
"4620781.00","462","Montréal","0781.00",3225.00,2375.00,1505.00,55.30,763.00,789.00,10.70,199928.00,850.00,2375.00,21.90,205.00,35072.00,275.00,33758.00,31595.00,33.30,34.10,22080.00,21459.00,5994.00,11.20,3197.00,2536.70,54.50,51.30,41.00,1300.00,770.00,1.70,65.00,0.00,5140.00,180.00,100.00,25.00
"4620782.00","462","Montréal","0782.00",1635.00,1020.00,490.00,37.70,723.00,760.00,2.50,184908.00,615.00,1020.00,17.10,100.00,44032.00,230.00,41088.00,36922.00,24.60,23.20,26066.00,24284.00,3221.00,1.30,1663.00,1304.00,46.40,62.90,25.60,1095.00,10.00,1.80,30.00,0.00,2885.00,115.00,45.00,35.00
"4620783.00","462","Montréal","0783.00",2550.00,1685.00,975.00,47.90,725.00,829.00,7.70,210777.00,870.00,1685.00,19.50,170.00,43392.00,270.00,38362.00,35732.00,25.90,24.20,24576.00,23397.00,5626.00,16.60,2539.00,1128.80,51.70,51.90,37.70,1420.00,125.00,1.90,30.00,20.00,4600.00,180.00,50.00,35.00
"4620784.00","462","Montréal","0784.00",1890.00,1460.00,750.00,46.40,652.00,670.00,14.80,190293.00,435.00,1455.00,15.90,175.00,37184.00,270.00,32179.00,30208.00,39.00,40.00,20243.00,19669.00,3978.00,-2.00,1888.00,3235.70,49.90,58.40,31.60,1105.00,110.00,1.80,20.00,20.00,3315.00,135.00,105.00,15.00
"4620785.00","462","Montréal","0785.00",2295.00,1395.00,790.00,45.30,709.00,737.00,7.50,184751.00,900.00,1395.00,17.90,125.00,40512.00,350.00,40405.00,36983.00,28.20,27.10,25593.00,24146.00,4484.00,2.70,2306.00,1269.10,44.10,64.90,21.90,1590.00,5.00,1.90,60.00,10.00,3955.00,340.00,160.00,50.00
"4620786.00","462","Montréal","0786.00",2075.00,850.00,450.00,33.30,653.00,707.00,11.70,200364.00,1225.00,855.00,13.10,115.00,53803.00,235.00,50752.00,45555.00,16.50,12.90,28544.00,25998.00,4476.00,-4.50,2071.00,1333.00,45.50,64.90,22.30,565.00,45.00,2.10,0.00,0.00,4215.00,110.00,10.00,50.00
"4620787.00","462","Montréal","0787.00",3480.00,1140.00,720.00,32.60,714.00,769.00,1.80,210895.00,2350.00,1135.00,15.10,145.00,52160.00,445.00,62950.00,55200.00,10.70,9.10,34501.00,30578.00,8167.00,15.30,3476.00,1262.00,39.30,67.20,14.50,1105.00,0.00,2.30,60.00,20.00,7700.00,375.00,115.00,90.00
"4620788.00","462","Montréal","0788.00",2840.00,1590.00,950.00,44.20,698.00,741.00,1.90,200094.00,1255.00,1585.00,20.30,90.00,46944.00,375.00,44894.00,40366.00,21.30,18.00,27333.00,25184.00,5853.00,4.00,2849.00,2751.60,46.10,60.60,26.20,1750.00,5.00,2.00,50.00,10.00,5260.00,250.00,35.00,75.00
"4620789.00","462","Montréal","0789.00",3270.00,1065.00,670.00,32.10,806.00,811.00,1.90,224671.00,2205.00,1065.00,14.80,55.00,56107.00,475.00,65168.00,56169.00,10.40,9.60,34972.00,30944.00,7843.00,14.60,3289.00,647.50,38.20,69.50,12.60,1055.00,0.00,2.40,85.00,20.00,7320.00,380.00,85.00,65.00
"4620790.00","462","Montréal","0790.00",3405.00,955.00,705.00,35.10,770.00,803.00,1.60,240388.00,2460.00,955.00,15.10,100.00,51680.00,330.00,66834.00,56814.00,10.50,9.80,36997.00,32470.00,7883.00,13.00,3427.00,537.60,39.60,69.20,13.10,1155.00,0.00,2.30,80.00,15.00,7625.00,295.00,85.00,75.00
"4620791.00","462","Montréal","0791.00",3585.00,740.00,570.00,29.50,863.00,910.00,2.00,250081.00,2855.00,740.00,12.40,95.00,59776.00,445.00,78746.00,66021.00,7.20,6.40,40216.00,34699.00,9032.00,16.70,3594.00,2023.70,37.30,67.10,12.10,745.00,0.00,2.50,35.00,10.00,8665.00,325.00,60.00,100.00
"4620792.00","462","Montréal","0792.00",1720.00,230.00,310.00,33.30,811.00,807.00,0.00,229456.00,1505.00,225.00,15.70,125.00,52352.00,145.00,74752.00,63296.00,8.50,7.60,35136.00,31083.00,4273.00,-0.20,1716.00,137.10,40.80,71.30,12.70,15.00,0.00,2.50,0.00,10.00,4105.00,110.00,0.00,15.00
"4620800.01","462","Montréal","0800.01",1770.00,230.00,375.00,39.10,733.00,734.00,15.20,250619.00,1540.00,230.00,18.60,90.00,56192.00,205.00,73821.00,61769.00,11.40,11.00,35392.00,31302.00,4750.00,4.40,1772.00,1311.50,38.80,65.90,13.60,220.00,5.00,2.70,40.00,25.00,3975.00,740.00,75.00,140.00
"4620800.02","462","Montréal","0800.02",2250.00,865.00,635.00,52.30,760.00,861.00,15.60,240333.00,1395.00,865.00,13.30,100.00,58240.00,275.00,56375.00,49776.00,15.00,14.70,30535.00,27904.00,5300.00,-0.80,2255.00,3207.30,42.60,62.30,21.20,810.00,0.00,2.30,140.00,65.00,4260.00,950.00,180.00,225.00
"4620801.00","462","Montréal","0801.00",2875.00,830.00,655.00,40.40,743.00,778.00,4.80,240354.00,2045.00,830.00,15.60,215.00,50304.00,405.00,64208.00,56375.00,12.90,12.30,31710.00,28571.00,7263.00,-1.20,2875.00,2774.90,41.80,64.80,18.60,690.00,0.00,2.50,125.00,45.00,6055.00,1050.00,130.00,270.00
"4620802.00","462","Montréal","0802.00",1315.00,285.00,290.00,40.00,793.00,786.00,0.00,229875.00,1040.00,280.00,17.30,95.00,48512.00,165.00,61728.00,54093.00,11.50,10.80,31846.00,28800.00,3211.00,-6.40,1317.00,558.80,41.70,70.50,14.50,125.00,0.00,2.40,30.00,0.00,2985.00,195.00,15.00,35.00
"4620804.01","462","Montréal","0804.01",2905.00,855.00,615.00,35.50,757.00,774.00,17.40,239671.00,2045.00,860.00,14.90,150.00,55168.00,410.00,66816.00,57635.00,10.90,9.60,35016.00,31182.00,7239.00,7.40,2905.00,2932.80,41.40,65.10,18.00,825.00,0.00,2.40,165.00,20.00,6105.00,930.00,100.00,200.00
"4620804.02","462","Montréal","0804.02",765.00,115.00,145.00,45.80,613.00,695.00,47.80,270039.00,655.00,120.00,13.80,35.00,62592.00,110.00,81536.00,68864.00,9.20,6.80,38528.00,33760.00,2175.00,13.00,773.00,211.10,36.50,65.30,11.30,95.00,0.00,2.80,40.00,0.00,1785.00,380.00,65.00,65.00
"4620805.00","462","Montréal","0805.00",3630.00,770.00,825.00,42.20,759.00,842.00,24.70,225043.00,2860.00,770.00,17.50,190.00,52160.00,395.00,65655.00,57244.00,11.60,10.20,32154.00,28890.00,9359.00,10.70,3627.00,2917.90,43.60,60.50,22.30,945.00,75.00,2.50,220.00,20.00,7075.00,1940.00,330.00,400.00
"4620806.01","462","Montréal","0806.01",1350.00,490.00,325.00,32.30,659.00,659.00,23.50,229790.00,860.00,495.00,19.80,95.00,44757.00,255.00,57984.00,51877.00,17.60,16.30,29856.00,27288.00,3286.00,1.10,1353.00,1990.90,41.30,66.20,17.00,440.00,0.00,2.40,30.00,20.00,2605.00,515.00,65.00,85.00
"4620806.02","462","Montréal","0806.02",1925.00,215.00,320.00,42.90,854.00,893.00,0.00,235021.00,1710.00,215.00,13.20,125.00,59968.00,230.00,77594.00,66816.00,7.80,6.70,34886.00,31150.00,5323.00,9.30,1921.00,1137.80,39.50,66.10,14.50,125.00,0.00,2.80,65.00,35.00,4545.00,880.00,160.00,155.00
"4620807.01","462","Montréal","0807.01",2920.00,275.00,270.00,22.20,771.00,868.00,0.00,268727.00,2670.00,275.00,7.90,105.00,64096.00,300.00,90112.00,74684.00,5.20,4.10,40181.00,34823.00,8337.00,6.40,2972.00,432.60,37.90,66.50,12.50,185.00,0.00,2.80,75.00,0.00,7635.00,630.00,80.00,160.00
"4620807.02","462","Montréal","0807.02",1885.00,435.00,340.00,29.90,723.00,745.00,8.00,250430.00,1465.00,435.00,14.50,80.00,59520.00,220.00,75179.00,64112.00,7.30,6.60,38362.00,33631.00,4778.00,27.30,1867.00,178.20,38.40,65.80,14.40,375.00,0.00,2.50,45.00,10.00,4410.00,370.00,20.00,55.00
"4620825.02","462","Montréal","0825.02",1585.00,410.00,305.00,39.00,692.00,786.00,0.00,255625.00,1175.00,410.00,12.80,115.00,54016.00,185.00,63573.00,55125.00,12.20,12.10,30446.00,28000.00,3853.00,-0.80,1560.00,4143.00,42.80,63.40,21.40,490.00,0.00,2.50,145.00,40.00,2530.00,1280.00,185.00,235.00
"4620825.03","462","Montréal","0825.03",2450.00,1550.00,620.00,31.00,777.00,807.00,6.80,250568.00,900.00,1550.00,16.20,230.00,50048.00,385.00,51157.00,46371.00,21.70,19.20,26489.00,24765.00,5810.00,1.00,2429.00,4418.90,38.90,64.40,16.50,1560.00,135.00,2.40,525.00,80.00,3750.00,2070.00,620.00,445.00
"4620825.04","462","Montréal","0825.04",2215.00,605.00,490.00,38.00,874.00,943.00,3.30,250328.00,1610.00,605.00,15.80,165.00,56512.00,260.00,59162.00,52750.00,15.40,14.60,26859.00,25187.00,5474.00,1.80,2215.00,3126.60,43.30,64.40,21.10,410.00,365.00,2.50,225.00,80.00,2990.00,2400.00,345.00,505.00
"4620825.05","462","Montréal","0825.05",2050.00,865.00,445.00,36.40,819.00,860.00,6.90,290148.00,1185.00,865.00,11.00,140.00,49472.00,255.00,59366.00,52409.00,16.10,15.80,28059.00,26203.00,5008.00,0.10,2071.00,2931.20,42.30,63.50,20.40,940.00,45.00,2.40,295.00,15.00,3035.00,1860.00,220.00,405.00
"4620825.06","462","Montréal","0825.06",1970.00,450.00,310.00,22.20,883.00,842.00,12.40,299521.00,1520.00,445.00,13.80,150.00,60064.00,225.00,72761.00,63130.00,11.70,10.80,32043.00,28968.00,5139.00,2.60,1942.00,3744.00,43.00,61.40,21.80,345.00,120.00,2.60,285.00,25.00,3385.00,1840.00,130.00,345.00
"4620825.07","462","Montréal","0825.07",2915.00,565.00,575.00,32.70,1088.00,1064.00,0.00,250360.00,2350.00,560.00,16.60,75.00,68736.00,225.00,77452.00,64000.00,8.30,7.70,42984.00,37130.00,6873.00,33.40,2882.00,4259.20,35.20,70.50,8.90,1460.00,170.00,2.40,500.00,80.00,4140.00,2635.00,330.00,590.00
"4620825.08","462","Montréal","0825.08",810.00,150.00,180.00,36.70,1000.00,1091.00,0.00,250172.00,665.00,150.00,18.80,20.00,67328.00,70.00,74880.00,62281.00,8.30,7.30,43552.00,37106.00,1996.00,-0.40,848.00,208.10,34.40,71.40,7.50,615.00,0.00,2.40,155.00,0.00,1140.00,865.00,120.00,155.00
"4620826.02","462","Montréal","0826.02",1720.00,165.00,215.00,24.20,932.00,880.00,0.00,323623.00,1555.00,165.00,11.50,175.00,70016.00,195.00,82005.00,69534.00,7.70,7.10,35232.00,31130.00,4681.00,-1.30,1739.00,2814.30,44.30,60.90,23.80,210.00,0.00,2.70,125.00,60.00,3015.00,1585.00,230.00,265.00
"4620826.05","462","Montréal","0826.05",1590.00,270.00,290.00,38.90,1179.00,1236.00,0.00,320700.00,1320.00,270.00,14.00,75.00,68096.00,160.00,80538.00,69083.00,10.30,10.00,33783.00,30227.00,4043.00,1.00,1609.00,2598.50,45.20,65.00,22.60,190.00,190.00,2.50,100.00,45.00,2260.00,1635.00,170.00,305.00
"4620826.06","462","Montréal","0826.06",1500.00,600.00,380.00,45.00,798.00,865.00,5.80,340506.00,910.00,600.00,12.20,145.00,47744.00,195.00,63680.00,56672.00,19.90,18.60,27925.00,25728.00,4021.00,-0.90,1489.00,3611.80,40.10,62.60,18.40,600.00,0.00,2.70,595.00,145.00,2215.00,1750.00,240.00,380.00
"4620826.07","462","Montréal","0826.07",1920.00,520.00,635.00,76.90,1748.00,1800.00,28.80,378906.00,1395.00,525.00,16.80,120.00,73984.00,105.00,70229.00,60011.00,10.10,9.20,36565.00,31762.00,4568.00,14.00,1913.00,5513.60,57.40,43.70,48.10,15.00,1185.00,2.10,110.00,20.00,2710.00,1375.00,155.00,220.00
"4620826.08","462","Montréal","0826.08",1235.00,60.00,160.00,30.80,1178.00,1077.00,0.00,399545.00,1175.00,60.00,12.00,75.00,82944.00,100.00,100480.00,82176.00,6.60,6.90,41728.00,35767.00,3349.00,-1.80,1245.00,2686.70,45.00,59.10,25.10,200.00,0.00,2.70,120.00,10.00,2245.00,1025.00,60.00,160.00
"4620826.09","462","Montréal","0826.09",1080.00,70.00,195.00,33.30,1053.00,1086.00,0.00,500999.00,1005.00,75.00,16.80,70.00,73728.00,65.00,99456.00,83413.00,9.40,9.40,32128.00,28384.00,3387.00,-4.50,1069.00,2550.60,47.00,60.30,26.70,155.00,0.00,2.90,155.00,25.00,1605.00,1495.00,120.00,270.00
"4620826.1","462","Montréal","0826.1",2255.00,345.00,500.00,33.80,1064.00,982.00,0.00,350046.00,1910.00,345.00,19.90,135.00,69120.00,210.00,77568.00,66446.00,11.30,10.00,32288.00,29073.00,6092.00,-0.60,2256.00,3036.70,41.90,68.30,16.70,830.00,0.00,2.70,255.00,60.00,3405.00,2610.00,205.00,510.00
"4620826.11","462","Montréal","0826.11",1750.00,815.00,450.00,38.90,819.00,1087.00,8.60,325285.00,940.00,815.00,14.40,95.00,55488.00,220.00,59776.00,52992.00,16.20,15.30,31317.00,28581.00,4438.00,7.20,1730.00,4190.00,46.10,57.20,28.20,810.00,120.00,2.40,405.00,10.00,2415.00,1650.00,150.00,260.00
"4620826.13","462","Montréal","0826.13",1340.00,75.00,180.00,26.70,902.00,889.00,0.00,448989.00,1260.00,75.00,12.70,25.00,75520.00,110.00,106155.00,86747.00,7.00,6.30,37296.00,32697.00,4070.00,-0.80,1348.00,3997.30,40.40,69.90,13.10,100.00,0.00,3.00,150.00,50.00,2405.00,1625.00,65.00,370.00
"4620826.14","462","Montréal","0826.14",3810.00,595.00,815.00,32.20,1265.00,1213.00,0.00,300448.00,3220.00,595.00,19.70,45.00,69717.00,370.00,84318.00,70368.00,9.60,9.20,42361.00,36705.00,10063.00,60.30,3816.00,700.00,38.30,68.50,13.20,1695.00,175.00,2.50,705.00,135.00,5740.00,3750.00,335.00,805.00
"4620827.02","462","Montréal","0827.02",3580.00,1900.00,805.00,27.70,781.00,782.00,9.00,243127.00,1685.00,1895.00,16.70,245.00,55744.00,495.00,51456.00,45120.00,16.00,13.50,32809.00,29371.00,7141.00,-2.30,3580.00,2123.70,45.30,62.90,24.10,2205.00,115.00,1.90,65.00,25.00,6215.00,660.00,25.00,155.00
"4620827.03","462","Montréal","0827.03",2805.00,245.00,340.00,36.70,922.00,977.00,0.00,323700.00,2560.00,250.00,9.80,140.00,79872.00,240.00,97418.00,80080.00,4.60,3.90,44369.00,37984.00,7430.00,4.60,2805.00,1697.70,40.30,69.60,13.10,410.00,130.00,2.60,80.00,35.00,6390.00,1005.00,105.00,195.00
"4620827.04","462","Montréal","0827.04",3305.00,540.00,470.00,33.30,820.00,846.00,5.60,384045.00,2775.00,540.00,10.50,110.00,79360.00,340.00,111296.00,89259.00,4.90,4.90,52236.00,43208.00,9539.00,6.60,3312.00,265.40,35.20,66.40,8.40,430.00,0.00,2.90,145.00,25.00,8260.00,1165.00,95.00,205.00
"4620828.03","462","Montréal","0828.03",2105.00,400.00,285.00,32.90,748.00,799.00,0.00,300228.00,1705.00,400.00,9.10,85.00,76544.00,235.00,90149.00,73008.00,4.60,4.30,45653.00,38901.00,5302.00,1.40,2071.00,1796.70,38.00,65.20,13.00,380.00,45.00,2.60,95.00,10.00,4720.00,565.00,55.00,95.00
"4620828.04","462","Montréal","0828.04",1640.00,470.00,180.00,21.30,849.00,849.00,0.00,250830.00,1170.00,465.00,7.20,115.00,63701.00,240.00,69376.00,58445.00,6.90,5.90,41190.00,35273.00,3753.00,2.90,1671.00,1269.10,39.80,68.60,14.20,760.00,0.00,2.20,65.00,15.00,3370.00,375.00,60.00,75.00
"4620828.05","462","Montréal","0828.05",2005.00,175.00,245.00,26.50,1046.00,1026.00,0.00,549977.00,1845.00,170.00,10.60,55.00,85888.00,195.00,141312.00,111462.00,3.70,3.40,57618.00,46831.00,5961.00,10.90,2018.00,2031.80,36.50,67.40,9.60,340.00,55.00,3.00,70.00,10.00,5280.00,680.00,70.00,165.00
"4620828.06","462","Montréal","0828.06",2075.00,85.00,205.00,23.50,1153.00,1273.00,0.00,401407.00,1990.00,80.00,9.30,45.00,92928.00,240.00,124032.00,97536.00,3.60,3.40,55253.00,45760.00,6031.00,7.30,2072.00,712.20,36.10,65.10,10.70,225.00,0.00,2.90,100.00,15.00,5120.00,895.00,90.00,140.00
"4620829.00","462","Montréal","0829.00",2885.00,560.00,405.00,31.00,728.00,791.00,0.00,259285.00,2325.00,560.00,9.90,105.00,65472.00,350.00,80841.00,68590.00,6.20,5.20,38896.00,33993.00,7457.00,-0.10,2887.00,977.70,38.90,67.10,13.70,460.00,0.00,2.60,95.00,0.00,6870.00,580.00,50.00,100.00
"4620830.01","462","Montréal","0830.01",2855.00,900.00,495.00,35.60,764.00,789.00,0.00,250709.00,1960.00,900.00,8.90,145.00,57685.00,375.00,72166.00,61248.00,8.90,8.10,36250.00,31803.00,7105.00,2.40,2861.00,1075.20,40.20,68.90,14.10,800.00,0.00,2.40,15.00,10.00,6540.00,455.00,75.00,75.00
"4620830.03","462","Montréal","0830.03",2215.00,390.00,315.00,25.30,807.00,863.00,6.30,250571.00,1820.00,395.00,11.50,100.00,62336.00,315.00,76335.00,64073.00,6.10,4.90,39040.00,33933.00,5705.00,-0.80,2202.00,3797.30,41.60,67.80,16.30,660.00,30.00,2.50,55.00,0.00,4965.00,470.00,65.00,85.00
"4620830.04","462","Montréal","0830.04",1675.00,320.00,325.00,62.50,1193.00,1246.00,30.20,250454.00,1355.00,320.00,9.20,30.00,70784.00,190.00,83549.00,69027.00,5.20,3.40,40597.00,34903.00,4237.00,4.10,1688.00,3233.40,39.30,69.90,12.90,385.00,115.00,2.50,35.00,30.00,3875.00,335.00,50.00,60.00
"4620831.03","462","Montréal","0831.03",2030.00,715.00,405.00,31.50,848.00,845.00,8.40,250006.00,1315.00,720.00,13.30,105.00,52352.00,245.00,65387.00,56640.00,9.20,7.80,34197.00,30435.00,4958.00,11.40,2053.00,2381.70,42.10,64.70,19.40,685.00,0.00,2.40,35.00,15.00,4465.00,275.00,10.00,55.00
"4620831.04","462","Montréal","0831.04",1835.00,515.00,220.00,21.40,794.00,809.00,5.80,279066.00,1320.00,515.00,8.00,75.00,61184.00,275.00,81408.00,68437.00,6.90,5.60,38848.00,33709.00,4741.00,-3.60,1818.00,2740.60,38.30,73.20,9.60,555.00,0.00,2.60,55.00,10.00,4500.00,395.00,45.00,65.00
"4620831.05","462","Montréal","0831.05",1670.00,135.00,160.00,25.90,858.00,826.00,0.00,279607.00,1530.00,135.00,7.80,45.00,71936.00,165.00,97963.00,80179.00,3.70,3.40,41137.00,35692.00,4589.00,3.00,1664.00,2377.60,39.50,74.60,9.50,205.00,0.00,2.80,70.00,20.00,4070.00,440.00,75.00,110.00
"4620831.07","462","Montréal","0831.07",1140.00,160.00,200.00,36.40,833.00,784.00,0.00,250557.00,1010.00,165.00,14.20,105.00,59264.00,135.00,70955.00,60912.00,9.00,7.10,34481.00,30409.00,2970.00,6.80,1173.00,38.80,40.90,67.50,15.30,20.00,0.00,2.50,0.00,0.00,2900.00,60.00,10.00,15.00
"4620831.08","462","Montréal","0831.08",2810.00,280.00,335.00,25.50,852.00,794.00,7.30,299736.00,2540.00,280.00,10.50,105.00,71424.00,280.00,98253.00,80960.00,3.90,3.00,46558.00,39406.00,8030.00,29.00,2813.00,1781.20,35.50,66.90,9.30,455.00,0.00,2.80,155.00,10.00,6965.00,975.00,120.00,215.00
"4620831.09","462","Montréal","0831.09",1445.00,150.00,150.00,16.70,990.00,934.00,0.00,259607.00,1295.00,150.00,9.20,30.00,60800.00,165.00,93924.00,78029.00,3.70,3.10,43151.00,36872.00,4227.00,4.90,1450.00,2512.60,34.40,68.60,6.90,150.00,0.00,2.90,30.00,35.00,3870.00,320.00,15.00,25.00
"4620832.00","462","Montréal","0832.00",,,,,,,,,,,,,,,,,,,,,,,,,,,,,,,,,,,,
"4620833.00","462","Montréal","0833.00",2480.00,350.00,375.00,27.50,869.00,837.00,10.10,279221.00,2140.00,350.00,13.10,105.00,61440.00,245.00,79842.00,67035.00,6.30,5.10,40329.00,34807.00,6320.00,15.00,2490.00,102.00,38.00,67.60,12.00,250.00,0.00,2.50,40.00,20.00,6050.00,230.00,25.00,75.00
"4620834.00","462","Montréal","0834.00",1005.00,205.00,135.00,30.00,695.00,768.00,0.00,250664.00,825.00,205.00,9.40,45.00,52608.00,100.00,73216.00,62720.00,7.50,6.30,35072.00,31027.00,2608.00,1.00,1026.00,49.80,41.10,67.60,16.10,90.00,0.00,2.50,0.00,10.00,2460.00,120.00,20.00,15.00
"4620850.01","462","Montréal","0850.01",3730.00,480.00,485.00,31.60,970.00,971.00,0.00,299305.00,3255.00,475.00,10.30,85.00,66560.00,415.00,99296.00,80847.00,3.90,3.20,47915.00,40535.00,10324.00,20.10,3736.00,2500.00,35.00,65.80,9.50,865.00,0.00,2.80,70.00,15.00,9700.00,565.00,75.00,140.00
"4620850.03","462","Montréal","0850.03",2045.00,895.00,330.00,26.60,749.00,782.00,12.40,299787.00,1160.00,890.00,8.20,105.00,54912.00,320.00,69236.00,58842.00,10.30,8.90,38861.00,33873.00,5029.00,4.70,2049.00,3359.20,39.20,66.10,15.00,965.00,0.00,2.30,60.00,10.00,4575.00,240.00,45.00,60.00
"4620850.04","462","Montréal","0850.04",1660.00,90.00,130.00,21.10,1003.00,947.00,0.00,299842.00,1565.00,90.00,7.00,30.00,77653.00,165.00,114016.00,92137.00,2.80,2.40,51968.00,43533.00,4867.00,25.20,1653.00,578.00,33.70,68.90,6.30,165.00,0.00,2.90,45.00,10.00,4620.00,320.00,85.00,80.00
"4620850.05","462","Montréal","0850.05",1335.00,280.00,190.00,25.00,816.00,834.00,0.00,259716.00,1055.00,280.00,11.40,65.00,60608.00,225.00,85478.00,71703.00,5.80,4.70,42065.00,36423.00,3639.00,3.10,1343.00,471.20,33.70,69.10,6.70,385.00,0.00,2.70,30.00,10.00,3380.00,170.00,25.00,40.00
"4620851.00","462","Montréal","0851.00",2460.00,910.00,525.00,33.30,727.00,788.00,14.30,299012.00,1550.00,910.00,13.90,140.00,54784.00,290.00,60464.00,51691.00,12.10,10.80,35968.00,31433.00,5261.00,10.60,2465.00,1565.30,45.30,63.20,23.40,1170.00,0.00,2.10,45.00,10.00,4765.00,255.00,0.00,55.00
"4620852.01","462","Montréal","0852.01",3050.00,205.00,380.00,22.00,835.00,876.00,0.00,379122.00,2850.00,205.00,12.00,120.00,75520.00,240.00,102912.00,83215.00,3.70,3.50,44638.00,38183.00,8617.00,19.60,3058.00,158.10,37.30,68.60,10.50,180.00,0.00,2.80,50.00,10.00,7995.00,600.00,50.00,90.00
"4620852.02","462","Montréal","0852.02",350.00,65.00,35.00,0.00,747.00,771.00,0.00,300742.00,295.00,65.00,10.30,20.00,66048.00,35.00,72960.00,61760.00,5.30,4.50,36864.00,32256.00,845.00,11.30,355.00,109.00,42.20,67.50,16.60,20.00,0.00,2.40,0.00,0.00,795.00,50.00,0.00,10.00
"4620853.02","462","Montréal","0853.02",2145.00,275.00,235.00,24.10,776.00,741.00,18.50,274942.00,1880.00,270.00,8.80,100.00,65216.00,265.00,86682.00,72243.00,5.50,4.30,44235.00,37805.00,5692.00,1.40,2151.00,281.60,38.60,65.50,13.20,280.00,0.00,2.60,45.00,0.00,5300.00,280.00,10.00,55.00
"4620853.03","462","Montréal","0853.03",2280.00,420.00,295.00,25.30,915.00,937.00,0.00,275610.00,1865.00,415.00,10.50,70.00,71381.00,305.00,85299.00,69990.00,5.60,4.70,45659.00,38558.00,5683.00,5.20,2282.00,1846.60,38.30,67.60,12.30,860.00,5.00,2.40,75.00,10.00,5220.00,360.00,20.00,65.00
"4620853.04","462","Montréal","0853.04",1960.00,105.00,225.00,19.00,1046.00,1113.00,0.00,300662.00,1855.00,100.00,11.00,95.00,77568.00,155.00,105792.00,86187.00,2.70,3.10,47189.00,39800.00,5684.00,-0.60,1958.00,451.00,36.70,67.20,9.90,15.00,0.00,2.90,30.00,20.00,5385.00,275.00,30.00,70.00
"4620854.01","462","Montréal","0854.01",2015.00,160.00,155.00,28.10,813.00,946.00,0.00,428824.00,1850.00,160.00,6.20,145.00,98560.00,170.00,122304.00,96352.00,2.90,2.60,51648.00,42982.00,5619.00,-3.50,1997.00,1990.60,45.00,58.90,25.20,135.00,0.00,2.70,50.00,15.00,4755.00,600.00,20.00,75.00
"4620854.02","462","Montréal","0854.02",2250.00,115.00,210.00,34.80,742.00,880.00,0.00,356172.00,2135.00,115.00,8.00,140.00,85376.00,180.00,111808.00,89702.00,3.30,3.10,49186.00,41052.00,5931.00,-1.40,2252.00,294.40,43.40,64.00,19.90,100.00,80.00,2.60,15.00,25.00,5535.00,365.00,15.00,75.00
"4620855.01","462","Montréal","0855.01",1990.00,105.00,215.00,23.80,870.00,992.00,0.00,300623.00,1890.00,105.00,10.30,165.00,80256.00,260.00,93013.00,76009.00,3.80,3.40,44498.00,37779.00,5124.00,2.10,1992.00,648.30,41.90,63.50,18.60,155.00,0.00,2.60,55.00,30.00,4575.00,520.00,0.00,80.00
"4620855.03","462","Montréal","0855.03",2920.00,940.00,485.00,30.70,840.00,856.00,9.50,300566.00,1980.00,945.00,10.10,195.00,66901.00,380.00,70656.00,58923.00,8.30,6.60,40626.00,35285.00,6354.00,0.20,2922.00,1609.30,46.40,57.80,27.30,1430.00,60.00,2.10,60.00,0.00,5810.00,395.00,10.00,85.00
"4620855.04","462","Montréal","0855.04",1055.00,30.00,105.00,0.00,0.00,1701.00,0.00,525293.00,1035.00,30.00,9.70,20.00,114688.00,70.00,157440.00,120832.00,2.40,2.40,64205.00,52198.00,3366.00,15.70,1080.00,404.80,34.80,65.40,8.50,80.00,0.00,3.10,70.00,30.00,2990.00,340.00,15.00,80.00
"4620856.00","462","Montréal","0856.00",1115.00,520.00,165.00,18.40,949.00,934.00,4.80,224968.00,605.00,520.00,11.70,60.00,64128.00,120.00,72256.00,60453.00,8.70,8.20,40128.00,34727.00,2468.00,36.10,1102.00,159.30,36.00,71.10,10.10,480.00,0.00,2.20,20.00,30.00,2155.00,255.00,25.00,60.00
"4620857.01","462","Montréal","0857.01",1960.00,490.00,295.00,25.50,681.00,660.00,27.60,269362.00,1470.00,490.00,11.20,90.00,54733.00,235.00,70016.00,59968.00,10.50,9.50,33760.00,30327.00,4774.00,-3.10,1945.00,3206.40,42.70,66.10,19.00,435.00,0.00,2.50,70.00,10.00,4010.00,840.00,150.00,235.00
"4620857.02","462","Montréal","0857.02",1645.00,470.00,270.00,24.20,792.00,807.00,5.30,250854.00,1175.00,470.00,13.60,95.00,51968.00,240.00,68242.00,59904.00,10.10,9.50,32992.00,29472.00,4276.00,1.70,1634.00,3618.50,40.70,65.70,17.00,375.00,10.00,2.60,120.00,10.00,3435.00,795.00,105.00,175.00
"4620857.06","462","Montréal","0857.06",2225.00,505.00,330.00,27.70,744.00,733.00,11.00,275058.00,1725.00,500.00,11.30,105.00,56704.00,270.00,75290.00,63904.00,9.70,7.60,37275.00,32540.00,5621.00,-3.50,2225.00,3939.30,40.60,67.90,15.00,585.00,0.00,2.50,185.00,85.00,4565.00,925.00,185.00,175.00
"4620857.07","462","Montréal","0857.07",2580.00,435.00,315.00,34.50,777.00,781.00,17.20,299938.00,2145.00,435.00,7.70,95.00,69376.00,285.00,96384.00,80096.00,5.30,4.80,41566.00,35529.00,7275.00,1.70,2581.00,722.40,37.70,72.90,8.40,535.00,0.00,2.80,120.00,25.00,6150.00,1070.00,115.00,205.00
"4620857.08","462","Montréal","0857.08",2925.00,1025.00,665.00,37.70,850.00,974.00,14.10,200478.00,1910.00,1025.00,14.50,85.00,56704.00,395.00,54638.00,47829.00,12.70,9.80,34493.00,30639.00,5733.00,13.10,2910.00,1484.90,46.00,62.50,25.00,2220.00,5.00,1.90,105.00,15.00,4860.00,805.00,140.00,155.00
"4620857.09","462","Montréal","0857.09",2060.00,175.00,295.00,42.90,1041.00,1034.00,0.00,299047.00,1885.00,175.00,11.70,65.00,74752.00,185.00,86298.00,71983.00,4.10,3.60,44395.00,37877.00,5208.00,6.20,2105.00,2187.00,40.30,72.70,12.20,820.00,0.00,2.50,95.00,20.00,4205.00,790.00,100.00,145.00
"4620857.1","462","Montréal","0857.1",2100.00,260.00,265.00,26.90,751.00,846.00,0.00,308069.00,1835.00,260.00,10.60,95.00,75904.00,200.00,95296.00,78272.00,4.70,4.10,42870.00,36706.00,5716.00,25.50,2115.00,866.40,37.10,72.00,8.90,255.00,0.00,2.70,95.00,15.00,4955.00,655.00,65.00,135.00
"4620857.11","462","Montréal","0857.11",1515.00,100.00,185.00,15.00,1012.00,801.00,0.00,240046.00,1410.00,95.00,12.10,90.00,64448.00,155.00,74780.00,63398.00,6.60,5.70,38605.00,33293.00,3749.00,17.50,1521.00,1727.60,40.10,70.90,13.10,330.00,0.00,2.40,35.00,10.00,3165.00,540.00,75.00,90.00
"4620857.12","462","Montréal","0857.12",1405.00,210.00,180.00,30.00,744.00,795.00,0.00,250601.00,1205.00,205.00,9.50,75.00,59904.00,185.00,75424.00,64179.00,6.50,5.70,35220.00,31189.00,3771.00,0.30,1443.00,3452.30,41.30,65.90,17.40,135.00,0.00,2.60,85.00,10.00,3210.00,475.00,50.00,100.00
"4620858.01","462","Montréal","0858.01",1800.00,175.00,210.00,25.00,863.00,779.00,0.00,250438.00,1620.00,175.00,10.20,125.00,62336.00,225.00,74496.00,63781.00,7.00,5.50,34609.00,30627.00,4729.00,2.80,1810.00,3130.10,41.40,64.90,18.00,130.00,0.00,2.60,60.00,0.00,3895.00,715.00,100.00,120.00
"4620858.02","462","Montréal","0858.02",1560.00,440.00,345.00,42.00,756.00,797.00,0.00,250385.00,1115.00,440.00,14.80,150.00,55360.00,205.00,61803.00,54421.00,12.80,11.60,29965.00,27496.00,3879.00,-1.80,1547.00,3232.80,41.90,66.40,18.00,130.00,190.00,2.50,170.00,30.00,2985.00,940.00,130.00,205.00
"4620858.04","462","Montréal","0858.04",1980.00,170.00,210.00,14.70,1057.00,917.00,0.00,275546.00,1810.00,170.00,10.20,105.00,68523.00,175.00,86158.00,73354.00,4.90,4.30,37530.00,32800.00,5524.00,11.20,1971.00,1976.00,39.50,65.70,14.80,115.00,0.00,2.80,160.00,30.00,4180.00,1375.00,190.00,215.00
"4620858.05","462","Montréal","0858.05",1120.00,125.00,175.00,20.00,742.00,767.00,0.00,299800.00,995.00,125.00,14.60,50.00,67328.00,115.00,84160.00,71808.00,5.00,4.20,38933.00,33721.00,3011.00,-0.10,1087.00,297.70,38.00,71.60,10.00,120.00,0.00,2.80,25.00,0.00,2545.00,580.00,115.00,150.00
"4620859.00","462","Montréal","0859.00",1050.00,360.00,240.00,31.50,798.00,814.00,6.90,276059.00,690.00,360.00,18.10,65.00,55168.00,150.00,58317.00,52122.00,15.00,13.70,26709.00,24806.00,2856.00,6.60,1096.00,3809.00,41.00,68.20,15.90,240.00,5.00,2.60,110.00,35.00,1750.00,875.00,145.00,200.00
"4620860.01","462","Montréal","0860.01",2420.00,450.00,385.00,30.00,674.00,746.00,11.20,255785.00,1975.00,445.00,12.40,160.00,61696.00,320.00,70695.00,60448.00,9.30,8.00,33627.00,29947.00,6335.00,-1.60,2424.00,3813.70,41.40,63.60,18.80,350.00,0.00,2.60,160.00,15.00,4745.00,1575.00,125.00,300.00
"4620860.02","462","Montréal","0860.02",1535.00,700.00,325.00,31.40,858.00,875.00,1.40,300832.00,835.00,700.00,12.60,160.00,55872.00,240.00,60843.00,53632.00,16.90,15.50,31072.00,28181.00,3826.00,-4.60,1562.00,3171.90,40.80,63.90,17.60,605.00,0.00,2.40,260.00,20.00,2630.00,1020.00,265.00,155.00
"4620861.00","462","Montréal","0861.00",3215.00,1575.00,810.00,37.90,711.00,736.00,11.70,295101.00,1650.00,1570.00,12.80,320.00,51968.00,350.00,51925.00,45915.00,20.60,18.50,29690.00,27004.00,6572.00,0.80,3167.00,3444.30,42.70,66.10,18.80,1605.00,195.00,2.10,385.00,105.00,5070.00,1450.00,190.00,285.00
"4620862.00","462","Montréal","0862.00",3210.00,940.00,620.00,38.00,848.00,867.00,2.10,325016.00,2270.00,935.00,11.40,245.00,68096.00,280.00,72755.00,58912.00,11.00,11.60,45960.00,38428.00,6859.00,-0.50,3212.00,3025.70,50.20,51.00,34.90,1405.00,665.00,2.00,385.00,50.00,4955.00,1415.00,150.00,175.00
"4620863.01","462","Montréal","0863.01",1505.00,535.00,335.00,40.60,900.00,900.00,0.00,500606.00,975.00,535.00,11.80,160.00,80128.00,130.00,88269.00,72000.00,7.40,6.70,46549.00,39392.00,3438.00,3.90,1456.00,2447.00,45.70,57.80,26.00,450.00,60.00,2.30,80.00,50.00,2770.00,550.00,30.00,90.00
"4620863.02","462","Montréal","0863.02",2985.00,1475.00,720.00,34.60,884.00,941.00,10.20,400601.00,1515.00,1475.00,13.90,165.00,75008.00,270.00,66475.00,54368.00,12.20,10.00,45156.00,38261.00,6280.00,5.40,3045.00,3286.60,50.00,55.40,32.40,1000.00,1180.00,1.90,60.00,50.00,4920.00,695.00,40.00,145.00
"4620864.00","462","Montréal","0864.00",2100.00,550.00,330.00,28.20,901.00,967.00,0.00,551865.00,1555.00,550.00,11.60,205.00,79258.00,235.00,110677.00,86912.00,5.50,5.80,54733.00,44948.00,5284.00,-2.10,2101.00,2633.70,40.70,64.40,15.60,630.00,5.00,2.50,30.00,30.00,4750.00,505.00,50.00,95.00
"4620865.00","462","Montréal","0865.00",1000.00,660.00,350.00,36.90,637.00,671.00,13.00,222670.00,345.00,660.00,33.30,130.00,40192.00,110.00,40085.00,36000.00,26.30,24.80,26660.00,25016.00,1778.00,-5.00,987.00,3406.80,41.50,71.90,15.40,625.00,45.00,1.80,20.00,10.00,1550.00,160.00,25.00,45.00
"4620866.00","462","Montréal","0866.00",1595.00,1205.00,520.00,35.80,697.00,722.00,6.60,250123.00,395.00,1205.00,21.80,200.00,45952.00,210.00,39424.00,35281.00,27.40,26.40,25792.00,24235.00,2965.00,0.80,1656.00,6037.50,42.00,70.50,16.90,1115.00,5.00,1.80,45.00,10.00,2575.00,280.00,55.00,95.00
"4620867.00","462","Montréal","0867.00",3110.00,1945.00,825.00,31.90,716.00,743.00,5.70,214114.00,1165.00,1950.00,17.90,220.00,46293.00,400.00,46976.00,41637.00,20.70,18.60,29573.00,26924.00,6401.00,2.00,3116.00,4187.80,41.40,67.40,17.30,2055.00,0.00,2.00,265.00,35.00,5250.00,875.00,105.00,265.00
"4620868.01","462","Montréal","0868.01",2245.00,735.00,420.00,30.10,722.00,766.00,10.20,259519.00,1510.00,730.00,13.50,170.00,56064.00,285.00,64341.00,56013.00,11.70,9.90,31205.00,27904.00,5596.00,-1.60,2246.00,3504.30,42.10,66.20,18.00,585.00,0.00,2.50,120.00,0.00,4590.00,980.00,115.00,240.00
"4620868.02","462","Montréal","0868.02",2570.00,1585.00,695.00,32.50,749.00,781.00,1.30,250061.00,980.00,1590.00,18.40,270.00,45824.00,430.00,49690.00,45013.00,19.40,18.10,27527.00,25455.00,5856.00,5.70,2540.00,4846.10,39.40,68.20,14.90,1365.00,5.00,2.30,335.00,30.00,4835.00,1025.00,185.00,245.00
"4620869.00","462","Montréal","0869.00",1085.00,225.00,120.00,15.60,605.00,678.00,40.00,250854.00,860.00,225.00,9.90,90.00,67456.00,145.00,77397.00,65938.00,7.20,5.40,34944.00,30958.00,3109.00,-4.30,1079.00,2901.00,46.80,57.70,28.10,65.00,65.00,2.60,0.00,0.00,2330.00,405.00,20.00,80.00
"4620870.01","462","Montréal","0870.01",1535.00,1050.00,335.00,23.40,770.00,770.00,11.00,240409.00,485.00,1045.00,17.50,135.00,47744.00,305.00,53530.00,47386.00,19.00,16.70,30400.00,27922.00,3552.00,-1.90,1537.00,3528.70,38.70,66.20,14.50,1205.00,0.00,2.30,95.00,40.00,3035.00,515.00,55.00,120.00
"4620870.02","462","Montréal","0870.02",1020.00,560.00,260.00,37.20,741.00,803.00,2.70,259524.00,455.00,565.00,12.10,90.00,52032.00,120.00,54682.00,49203.00,17.00,18.00,28416.00,26176.00,2268.00,0.00,1004.00,3821.40,42.30,64.30,20.30,560.00,0.00,2.30,105.00,15.00,1890.00,470.00,40.00,140.00
"4620871.01","462","Montréal","0871.01",1750.00,1125.00,475.00,30.50,744.00,758.00,13.30,259866.00,620.00,1125.00,21.00,115.00,44160.00,235.00,46677.00,41933.00,22.30,19.30,26901.00,24896.00,3741.00,1.00,1762.00,5061.60,43.60,64.40,21.10,1040.00,100.00,2.10,215.00,40.00,2755.00,785.00,60.00,175.00
"4620871.02","462","Montréal","0871.02",835.00,295.00,125.00,22.00,759.00,778.00,0.00,275406.00,540.00,295.00,11.10,70.00,56448.00,100.00,64704.00,57088.00,9.20,9.50,32704.00,29080.00,2006.00,-1.90,830.00,4106.40,42.80,63.40,20.90,380.00,0.00,2.40,25.00,0.00,1595.00,405.00,30.00,110.00
"4620872.00","462","Montréal","0872.00",2885.00,1860.00,765.00,30.60,733.00,738.00,11.30,239885.00,1025.00,1860.00,19.10,295.00,44416.00,440.00,46544.00,41705.00,22.60,21.00,27251.00,25193.00,6296.00,3.90,2882.00,3659.80,38.70,68.10,13.60,2025.00,5.00,2.10,310.00,25.00,5010.00,1150.00,165.00,385.00
"4620873.01","462","Montréal","0873.01",1970.00,1620.00,600.00,32.30,753.00,765.00,4.30,239827.00,345.00,1625.00,21.70,150.00,38912.00,360.00,42382.00,39219.00,30.20,28.40,23053.00,22040.00,4356.00,3.60,1950.00,10334.50,36.30,69.10,11.60,1725.00,0.00,2.20,395.00,60.00,3365.00,930.00,135.00,175.00
"4620873.02","462","Montréal","0873.02",2150.00,1785.00,680.00,35.00,735.00,730.00,5.60,229969.00,365.00,1785.00,16.40,155.00,42112.00,345.00,42394.00,38703.00,25.90,22.40,26695.00,25003.00,4220.00,1.80,2144.00,6443.70,39.20,69.70,13.60,1865.00,10.00,2.00,290.00,30.00,3460.00,715.00,95.00,145.00
"4620874.00","462","Montréal","0874.00",2235.00,1480.00,620.00,30.70,685.00,722.00,5.10,260061.00,760.00,1480.00,20.90,225.00,48960.00,345.00,47334.00,42654.00,22.80,22.80,26258.00,24597.00,4948.00,2.40,2244.00,5744.10,39.20,69.90,13.90,1490.00,0.00,2.20,280.00,60.00,3840.00,1030.00,130.00,240.00
"4620875.00","462","Montréal","0875.00",2375.00,1805.00,725.00,35.80,710.00,757.00,4.70,249920.00,570.00,1805.00,13.90,125.00,42880.00,280.00,42581.00,38144.00,23.10,22.00,26716.00,24877.00,4759.00,2.80,2416.00,6387.10,39.30,69.70,14.30,2105.00,0.00,2.00,415.00,55.00,3450.00,1185.00,130.00,315.00
"4620876.01","462","Montréal","0876.01",1625.00,1245.00,495.00,35.30,749.00,762.00,2.80,279457.00,380.00,1245.00,14.70,200.00,35456.00,300.00,42610.00,39387.00,32.20,30.60,24198.00,22957.00,3817.00,-7.30,1582.00,5280.90,36.30,65.40,12.60,1235.00,0.00,2.40,525.00,0.00,2735.00,1105.00,150.00,235.00
"4620876.04","462","Montréal","0876.04",2760.00,195.00,230.00,20.50,661.00,809.00,40.00,341215.00,2575.00,200.00,7.60,90.00,76416.00,280.00,104774.00,85077.00,5.20,4.10,48712.00,41063.00,7727.00,19.00,2768.00,2928.60,37.50,68.90,10.30,410.00,0.00,2.80,100.00,35.00,6295.00,1390.00,205.00,265.00
"4620876.05","462","Montréal","0876.05",3570.00,905.00,490.00,24.30,744.00,819.00,7.70,289763.00,2670.00,905.00,10.10,135.00,62592.00,380.00,75977.00,63474.00,7.30,6.50,41129.00,35425.00,8512.00,12.90,3575.00,1797.80,44.00,64.80,20.70,1760.00,5.00,2.30,205.00,20.00,6940.00,1225.00,130.00,225.00
"4620876.06","462","Montréal","0876.06",2350.00,1185.00,485.00,30.50,764.00,790.00,5.10,275670.00,1170.00,1185.00,10.70,195.00,46592.00,340.00,60365.00,52531.00,18.40,17.20,31488.00,28386.00,5687.00,-4.20,2354.00,5613.50,38.60,68.00,12.90,1250.00,5.00,2.40,340.00,30.00,4405.00,1240.00,225.00,195.00
"4620876.07","462","Montréal","0876.07",830.00,185.00,155.00,31.60,512.00,630.00,57.90,274923.00,640.00,190.00,14.80,15.00,75264.00,80.00,69461.00,59355.00,9.40,5.50,37581.00,32503.00,2257.00,3.20,844.00,2250.50,48.40,57.10,29.90,320.00,0.00,2.30,80.00,0.00,1590.00,365.00,40.00,60.00
"4620877.01","462","Montréal","0877.01",3920.00,640.00,640.00,35.90,1080.00,1099.00,0.00,300378.00,3285.00,635.00,12.30,55.00,77952.00,300.00,80270.00,65644.00,5.00,4.60,47987.00,40118.00,9240.00,18.40,3922.00,1813.50,49.30,59.60,28.70,2205.00,140.00,2.10,115.00,15.00,7265.00,925.00,65.00,220.00
"4620877.02","462","Montréal","0877.02",2700.00,1535.00,775.00,39.70,789.00,929.00,4.50,324219.00,1165.00,1540.00,14.20,130.00,47104.00,310.00,56334.00,49300.00,15.10,13.80,32714.00,29568.00,5978.00,0.90,2707.00,4016.70,43.60,60.80,23.00,1660.00,0.00,2.20,345.00,30.00,4685.00,1200.00,75.00,200.00
"4620878.00","462","Montréal","0878.00",2545.00,1940.00,855.00,39.30,718.00,746.00,7.00,265360.00,610.00,1940.00,15.60,215.00,45952.00,335.00,41856.00,37488.00,26.10,24.40,25489.00,23926.00,4986.00,0.90,2566.00,4550.90,40.70,67.90,17.00,1870.00,0.00,1.90,315.00,10.00,4005.00,825.00,65.00,115.00
"4620879.01","462","Montréal","0879.01",1710.00,1220.00,525.00,33.20,705.00,726.00,13.10,264355.00,485.00,1220.00,24.50,130.00,43989.00,195.00,41966.00,38032.00,23.50,22.60,26309.00,24811.00,3159.00,-3.50,1689.00,5082.90,42.60,69.10,17.90,1180.00,0.00,1.90,135.00,10.00,2690.00,560.00,80.00,150.00
"4620879.02","462","Montréal","0879.02",1930.00,1005.00,460.00,32.30,725.00,746.00,0.00,349809.00,925.00,1005.00,14.10,175.00,53888.00,200.00,56363.00,48051.00,15.00,16.20,37074.00,32288.00,3694.00,0.10,1906.00,4814.30,42.70,67.70,18.30,935.00,5.00,1.90,105.00,80.00,3225.00,385.00,30.00,70.00
"4620880.00","462","Montréal","0880.00",2050.00,1255.00,640.00,40.10,675.00,712.00,3.60,280412.00,795.00,1260.00,16.40,190.00,51840.00,220.00,48329.00,42144.00,18.70,19.60,30243.00,27413.00,3955.00,0.50,2069.00,4376.50,42.30,69.20,17.60,1275.00,5.00,1.90,165.00,65.00,3275.00,590.00,55.00,145.00
"4620881.01","462","Montréal","0881.01",1760.00,1235.00,535.00,35.00,664.00,701.00,10.50,299467.00,525.00,1235.00,20.80,220.00,46912.00,205.00,44745.00,40942.00,21.20,20.90,27846.00,26003.00,3477.00,-0.30,1745.00,6444.90,40.40,69.70,15.40,1190.00,0.00,2.00,200.00,50.00,2935.00,630.00,75.00,185.00
"4620881.02","462","Montréal","0881.02",1775.00,1135.00,560.00,36.10,721.00,775.00,3.10,250302.00,640.00,1135.00,24.20,185.00,42923.00,210.00,44928.00,40338.00,22.10,22.00,27264.00,25269.00,3625.00,3.30,1792.00,5931.00,40.10,71.00,14.30,1055.00,50.00,2.00,185.00,10.00,2800.00,635.00,105.00,155.00
"4620882.00","462","Montréal","0882.00",1355.00,880.00,385.00,34.90,650.00,684.00,7.40,259587.00,485.00,875.00,16.70,125.00,43712.00,170.00,44512.00,40043.00,22.40,21.60,26560.00,24672.00,2612.00,1.40,1321.00,3743.70,41.80,70.90,16.10,790.00,0.00,2.00,115.00,0.00,2235.00,450.00,60.00,115.00
"4620883.00","462","Montréal","0883.00",1260.00,750.00,395.00,39.30,754.00,850.00,7.30,299193.00,510.00,750.00,19.40,145.00,45184.00,100.00,48465.00,42389.00,18.20,17.70,32043.00,28928.00,2636.00,8.40,1317.00,2649.50,45.30,66.00,23.00,750.00,60.00,1.90,95.00,30.00,1945.00,420.00,45.00,65.00
"4620884.01","462","Montréal","0884.01",1785.00,1395.00,605.00,37.40,1001.00,1039.00,1.10,309263.00,400.00,1395.00,21.20,115.00,51584.00,120.00,53227.00,46160.00,25.40,25.50,29808.00,27507.00,3404.00,9.00,1769.00,4729.70,41.90,69.90,19.10,0.00,1635.00,1.90,575.00,345.00,1725.00,1455.00,95.00,235.00
"4620884.02","462","Montréal","0884.02",4105.00,2750.00,1100.00,31.50,794.00,798.00,20.20,324272.00,1355.00,2750.00,17.00,270.00,46368.00,340.00,45295.00,39997.00,23.10,20.90,30672.00,28258.00,7460.00,7.40,4128.00,3863.70,48.90,59.10,30.20,1765.00,1500.00,1.70,300.00,75.00,5795.00,1115.00,230.00,195.00
"4620885.00","462","Montréal","0885.00",1685.00,1075.00,445.00,33.60,775.00,801.00,5.10,400043.00,610.00,1075.00,13.90,105.00,61056.00,175.00,55296.00,47309.00,15.40,15.00,35619.00,31113.00,3869.00,-4.80,1708.00,2385.50,48.50,58.00,30.10,1025.00,240.00,1.90,125.00,40.00,2695.00,515.00,80.00,120.00
"4620886.01","462","Montréal","0886.01",1520.00,680.00,225.00,22.80,721.00,748.00,5.90,300672.00,840.00,675.00,8.40,80.00,59264.00,155.00,63232.00,54272.00,9.20,8.70,38848.00,33603.00,3094.00,-2.40,1498.00,702.30,42.90,71.60,16.00,885.00,0.00,2.10,20.00,25.00,2745.00,285.00,90.00,30.00
"4620886.02","462","Montréal","0886.02",1215.00,350.00,140.00,20.00,938.00,916.00,4.30,387821.00,865.00,345.00,7.50,35.00,75136.00,140.00,95525.00,77605.00,6.20,5.30,47130.00,39821.00,3051.00,-0.50,1260.00,1441.80,40.40,72.50,11.60,525.00,0.00,2.40,45.00,10.00,2695.00,315.00,55.00,50.00
"4620886.03","462","Montréal","0886.03",1495.00,910.00,325.00,24.00,713.00,710.00,14.20,279440.00,590.00,915.00,16.20,110.00,52565.00,165.00,50714.00,44343.00,16.10,12.20,32192.00,28812.00,3142.00,-2.50,1471.00,1415.10,46.30,64.50,23.50,935.00,0.00,1.90,40.00,10.00,2645.00,235.00,20.00,65.00
"4620887.03","462","Montréal","0887.03",1330.00,30.00,85.00,0.00,0.00,981.00,0.00,349822.00,1300.00,30.00,5.70,30.00,87552.00,130.00,113536.00,91116.00,2.80,2.70,50624.00,41950.00,3599.00,-4.30,1329.00,314.70,42.40,65.10,17.50,10.00,0.00,2.70,45.00,0.00,3285.00,315.00,0.00,80.00
"4620887.04","462","Montréal","0887.04",2285.00,640.00,335.00,27.90,857.00,863.00,0.00,324034.00,1645.00,640.00,8.80,115.00,73131.00,280.00,78769.00,65173.00,6.00,5.30,42991.00,36608.00,5112.00,-1.40,2322.00,2618.90,45.20,62.20,23.70,720.00,90.00,2.20,70.00,0.00,4715.00,365.00,55.00,65.00
"4620887.05","462","Montréal","0887.05",1885.00,230.00,195.00,30.40,812.00,893.00,8.70,348471.00,1660.00,230.00,7.20,105.00,81493.00,200.00,97408.00,79502.00,4.50,3.40,48347.00,40627.00,4697.00,-3.30,1879.00,2367.60,43.10,62.70,20.70,205.00,0.00,2.50,85.00,0.00,4150.00,435.00,10.00,70.00
"4620887.06","462","Montréal","0887.06",1700.00,20.00,120.00,0.00,0.00,0.00,0.00,400170.00,1685.00,20.00,6.50,50.00,91392.00,195.00,128939.00,100718.00,1.80,1.50,57888.00,47815.00,4515.00,-2.10,1684.00,2533.10,39.70,70.30,11.50,290.00,0.00,2.70,45.00,0.00,4220.00,430.00,35.00,80.00
"4620887.07","462","Montréal","0887.07",,,,,,,,,,,,,,,,,,,,,20.00,-37.50,7.00,2.00,,,,,,,,,,,,
"4620888.01","462","Montréal","0888.01",1285.00,70.00,175.00,33.30,1361.00,1259.00,0.00,340881.00,1235.00,70.00,11.90,25.00,92160.00,145.00,107520.00,85577.00,3.50,3.30,57088.00,46566.00,3114.00,38.00,1312.00,102.90,39.40,72.90,10.40,690.00,0.00,2.40,35.00,10.00,2940.00,190.00,15.00,50.00
"4620888.02","462","Montréal","0888.02",2025.00,35.00,100.00,0.00,1255.00,1418.00,0.00,376009.00,2000.00,30.00,4.50,60.00,100480.00,155.00,117664.00,94528.00,2.10,2.20,52544.00,43002.00,5593.00,-3.00,2031.00,2358.70,43.50,61.80,21.00,75.00,0.00,2.70,25.00,0.00,4920.00,340.00,20.00,50.00
"4620888.03","462","Montréal","0888.03",1825.00,80.00,155.00,37.50,1405.00,1137.00,0.00,449871.00,1750.00,80.00,6.90,35.00,98219.00,110.00,120393.00,92800.00,2.40,2.30,60314.00,48526.00,4558.00,10.30,1826.00,2139.60,48.30,54.50,29.80,790.00,135.00,2.40,15.00,0.00,4195.00,265.00,15.00,60.00
"4620889.01","462","Montréal","0889.01",1230.00,725.00,310.00,33.10,777.00,784.00,15.90,300956.00,515.00,725.00,14.90,85.00,57728.00,140.00,53632.00,46080.00,16.40,11.90,35691.00,31243.00,2611.00,-0.50,1278.00,1926.70,50.20,54.10,33.70,720.00,0.00,1.90,10.00,15.00,2315.00,95.00,10.00,40.00
"4620889.02","462","Montréal","0889.02",1305.00,295.00,175.00,27.60,805.00,876.00,0.00,319497.00,1015.00,295.00,8.90,80.00,70571.00,140.00,79258.00,66414.00,5.10,5.00,41824.00,36322.00,2859.00,3.10,1246.00,720.10,43.40,61.90,22.40,375.00,5.00,2.30,35.00,0.00,2725.00,210.00,10.00,60.00
"4620889.03","462","Montréal","0889.03",1955.00,295.00,175.00,25.40,790.00,864.00,0.00,315341.00,1665.00,290.00,6.30,145.00,77056.00,195.00,86460.00,71354.00,4.40,3.90,45389.00,38784.00,4993.00,4.90,1974.00,1508.50,48.20,57.00,28.40,250.00,0.00,2.40,40.00,0.00,4205.00,330.00,15.00,100.00
"4620900.00","462","Montréal","0900.00",2010.00,610.00,390.00,33.30,750.00,818.00,6.50,274910.00,1395.00,615.00,12.90,125.00,56704.00,220.00,65934.00,56649.00,10.10,8.70,36768.00,32464.00,4693.00,3.50,2050.00,2092.90,45.80,59.90,25.60,680.00,0.00,2.20,30.00,0.00,4355.00,185.00,0.00,45.00
"4620901.01","462","Montréal","0901.01",2255.00,955.00,500.00,32.50,755.00,747.00,3.10,250864.00,1300.00,960.00,14.30,105.00,52864.00,280.00,62117.00,53024.00,11.30,10.10,35495.00,31256.00,4919.00,-0.70,2263.00,2009.30,42.90,65.10,20.30,1075.00,0.00,2.10,35.00,0.00,4545.00,180.00,15.00,60.00
"4620901.02","462","Montréal","0901.02",1780.00,300.00,195.00,21.30,703.00,724.00,18.30,268412.00,1480.00,300.00,8.40,70.00,69888.00,165.00,79411.00,66848.00,6.90,5.80,38493.00,33936.00,4401.00,0.30,1775.00,2652.80,41.90,64.50,18.20,225.00,0.00,2.50,15.00,10.00,4290.00,185.00,0.00,55.00
"4620901.03","462","Montréal","0901.03",3045.00,205.00,355.00,29.30,1278.00,1194.00,0.00,299523.00,2845.00,205.00,10.40,80.00,69632.00,255.00,101092.00,82254.00,3.00,2.90,49237.00,41162.00,8445.00,22.30,3010.00,467.70,37.10,62.20,13.90,305.00,0.00,2.70,25.00,10.00,7840.00,370.00,10.00,60.00
"4620902.00","462","Montréal","0902.00",2280.00,745.00,335.00,29.10,839.00,859.00,3.40,269734.00,1540.00,745.00,7.80,105.00,58048.00,310.00,73618.00,61678.00,6.70,5.80,40651.00,34981.00,5698.00,1.50,2285.00,1827.50,40.40,63.30,17.50,405.00,0.00,2.40,0.00,10.00,5195.00,215.00,35.00,45.00
"4620903.01","462","Montréal","0903.01",2840.00,725.00,405.00,30.30,793.00,826.00,4.80,349357.00,2115.00,725.00,8.50,110.00,68403.00,270.00,85632.00,69935.00,5.60,5.00,45776.00,38835.00,7335.00,-1.60,2841.00,716.60,44.50,58.40,24.60,1130.00,0.00,2.40,15.00,25.00,6340.00,385.00,30.00,60.00
"4620903.04","462","Montréal","0903.04",1630.00,225.00,185.00,28.90,743.00,747.00,6.50,279808.00,1400.00,225.00,8.60,50.00,68480.00,175.00,80969.00,68169.00,4.90,3.80,39543.00,34289.00,4216.00,0.10,1620.00,2972.60,42.90,62.50,21.00,300.00,0.00,2.50,0.00,0.00,3960.00,190.00,65.00,25.00
"4620903.05","462","Montréal","0903.05",1425.00,200.00,160.00,32.50,812.00,885.00,0.00,289376.00,1225.00,200.00,7.40,60.00,69888.00,185.00,87488.00,72405.00,4.00,3.60,40124.00,35127.00,3735.00,-0.10,1413.00,3039.60,39.70,67.50,14.20,160.00,0.00,2.60,25.00,0.00,3655.00,80.00,0.00,40.00
"4620903.08","462","Montréal","0903.08",1030.00,250.00,125.00,22.00,771.00,876.00,0.00,299065.00,785.00,250.00,8.30,25.00,66176.00,115.00,93781.00,77376.00,4.40,3.00,43878.00,37355.00,2750.00,-3.10,1037.00,3330.10,38.10,70.90,9.50,255.00,0.00,2.70,10.00,0.00,2615.00,110.00,0.00,20.00
"4620903.09","462","Montréal","0903.09",2350.00,455.00,390.00,27.50,802.00,795.00,7.70,235490.00,1895.00,460.00,14.20,105.00,51360.00,270.00,73511.00,62288.00,8.20,6.20,37916.00,33226.00,6067.00,14.10,2351.00,437.40,35.20,69.80,8.20,530.00,0.00,2.60,10.00,0.00,5835.00,230.00,50.00,50.00
"4620903.1","462","Montréal","0903.1",2200.00,385.00,380.00,38.50,750.00,812.00,0.00,259270.00,1815.00,385.00,13.00,115.00,52416.00,250.00,78048.00,67095.00,8.80,7.60,37661.00,32709.00,6100.00,8.70,2205.00,266.00,34.30,68.10,7.60,190.00,5.00,2.80,20.00,10.00,5900.00,190.00,40.00,40.00
"4620903.11","462","Montréal","0903.11",1265.00,165.00,65.00,0.00,916.00,898.00,0.00,374825.00,1100.00,165.00,4.50,15.00,88405.00,175.00,127781.00,101547.00,2.60,1.80,54912.00,45184.00,3892.00,-1.30,1274.00,1035.90,34.60,71.90,5.30,145.00,0.00,3.10,25.00,30.00,3685.00,100.00,10.00,35.00
"4620903.12","462","Montréal","0903.12",2140.00,185.00,145.00,13.90,1046.00,1029.00,0.00,314674.00,1965.00,180.00,5.90,40.00,75520.00,285.00,108178.00,86471.00,2.80,2.30,51536.00,43189.00,5990.00,0.80,2140.00,3086.20,35.50,70.00,7.80,370.00,0.00,2.80,65.00,10.00,5805.00,250.00,35.00,60.00
"4620903.13","462","Montréal","0903.13",945.00,95.00,115.00,30.00,788.00,868.00,0.00,349812.00,875.00,100.00,9.40,30.00,64896.00,75.00,97792.00,80640.00,3.60,3.60,42496.00,36407.00,2619.00,-0.20,972.00,66.50,40.60,67.20,15.30,40.00,0.00,2.70,10.00,0.00,2540.00,65.00,0.00,25.00
"4620903.14","462","Montréal","0903.14",720.00,55.00,80.00,27.30,649.00,686.00,0.00,299254.00,685.00,55.00,9.80,20.00,68352.00,75.00,90752.00,75392.00,5.40,5.40,41744.00,35930.00,1963.00,2.50,751.00,67.40,40.30,69.90,12.80,100.00,0.00,2.60,25.00,0.00,1875.00,55.00,0.00,25.00
"4620904.02","462","Montréal","0904.02",2030.00,720.00,420.00,31.20,766.00,800.00,0.00,348337.00,1310.00,720.00,14.90,110.00,55616.00,230.00,72485.00,60288.00,8.60,7.80,40512.00,34639.00,4964.00,17.00,1988.00,291.00,43.50,62.80,21.10,725.00,0.00,2.30,15.00,0.00,4495.00,150.00,0.00,35.00
"4620904.03","462","Montréal","0904.03",1795.00,375.00,190.00,18.70,862.00,857.00,0.00,320988.00,1450.00,375.00,8.50,30.00,71680.00,245.00,95360.00,78592.00,4.00,3.70,46784.00,39403.00,4821.00,-2.60,1830.00,65.60,36.50,72.50,7.90,560.00,0.00,2.60,0.00,0.00,4535.00,175.00,10.00,50.00
"4620904.04","462","Montréal","0904.04",1275.00,90.00,70.00,0.00,728.00,802.00,0.00,299677.00,1185.00,90.00,4.60,25.00,77824.00,135.00,100224.00,82395.00,2.60,1.90,44928.00,38172.00,3517.00,-4.50,1287.00,2551.90,40.00,69.70,12.80,115.00,0.00,2.70,20.00,0.00,3375.00,105.00,0.00,40.00
"4620904.05","462","Montréal","0904.05",1590.00,380.00,210.00,31.60,786.00,850.00,6.60,275605.00,1210.00,380.00,7.40,35.00,59008.00,180.00,75819.00,64555.00,6.80,5.10,38805.00,33912.00,3744.00,-3.30,1585.00,2812.10,42.00,66.40,18.30,535.00,0.00,2.40,25.00,0.00,3685.00,160.00,10.00,75.00
"4620904.06","462","Montréal","0904.06",1440.00,45.00,80.00,0.00,690.00,674.00,0.00,299826.00,1395.00,40.00,5.40,35.00,81408.00,165.00,108142.00,88416.00,2.40,1.70,48768.00,40946.00,4211.00,-0.90,1471.00,3610.30,36.30,75.40,5.50,55.00,0.00,2.90,40.00,10.00,3960.00,185.00,20.00,30.00
"4620926.01","462","Montréal","0926.01",2160.00,765.00,480.00,40.90,784.00,831.00,8.40,299664.00,1390.00,770.00,12.30,95.00,52160.00,240.00,62848.00,54357.00,11.10,9.20,35792.00,31923.00,5236.00,-4.20,2160.00,169.00,45.20,60.90,23.20,635.00,0.00,2.30,10.00,0.00,4690.00,190.00,10.00,25.00
"4620926.02","462","Montréal","0926.02",1895.00,315.00,360.00,39.10,703.00,775.00,10.90,250765.00,1585.00,320.00,14.90,125.00,57472.00,180.00,69559.00,59200.00,9.20,8.00,36834.00,32186.00,4531.00,-1.90,1910.00,96.10,41.90,65.20,17.40,185.00,0.00,2.40,10.00,0.00,4335.00,180.00,20.00,40.00
"4620929.01","462","Montréal","0929.01",1555.00,245.00,250.00,39.60,832.00,831.00,6.20,295802.00,1315.00,245.00,11.50,85.00,68352.00,170.00,82432.00,68389.00,7.10,6.10,41570.00,35785.00,3737.00,1.30,1550.00,1653.90,41.40,63.30,18.90,290.00,0.00,2.40,30.00,15.00,3625.00,195.00,0.00,60.00
"4620929.02","462","Montréal","0929.02",1695.00,155.00,240.00,45.20,753.00,835.00,12.90,279640.00,1545.00,150.00,11.00,120.00,70912.00,185.00,93568.00,78176.00,4.40,3.80,43776.00,37317.00,4684.00,-1.60,1705.00,1504.20,37.00,68.30,9.80,115.00,0.00,2.70,20.00,0.00,4380.00,205.00,10.00,65.00
"4620930.02","462","Montréal","0930.02",3900.00,845.00,525.00,29.20,884.00,900.00,6.50,299098.00,3065.00,840.00,9.00,120.00,67738.00,425.00,81280.00,67470.00,6.60,5.90,44807.00,38221.00,9197.00,5.90,3908.00,587.80,42.40,62.60,19.50,1455.00,0.00,2.30,60.00,15.00,8515.00,355.00,20.00,100.00
"4620930.03","462","Montréal","0930.03",945.00,30.00,70.00,0.00,0.00,0.00,0.00,349117.00,925.00,35.00,7.10,40.00,88192.00,70.00,106701.00,86426.00,4.00,4.00,45084.00,38080.00,2605.00,-4.80,962.00,349.30,43.00,65.80,18.00,0.00,0.00,2.70,20.00,0.00,2410.00,210.00,0.00,35.00
"4620930.04","462","Montréal","0930.04",2630.00,485.00,375.00,26.00,680.00,721.00,38.50,428814.00,2155.00,485.00,11.40,100.00,81792.00,195.00,101632.00,82574.00,6.80,5.70,46592.00,39107.00,6783.00,0.10,2629.00,321.60,44.40,62.30,21.70,505.00,0.00,2.50,0.00,10.00,6160.00,355.00,15.00,45.00
"4621000.00","462","Montréal","1000.00",2165.00,845.00,440.00,32.50,718.00,737.00,19.50,219404.00,1320.00,845.00,12.10,100.00,42197.00,300.00,60083.00,53291.00,16.70,14.20,32704.00,29414.00,5493.00,2.60,2166.00,2387.40,38.00,65.30,13.90,515.00,0.00,2.50,10.00,0.00,5180.00,125.00,15.00,30.00
"4621001.00","462","Montréal","1001.00",1215.00,175.00,235.00,22.90,811.00,746.00,0.00,229889.00,1055.00,175.00,19.30,110.00,49280.00,145.00,68887.00,59802.00,12.80,11.50,32328.00,28555.00,3200.00,-2.90,1232.00,58.60,39.30,68.80,13.00,10.00,0.00,2.60,15.00,0.00,3110.00,85.00,10.00,20.00
"4621002.00","462","Montréal","1002.00",2365.00,595.00,405.00,30.50,696.00,681.00,8.50,279733.00,1800.00,590.00,12.40,145.00,57600.00,225.00,75955.00,64185.00,8.20,6.90,39723.00,34381.00,5835.00,2.50,2391.00,80.40,40.40,63.40,16.40,415.00,0.00,2.40,20.00,0.00,5605.00,165.00,0.00,60.00
"4621003.00","462","Montréal","1003.00",2620.00,565.00,305.00,25.00,751.00,806.00,4.40,275481.00,2085.00,565.00,8.00,120.00,62816.00,280.00,80268.00,67088.00,6.40,5.20,40399.00,34694.00,7044.00,3.00,2645.00,150.20,40.10,64.70,15.80,470.00,0.00,2.60,35.00,0.00,6540.00,260.00,35.00,95.00
"4621004.00","462","Montréal","1004.00",2200.00,690.00,315.00,21.60,790.00,807.00,4.30,224653.00,1510.00,690.00,10.30,115.00,55168.00,290.00,67677.00,57139.00,9.10,8.10,38133.00,33111.00,5368.00,17.50,2200.00,461.40,36.90,65.90,12.30,590.00,0.00,2.40,0.00,0.00,5200.00,140.00,10.00,40.00
"4621005.00","462","Montréal","1005.00",3210.00,615.00,505.00,27.60,786.00,796.00,0.00,240413.00,2600.00,625.00,12.90,185.00,54400.00,300.00,74903.00,62941.00,6.90,6.10,38661.00,33646.00,7934.00,17.10,3223.00,316.10,38.70,65.40,14.40,545.00,0.00,2.50,30.00,0.00,7675.00,240.00,10.00,100.00
"4621006.00","462","Montréal","1006.00",8035.00,2065.00,1740.00,36.40,819.00,823.00,4.10,200184.00,6010.00,2075.00,16.70,425.00,44885.00,1030.00,61578.00,54005.00,14.20,12.20,31362.00,28276.00,20786.00,19.00,8083.00,175.60,36.30,67.70,10.90,1030.00,0.00,2.60,65.00,10.00,20130.00,465.00,45.00,120.00
"4622001.00","462","Montréal","2001.00",3025.00,595.00,370.00,25.20,720.00,759.00,3.40,250050.00,2430.00,595.00,9.30,110.00,55552.00,325.00,76832.00,64823.00,7.30,6.50,38638.00,33587.00,8031.00,5.40,3025.00,1009.20,39.20,62.70,16.10,490.00,0.00,2.60,15.00,15.00,7590.00,240.00,25.00,60.00
"4622002.00","462","Montréal","2002.00",165.00,30.00,20.00,0.00,759.00,786.00,0.00,268746.00,145.00,30.00,10.70,0.00,0.00,15.00,76032.00,65664.00,3.60,3.60,35840.00,30976.00,417.00,-3.70,165.00,18.80,40.90,72.30,14.50,5.00,0.00,2.50,0.00,0.00,485.00,25.00,10.00,0.00
"4622003.00","462","Montréal","2003.00",,,,,,,,,,,,,,,,,,,,,130.00,-14.50,0.00,66.00,,,,,,,,,,,,
"4622004.00","462","Montréal","2004.00",1545.00,925.00,400.00,31.90,649.00,673.00,10.20,229817.00,620.00,925.00,16.80,85.00,44224.00,205.00,42624.00,38997.00,23.90,24.50,26341.00,24747.00,3015.00,3.00,1552.00,2582.70,42.70,65.90,20.30,875.00,0.00,1.90,20.00,0.00,2875.00,130.00,10.00,40.00
"4622005.00","462","Montréal","2005.00",1875.00,1255.00,475.00,29.80,677.00,700.00,11.50,239929.00,620.00,1255.00,16.10,125.00,44373.00,240.00,44288.00,40320.00,20.50,19.40,28800.00,26624.00,3640.00,-5.20,1874.00,3037.90,41.60,69.20,16.60,965.00,5.00,1.90,40.00,0.00,3475.00,140.00,0.00,45.00
"4622006.00","462","Montréal","2006.00",,,,,,,,,,,,,,,,,,,,,0.00,-100.00,0.00,0.00,,,,,,,,,,,,
"4622007.00","462","Montréal","2007.00",670.00,550.00,235.00,39.10,610.00,631.00,8.20,250107.00,120.00,555.00,17.40,55.00,30912.00,75.00,31552.00,28608.00,39.30,38.30,22549.00,21158.00,1349.00,-0.90,686.00,3079.90,47.70,67.80,24.40,385.00,0.00,1.60,20.00,0.00,1025.00,55.00,10.00,30.00
"4622008.00","462","Montréal","2008.00",1295.00,1015.00,440.00,36.30,694.00,732.00,5.90,199955.00,275.00,1020.00,27.30,135.00,34432.00,190.00,37163.00,33685.00,34.30,32.00,23296.00,22119.00,2430.00,2.70,1273.00,4844.50,37.80,73.60,11.10,800.00,0.00,1.90,0.00,20.00,2440.00,30.00,0.00,10.00
"4622009.00","462","Montréal","2009.00",2470.00,1050.00,385.00,23.30,716.00,756.00,1.40,224869.00,1420.00,1050.00,9.90,95.00,53120.00,295.00,61952.00,52800.00,10.40,9.40,35648.00,31304.00,5350.00,9.20,2478.00,2840.30,39.60,70.60,13.20,1150.00,0.00,2.10,20.00,0.00,5095.00,145.00,15.00,45.00
"4622010.00","462","Montréal","2010.00",,,,,,,,,,,,,,,,,,,,,5.00,,2.00,1.40,,,,,,,,,,,,
"4622011.00","462","Montréal","2011.00",1235.00,925.00,520.00,44.60,616.00,662.00,2.20,200489.00,315.00,925.00,34.90,135.00,34347.00,155.00,34464.00,31403.00,35.40,34.00,23461.00,22144.00,2538.00,17.00,1246.00,4069.90,50.40,60.40,31.10,660.00,40.00,1.70,0.00,20.00,1905.00,65.00,10.00,15.00
"4622012.00","462","Montréal","2012.00",900.00,540.00,240.00,31.50,589.00,606.00,25.00,279450.00,355.00,540.00,20.80,60.00,49536.00,65.00,40640.00,35008.00,24.50,18.80,26912.00,24752.00,1608.00,9.70,924.00,2309.30,51.80,55.90,35.70,470.00,95.00,1.70,10.00,0.00,1500.00,40.00,0.00,0.00
"4622013.00","462","Montréal","2013.00",1720.00,500.00,255.00,23.80,727.00,737.00,0.00,250257.00,1215.00,505.00,11.10,115.00,50816.00,205.00,66816.00,57376.00,8.60,7.50,34597.00,30490.00,3942.00,-1.10,1693.00,2233.80,44.70,62.00,23.70,495.00,0.00,2.30,40.00,0.00,3730.00,220.00,20.00,35.00
"4622014.00","462","Montréal","2014.00",1825.00,1040.00,525.00,38.30,787.00,813.00,2.40,210444.00,790.00,1040.00,15.80,40.00,61312.00,185.00,49536.00,43719.00,13.10,9.20,31479.00,28224.00,3827.00,2.50,1850.00,2548.40,55.30,48.00,43.30,1275.00,0.00,1.80,30.00,15.00,3040.00,165.00,20.00,25.00
"4622015.00","462","Montréal","2015.00",2950.00,2560.00,1075.00,39.60,655.00,686.00,7.00,249979.00,385.00,2560.00,15.60,135.00,36608.00,285.00,32949.00,30963.00,32.60,29.50,23381.00,22455.00,4637.00,-1.00,2925.00,3757.10,48.90,59.90,31.70,2635.00,5.00,1.60,55.00,45.00,4435.00,270.00,25.00,75.00
"4622100.00","462","Montréal","2100.00",695.00,30.00,90.00,0.00,0.00,805.00,0.00,299555.00,665.00,30.00,11.30,20.00,62208.00,55.00,92352.00,76928.00,5.30,3.90,41248.00,35316.00,1984.00,5.30,701.00,209.00,38.60,68.50,11.30,15.00,0.00,2.80,0.00,0.00,1945.00,40.00,20.00,20.00
"4622101.00","462","Montréal","2101.00",385.00,40.00,55.00,0.00,766.00,858.00,0.00,279075.00,345.00,40.00,13.00,35.00,68352.00,40.00,72192.00,63488.00,6.30,6.30,36565.00,32075.00,1033.00,0.70,390.00,132.30,38.90,65.70,13.50,20.00,0.00,2.60,0.00,0.00,1055.00,10.00,0.00,0.00
"4622102.00","462","Montréal","2102.00",380.00,45.00,50.00,0.00,854.00,681.00,0.00,300593.00,355.00,50.00,10.40,20.00,73472.00,30.00,87744.00,73574.00,3.30,3.60,40384.00,34637.00,1054.00,0.40,399.00,21.80,41.20,70.10,13.70,0.00,0.00,2.60,0.00,0.00,1065.00,25.00,0.00,15.00
"4622103.00","462","Montréal","2103.00",715.00,25.00,85.00,0.00,0.00,883.00,0.00,154777.00,690.00,20.00,11.60,45.00,62848.00,65.00,65749.00,56960.00,5.70,5.10,35520.00,30976.00,1672.00,-6.00,709.00,460.70,42.60,67.20,17.00,5.00,0.00,2.40,0.00,10.00,1540.00,60.00,15.00,10.00
"4622200.00","462","Montréal","2200.00",2115.00,445.00,275.00,27.00,883.00,929.00,0.00,259384.00,1670.00,445.00,9.00,85.00,63445.00,310.00,83371.00,69350.00,5.40,4.10,41616.00,35906.00,5527.00,-3.10,2117.00,2535.10,38.00,68.90,11.40,465.00,0.00,2.60,25.00,20.00,5270.00,230.00,25.00,70.00
"4622201.00","462","Montréal","2201.00",1620.00,270.00,160.00,14.80,782.00,852.00,0.00,250312.00,1345.00,270.00,8.90,40.00,62592.00,195.00,82080.00,69781.00,5.10,3.90,39522.00,34155.00,4367.00,-1.50,1643.00,2973.00,38.80,68.20,13.20,300.00,0.00,2.60,10.00,10.00,4135.00,230.00,20.00,65.00
"4622202.00","462","Montréal","2202.00",2770.00,515.00,370.00,29.80,762.00,780.00,0.00,286152.00,2250.00,515.00,9.50,95.00,64128.00,335.00,88210.00,73143.00,5.60,4.50,42063.00,36203.00,7397.00,-0.60,2780.00,2033.10,38.50,68.10,11.80,620.00,0.00,2.70,50.00,10.00,7050.00,210.00,10.00,60.00
"4622203.00","462","Montréal","2203.00",1325.00,60.00,115.00,0.00,795.00,852.00,0.00,323705.00,1265.00,60.00,8.30,65.00,62080.00,100.00,91571.00,75886.00,4.20,3.80,42650.00,37175.00,3553.00,9.00,1313.00,1378.50,39.40,66.50,13.10,5.00,0.00,2.70,10.00,0.00,3505.00,155.00,10.00,30.00
"4622204.00","462","Montréal","2204.00",315.00,30.00,45.00,0.00,0.00,750.00,0.00,299203.00,285.00,30.00,14.00,15.00,0.00,20.00,83285.00,68949.00,4.30,3.70,40875.00,35328.00,822.00,5.00,320.00,182.00,41.30,69.50,14.00,15.00,0.00,2.60,0.00,0.00,745.00,45.00,0.00,15.00
"4622205.00","462","Montréal","2205.00",1665.00,450.00,230.00,22.20,818.00,807.00,9.90,299458.00,1220.00,450.00,10.70,50.00,61312.00,180.00,78496.00,65429.00,6.90,6.20,41387.00,35703.00,4132.00,3.40,1645.00,1247.60,40.50,64.00,16.90,595.00,0.00,2.40,15.00,10.00,3755.00,145.00,15.00,65.00
"4622206.00","462","Montréal","2206.00",710.00,105.00,60.00,23.80,909.00,913.00,0.00,299748.00,605.00,105.00,5.80,35.00,79104.00,70.00,95403.00,77824.00,4.90,4.40,46443.00,38795.00,1956.00,12.30,724.00,73.40,37.10,67.90,11.20,165.00,0.00,2.70,0.00,0.00,1950.00,50.00,0.00,20.00
"4622207.00","462","Montréal","2207.00",330.00,0.00,55.00,0.00,0.00,0.00,0.00,349171.00,320.00,10.00,15.60,10.00,0.00,10.00,99072.00,80213.00,4.00,4.20,42816.00,36416.00,883.00,-1.60,322.00,127.00,41.20,70.60,13.00,0.00,0.00,2.70,0.00,0.00,900.00,15.00,0.00,0.00
"4622300.00","462","Montréal","2300.00",1250.00,515.00,210.00,26.20,683.00,706.00,19.60,250349.00,735.00,510.00,10.20,40.00,47232.00,175.00,59520.00,52160.00,13.70,11.40,33323.00,29466.00,2953.00,-2.50,1281.00,2239.80,43.30,62.70,21.00,480.00,0.00,2.20,15.00,0.00,2745.00,45.00,0.00,20.00
"4622301.00","462","Montréal","2301.00",1530.00,1025.00,420.00,32.80,644.00,671.00,15.70,217328.00,510.00,1025.00,17.80,100.00,41728.00,210.00,39442.00,35655.00,27.20,24.90,24363.00,23129.00,3176.00,3.60,1491.00,3519.90,47.60,61.10,27.20,755.00,0.00,1.90,20.00,0.00,2760.00,105.00,0.00,25.00
"4622302.00","462","Montréal","2302.00",1190.00,545.00,200.00,27.50,687.00,693.00,11.00,230277.00,645.00,540.00,8.50,65.00,47189.00,165.00,54720.00,47829.00,11.00,9.10,31719.00,28544.00,2688.00,-2.70,1197.00,2656.70,44.40,64.40,21.60,470.00,0.00,2.20,10.00,0.00,2470.00,35.00,0.00,10.00
"4622303.00","462","Montréal","2303.00",,,,,,,,,,,,,,,,,,,,,0.00,,0.00,0.00,,,,,,,,,,,,
"4622304.00","462","Montréal","2304.00",440.00,55.00,70.00,45.50,642.00,741.00,0.00,259550.00,385.00,55.00,13.00,15.00,60800.00,45.00,78080.00,65856.00,6.90,6.30,39040.00,33877.00,1094.00,-1.10,443.00,1557.50,44.60,63.00,22.40,25.00,0.00,2.40,0.00,0.00,1065.00,30.00,0.00,10.00
"4622400.00","462","Montréal","2400.00",1125.00,185.00,200.00,21.60,768.00,804.00,0.00,250083.00,960.00,190.00,17.00,90.00,44928.00,90.00,63061.00,55552.00,11.20,9.60,31264.00,28309.00,2729.00,-2.50,1132.00,58.80,42.70,66.10,17.80,80.00,0.00,2.40,0.00,0.00,2665.00,60.00,0.00,10.00
"4622401.00","462","Montréal","2401.00",1365.00,125.00,175.00,19.20,770.00,826.00,0.00,280345.00,1240.00,125.00,12.10,75.00,59520.00,140.00,81109.00,68651.00,7.20,6.00,39266.00,33831.00,3691.00,11.40,1381.00,837.50,37.30,67.10,11.70,70.00,0.00,2.70,30.00,10.00,3590.00,90.00,0.00,25.00
"4622402.00","462","Montréal","2402.00",1160.00,170.00,130.00,33.30,1025.00,1124.00,0.00,300742.00,995.00,175.00,8.10,10.00,70912.00,110.00,97024.00,80524.00,4.30,3.60,45989.00,38976.00,3484.00,29.80,1162.00,1250.00,34.40,63.10,9.60,165.00,0.00,2.90,10.00,0.00,3385.00,115.00,10.00,20.00
