Latitude,Longitude,Quartier,Type_Logement,Prix_Nuit,Nuits_Minimum
45.51939,-73.56482,Ville-Marie,Entire home/apt,134.0,31
45.51929,-73.56493,Ville-Marie,Entire home/apt,253.0,2
45.54157,-73.60737,Rosemont-La Petite-Patrie,Entire home/apt,156.0,3
45.50584,-73.55602,Ville-Marie,Entire home/apt,146.0,31
45.46133041381836,-73.62896728515625,Côte-des-Neiges-Notre-Dame-de-Grâce,Entire home/apt,57.0,32
45.5019,-73.56354,Ville-Marie,Entire home/apt,90.0,31
45.47812,-73.55698,Le Sud-Ouest,Entire home/apt,386.0,32
45.51856,-73.57756,Le Plateau-Mont-Royal,Entire home/apt,233.0,31
45.51933,-73.57472,Le Plateau-Mont-Royal,Entire home/apt,190.0,5
45.53971,-73.61943,Villeray-Saint-Michel-Parc-Extension,Entire home/apt,130.0,31
45.52663,-73.60145,Le Plateau-Mont-Royal,Entire home/apt,347.0,2
45.52851,-73.58224,Le Plateau-Mont-Royal,Entire home/apt,140.0,32
45.461334228515625,-73.62901306152344,Côte-des-Neiges-Notre-Dame-de-Grâce,Entire home/apt,75.0,32
45.528545,-73.579308,Le Plateau-Mont-Royal,Entire home/apt,168.0,2
45.5391,-73.56018,Le Plateau-Mont-Royal,Entire home/apt,67.0,31
45.54673,-73.57181,Rosemont-La Petite-Patrie,Entire home/apt,95.0,31
45.528431,-73.578979,Le Plateau-Mont-Royal,Entire home/apt,293.0,2
45.49406,-73.62555,Côte-des-Neiges-Notre-Dame-de-Grâce,Entire home/apt,60.0,31
45.50312,-73.56346,Ville-Marie,Entire home/apt,145.0,31
45.49172,-73.6247,Côte-des-Neiges-Notre-Dame-de-Grâce,Entire home/apt,170.0,31
45.53217,-73.58388,Le Plateau-Mont-Royal,Entire home/apt,190.0,21
45.41282,-73.90712,Baie-d'Urfé,Entire home/apt,140.0,31
45.53839,-73.61759,Villeray-Saint-Michel-Parc-Extension,Entire home/apt,89.0,31
45.52991,-73.58205,Le Plateau-Mont-Royal,Entire home/apt,140.0,32
45.55275,-73.60055,Villeray-Saint-Michel-Parc-Extension,Entire home/apt,75.0,32
45.5467,-73.57182,Rosemont-La Petite-Patrie,Entire home/apt,160.0,31
45.52912,-73.57694,Le Plateau-Mont-Royal,Entire home/apt,92.0,90
45.4807409,-73.5575752,Le Sud-Ouest,Entire home/apt,179.0,2
45.54809030000001,-73.5774272,Rosemont-La Petite-Patrie,Entire home/apt,161.0,31
45.54967,-73.58588,Rosemont-La Petite-Patrie,Entire home/apt,64.0,31
45.52459,-73.59616,Le Plateau-Mont-Royal,Entire home/apt,110.0,180
45.52916,-73.57174,Le Plateau-Mont-Royal,Entire home/apt,54.0,31
45.52979,-73.58235,Le Plateau-Mont-Royal,Entire home/apt,90.0,90
45.5519,-73.57544,Rosemont-La Petite-Patrie,Entire home/apt,55.0,31
45.51746,-73.67184,Saint-Laurent,Entire home/apt,82.0,31
45.53461,-73.57076,Le Plateau-Mont-Royal,Entire home/apt,180.0,5
45.51614,-73.581,Le Plateau-Mont-Royal,Entire home/apt,150.0,3
45.53537,-73.61192,Rosemont-La Petite-Patrie,Entire home/apt,241.0,31
45.50922,-73.5519,Ville-Marie,Entire home/apt,143.0,31
45.53686,-73.62401,Villeray-Saint-Michel-Parc-Extension,Entire home/apt,100.0,32
45.5137,-73.57614,Le Plateau-Mont-Royal,Entire home/apt,129.0,180
45.52952,-73.59487,Le Plateau-Mont-Royal,Entire home/apt,72.0,45
45.4873,-73.5733,Le Sud-Ouest,Entire home/apt,64.0,31
45.53666,-73.58142,Le Plateau-Mont-Royal,Entire home/apt,92.0,4
45.5309,-73.56854,Le Plateau-Mont-Royal,Entire home/apt,83.0,31
45.54028,-73.61814,Villeray-Saint-Michel-Parc-Extension,Entire home/apt,71.0,32
45.53826,-73.5707,Le Plateau-Mont-Royal,Entire home/apt,84.0,31
45.51757,-73.55598,Ville-Marie,Entire home/apt,167.0,2
45.5285,-73.58559,Le Plateau-Mont-Royal,Entire home/apt,429.0,31
45.50652,-73.57523,Le Plateau-Mont-Royal,Entire home/apt,181.0,31
45.47907,-73.57308,Le Sud-Ouest,Entire home/apt,130.0,32
45.51758,-73.55601,Ville-Marie,Entire home/apt,241.0,2
45.57466,-73.57275,Rosemont-La Petite-Patrie,Entire home/apt,90.0,31
45.53285,-73.57082,Le Plateau-Mont-Royal,Entire home/apt,273.0,31
45.47186,-73.60775,Côte-des-Neiges-Notre-Dame-de-Grâce,Entire home/apt,55.0,120
45.52408,-73.59696,Le Plateau-Mont-Royal,Entire home/apt,90.0,31
45.52283,-73.57179,Le Plateau-Mont-Royal,Entire home/apt,135.0,31
45.51579,-73.57833,Le Plateau-Mont-Royal,Entire home/apt,115.0,32
45.51811,-73.59867,Outremont,Entire home/apt,158.0,31
45.54842,-73.66532,Ahuntsic-Cartierville,Entire home/apt,290.0,31
45.5243,-73.59238,Le Plateau-Mont-Royal,Entire home/apt,150.0,7
45.5241,-73.59248,Le Plateau-Mont-Royal,Entire home/apt,140.0,31
45.5202,-73.56335,Ville-Marie,Entire home/apt,135.0,6
45.5461,-73.54263,Mercier-Hochelaga-Maisonneuve,Entire home/apt,85.0,31
45.54934,-73.58532,Rosemont-La Petite-Patrie,Entire home/apt,75.0,31
45.52797,-73.57446,Le Plateau-Mont-Royal,Entire home/apt,637.0,3
45.44955,-73.59633,Le Sud-Ouest,Entire home/apt,90.0,32
45.53931,-73.59157,Rosemont-La Petite-Patrie,Entire home/apt,125.0,31
45.47383,-73.62177,Côte-des-Neiges-Notre-Dame-de-Grâce,Entire home/apt,168.0,31
45.54245,-73.61908,Villeray-Saint-Michel-Parc-Extension,Entire home/apt,120.0,31
45.5578,-73.53967,Mercier-Hochelaga-Maisonneuve,Entire home/apt,128.0,2
45.53571,-73.56806,Le Plateau-Mont-Royal,Entire home/apt,60.0,32
45.45053,-73.60031,Le Sud-Ouest,Entire home/apt,65.0,40
45.45225,-73.60177,Le Sud-Ouest,Entire home/apt,60.0,40
45.55459,-73.59638,Villeray-Saint-Michel-Parc-Extension,Entire home/apt,56.0,32
45.53377,-73.56627,Le Plateau-Mont-Royal,Entire home/apt,55.0,32
45.56708999592573,-73.5769327915763,Rosemont-La Petite-Patrie,Entire home/apt,98.0,2
45.52993,-73.61427,Rosemont-La Petite-Patrie,Entire home/apt,131.0,45
45.51812,-73.59068,Le Plateau-Mont-Royal,Entire home/apt,166.0,31
45.52205,-73.5993,Le Plateau-Mont-Royal,Entire home/apt,200.0,31
45.51878,-73.59151,Le Plateau-Mont-Royal,Entire home/apt,254.0,4
45.5216,-73.59065,Le Plateau-Mont-Royal,Entire home/apt,111.0,32
45.48743,-73.58644,Westmount,Entire home/apt,234.0,3
45.52152,-73.56156,Ville-Marie,Entire home/apt,47.0,32
45.53781799284712,-73.57993610337348,Le Plateau-Mont-Royal,Entire home/apt,81.0,31
45.49839,-73.57972,Ville-Marie,Entire home/apt,75.0,31
45.53585,-73.5929,Rosemont-La Petite-Patrie,Entire home/apt,362.0,6
45.52716,-73.57478,Le Plateau-Mont-Royal,Entire home/apt,53.0,32
45.55398,-73.5497,Mercier-Hochelaga-Maisonneuve,Entire home/apt,216.0,31
45.51838,-73.5796,Le Plateau-Mont-Royal,Entire home/apt,398.0,2
45.53941,-73.61949,Villeray-Saint-Michel-Parc-Extension,Entire home/apt,72.0,32
45.52407,-73.60404,Le Plateau-Mont-Royal,Entire home/apt,110.0,31
45.49981,-73.58183,Ville-Marie,Entire home/apt,95.0,31
45.53389,-73.60831,Rosemont-La Petite-Patrie,Entire home/apt,104.0,31
45.49912,-73.55432,Ville-Marie,Entire home/apt,80.0,365
45.51585,-73.57393,Le Plateau-Mont-Royal,Entire home/apt,125.0,31
45.55887,-73.60963,Villeray-Saint-Michel-Parc-Extension,Entire home/apt,96.0,3
45.517662,-73.56054,Ville-Marie,Entire home/apt,450.0,3
45.56489,-73.59731,Villeray-Saint-Michel-Parc-Extension,Entire home/apt,47.0,38
45.43154,-73.67326,Lachine,Entire home/apt,100.0,32
45.48081,-73.57793,Le Sud-Ouest,Entire home/apt,183.0,330
45.5081,-73.55797,Ville-Marie,Entire home/apt,142.0,180
45.57158,-73.64661,Ahuntsic-Cartierville,Entire home/apt,59.0,31
45.50169884840736,-73.55849248197913,Ville-Marie,Entire home/apt,115.0,31
45.49862,-73.55977,Ville-Marie,Entire home/apt,290.0,31
45.51871,-73.55818,Ville-Marie,Entire home/apt,120.0,31
45.53295,-73.61347,Rosemont-La Petite-Patrie,Entire home/apt,66.0,32
45.52709,-73.55602,Ville-Marie,Entire home/apt,105.0,31
45.53887,-73.56108,Le Plateau-Mont-Royal,Entire home/apt,169.0,31
45.53275,-73.6159,Rosemont-La Petite-Patrie,Entire home/apt,121.0,3
45.54035,-73.64508,Ahuntsic-Cartierville,Entire home/apt,105.0,33
45.47358,-73.60586,Côte-des-Neiges-Notre-Dame-de-Grâce,Entire home/apt,42.0,365
45.52143,-73.57345,Le Plateau-Mont-Royal,Entire home/apt,300.0,2
45.5095,-73.56323,Ville-Marie,Entire home/apt,68.0,180
45.53926,-73.62067,Villeray-Saint-Michel-Parc-Extension,Entire home/apt,280.0,2
45.52385,-73.55971,Ville-Marie,Entire home/apt,63.0,32
45.46878,-73.6219,Côte-des-Neiges-Notre-Dame-de-Grâce,Entire home/apt,218.0,3
45.47887,-73.56619,Le Sud-Ouest,Entire home/apt,110.0,31
45.52225,-73.59526,Le Plateau-Mont-Royal,Entire home/apt,99.0,31
45.43425,-73.67816,Lachine,Entire home/apt,84.0,31
45.52777,-73.58024,Le Plateau-Mont-Royal,Entire home/apt,325.0,4
45.47575,-73.61208,Côte-des-Neiges-Notre-Dame-de-Grâce,Entire home/apt,300.0,90
45.53051,-73.58549,Le Plateau-Mont-Royal,Entire home/apt,150.0,31
45.50438,-73.55943,Ville-Marie,Entire home/apt,306.0,31
45.5289,-73.57182,Le Plateau-Mont-Royal,Entire home/apt,50.0,31
45.55509,-73.58583,Rosemont-La Petite-Patrie,Entire home/apt,75.0,62
45.53248,-73.5671,Le Plateau-Mont-Royal,Entire home/apt,136.0,31
45.55237,-73.59676,Rosemont-La Petite-Patrie,Entire home/apt,122.0,32
45.6428,-73.49825,Rivière-des-Prairies-Pointe-aux-Trembles,Entire home/apt,54.0,32
45.52635,-73.57507,Le Plateau-Mont-Royal,Entire home/apt,120.0,91
45.64276,-73.49736,Rivière-des-Prairies-Pointe-aux-Trembles,Entire home/apt,66.0,32
45.52331,-73.6004,Le Plateau-Mont-Royal,Entire home/apt,170.0,31
45.52164,-73.59317,Le Plateau-Mont-Royal,Entire home/apt,205.0,3
45.54258,-73.63469,Villeray-Saint-Michel-Parc-Extension,Entire home/apt,450.0,4
45.5203,-73.5728,Le Plateau-Mont-Royal,Entire home/apt,190.0,31
45.43798,-73.73762,Dorval,Entire home/apt,65.0,32
45.532962799072266,-73.60941314697266,Rosemont-La Petite-Patrie,Entire home/apt,230.0,2
45.53321,-73.58563,Le Plateau-Mont-Royal,Entire home/apt,135.0,31
45.49893,-73.55658,Ville-Marie,Entire home/apt,290.0,31
45.52499,-73.58691,Le Plateau-Mont-Royal,Entire home/apt,90.0,91
45.56722,-73.577,Rosemont-La Petite-Patrie,Entire home/apt,111.0,2
45.50134,-73.55639,Ville-Marie,Entire home/apt,150.0,180
45.59586,-73.548,Anjou,Entire home/apt,92.0,180
45.52952,-73.57389,Le Plateau-Mont-Royal,Entire home/apt,120.0,31
45.52325,-73.59824,Le Plateau-Mont-Royal,Entire home/apt,134.0,31
45.51998,-73.57326,Le Plateau-Mont-Royal,Entire home/apt,208.0,2
45.50033,-73.55586,Ville-Marie,Entire home/apt,81.0,31
45.47199,-73.60593,Côte-des-Neiges-Notre-Dame-de-Grâce,Entire home/apt,50.0,90
45.47148,-73.60632,Côte-des-Neiges-Notre-Dame-de-Grâce,Entire home/apt,45.0,200
45.52011,-73.55522,Ville-Marie,Entire home/apt,350.0,31
45.539932,-73.606477,Rosemont-La Petite-Patrie,Entire home/apt,237.0,1
45.52391,-73.58571,Le Plateau-Mont-Royal,Entire home/apt,221.0,2
45.42788,-73.82499,Pointe-Claire,Entire home/apt,80.0,31
45.47128,-73.60782,Côte-des-Neiges-Notre-Dame-de-Grâce,Entire home/apt,42.0,365
45.51674,-73.65578,Mont-Royal,Entire home/apt,175.0,31
45.54811647657778,-73.57955149287159,Rosemont-La Petite-Patrie,Entire home/apt,386.0,2
45.52378,-73.5816,Le Plateau-Mont-Royal,Entire home/apt,224.0,2
45.51883,-73.56385,Ville-Marie,Entire home/apt,46.0,31
45.51497,-73.65581,Mont-Royal,Entire home/apt,95.0,31
45.51508,-73.65613,Mont-Royal,Entire home/apt,112.0,31
45.51686,-73.6557,Mont-Royal,Entire home/apt,141.0,31
45.47301,-73.60783,Côte-des-Neiges-Notre-Dame-de-Grâce,Entire home/apt,42.0,60
45.53855,-73.5706,Le Plateau-Mont-Royal,Entire home/apt,104.0,32
45.52804,-73.58501,Le Plateau-Mont-Royal,Entire home/apt,113.0,2
45.47329,-73.60717,Côte-des-Neiges-Notre-Dame-de-Grâce,Entire home/apt,42.0,60
45.52519580698454,-73.58537781249717,Le Plateau-Mont-Royal,Entire home/apt,88.0,31
45.47419,-73.56293,Le Sud-Ouest,Entire home/apt,77.0,31
45.46734,-73.62189,Côte-des-Neiges-Notre-Dame-de-Grâce,Entire home/apt,267.0,3
45.5405,-73.60709,Rosemont-La Petite-Patrie,Entire home/apt,155.0,31
45.50641,-73.5685,Ville-Marie,Entire home/apt,120.0,32
45.524,-73.60045,Le Plateau-Mont-Royal,Entire home/apt,273.0,31
45.51627,-73.65574,Mont-Royal,Entire home/apt,175.0,31
45.51863,-73.56871,Le Plateau-Mont-Royal,Entire home/apt,124.0,31
45.52716,-73.57465,Le Plateau-Mont-Royal,Entire home/apt,52.0,32
45.53321838378906,-73.57576751708984,Le Plateau-Mont-Royal,Entire home/apt,276.0,2
45.50409,-73.5643,Ville-Marie,Entire home/apt,588.0,31
45.48168236621864,-73.55934107608255,Le Sud-Ouest,Entire home/apt,273.0,31
45.5022,-73.56287,Ville-Marie,Entire home/apt,620.0,31
45.50402,-73.56424,Ville-Marie,Entire home/apt,833.0,31
45.50279,-73.55586,Ville-Marie,Entire home/apt,272.0,90
45.531932,-73.57578,Le Plateau-Mont-Royal,Entire home/apt,305.0,1
45.53438,-73.59237,Rosemont-La Petite-Patrie,Entire home/apt,75.0,31
45.53421,-73.56066,Ville-Marie,Entire home/apt,77.0,31
45.52052,-73.59848,Le Plateau-Mont-Royal,Entire home/apt,271.0,31
45.525495,-73.581859,Le Plateau-Mont-Royal,Entire home/apt,261.0,1
45.55073,-73.57747,Rosemont-La Petite-Patrie,Entire home/apt,55.0,31
45.53874,-73.61243,Rosemont-La Petite-Patrie,Entire home/apt,92.0,31
45.52767,-73.57492,Le Plateau-Mont-Royal,Entire home/apt,325.0,31
45.49793,-73.62302,Côte-des-Neiges-Notre-Dame-de-Grâce,Entire home/apt,47.0,32
45.52407,-73.59623,Le Plateau-Mont-Royal,Entire home/apt,116.0,60
45.44876,-73.5944,Le Sud-Ouest,Entire home/apt,145.0,60
45.52055,-73.55177,Ville-Marie,Entire home/apt,99.0,60
45.55287,-73.54068,Mercier-Hochelaga-Maisonneuve,Entire home/apt,122.0,31
45.54068,-73.6054,Rosemont-La Petite-Patrie,Entire home/apt,204.0,1
45.52109,-73.57675,Le Plateau-Mont-Royal,Entire home/apt,240.0,31
45.53442,-73.61509,Rosemont-La Petite-Patrie,Entire home/apt,151.0,31
45.5311,-73.60786,Rosemont-La Petite-Patrie,Entire home/apt,113.0,90
45.47334,-73.58713,Le Sud-Ouest,Entire home/apt,248.0,32
45.52831268310547,-73.5782470703125,Le Plateau-Mont-Royal,Entire home/apt,162.0,3
45.53559875488281,-73.56939697265625,Le Plateau-Mont-Royal,Entire home/apt,79.0,31
45.53379,-73.59757,Rosemont-La Petite-Patrie,Entire home/apt,103.0,32
45.51815,-73.58009,Le Plateau-Mont-Royal,Entire home/apt,175.0,5
45.48003,-73.5572,Le Sud-Ouest,Entire home/apt,95.0,31
45.56284,-73.58558,Rosemont-La Petite-Patrie,Entire home/apt,246.0,2
45.49249,-73.57653,Ville-Marie,Entire home/apt,152.0,31
45.47967,-73.57186,Le Sud-Ouest,Entire home/apt,130.0,31
45.60993,-73.54813,Anjou,Entire home/apt,115.0,31
45.54153,-73.60434,Rosemont-La Petite-Patrie,Entire home/apt,189.0,31
45.46571,-73.56967,Verdun,Entire home/apt,50.0,31
45.51767,-73.55659,Ville-Marie,Entire home/apt,236.0,31
45.5302,-73.57939,Le Plateau-Mont-Royal,Entire home/apt,90.0,31
45.51046,-73.55474,Ville-Marie,Entire home/apt,250.0,31
45.51024,-73.55477,Ville-Marie,Entire home/apt,175.0,31
45.52151730029723,-73.58183210049476,Le Plateau-Mont-Royal,Entire home/apt,221.0,31
45.47387,-73.61359,Côte-des-Neiges-Notre-Dame-de-Grâce,Entire home/apt,203.0,4
45.52389,-73.5932,Le Plateau-Mont-Royal,Entire home/apt,111.0,32
45.54048,-73.64542,Ahuntsic-Cartierville,Entire home/apt,87.0,32
45.53272,-73.60055,Rosemont-La Petite-Patrie,Entire home/apt,78.0,31
45.51838,-73.55921,Ville-Marie,Entire home/apt,180.0,31
45.51743,-73.58041,Le Plateau-Mont-Royal,Entire home/apt,93.0,31
45.46744,-73.57063,Verdun,Entire home/apt,85.0,45
45.529762268066406,-73.57776641845703,Le Plateau-Mont-Royal,Entire home/apt,219.0,31
45.529502,-73.577449,Le Plateau-Mont-Royal,Entire home/apt,296.0,31
45.528934478759766,-73.57836151123047,Le Plateau-Mont-Royal,Entire home/apt,284.0,2
45.53881,-73.58013,Le Plateau-Mont-Royal,Entire home/apt,472.0,100
45.47302,-73.6081,Côte-des-Neiges-Notre-Dame-de-Grâce,Entire home/apt,42.0,60
45.4968728,-73.58711699999999,Ville-Marie,Entire home/apt,180.0,4
45.50081,-73.63579,Côte-des-Neiges-Notre-Dame-de-Grâce,Entire home/apt,90.0,32
45.45510443185878,-73.60020006494076,Le Sud-Ouest,Entire home/apt,37.0,32
45.54609,-73.6086,Rosemont-La Petite-Patrie,Entire home/apt,64.0,31
45.49181,-73.57567,Ville-Marie,Entire home/apt,90.0,31
45.56761,-73.65219,Ahuntsic-Cartierville,Entire home/apt,79.0,32
45.52455,-73.59508,Le Plateau-Mont-Royal,Entire home/apt,124.0,32
45.44477,-73.82831,Pointe-Claire,Entire home/apt,225.0,32
45.49012,-73.5798,Ville-Marie,Entire home/apt,256.0,2
45.47311,-73.60779,Côte-des-Neiges-Notre-Dame-de-Grâce,Entire home/apt,42.0,90
45.56567,-73.58314,Rosemont-La Petite-Patrie,Entire home/apt,59.0,31
45.50769,-73.56964,Ville-Marie,Entire home/apt,80.0,31
45.47085,-73.61222,Côte-des-Neiges-Notre-Dame-de-Grâce,Entire home/apt,150.0,32
45.47339,-73.60651,Côte-des-Neiges-Notre-Dame-de-Grâce,Entire home/apt,42.0,32
45.53888,-73.59799,Rosemont-La Petite-Patrie,Entire home/apt,281.0,31
45.55383,-73.58711,Rosemont-La Petite-Patrie,Entire home/apt,50.0,32
45.50139,-73.57851,Ville-Marie,Entire home/apt,158.0,31
45.52251,-73.54844,Ville-Marie,Entire home/apt,97.0,31
45.55879,-73.65652,Ahuntsic-Cartierville,Entire home/apt,58.0,31
45.54628,-73.54997,Mercier-Hochelaga-Maisonneuve,Entire home/apt,240.0,2
45.52716,-73.57465,Le Plateau-Mont-Royal,Entire home/apt,52.0,32
45.4685,-73.56758,Verdun,Entire home/apt,80.0,31
45.52716,-73.57465,Le Plateau-Mont-Royal,Entire home/apt,52.0,32
45.5334046,-73.6075745,Rosemont-La Petite-Patrie,Entire home/apt,131.0,2
45.52825,-73.73077,Ahuntsic-Cartierville,Entire home/apt,340.0,31
45.52716,-73.57465,Le Plateau-Mont-Royal,Entire home/apt,52.0,32
45.5271,-73.57466,Le Plateau-Mont-Royal,Entire home/apt,52.0,32
45.52716,-73.57465,Le Plateau-Mont-Royal,Entire home/apt,52.0,32
45.59631,-73.51414,Mercier-Hochelaga-Maisonneuve,Entire home/apt,58.0,31
45.47315,-73.60792,Côte-des-Neiges-Notre-Dame-de-Grâce,Entire home/apt,42.0,60
45.47189,-73.60809,Côte-des-Neiges-Notre-Dame-de-Grâce,Entire home/apt,42.0,60
45.49364,-73.57052,Ville-Marie,Entire home/apt,200.0,31
45.473,-73.60778,Côte-des-Neiges-Notre-Dame-de-Grâce,Entire home/apt,50.0,60
45.5247818,-73.5851093,Le Plateau-Mont-Royal,Entire home/apt,350.0,31
45.51107,-73.6716,Saint-Laurent,Entire home/apt,50.0,31
45.53575,-73.60692,Rosemont-La Petite-Patrie,Entire home/apt,150.0,31
45.51909,-73.56387,Ville-Marie,Entire home/apt,49.0,31
45.52472686767578,-73.58492279052734,Le Plateau-Mont-Royal,Entire home/apt,350.0,31
45.53645,-73.6097,Rosemont-La Petite-Patrie,Entire home/apt,140.0,31
45.47323,-73.60614,Côte-des-Neiges-Notre-Dame-de-Grâce,Entire home/apt,42.0,90
45.52267,-73.57028,Le Plateau-Mont-Royal,Entire home/apt,75.0,31
45.48505,-73.60352,Westmount,Entire home/apt,125.0,2
45.58591,-73.54119,Mercier-Hochelaga-Maisonneuve,Entire home/apt,106.0,32
45.46928,-73.62897,Côte-des-Neiges-Notre-Dame-de-Grâce,Entire home/apt,245.0,32
45.4509,-73.59427,Le Sud-Ouest,Entire home/apt,60.0,32
45.52862,-73.58235,Le Plateau-Mont-Royal,Entire home/apt,162.0,31
45.48899,-73.64419,Côte-des-Neiges-Notre-Dame-de-Grâce,Entire home/apt,111.0,35
45.55825,-73.53093,Mercier-Hochelaga-Maisonneuve,Entire home/apt,682.0,2
45.49128,-73.57939,Ville-Marie,Entire home/apt,180.0,5
45.51276,-73.56641,Ville-Marie,Entire home/apt,83.0,180
45.50769,-73.56964,Ville-Marie,Entire home/apt,80.0,31
45.50769,-73.56964,Ville-Marie,Entire home/apt,80.0,31
45.51177,-73.56672,Ville-Marie,Entire home/apt,83.0,180
45.53226,-73.63913,Villeray-Saint-Michel-Parc-Extension,Entire home/apt,55.0,90
45.53319,-73.58308,Le Plateau-Mont-Royal,Entire home/apt,82.0,31
45.52682,-73.58061,Le Plateau-Mont-Royal,Entire home/apt,275.0,31
45.53952,-73.6095,Rosemont-La Petite-Patrie,Entire home/apt,90.0,28
45.50677,-73.56193,Ville-Marie,Entire home/apt,90.0,31
45.52318,-73.61257,Outremont,Entire home/apt,152.0,31
45.53416301978574,-73.57601700754005,Le Plateau-Mont-Royal,Entire home/apt,81.0,31
45.50876,-73.55246,Ville-Marie,Entire home/apt,90.0,31
45.52473,-73.58492,Le Plateau-Mont-Royal,Entire home/apt,350.0,31
45.5247277,-73.5849083,Le Plateau-Mont-Royal,Entire home/apt,350.0,31
45.48857,-73.64448,Côte-des-Neiges-Notre-Dame-de-Grâce,Entire home/apt,41.0,32
45.53088,-73.58535,Le Plateau-Mont-Royal,Entire home/apt,350.0,7
45.53088,-73.58675,Le Plateau-Mont-Royal,Entire home/apt,175.0,14
45.52228,-73.56999,Le Plateau-Mont-Royal,Entire home/apt,65.0,32
45.54638,-73.64147,Ahuntsic-Cartierville,Entire home/apt,104.0,290
45.51346,-73.57011,Le Plateau-Mont-Royal,Entire home/apt,139.0,31
45.55479,-73.66718,Ahuntsic-Cartierville,Entire home/apt,162.0,3
45.52198,-73.58012,Le Plateau-Mont-Royal,Entire home/apt,472.0,3
45.54782,-73.6368,Ahuntsic-Cartierville,Entire home/apt,62.0,60
45.46874,-73.61305,Côte-des-Neiges-Notre-Dame-de-Grâce,Entire home/apt,72.0,179
45.53802,-73.62843,Villeray-Saint-Michel-Parc-Extension,Entire home/apt,149.0,32
45.54116,-73.6071,Rosemont-La Petite-Patrie,Entire home/apt,266.0,2
45.52472,-73.59554,Le Plateau-Mont-Royal,Entire home/apt,54.0,180
45.53573,-73.60439,Rosemont-La Petite-Patrie,Entire home/apt,421.0,2
45.52716,-73.57465,Le Plateau-Mont-Royal,Entire home/apt,52.0,32
45.5194529,-73.5733644,Le Plateau-Mont-Royal,Entire home/apt,396.0,31
45.51715,-73.65627,Mont-Royal,Entire home/apt,96.0,31
45.51508,-73.65732,Mont-Royal,Entire home/apt,96.0,31
45.5171208,-73.5792436,Le Plateau-Mont-Royal,Entire home/apt,77.0,2
45.47545,-73.56443,Le Sud-Ouest,Entire home/apt,81.0,31
45.51673,-73.65594,Mont-Royal,Entire home/apt,92.0,31
45.44876,-73.59437,Le Sud-Ouest,Entire home/apt,84.0,31
45.51731,-73.65641,Saint-Laurent,Entire home/apt,88.0,31
45.493,-73.57111,Ville-Marie,Entire home/apt,60.0,32
45.52782,-73.59218,Le Plateau-Mont-Royal,Entire home/apt,112.0,31
45.5271,-73.57466,Le Plateau-Mont-Royal,Entire home/apt,73.0,32
45.47884,-73.56353,Le Sud-Ouest,Entire home/apt,120.0,31
45.52027,-73.59875,Le Plateau-Mont-Royal,Entire home/apt,135.0,250
45.5126,-73.57485,Le Plateau-Mont-Royal,Entire home/apt,226.0,3
45.52716,-73.57465,Le Plateau-Mont-Royal,Entire home/apt,52.0,32
45.5271,-73.57466,Le Plateau-Mont-Royal,Entire home/apt,52.0,32
45.50363,-73.55745,Ville-Marie,Entire home/apt,195.0,31
45.43016,-73.66376,LaSalle,Entire home/apt,75.0,7
45.51908,-73.55773,Ville-Marie,Entire home/apt,157.0,31
45.5271,-73.57466,Le Plateau-Mont-Royal,Entire home/apt,52.0,32
45.51856,-73.59677,Outremont,Entire home/apt,115.0,32
45.49549866,-73.60929871,Côte-des-Neiges-Notre-Dame-de-Grâce,Entire home/apt,424.0,2
45.56992,-73.52616,Mercier-Hochelaga-Maisonneuve,Entire home/apt,165.0,2
45.519,-73.56564,Ville-Marie,Entire home/apt,159.0,31
45.5241,-73.57744,Le Plateau-Mont-Royal,Entire home/apt,108.0,3
45.47585,-73.66134,Côte-Saint-Luc,Entire home/apt,43.0,31
45.55125,-73.58159,Rosemont-La Petite-Patrie,Entire home/apt,64.0,150
45.55338,-73.55087,Mercier-Hochelaga-Maisonneuve,Entire home/apt,132.0,31
45.52744,-73.60545,Le Plateau-Mont-Royal,Entire home/apt,199.0,31
45.49063,-73.62835,Côte-des-Neiges-Notre-Dame-de-Grâce,Entire home/apt,180.0,31
45.48538,-73.57581,Le Sud-Ouest,Entire home/apt,244.0,31
45.52024,-73.57971,Le Plateau-Mont-Royal,Entire home/apt,90.0,31
45.45071,-73.5923,Le Sud-Ouest,Entire home/apt,66.0,32
45.53171,-73.56558,Le Plateau-Mont-Royal,Entire home/apt,81.0,31
45.52827,-73.55739,Ville-Marie,Entire home/apt,104.0,31
45.49633,-73.68381,Saint-Laurent,Entire home/apt,64.0,32
45.49853,-73.57517,Ville-Marie,Entire home/apt,149.0,180
45.47197,-73.6061,Côte-des-Neiges-Notre-Dame-de-Grâce,Entire home/apt,50.0,90
45.47191,-73.60611,Côte-des-Neiges-Notre-Dame-de-Grâce,Entire home/apt,42.0,90
45.47342,-73.60804,Côte-des-Neiges-Notre-Dame-de-Grâce,Entire home/apt,42.0,60
45.4734,-73.60806,Côte-des-Neiges-Notre-Dame-de-Grâce,Entire home/apt,42.0,60
45.47201,-73.64476,Côte-des-Neiges-Notre-Dame-de-Grâce,Entire home/apt,188.0,50
45.52018,-73.55782,Ville-Marie,Entire home/apt,137.0,60
45.45838428763859,-73.56750378482644,Verdun,Entire home/apt,139.0,4
45.46329,-73.57619,Verdun,Entire home/apt,90.0,31
45.47136,-73.58603,Le Sud-Ouest,Entire home/apt,85.0,31
45.49168,-73.58398,Ville-Marie,Entire home/apt,60.0,182
45.49592,-73.5829,Ville-Marie,Entire home/apt,195.0,32
45.54129,-73.63311,Villeray-Saint-Michel-Parc-Extension,Entire home/apt,340.0,3
45.4761,-73.87535,L'Île-Bizard-Sainte-Geneviève,Entire home/apt,288.0,32
45.51488,-73.55615,Ville-Marie,Entire home/apt,225.0,31
45.51952,-73.59687,Le Plateau-Mont-Royal,Entire home/apt,316.0,3
45.49126,-73.56725,Ville-Marie,Entire home/apt,172.0,60
45.53079,-73.57616,Le Plateau-Mont-Royal,Entire home/apt,307.0,31
45.49686,-73.57988,Ville-Marie,Entire home/apt,144.0,31
45.53468,-73.58579,Le Plateau-Mont-Royal,Entire home/apt,110.0,31
45.51135,-73.5605,Ville-Marie,Entire home/apt,711.0,2
45.47318,-73.64515,Côte-des-Neiges-Notre-Dame-de-Grâce,Entire home/apt,144.0,60
45.51179,-73.6273,Côte-des-Neiges-Notre-Dame-de-Grâce,Entire home/apt,104.0,31
45.47203,-73.64633,Côte-des-Neiges-Notre-Dame-de-Grâce,Entire home/apt,1500.0,120
45.49369,-73.56161,Le Sud-Ouest,Entire home/apt,1400.0,1
45.53668,-73.58294,Le Plateau-Mont-Royal,Entire home/apt,200.0,3
45.49571,-73.57369,Ville-Marie,Entire home/apt,1350.0,31
45.48118,-73.55553,Le Sud-Ouest,Entire home/apt,250.0,31
45.47135,-73.60808,Côte-des-Neiges-Notre-Dame-de-Grâce,Entire home/apt,42.0,60
45.51685333251953,-73.55540466308594,Ville-Marie,Entire home/apt,135.0,31
45.52154,-73.55915,Ville-Marie,Entire home/apt,98.0,100
45.52595,-73.62504,Villeray-Saint-Michel-Parc-Extension,Entire home/apt,97.0,4
45.54067,-73.62286,Villeray-Saint-Michel-Parc-Extension,Entire home/apt,149.0,32
45.55312,-73.59492,Rosemont-La Petite-Patrie,Entire home/apt,77.0,31
45.51394,-73.56696,Ville-Marie,Entire home/apt,80.0,180
45.538226,-73.606543,Rosemont-La Petite-Patrie,Entire home/apt,210.0,2
45.47258,-73.61702,Côte-des-Neiges-Notre-Dame-de-Grâce,Entire home/apt,137.0,1
45.54408661036831,-73.62639061106711,Villeray-Saint-Michel-Parc-Extension,Entire home/apt,225.0,31
45.53288,-73.58239,Le Plateau-Mont-Royal,Entire home/apt,233.0,31
45.49388,-73.5834,Ville-Marie,Entire home/apt,140.0,32
45.49724,-73.56974,Ville-Marie,Entire home/apt,1738.0,32
45.48756,-73.62667,Côte-des-Neiges-Notre-Dame-de-Grâce,Entire home/apt,125.0,2
45.53404,-73.59686,Rosemont-La Petite-Patrie,Entire home/apt,129.0,32
45.52373,-73.57912,Le Plateau-Mont-Royal,Entire home/apt,600.0,1
45.52374,-73.58122,Le Plateau-Mont-Royal,Entire home/apt,600.0,1
45.52201,-73.5792,Le Plateau-Mont-Royal,Entire home/apt,524.0,1
45.44384,-73.58006,Verdun,Entire home/apt,40.0,325
45.5207,-73.56096,Ville-Marie,Entire home/apt,165.0,31
45.55427,-73.58346,Rosemont-La Petite-Patrie,Entire home/apt,170.0,31
45.52,-73.56235,Ville-Marie,Entire home/apt,54.0,31
45.52563,-73.5829,Le Plateau-Mont-Royal,Entire home/apt,70.0,32
45.5548,-73.54878,Mercier-Hochelaga-Maisonneuve,Entire home/apt,122.0,360
45.4338464458214,-73.67859550742634,Lachine,Entire home/apt,89.0,31
45.49625,-73.57169,Ville-Marie,Entire home/apt,100.0,31
45.4646,-73.593,Le Sud-Ouest,Entire home/apt,272.0,2
45.5517,-73.65948,Ahuntsic-Cartierville,Entire home/apt,151.0,2
45.5059,-73.56823,Ville-Marie,Entire home/apt,167.0,31
45.53402,-73.59689,Rosemont-La Petite-Patrie,Entire home/apt,132.0,32
45.50578,-73.56618,Ville-Marie,Entire home/apt,199.0,31
45.52857,-73.57397,Le Plateau-Mont-Royal,Entire home/apt,148.0,31
45.53051,-73.56773,Le Plateau-Mont-Royal,Entire home/apt,197.0,31
45.47039,-73.64409,Côte-des-Neiges-Notre-Dame-de-Grâce,Entire home/apt,250.0,31
45.537355,-73.564241,Le Plateau-Mont-Royal,Entire home/apt,56.0,31
45.54306,-73.60615,Rosemont-La Petite-Patrie,Entire home/apt,141.0,31
45.48276334831137,-73.63892297234354,Hampstead,Entire home/apt,128.0,32
45.50124,-73.56309,Ville-Marie,Entire home/apt,300.0,31
45.52949,-73.57032,Le Plateau-Mont-Royal,Entire home/apt,232.0,2
45.51073,-73.56893,Ville-Marie,Entire home/apt,101.0,185
45.44078,-73.62709,LaSalle,Entire home/apt,86.0,2
45.5281,-73.58489,Le Plateau-Mont-Royal,Entire home/apt,130.0,2
45.4941,-73.55915,Le Sud-Ouest,Entire home/apt,154.0,31
45.55556551913776,-73.59034226590748,Rosemont-La Petite-Patrie,Entire home/apt,62.0,31
45.52363,-73.57639,Le Plateau-Mont-Royal,Entire home/apt,224.0,2
45.51666,-73.65583,Mont-Royal,Entire home/apt,84.0,31
45.51553,-73.65766,Saint-Laurent,Entire home/apt,120.0,31
45.51584,-73.6557,Mont-Royal,Entire home/apt,115.0,31
45.51535,-73.65623,Mont-Royal,Entire home/apt,95.0,31
45.51715,-73.65556,Mont-Royal,Entire home/apt,92.0,31
45.51614,-73.65581,Mont-Royal,Entire home/apt,128.0,31
45.51516,-73.5565,Ville-Marie,Entire home/apt,330.0,31
45.51706,-73.55758,Ville-Marie,Entire home/apt,575.0,31
45.53412,-73.59682,Rosemont-La Petite-Patrie,Entire home/apt,136.0,32
45.54182,-73.57921,Rosemont-La Petite-Patrie,Entire home/apt,59.0,31
45.50778,-73.63218,Côte-des-Neiges-Notre-Dame-de-Grâce,Entire home/apt,130.0,32
45.54844,-73.62864,Villeray-Saint-Michel-Parc-Extension,Entire home/apt,62.0,32
45.52541,-73.57761,Le Plateau-Mont-Royal,Entire home/apt,480.0,3
45.57079,-73.59069,Saint-Léonard,Entire home/apt,180.0,2
45.57843,-73.54834,Mercier-Hochelaga-Maisonneuve,Entire home/apt,56.0,32
45.5271,-73.57466,Le Plateau-Mont-Royal,Entire home/apt,52.0,32
45.45816,-73.56451,Verdun,Entire home/apt,53.0,31
45.4949,-73.56016,Le Sud-Ouest,Entire home/apt,94.0,31
45.53932,-73.56176,Le Plateau-Mont-Royal,Entire home/apt,271.0,1
45.53003,-73.58438,Le Plateau-Mont-Royal,Entire home/apt,207.0,2
45.50608,-73.55204,Ville-Marie,Entire home/apt,201.0,4
45.51038,-73.57583,Le Plateau-Mont-Royal,Entire home/apt,103.0,31
45.49484,-73.57379,Ville-Marie,Entire home/apt,1063.0,31
45.5213493,-73.5776314,Le Plateau-Mont-Royal,Entire home/apt,350.0,2
45.5213493,-73.5776314,Le Plateau-Mont-Royal,Entire home/apt,293.0,2
45.52255,-73.57422,Le Plateau-Mont-Royal,Entire home/apt,212.0,2
45.5569,-73.56135,Rosemont-La Petite-Patrie,Entire home/apt,79.0,32
45.53609,-73.56696,Le Plateau-Mont-Royal,Entire home/apt,100.0,32
45.516639426994885,-73.56947378498934,Le Plateau-Mont-Royal,Entire home/apt,176.0,31
45.50888,-73.5715,Le Plateau-Mont-Royal,Entire home/apt,89.0,31
45.50894,-73.5516,Ville-Marie,Entire home/apt,95.0,2
45.52292,-73.58276,Le Plateau-Mont-Royal,Entire home/apt,152.0,31
45.5213493,-73.5776314,Le Plateau-Mont-Royal,Entire home/apt,588.0,2
45.52676,-73.5827,Le Plateau-Mont-Royal,Entire home/apt,521.0,2
45.52357,-73.61318,Outremont,Entire home/apt,146.0,31
45.49488,-73.57038,Ville-Marie,Entire home/apt,108.0,31
45.55147,-73.61364,Villeray-Saint-Michel-Parc-Extension,Entire home/apt,62.0,90
45.5213493,-73.5776314,Le Plateau-Mont-Royal,Entire home/apt,253.0,2
45.58067,-73.56059,Mercier-Hochelaga-Maisonneuve,Entire home/apt,98.0,4
45.53059,-73.56647,Le Plateau-Mont-Royal,Entire home/apt,89.0,31
45.51019,-73.5753,Le Plateau-Mont-Royal,Entire home/apt,62.0,31
45.5204709,-73.5862141,Le Plateau-Mont-Royal,Entire home/apt,319.0,2
45.5204709,-73.5862141,Le Plateau-Mont-Royal,Entire home/apt,344.0,2
45.49673,-73.57022,Ville-Marie,Entire home/apt,249.0,90
45.55559,-73.64754,Ahuntsic-Cartierville,Entire home/apt,85.0,31
45.51636,-73.55845,Ville-Marie,Entire home/apt,460.0,31
45.50936,-73.66983,Saint-Laurent,Entire home/apt,298.0,4
45.50692,-73.55286,Ville-Marie,Entire home/apt,93.0,31
45.52248,-73.5568,Ville-Marie,Entire home/apt,155.0,31
45.46565,-73.56591,Verdun,Entire home/apt,59.0,31
45.53379,-73.59757,Rosemont-La Petite-Patrie,Entire home/apt,130.0,32
45.50874,-73.56263,Ville-Marie,Entire home/apt,99.0,31
45.53741,-73.56123,Le Plateau-Mont-Royal,Entire home/apt,289.0,1
45.45502,-73.58449,Le Sud-Ouest,Entire home/apt,135.0,35
45.4791,-73.63447,Hampstead,Entire home/apt,525.0,31
45.5504,-73.55049,Mercier-Hochelaga-Maisonneuve,Entire home/apt,179.0,3
45.53717,-73.69312,Ahuntsic-Cartierville,Entire home/apt,59.0,32
45.51064,-73.57629,Le Plateau-Mont-Royal,Entire home/apt,132.0,31
45.48779,-73.62578,Côte-des-Neiges-Notre-Dame-de-Grâce,Entire home/apt,120.0,31
45.46637536316856,-73.57886545492745,Verdun,Entire home/apt,116.0,2
45.46672,-73.66643,Côte-Saint-Luc,Entire home/apt,114.0,32
45.46653,-73.66769,Côte-Saint-Luc,Entire home/apt,360.0,31
45.5338,-73.607,Rosemont-La Petite-Patrie,Entire home/apt,114.0,31
45.52716,-73.57465,Le Plateau-Mont-Royal,Entire home/apt,52.0,32
45.46657,-73.61864,Côte-des-Neiges-Notre-Dame-de-Grâce,Entire home/apt,148.0,2
45.4768,-73.60098,Westmount,Entire home/apt,95.0,31
45.53606,-73.57556,Le Plateau-Mont-Royal,Entire home/apt,171.0,2
45.44748,-73.60251,Le Sud-Ouest,Entire home/apt,90.0,31
45.55033,-73.56107,Rosemont-La Petite-Patrie,Entire home/apt,82.0,31
45.53526,-73.60611,Rosemont-La Petite-Patrie,Entire home/apt,162.0,31
45.53477,-73.58603,Le Plateau-Mont-Royal,Entire home/apt,99.0,32
45.52221,-73.5931,Le Plateau-Mont-Royal,Entire home/apt,51.0,31
45.52109,-73.558,Ville-Marie,Entire home/apt,57.0,32
45.53448,-73.59435,Rosemont-La Petite-Patrie,Entire home/apt,81.0,32
45.50545,-73.56618,Ville-Marie,Entire home/apt,85.0,33
45.50558,-73.56289,Ville-Marie,Entire home/apt,90.0,31
45.53824,-73.58064,Le Plateau-Mont-Royal,Entire home/apt,70.0,31
45.54232,-73.54917,Mercier-Hochelaga-Maisonneuve,Entire home/apt,85.0,31
45.5512974,-73.55300249999999,Mercier-Hochelaga-Maisonneuve,Entire home/apt,167.0,3
45.54203,-73.55156,Mercier-Hochelaga-Maisonneuve,Entire home/apt,95.0,90
45.49364,-73.61185,Côte-des-Neiges-Notre-Dame-de-Grâce,Entire home/apt,80.0,32
45.49202,-73.57848,Ville-Marie,Entire home/apt,116.0,31
45.47616,-73.61909,Côte-des-Neiges-Notre-Dame-de-Grâce,Entire home/apt,82.0,2
45.5204709,-73.5862141,Le Plateau-Mont-Royal,Entire home/apt,371.0,2
45.5204709,-73.5862141,Le Plateau-Mont-Royal,Entire home/apt,345.0,2
45.47356,-73.60918,Côte-des-Neiges-Notre-Dame-de-Grâce,Entire home/apt,94.0,31
45.49502,-73.57178,Ville-Marie,Entire home/apt,90.0,31
45.5439,-73.53739,Mercier-Hochelaga-Maisonneuve,Entire home/apt,190.0,3
45.50771,-73.57411,Le Plateau-Mont-Royal,Entire home/apt,148.0,1
45.49502,-73.57047,Ville-Marie,Entire home/apt,92.0,31
45.47832,-73.60158,Westmount,Entire home/apt,135.0,31
45.53612,-73.61447,Rosemont-La Petite-Patrie,Entire home/apt,120.0,3
45.5265,-73.54955,Ville-Marie,Entire home/apt,101.0,32
45.51055,-73.57635,Le Plateau-Mont-Royal,Entire home/apt,118.0,31
45.52518,-73.59673,Le Plateau-Mont-Royal,Entire home/apt,115.0,31
45.54189,-73.58423,Rosemont-La Petite-Patrie,Entire home/apt,90.0,31
45.51923,-73.56884,Le Plateau-Mont-Royal,Entire home/apt,235.0,2
45.49583,-73.56808,Ville-Marie,Entire home/apt,113.0,31
45.45522,-73.59121,Le Sud-Ouest,Entire home/apt,133.0,1
45.5041,-73.562,Ville-Marie,Entire home/apt,113.0,31
45.49404,-73.57567,Ville-Marie,Entire home/apt,61.0,31
45.50337,-73.55513,Ville-Marie,Entire home/apt,238.0,1
45.49633,-73.56989,Ville-Marie,Entire home/apt,115.0,32
45.51491,-73.56299,Ville-Marie,Entire home/apt,46.0,90
45.51671,-73.56519,Ville-Marie,Entire home/apt,49.0,90
45.52269,-73.58417,Le Plateau-Mont-Royal,Entire home/apt,225.0,3
45.51669,-73.563,Ville-Marie,Entire home/apt,42.0,90
45.55233,-73.57648,Rosemont-La Petite-Patrie,Entire home/apt,65.0,31
45.47541,-73.56447,Le Sud-Ouest,Entire home/apt,59.0,90
45.59484,-73.56276,Mercier-Hochelaga-Maisonneuve,Entire home/apt,200.0,31
45.52474,-73.58067,Le Plateau-Mont-Royal,Entire home/apt,273.0,2
45.53379,-73.59757,Rosemont-La Petite-Patrie,Entire home/apt,136.0,32
45.43624,-73.5831,Verdun,Entire home/apt,178.0,32
45.51851,-73.57365,Le Plateau-Mont-Royal,Entire home/apt,100.0,31
45.52774,-73.62411,Villeray-Saint-Michel-Parc-Extension,Entire home/apt,66.0,31
45.51582717895508,-73.57106018066406,Le Plateau-Mont-Royal,Entire home/apt,63.0,31
45.49597,-73.57075,Ville-Marie,Entire home/apt,98.0,31
45.46292,-73.5833,Le Sud-Ouest,Entire home/apt,68.0,1
45.51868,-73.58363,Le Plateau-Mont-Royal,Entire home/apt,248.0,2
45.5303,-73.58049,Le Plateau-Mont-Royal,Entire home/apt,175.0,7
45.49719,-73.56993,Ville-Marie,Entire home/apt,160.0,31
45.4935,-73.56804,Ville-Marie,Entire home/apt,126.0,181
45.54125,-73.55638,Mercier-Hochelaga-Maisonneuve,Entire home/apt,70.0,31
45.50793,-73.57356,Le Plateau-Mont-Royal,Entire home/apt,225.0,1
45.53402,-73.59688,Rosemont-La Petite-Patrie,Entire home/apt,138.0,32
45.52125549316406,-73.59451293945312,Le Plateau-Mont-Royal,Entire home/apt,289.0,31
45.55256,-73.6198,Villeray-Saint-Michel-Parc-Extension,Entire home/apt,61.0,90
45.53074,-73.60882,Rosemont-La Petite-Patrie,Entire home/apt,227.0,3
45.49493,-73.56992,Ville-Marie,Entire home/apt,116.0,31
45.53379,-73.59757,Rosemont-La Petite-Patrie,Entire home/apt,118.0,32
45.54663,-73.63861,Ahuntsic-Cartierville,Entire home/apt,139.0,2
45.54656,-73.63873,Ahuntsic-Cartierville,Entire home/apt,148.0,2
45.51486,-73.55829,Ville-Marie,Entire home/apt,388.0,31
45.53062,-73.57621,Le Plateau-Mont-Royal,Entire home/apt,259.0,31
45.53577,-73.60476,Rosemont-La Petite-Patrie,Entire home/apt,917.0,2
45.53583,-73.60402,Rosemont-La Petite-Patrie,Entire home/apt,921.0,2
45.51996,-73.57329,Le Plateau-Mont-Royal,Entire home/apt,868.0,2
45.50945,-73.5628,Ville-Marie,Entire home/apt,97.0,32
45.47654,-73.61811,Côte-des-Neiges-Notre-Dame-de-Grâce,Entire home/apt,315.0,31
45.51758,-73.55514,Ville-Marie,Entire home/apt,120.0,300
45.49489,-73.57049,Ville-Marie,Entire home/apt,115.0,32
45.52807235717773,-73.57894134521484,Le Plateau-Mont-Royal,Entire home/apt,281.0,31
45.49522,-73.57249,Ville-Marie,Entire home/apt,322.0,31
45.60317,-73.5272,Mercier-Hochelaga-Maisonneuve,Entire home/apt,145.0,2
45.5277214050293,-73.6026611328125,Le Plateau-Mont-Royal,Entire home/apt,331.0,1
45.50582,-73.56182,Ville-Marie,Entire home/apt,90.0,31
45.50251,-73.579,Ville-Marie,Entire home/apt,114.0,31
45.54059,-73.63358,Villeray-Saint-Michel-Parc-Extension,Entire home/apt,60.0,90
45.52117,-73.56546,Ville-Marie,Entire home/apt,500.0,31
45.49695,-73.57022,Ville-Marie,Entire home/apt,249.0,31
45.54238,-73.54837,Mercier-Hochelaga-Maisonneuve,Entire home/apt,148.0,2
45.4479,-73.77533,Dorval,Entire home/apt,528.0,31
45.49595,-73.57071,Ville-Marie,Entire home/apt,109.0,31
45.4953,-73.57183,Ville-Marie,Entire home/apt,108.0,32
45.55973,-73.59154,Rosemont-La Petite-Patrie,Entire home/apt,56.0,32
45.53751,-73.55205,Ville-Marie,Entire home/apt,55.0,32
45.52524,-73.58869,Le Plateau-Mont-Royal,Entire home/apt,80.0,31
45.55547,-73.52921,Mercier-Hochelaga-Maisonneuve,Entire home/apt,119.0,2
45.52865,-73.54719,Ville-Marie,Entire home/apt,71.0,31
45.52546,-73.58373,Le Plateau-Mont-Royal,Entire home/apt,97.0,1
45.50294,-73.55508,Ville-Marie,Entire home/apt,689.0,1
45.53708,-73.56543,Le Plateau-Mont-Royal,Entire home/apt,80.0,62
45.52364,-73.58459,Le Plateau-Mont-Royal,Entire home/apt,100.0,1
45.55332,-73.5842,Rosemont-La Petite-Patrie,Entire home/apt,85.0,31
45.51798,-73.58137,Le Plateau-Mont-Royal,Entire home/apt,96.0,1
45.50769,-73.56964,Ville-Marie,Entire home/apt,70.0,31
45.5145,-73.81194,Pierrefonds-Roxboro,Entire home/apt,78.0,180
45.52259,-73.59283,Le Plateau-Mont-Royal,Entire home/apt,130.0,4
45.50812,-73.57171,Le Plateau-Mont-Royal,Entire home/apt,218.0,1
45.52292,-73.60821,Outremont,Entire home/apt,280.0,60
45.49595,-73.57031,Ville-Marie,Entire home/apt,108.0,31
45.47766,-73.6211,Côte-des-Neiges-Notre-Dame-de-Grâce,Entire home/apt,108.0,31
45.48678,-73.57474,Le Sud-Ouest,Entire home/apt,513.0,2
45.49674,-73.56981,Ville-Marie,Entire home/apt,155.0,31
45.49189,-73.58018,Ville-Marie,Entire home/apt,136.0,1
45.49693,-73.57406,Ville-Marie,Entire home/apt,202.0,90
45.55234,-73.59481,Rosemont-La Petite-Patrie,Entire home/apt,663.0,3
45.51925,-73.59553,Le Plateau-Mont-Royal,Entire home/apt,200.0,182
45.55676,-73.53096,Mercier-Hochelaga-Maisonneuve,Entire home/apt,127.0,2
45.49651,-73.56929,Ville-Marie,Entire home/apt,105.0,31
45.52349,-73.59432,Le Plateau-Mont-Royal,Entire home/apt,100.0,2
45.49309,-73.57682,Ville-Marie,Entire home/apt,62.0,31
45.51157,-73.56251,Ville-Marie,Entire home/apt,150.0,1
45.51133,-73.56263,Ville-Marie,Entire home/apt,150.0,1
45.54473,-73.62995,Villeray-Saint-Michel-Parc-Extension,Entire home/apt,60.0,32
45.59543,-73.51283,Mercier-Hochelaga-Maisonneuve,Entire home/apt,79.0,33
45.52357,-73.61092,Outremont,Entire home/apt,144.0,31
45.55109,-73.66973,Ahuntsic-Cartierville,Entire home/apt,120.0,1
45.50796,-73.57218,Le Plateau-Mont-Royal,Entire home/apt,202.0,1
45.509155,-73.572533,Le Plateau-Mont-Royal,Entire home/apt,234.0,31
45.51582717895508,-73.57106018066406,Le Plateau-Mont-Royal,Entire home/apt,63.0,31
45.55564,-73.53846,Mercier-Hochelaga-Maisonneuve,Entire home/apt,82.0,31
45.51323,-73.56131,Ville-Marie,Entire home/apt,135.0,1
45.47858,-73.61696,Côte-des-Neiges-Notre-Dame-de-Grâce,Entire home/apt,309.0,3
45.53002,-73.57017,Le Plateau-Mont-Royal,Entire home/apt,260.0,31
45.53691,-73.58099,Le Plateau-Mont-Royal,Entire home/apt,76.0,32
45.4789296025463,-73.61913316750851,Côte-des-Neiges-Notre-Dame-de-Grâce,Entire home/apt,157.0,2
45.49617,-73.57184,Ville-Marie,Entire home/apt,230.0,31
45.45398,-73.64088,Côte-des-Neiges-Notre-Dame-de-Grâce,Entire home/apt,47.0,300
45.49551,-73.6093,Côte-des-Neiges-Notre-Dame-de-Grâce,Entire home/apt,94.0,1
45.52323,-73.54775,Ville-Marie,Entire home/apt,107.0,31
45.46471,-73.80729,Pointe-Claire,Entire home/apt,110.0,32
45.52486,-73.60087,Le Plateau-Mont-Royal,Entire home/apt,78.0,31
45.53533,-73.71382,Ahuntsic-Cartierville,Entire home/apt,130.0,31
45.52417,-73.60258,Le Plateau-Mont-Royal,Entire home/apt,128.0,31
45.51306,-73.56081,Ville-Marie,Entire home/apt,135.0,1
45.50628,-73.56691,Ville-Marie,Entire home/apt,135.0,1
45.45808,-73.78513,Pointe-Claire,Entire home/apt,145.0,2
45.47223,-73.64617,Côte-des-Neiges-Notre-Dame-de-Grâce,Entire home/apt,322.0,120
45.4937,-73.56008,Le Sud-Ouest,Entire home/apt,201.0,90
45.51106,-73.5622,Ville-Marie,Entire home/apt,111.0,31
45.52145,-73.58219,Le Plateau-Mont-Royal,Entire home/apt,100.0,31
45.50869,-73.5522,Ville-Marie,Entire home/apt,80.0,31
45.56679,-73.58381,Rosemont-La Petite-Patrie,Entire home/apt,58.0,31
45.5663,-73.58191,Rosemont-La Petite-Patrie,Entire home/apt,58.0,31
45.5170883,-73.5791704,Le Plateau-Mont-Royal,Entire home/apt,134.0,2
45.53238,-73.61325,Rosemont-La Petite-Patrie,Entire home/apt,158.0,32
45.46203,-73.57746,Verdun,Entire home/apt,58.0,31
45.49604,-73.58106,Ville-Marie,Entire home/apt,139.0,1
45.5244,-73.60689,Le Plateau-Mont-Royal,Entire home/apt,245.0,31
45.48228,-73.5789,Le Sud-Ouest,Entire home/apt,267.0,31
45.5244,-73.60689,Le Plateau-Mont-Royal,Entire home/apt,226.0,31
45.52433,-73.60696,Le Plateau-Mont-Royal,Entire home/apt,164.0,31
45.4329,-73.67142,Lachine,Entire home/apt,100.0,32
45.5271,-73.57466,Le Plateau-Mont-Royal,Entire home/apt,52.0,32
45.5244,-73.60689,Le Plateau-Mont-Royal,Entire home/apt,700.0,31
45.51966,-73.56256,Ville-Marie,Entire home/apt,46.0,31
45.53789,-73.60736,Rosemont-La Petite-Patrie,Entire home/apt,150.0,31
45.5213493,-73.5776314,Le Plateau-Mont-Royal,Entire home/apt,272.0,2
45.51582717895508,-73.57106018066406,Le Plateau-Mont-Royal,Entire home/apt,79.0,31
45.54324045237086,-73.53857890364773,Mercier-Hochelaga-Maisonneuve,Entire home/apt,170.0,3
45.5271,-73.57466,Le Plateau-Mont-Royal,Entire home/apt,52.0,32
45.59761,-73.51266,Mercier-Hochelaga-Maisonneuve,Entire home/apt,53.0,33
45.51625,-73.59127,Le Plateau-Mont-Royal,Entire home/apt,76.0,100
45.51687240600586,-73.57917785644531,Le Plateau-Mont-Royal,Entire home/apt,114.0,2
45.52457809448242,-73.57678985595703,Le Plateau-Mont-Royal,Entire home/apt,950.0,3
45.54128,-73.6118,Rosemont-La Petite-Patrie,Entire home/apt,110.0,31
45.49291,-73.57396,Ville-Marie,Entire home/apt,136.0,31
45.49551,-73.6093,Côte-des-Neiges-Notre-Dame-de-Grâce,Entire home/apt,96.0,1
45.53514,-73.58121,Le Plateau-Mont-Royal,Entire home/apt,67.0,32
45.47138,-73.60643,Côte-des-Neiges-Notre-Dame-de-Grâce,Entire home/apt,42.0,60
45.475803,-73.563736,Le Sud-Ouest,Entire home/apt,322.0,31
45.51769,-73.5739,Le Plateau-Mont-Royal,Entire home/apt,75.0,31
45.58585,-73.58198,Saint-Léonard,Entire home/apt,119.0,2
45.51049,-73.5622,Ville-Marie,Entire home/apt,85.0,31
45.52165,-73.55539,Ville-Marie,Entire home/apt,279.0,31
45.54695,-73.57731,Rosemont-La Petite-Patrie,Entire home/apt,400.0,3
45.52132415771485,-73.59456634521484,Le Plateau-Mont-Royal,Entire home/apt,380.0,31
45.57954,-73.56826,Rosemont-La Petite-Patrie,Entire home/apt,110.0,32
45.54288,-73.54007,Mercier-Hochelaga-Maisonneuve,Entire home/apt,219.0,3
45.5114,-73.56233,Ville-Marie,Entire home/apt,95.0,31
45.44957,-73.57034,Verdun,Entire home/apt,76.0,31
45.53027340959395,-73.54426656435191,Ville-Marie,Entire home/apt,188.0,2
45.53938,-73.57014,Le Plateau-Mont-Royal,Entire home/apt,298.0,2
45.50477,-73.55676,Ville-Marie,Entire home/apt,149.0,2
45.51007,-73.57564,Le Plateau-Mont-Royal,Entire home/apt,118.0,31
45.51007,-73.57564,Le Plateau-Mont-Royal,Entire home/apt,136.0,31
45.52268,-73.55666,Ville-Marie,Entire home/apt,110.0,30
45.50937,-73.56096,Ville-Marie,Entire home/apt,82.0,31
45.51700592041016,-73.57905578613281,Le Plateau-Mont-Royal,Entire home/apt,196.0,2
45.45072,-73.57309,Verdun,Entire home/apt,68.0,32
45.50132,-73.55706,Ville-Marie,Entire home/apt,167.0,31
45.54376,-73.54045,Mercier-Hochelaga-Maisonneuve,Entire home/apt,237.0,3
45.49976,-73.5571,Ville-Marie,Entire home/apt,180.0,31
45.53095,-73.5645,Le Plateau-Mont-Royal,Entire home/apt,90.0,31
45.53645,-73.61115,Rosemont-La Petite-Patrie,Entire home/apt,324.0,31
45.47213,-73.64582,Côte-des-Neiges-Notre-Dame-de-Grâce,Entire home/apt,225.0,45
45.537115255766494,-73.60677129427815,Rosemont-La Petite-Patrie,Entire home/apt,279.0,2
45.52334,-73.58413,Le Plateau-Mont-Royal,Entire home/apt,70.0,31
45.54743,-73.63481,Villeray-Saint-Michel-Parc-Extension,Entire home/apt,90.0,60
45.45872,-73.56911,Verdun,Entire home/apt,93.0,4
45.45691,-73.567,Verdun,Entire home/apt,101.0,4
45.50909,-73.57475,Le Plateau-Mont-Royal,Entire home/apt,79.0,31
45.6114,-73.53547,Mercier-Hochelaga-Maisonneuve,Entire home/apt,54.0,32
45.55921936035156,-73.57337188720703,Rosemont-La Petite-Patrie,Entire home/apt,55.0,120
45.44886,-73.57012,Verdun,Entire home/apt,165.0,31
45.55186,-73.59863,Rosemont-La Petite-Patrie,Entire home/apt,101.0,32
45.54714,-73.59391,Rosemont-La Petite-Patrie,Entire home/apt,336.0,4
45.59322,-73.56322,Mercier-Hochelaga-Maisonneuve,Entire home/apt,65.0,90
45.5296623,-73.5778806,Le Plateau-Mont-Royal,Entire home/apt,377.0,2
45.50197,-73.55717,Ville-Marie,Entire home/apt,104.0,31
45.60911,-73.51665,Mercier-Hochelaga-Maisonneuve,Entire home/apt,114.0,2
45.47108,-73.58969,Le Sud-Ouest,Entire home/apt,65.0,32
45.51325,-73.80876,Pierrefonds-Roxboro,Entire home/apt,89.0,32
45.47358,-73.66415,Côte-Saint-Luc,Entire home/apt,295.0,2
45.53502,-73.57964,Le Plateau-Mont-Royal,Entire home/apt,97.0,32
45.50204,-73.55738,Ville-Marie,Entire home/apt,600.0,1
45.51798,-73.58137,Le Plateau-Mont-Royal,Entire home/apt,115.0,31
45.50353,-73.55722,Ville-Marie,Entire home/apt,481.0,1
45.49732,-73.5698,Ville-Marie,Entire home/apt,86.0,180
45.48448,-73.57363,Le Sud-Ouest,Entire home/apt,180.0,5
45.49551,-73.6093,Côte-des-Neiges-Notre-Dame-de-Grâce,Entire home/apt,114.0,1
45.51663,-73.57319,Le Plateau-Mont-Royal,Entire home/apt,234.0,32
45.54221,-73.5946,Rosemont-La Petite-Patrie,Entire home/apt,233.0,1
45.5406,-73.54668,Mercier-Hochelaga-Maisonneuve,Entire home/apt,118.0,2
45.5189,-73.58121,Le Plateau-Mont-Royal,Entire home/apt,115.0,31
45.55494,-73.53728,Mercier-Hochelaga-Maisonneuve,Entire home/apt,70.0,32
45.48421,-73.57432,Le Sud-Ouest,Entire home/apt,160.0,31
45.53831,-73.55193,Ville-Marie,Entire home/apt,86.0,35
45.50382,-73.56025,Ville-Marie,Entire home/apt,212.0,31
45.53041,-73.7246,Ahuntsic-Cartierville,Entire home/apt,88.0,31
45.4953,-73.5694,Ville-Marie,Entire home/apt,92.0,31
45.53453,-73.60492,Rosemont-La Petite-Patrie,Entire home/apt,71.0,31
45.49134,-73.57646,Ville-Marie,Entire home/apt,70.0,31
45.49706,-73.5715,Ville-Marie,Entire home/apt,115.0,90
45.51783,-73.56898,Le Plateau-Mont-Royal,Entire home/apt,380.0,2
45.54331,-73.57876,Rosemont-La Petite-Patrie,Entire home/apt,54.0,31
45.56986,-73.54208,Mercier-Hochelaga-Maisonneuve,Entire home/apt,207.0,31
45.53015,-73.59555,Le Plateau-Mont-Royal,Entire home/apt,150.0,31
45.55909,-73.54054,Mercier-Hochelaga-Maisonneuve,Entire home/apt,106.0,32
45.50005,-73.6229,Côte-des-Neiges-Notre-Dame-de-Grâce,Entire home/apt,76.0,31
45.51054,-73.56693,Ville-Marie,Entire home/apt,109.0,180
45.52779,-73.58213,Le Plateau-Mont-Royal,Entire home/apt,95.0,31
45.52583,-73.58569,Le Plateau-Mont-Royal,Entire home/apt,97.0,1
45.51535,-73.57541,Le Plateau-Mont-Royal,Entire home/apt,45.0,31
45.52189,-73.59986,Le Plateau-Mont-Royal,Entire home/apt,333.0,31
45.5334138,-73.6031883,Rosemont-La Petite-Patrie,Entire home/apt,285.0,32
45.42779,-73.8249,Pointe-Claire,Entire home/apt,80.0,31
45.54187,-73.5785,Rosemont-La Petite-Patrie,Entire home/apt,59.0,31
45.51653,-73.58221,Le Plateau-Mont-Royal,Entire home/apt,500.0,60
45.51825,-73.58224,Le Plateau-Mont-Royal,Entire home/apt,2000.0,35
45.56212,-73.66476,Ahuntsic-Cartierville,Entire home/apt,121.0,1
45.47131,-73.60654,Côte-des-Neiges-Notre-Dame-de-Grâce,Entire home/apt,50.0,60
45.50136,-73.63419,Côte-des-Neiges-Notre-Dame-de-Grâce,Entire home/apt,130.0,31
45.55405,-73.55106,Mercier-Hochelaga-Maisonneuve,Entire home/apt,140.0,31
45.51896,-73.57045,Le Plateau-Mont-Royal,Entire home/apt,162.0,1
45.51332,-73.56746,Ville-Marie,Entire home/apt,55.0,185
45.52877,-73.55501,Ville-Marie,Entire home/apt,155.0,100
45.5407,-73.55019,Mercier-Hochelaga-Maisonneuve,Entire home/apt,55.0,31
45.49194,-73.57838,Ville-Marie,Entire home/apt,150.0,31
45.47976,-73.5877,Le Sud-Ouest,Entire home/apt,120.0,31
45.49553,-73.57426,Ville-Marie,Entire home/apt,74.0,31
45.55665,-73.54898,Mercier-Hochelaga-Maisonneuve,Entire home/apt,118.0,31
45.49106,-73.79652,Dollard-des-Ormeaux,Entire home/apt,108.0,32
45.52784,-73.59068,Le Plateau-Mont-Royal,Entire home/apt,120.0,32
45.5188,-73.5798,Le Plateau-Mont-Royal,Entire home/apt,90.0,31
45.51947,-73.57862,Le Plateau-Mont-Royal,Entire home/apt,100.0,31
45.528965,-73.578972,Le Plateau-Mont-Royal,Entire home/apt,155.0,2
45.51008,-73.56075,Ville-Marie,Entire home/apt,67.0,32
45.55243,-73.57708,Rosemont-La Petite-Patrie,Entire home/apt,380.0,3
45.54211,-73.61915,Villeray-Saint-Michel-Parc-Extension,Entire home/apt,108.0,31
45.49381,-73.61178,Côte-des-Neiges-Notre-Dame-de-Grâce,Entire home/apt,55.0,90
45.50476,-73.5538,Ville-Marie,Entire home/apt,255.0,1
45.52807,-73.57894,Le Plateau-Mont-Royal,Entire home/apt,200.0,31
45.49611,-73.57089,Ville-Marie,Entire home/apt,200.0,90
45.52043,-73.57362,Le Plateau-Mont-Royal,Entire home/apt,668.0,1
45.51901,-73.57221,Le Plateau-Mont-Royal,Entire home/apt,585.0,1
45.59881,-73.52377,Mercier-Hochelaga-Maisonneuve,Entire home/apt,150.0,31
45.53401,-73.61008,Rosemont-La Petite-Patrie,Entire home/apt,200.0,31
45.52423,-73.58757,Le Plateau-Mont-Royal,Entire home/apt,186.0,31
45.49555,-73.58248,Ville-Marie,Entire home/apt,73.0,32
45.529137,-73.578819,Le Plateau-Mont-Royal,Entire home/apt,161.0,2
45.53797,-73.55856,Ville-Marie,Entire home/apt,134.0,1
45.49593,-73.56914,Ville-Marie,Entire home/apt,133.0,31
45.52965,-73.594,Le Plateau-Mont-Royal,Entire home/apt,201.0,180
45.53037,-73.58344,Le Plateau-Mont-Royal,Entire home/apt,115.0,31
45.52078,-73.57358,Le Plateau-Mont-Royal,Entire home/apt,618.0,1
45.5244,-73.60689,Le Plateau-Mont-Royal,Entire home/apt,255.0,31
45.51807,-73.55804,Ville-Marie,Entire home/apt,126.0,31
45.53378,-73.61213,Rosemont-La Petite-Patrie,Entire home/apt,240.0,31
45.49623,-73.5728,Ville-Marie,Entire home/apt,75.0,180
45.46232,-73.57624,Verdun,Entire home/apt,50.0,31
45.51433,-73.57053,Le Plateau-Mont-Royal,Entire home/apt,151.0,2
45.54811,-73.64325,Ahuntsic-Cartierville,Entire home/apt,93.0,32
45.53356,-73.59881,Rosemont-La Petite-Patrie,Entire home/apt,123.0,32
45.50929,-73.57516,Le Plateau-Mont-Royal,Entire home/apt,62.0,31
45.50492,-73.56236,Ville-Marie,Entire home/apt,130.0,31
45.49551,-73.6093,Côte-des-Neiges-Notre-Dame-de-Grâce,Entire home/apt,95.0,1
45.55765,-73.63944,Ahuntsic-Cartierville,Entire home/apt,54.0,32
45.57859,-73.60697,Saint-Léonard,Entire home/apt,95.0,2
45.47467,-73.60765,Côte-des-Neiges-Notre-Dame-de-Grâce,Entire home/apt,199.0,31
45.52124,-73.57749,Le Plateau-Mont-Royal,Entire home/apt,331.0,2
45.47303,-73.60827,Côte-des-Neiges-Notre-Dame-de-Grâce,Entire home/apt,119.0,31
45.53611,-73.59701,Rosemont-La Petite-Patrie,Entire home/apt,131.0,31
45.56308,-73.60972,Villeray-Saint-Michel-Parc-Extension,Entire home/apt,70.0,30
45.47316,-73.60655,Côte-des-Neiges-Notre-Dame-de-Grâce,Entire home/apt,199.0,31
45.49061,-73.62721,Côte-des-Neiges-Notre-Dame-de-Grâce,Entire home/apt,65.0,32
45.51708,-73.56817,Le Plateau-Mont-Royal,Entire home/apt,430.0,1
45.51916,-73.59889,Outremont,Entire home/apt,429.0,3
45.45932,-73.56692,Verdun,Entire home/apt,129.0,31
45.510063,-73.572289,Le Plateau-Mont-Royal,Entire home/apt,666.0,2
45.41772,-73.64228,LaSalle,Entire home/apt,181.0,31
45.54337,-73.57877,Rosemont-La Petite-Patrie,Entire home/apt,62.0,31
45.52231,-73.56143,Ville-Marie,Entire home/apt,205.0,32
45.497,-73.56983,Ville-Marie,Entire home/apt,159.0,31
45.55867,-73.66056,Ahuntsic-Cartierville,Entire home/apt,150.0,31
45.53497,-73.61013,Rosemont-La Petite-Patrie,Entire home/apt,160.0,32
45.54731,-73.6448,Ahuntsic-Cartierville,Entire home/apt,123.0,32
45.53077,-73.57198,Le Plateau-Mont-Royal,Entire home/apt,70.0,31
45.49488,-73.57083,Ville-Marie,Entire home/apt,85.0,32
45.47635,-73.57282,Le Sud-Ouest,Entire home/apt,189.0,31
45.52897,-73.57567,Le Plateau-Mont-Royal,Entire home/apt,203.0,3
45.51947703016008,-73.57313952145194,Le Plateau-Mont-Royal,Entire home/apt,1831.0,3
45.49854,-73.64165,Côte-des-Neiges-Notre-Dame-de-Grâce,Entire home/apt,111.0,6
45.51185,-73.57143,Le Plateau-Mont-Royal,Entire home/apt,310.0,2
45.43877,-73.72711,Dorval,Entire home/apt,135.0,32
45.41695,-73.6409,LaSalle,Entire home/apt,140.0,31
45.53129,-73.54837,Ville-Marie,Entire home/apt,215.0,2
45.503,-73.56244,Ville-Marie,Entire home/apt,95.0,31
45.52843,-73.63584,Villeray-Saint-Michel-Parc-Extension,Entire home/apt,53.0,2
45.47659,-73.56434,Le Sud-Ouest,Entire home/apt,238.0,1
45.51708,-73.56817,Le Plateau-Mont-Royal,Entire home/apt,774.0,1
45.55336,-73.5513,Mercier-Hochelaga-Maisonneuve,Entire home/apt,181.0,31
45.49494,-73.63071,Côte-des-Neiges-Notre-Dame-de-Grâce,Entire home/apt,91.0,31
45.52993,-73.61076,Rosemont-La Petite-Patrie,Entire home/apt,273.0,31
45.488766,-73.629219,Côte-des-Neiges-Notre-Dame-de-Grâce,Entire home/apt,55.0,32
45.52983,-73.57824,Le Plateau-Mont-Royal,Entire home/apt,226.0,2
45.51269,-73.57459,Le Plateau-Mont-Royal,Entire home/apt,81.0,31
45.46495,-73.59208,Le Sud-Ouest,Entire home/apt,400.0,2
45.45269,-73.58825,Le Sud-Ouest,Entire home/apt,108.0,31
45.61103,-73.54386,Mercier-Hochelaga-Maisonneuve,Entire home/apt,300.0,31
45.53613,-73.55852,Ville-Marie,Entire home/apt,152.0,31
45.50294204173563,-73.80949534302194,Pierrefonds-Roxboro,Entire home/apt,164.0,31
45.50803,-73.82247,Pierrefonds-Roxboro,Entire home/apt,80.0,31
45.51964,-73.56937,Le Plateau-Mont-Royal,Entire home/apt,350.0,32
45.52334,-73.60409,Le Plateau-Mont-Royal,Entire home/apt,248.0,31
45.52073,-73.5581,Ville-Marie,Entire home/apt,189.0,32
45.54509,-73.5529,Mercier-Hochelaga-Maisonneuve,Entire home/apt,169.0,31
45.52334,-73.60409,Le Plateau-Mont-Royal,Entire home/apt,315.0,31
45.52334,-73.60409,Le Plateau-Mont-Royal,Entire home/apt,156.0,31
45.52334,-73.60409,Le Plateau-Mont-Royal,Entire home/apt,174.0,31
45.52334,-73.60409,Le Plateau-Mont-Royal,Entire home/apt,180.0,31
45.52334,-73.60409,Le Plateau-Mont-Royal,Entire home/apt,232.0,31
45.52334,-73.60409,Le Plateau-Mont-Royal,Entire home/apt,192.0,31
45.52334,-73.60409,Le Plateau-Mont-Royal,Entire home/apt,280.0,31
45.52334,-73.60409,Le Plateau-Mont-Royal,Entire home/apt,289.0,31
45.52334,-73.60409,Le Plateau-Mont-Royal,Entire home/apt,333.0,31
45.521189,-73.59938,Le Plateau-Mont-Royal,Entire home/apt,502.0,31
45.55116,-73.65073,Ahuntsic-Cartierville,Entire home/apt,647.0,2
45.51681,-73.72086,Saint-Laurent,Entire home/apt,85.0,32
45.51815,-73.56873,Le Plateau-Mont-Royal,Entire home/apt,1135.0,1
45.46086,-73.63179,Côte-des-Neiges-Notre-Dame-de-Grâce,Entire home/apt,108.0,32
45.56537,-73.58169,Rosemont-La Petite-Patrie,Entire home/apt,79.0,31
45.52194788566143,-73.60073164490726,Le Plateau-Mont-Royal,Entire home/apt,271.0,31
45.55735,-73.53061,Mercier-Hochelaga-Maisonneuve,Entire home/apt,112.0,1
45.43876,-73.69577,Lachine,Entire home/apt,75.0,3
45.539640589555056,-73.67213307714621,Ahuntsic-Cartierville,Entire home/apt,85.0,31
45.4409,-73.76639,Dorval,Entire home/apt,126.0,1
45.46486,-73.59123,Le Sud-Ouest,Entire home/apt,461.0,2
45.48927,-73.58098,Ville-Marie,Entire home/apt,135.0,45
45.54038,-73.6126,Rosemont-La Petite-Patrie,Entire home/apt,156.0,31
45.49257,-73.92489,L'Île-Bizard-Sainte-Geneviève,Entire home/apt,720.0,2
45.51937,-73.56926,Le Plateau-Mont-Royal,Entire home/apt,300.0,32
45.51133,-73.5704,Le Plateau-Mont-Royal,Entire home/apt,139.0,1
45.53037,-73.61052,Rosemont-La Petite-Patrie,Entire home/apt,198.0,31
45.52408,-73.59482,Le Plateau-Mont-Royal,Entire home/apt,50.0,31
45.50973,-73.57165,Le Plateau-Mont-Royal,Entire home/apt,135.0,1
45.55632,-73.52941,Mercier-Hochelaga-Maisonneuve,Entire home/apt,150.0,2
45.50156,-73.57608,Ville-Marie,Entire home/apt,162.0,31
45.51741,-73.57595,Le Plateau-Mont-Royal,Entire home/apt,323.0,2
45.50138,-73.55701,Ville-Marie,Entire home/apt,105.0,31
45.51897,-73.55789,Ville-Marie,Entire home/apt,138.0,31
45.43377,-73.6278,LaSalle,Entire home/apt,93.0,30
45.50769,-73.56964,Ville-Marie,Entire home/apt,105.0,31
45.4963,-73.84454,Pierrefonds-Roxboro,Entire home/apt,221.0,31
45.49549866,-73.60929871,Côte-des-Neiges-Notre-Dame-de-Grâce,Entire home/apt,98.0,2
45.47306,-73.60637,Côte-des-Neiges-Notre-Dame-de-Grâce,Entire home/apt,42.0,60
45.5518797,-73.5398109,Mercier-Hochelaga-Maisonneuve,Entire home/apt,106.0,31
45.4941,-73.55915,Le Sud-Ouest,Entire home/apt,113.0,31
45.5290428,-73.5785413,Le Plateau-Mont-Royal,Entire home/apt,521.0,2
45.54114,-73.62077,Villeray-Saint-Michel-Parc-Extension,Entire home/apt,110.0,31
45.50254,-73.55438,Ville-Marie,Entire home/apt,229.0,2
45.43517,-73.68729,Lachine,Entire home/apt,166.0,31
45.53213,-73.55819,Ville-Marie,Entire home/apt,105.0,1
45.52936,-73.60963,Rosemont-La Petite-Patrie,Entire home/apt,271.0,31
45.51101530640114,-73.56746367828039,Ville-Marie,Entire home/apt,120.0,31
45.53968,-73.61141,Rosemont-La Petite-Patrie,Entire home/apt,150.0,1
45.44762,-73.78062,Pointe-Claire,Entire home/apt,180.0,31
45.53831,-73.60721,Rosemont-La Petite-Patrie,Entire home/apt,209.0,31
45.53969,-73.6114,Rosemont-La Petite-Patrie,Entire home/apt,132.0,1
45.47353744506836,-73.6097640991211,Côte-des-Neiges-Notre-Dame-de-Grâce,Entire home/apt,101.0,31
45.49631701951785,-73.56933486327453,Ville-Marie,Entire home/apt,133.0,31
45.51162,-73.5618,Ville-Marie,Entire home/apt,112.0,31
45.51147,-73.56222,Ville-Marie,Entire home/apt,95.0,31
45.50874,-73.57027,Ville-Marie,Entire home/apt,100.0,31
45.53589,-73.57181,Le Plateau-Mont-Royal,Entire home/apt,75.0,31
45.52848,-73.58421,Le Plateau-Mont-Royal,Entire home/apt,144.0,90
45.54216334946922,-73.54484259826835,Mercier-Hochelaga-Maisonneuve,Entire home/apt,145.0,2
45.54743,-73.55217,Mercier-Hochelaga-Maisonneuve,Entire home/apt,110.0,31
45.43461,-73.68869,Lachine,Entire home/apt,123.0,31
45.43297,-73.62214,LaSalle,Entire home/apt,102.0,31
45.4963,-73.60973,Côte-des-Neiges-Notre-Dame-de-Grâce,Entire home/apt,96.0,1
45.50694,-73.63006,Côte-des-Neiges-Notre-Dame-de-Grâce,Entire home/apt,131.0,32
45.49506,-73.57094,Ville-Marie,Entire home/apt,75.0,32
45.45842,-73.59226,Le Sud-Ouest,Entire home/apt,72.0,32
45.52422,-73.59399,Le Plateau-Mont-Royal,Entire home/apt,156.0,1
45.45945,-73.57028,Verdun,Entire home/apt,90.0,31
45.50596,-73.69327,Saint-Laurent,Entire home/apt,80.0,31
45.42064,-73.64985,LaSalle,Entire home/apt,134.0,31
45.55721,-73.53172,Mercier-Hochelaga-Maisonneuve,Entire home/apt,375.0,365
45.54737,-73.62836,Villeray-Saint-Michel-Parc-Extension,Entire home/apt,110.0,31
45.54058,-73.63041,Villeray-Saint-Michel-Parc-Extension,Entire home/apt,149.0,32
45.51017,-73.55983,Ville-Marie,Entire home/apt,85.0,31
45.49499,-73.57144,Ville-Marie,Entire home/apt,125.0,31
45.53351,-73.62045,Villeray-Saint-Michel-Parc-Extension,Entire home/apt,61.0,32
45.47156,-73.6127,Côte-des-Neiges-Notre-Dame-de-Grâce,Entire home/apt,80.0,60
45.52123,-73.58834,Le Plateau-Mont-Royal,Entire home/apt,108.0,32
45.57499,-73.54807,Mercier-Hochelaga-Maisonneuve,Entire home/apt,57.0,90
45.54573,-73.6986,Ahuntsic-Cartierville,Entire home/apt,90.0,31
45.55241,-73.56188,Rosemont-La Petite-Patrie,Entire home/apt,147.0,31
45.52099893706719,-73.55782140141271,Ville-Marie,Entire home/apt,153.0,31
45.51007,-73.56233,Ville-Marie,Entire home/apt,85.0,31
45.55297,-73.55402,Mercier-Hochelaga-Maisonneuve,Entire home/apt,70.0,32
45.49398,-73.55582,Le Sud-Ouest,Entire home/apt,110.0,85
45.49701,-73.56953,Ville-Marie,Entire home/apt,137.0,31
45.55198798605984,-73.55238786616582,Mercier-Hochelaga-Maisonneuve,Entire home/apt,167.0,2
45.60758,-73.51703,Mercier-Hochelaga-Maisonneuve,Entire home/apt,123.0,2
45.52034,-73.5761,Le Plateau-Mont-Royal,Entire home/apt,313.0,2
45.50686,-73.68775,Saint-Laurent,Entire home/apt,140.0,31
45.51183,-73.56177,Ville-Marie,Entire home/apt,68.0,31
45.50976,-73.56153,Ville-Marie,Entire home/apt,79.0,31
45.51026,-73.56201,Ville-Marie,Entire home/apt,98.0,31
45.51191,-73.55991,Ville-Marie,Entire home/apt,111.0,31
45.5101,-73.56191,Ville-Marie,Entire home/apt,148.0,31
45.51186,-73.56023,Ville-Marie,Entire home/apt,111.0,31
45.521189,-73.59938,Le Plateau-Mont-Royal,Entire home/apt,271.0,31
45.53576,-73.56908,Le Plateau-Mont-Royal,Entire home/apt,234.0,32
45.60429699432605,-73.51940710519825,Mercier-Hochelaga-Maisonneuve,Entire home/apt,90.0,2
45.45177,-73.59544,Le Sud-Ouest,Entire home/apt,70.0,32
45.54915,-73.62828,Villeray-Saint-Michel-Parc-Extension,Entire home/apt,41.0,32
45.50565,-73.62434,Côte-des-Neiges-Notre-Dame-de-Grâce,Entire home/apt,68.0,32
45.51409,-73.57,Le Plateau-Mont-Royal,Entire home/apt,116.0,31
45.56997,-73.57026,Rosemont-La Petite-Patrie,Entire home/apt,80.0,31
45.50517,-73.56206,Ville-Marie,Entire home/apt,130.0,31
45.430122,-73.622795,LaSalle,Entire home/apt,53.0,31
45.53934,-73.5417,Mercier-Hochelaga-Maisonneuve,Entire home/apt,210.0,31
45.52456,-73.72621,Ahuntsic-Cartierville,Entire home/apt,60.0,31
45.50331,-73.56295,Ville-Marie,Entire home/apt,188.0,31
45.59986,-73.51022,Mercier-Hochelaga-Maisonneuve,Entire home/apt,69.0,31
45.4509,-73.60154,Le Sud-Ouest,Entire home/apt,65.0,31
45.51052,-73.5598,Ville-Marie,Entire home/apt,111.0,31
45.54794,-73.60508,Villeray-Saint-Michel-Parc-Extension,Entire home/apt,56.0,31
45.51012,-73.56212,Ville-Marie,Entire home/apt,70.0,31
45.51011,-73.56025,Ville-Marie,Entire home/apt,68.0,31
45.5114,-73.56212,Ville-Marie,Entire home/apt,79.0,31
45.46722,-73.64706,Côte-des-Neiges-Notre-Dame-de-Grâce,Entire home/apt,76.0,31
45.54094,-73.62718,Villeray-Saint-Michel-Parc-Extension,Entire home/apt,221.0,2
45.5101,-73.56177,Ville-Marie,Entire home/apt,104.0,31
45.5114,-73.56204,Ville-Marie,Entire home/apt,65.0,31
45.47275,-73.60814,Côte-des-Neiges-Notre-Dame-de-Grâce,Entire home/apt,199.0,31
45.47048,-73.64543,Côte-des-Neiges-Notre-Dame-de-Grâce,Entire home/apt,52.0,31
45.54111,-73.62379,Villeray-Saint-Michel-Parc-Extension,Entire home/apt,150.0,32
45.46258,-73.65875,Côte-Saint-Luc,Entire home/apt,105.0,1
45.43819,-73.62034,LaSalle,Entire home/apt,654.0,95
45.52172,-73.59616,Le Plateau-Mont-Royal,Entire home/apt,300.0,32
45.5326,-73.58447,Le Plateau-Mont-Royal,Entire home/apt,325.0,31
45.51793,-73.56877,Le Plateau-Mont-Royal,Entire home/apt,358.0,2
45.51958,-73.58954,Le Plateau-Mont-Royal,Entire home/apt,85.0,32
45.49715,-73.57135,Ville-Marie,Entire home/apt,80.0,32
45.54475,-73.61769,Villeray-Saint-Michel-Parc-Extension,Entire home/apt,101.0,33
45.46077,-73.57808,Verdun,Entire home/apt,331.0,31
45.54123,-73.69099,Ahuntsic-Cartierville,Entire home/apt,120.0,31
45.52328,-73.6258,Mont-Royal,Entire home/apt,135.0,31
45.50486,-73.56299,Ville-Marie,Entire home/apt,230.0,31
45.5296,-73.57653,Le Plateau-Mont-Royal,Entire home/apt,156.0,31
45.51825,-73.57101,Le Plateau-Mont-Royal,Entire home/apt,204.0,31
45.51826,-73.57103,Le Plateau-Mont-Royal,Entire home/apt,172.0,31
45.5052754,-73.55603789999999,Ville-Marie,Entire home/apt,166.0,2
45.52182,-73.57,Le Plateau-Mont-Royal,Entire home/apt,260.0,3
45.52468,-73.59597,Le Plateau-Mont-Royal,Entire home/apt,54.0,180
45.61082,-73.5443,Mercier-Hochelaga-Maisonneuve,Entire home/apt,65.0,180
45.5368,-73.56732,Le Plateau-Mont-Royal,Entire home/apt,310.0,2
45.49508,-73.57155,Ville-Marie,Entire home/apt,79.0,32
45.49829,-73.57926,Ville-Marie,Entire home/apt,95.0,31
45.53953,-73.5405,Mercier-Hochelaga-Maisonneuve,Entire home/apt,216.0,31
45.59497,-73.55035,Anjou,Entire home/apt,110.0,31
45.51796,-73.56868,Le Plateau-Mont-Royal,Entire home/apt,381.0,122
45.51808,-73.57825,Le Plateau-Mont-Royal,Entire home/apt,79.0,31
45.5046,-73.55623,Ville-Marie,Entire home/apt,282.0,2
45.51826,-73.57103,Le Plateau-Mont-Royal,Entire home/apt,168.0,31
45.50236,-73.57813,Ville-Marie,Entire home/apt,220.0,90
45.4476318359375,-73.78060150146484,Pointe-Claire,Entire home/apt,234.0,31
45.4959,-73.57018,Ville-Marie,Entire home/apt,185.0,31
45.53019332885742,-73.5670394897461,Le Plateau-Mont-Royal,Entire home/apt,144.0,31
45.54431,-73.59919,Rosemont-La Petite-Patrie,Entire home/apt,245.0,32
45.49518,-73.56994,Ville-Marie,Entire home/apt,115.0,32
45.50747,-73.56602,Ville-Marie,Entire home/apt,100.0,175
45.47324,-73.58714,Le Sud-Ouest,Entire home/apt,71.0,31
45.49119,-73.88889,L'Île-Bizard-Sainte-Geneviève,Entire home/apt,450.0,2
45.5617,-73.66286,Ahuntsic-Cartierville,Entire home/apt,110.0,1
45.55683,-73.53867,Mercier-Hochelaga-Maisonneuve,Entire home/apt,198.0,2
45.50592,-73.55602,Ville-Marie,Entire home/apt,224.0,31
45.54352,-73.60069,Rosemont-La Petite-Patrie,Entire home/apt,108.0,32
45.51126,-73.56852,Ville-Marie,Entire home/apt,87.0,31
45.52293,-73.57559,Le Plateau-Mont-Royal,Entire home/apt,168.0,2
45.5503,-73.61437,Villeray-Saint-Michel-Parc-Extension,Entire home/apt,84.0,31
45.51478,-73.55805,Ville-Marie,Entire home/apt,153.0,31
45.45804,-73.58304,Le Sud-Ouest,Entire home/apt,97.0,31
45.51283,-73.54973,Ville-Marie,Entire home/apt,105.0,31
45.45055,-73.59979,Le Sud-Ouest,Entire home/apt,65.0,31
45.52242,-73.5688,Le Plateau-Mont-Royal,Entire home/apt,226.0,1
45.4746734,-73.6161573,Côte-des-Neiges-Notre-Dame-de-Grâce,Entire home/apt,53.0,32
45.49413,-73.55917,Le Sud-Ouest,Entire home/apt,114.0,31
45.51359,-73.56868,Ville-Marie,Entire home/apt,81.0,31
45.50979,-73.55994,Ville-Marie,Entire home/apt,85.0,31
45.50332,-73.56417,Ville-Marie,Entire home/apt,95.0,31
45.51825,-73.57101,Le Plateau-Mont-Royal,Entire home/apt,166.0,31
45.53426,-73.5676,Le Plateau-Mont-Royal,Entire home/apt,113.0,6
45.49605,-73.57051,Ville-Marie,Entire home/apt,64.0,32
45.60933,-73.51643,Mercier-Hochelaga-Maisonneuve,Entire home/apt,120.0,2
45.51435,-73.81032,Pierrefonds-Roxboro,Entire home/apt,55.0,180
45.46057,-73.55487,Verdun,Entire home/apt,85.0,31
45.52985,-73.61104,Rosemont-La Petite-Patrie,Entire home/apt,115.0,31
45.55169,-73.55121,Mercier-Hochelaga-Maisonneuve,Entire home/apt,54.0,31
45.5496,-73.57996,Rosemont-La Petite-Patrie,Entire home/apt,79.0,31
45.54376,-73.54101,Mercier-Hochelaga-Maisonneuve,Entire home/apt,120.0,31
45.51798,-73.58137,Le Plateau-Mont-Royal,Entire home/apt,103.0,31
45.49676,-73.57122,Ville-Marie,Entire home/apt,85.0,31
45.52559,-73.58587,Le Plateau-Mont-Royal,Entire home/apt,97.0,1
45.49625,-73.5714,Ville-Marie,Entire home/apt,113.0,31
45.518684,-73.583626,Le Plateau-Mont-Royal,Entire home/apt,256.0,2
45.5005496,-73.633401,Côte-des-Neiges-Notre-Dame-de-Grâce,Entire home/apt,119.0,31
45.4537,-73.55075,Verdun,Entire home/apt,59.0,32
45.49718,-73.56974,Ville-Marie,Entire home/apt,130.0,31
45.49797821044922,-73.58380126953125,Ville-Marie,Entire home/apt,79.0,31
45.45927,-73.56307,Verdun,Entire home/apt,88.0,31
45.53854,-73.61588,Villeray-Saint-Michel-Parc-Extension,Entire home/apt,136.0,32
45.5248,-73.56349,Ville-Marie,Entire home/apt,69.0,32
45.5796,-73.54761,Mercier-Hochelaga-Maisonneuve,Entire home/apt,55.0,32
45.5143703,-73.5718405,Le Plateau-Mont-Royal,Entire home/apt,271.0,2
45.5143703,-73.5718405,Le Plateau-Mont-Royal,Entire home/apt,271.0,2
45.5143703,-73.5718405,Le Plateau-Mont-Royal,Entire home/apt,285.0,2
45.51423,-73.57299,Le Plateau-Mont-Royal,Entire home/apt,175.0,31
45.53944,-73.62311,Villeray-Saint-Michel-Parc-Extension,Entire home/apt,65.0,7
45.49128,-73.56006,Le Sud-Ouest,Entire home/apt,251.0,31
45.5143703,-73.5718405,Le Plateau-Mont-Royal,Entire home/apt,366.0,2
45.5143703,-73.5718405,Le Plateau-Mont-Royal,Entire home/apt,352.0,2
45.5143703,-73.5718405,Le Plateau-Mont-Royal,Entire home/apt,271.0,2
45.5143703,-73.5718405,Le Plateau-Mont-Royal,Entire home/apt,271.0,2
45.51437,-73.57184,Le Plateau-Mont-Royal,Entire home/apt,256.0,2
45.51357,-73.57106,Le Plateau-Mont-Royal,Entire home/apt,214.0,2
45.5143703,-73.5718405,Le Plateau-Mont-Royal,Entire home/apt,271.0,2
45.5143703,-73.5718405,Le Plateau-Mont-Royal,Entire home/apt,271.0,2
45.5104,-73.56672,Ville-Marie,Entire home/apt,115.0,180
45.49264,-73.6313,Côte-des-Neiges-Notre-Dame-de-Grâce,Entire home/apt,60.0,31
45.5173,-73.57802,Le Plateau-Mont-Royal,Entire home/apt,113.0,2
45.51264,-73.57445,Le Plateau-Mont-Royal,Entire home/apt,85.0,31
45.50953,-73.57301,Le Plateau-Mont-Royal,Entire home/apt,287.0,1
45.50842,-73.57198,Le Plateau-Mont-Royal,Entire home/apt,296.0,1
45.50953,-73.57301,Le Plateau-Mont-Royal,Entire home/apt,287.0,1
45.50928,-73.57397,Le Plateau-Mont-Royal,Entire home/apt,296.0,1
45.50953,-73.57301,Le Plateau-Mont-Royal,Entire home/apt,319.0,1
45.50953,-73.57301,Le Plateau-Mont-Royal,Entire home/apt,287.0,1
45.50953,-73.57301,Le Plateau-Mont-Royal,Entire home/apt,319.0,1
45.51423,-73.57298,Le Plateau-Mont-Royal,Entire home/apt,356.0,2
45.5296114,-73.5775318,Le Plateau-Mont-Royal,Entire home/apt,256.0,2
45.5296114,-73.5775318,Le Plateau-Mont-Royal,Entire home/apt,268.0,2
45.5296114,-73.5775318,Le Plateau-Mont-Royal,Entire home/apt,296.0,2
45.5296002,-73.5772819,Le Plateau-Mont-Royal,Entire home/apt,393.0,2
45.47681,-73.58856,Le Sud-Ouest,Entire home/apt,168.0,31
45.50998,-73.56932,Ville-Marie,Entire home/apt,126.0,31
45.49085,-73.57584,Ville-Marie,Entire home/apt,120.0,31
45.54377,-73.5426,Mercier-Hochelaga-Maisonneuve,Entire home/apt,126.0,31
45.52552,-73.58592,Le Plateau-Mont-Royal,Entire home/apt,97.0,1
45.45443,-73.5743,Verdun,Entire home/apt,207.0,31
45.49828,-73.55727,Ville-Marie,Entire home/apt,266.0,2
45.51723,-73.60006,Outremont,Entire home/apt,177.0,31
45.57393,-73.54964,Mercier-Hochelaga-Maisonneuve,Entire home/apt,245.0,2
45.533,-73.60026,Rosemont-La Petite-Patrie,Entire home/apt,497.0,2
45.5299,-73.60897,Rosemont-La Petite-Patrie,Entire home/apt,226.0,31
45.52143,-73.57794,Le Plateau-Mont-Royal,Entire home/apt,95.0,31
45.516544948403805,-73.55201943353305,Ville-Marie,Entire home/apt,70.0,31
45.50072,-73.55783,Ville-Marie,Entire home/apt,67.0,31
45.4954556,-73.5756573,Ville-Marie,Entire home/apt,291.0,2
45.4954556,-73.5756573,Ville-Marie,Entire home/apt,238.0,2
45.4954556,-73.5756573,Ville-Marie,Entire home/apt,250.0,2
45.4954556,-73.5756573,Ville-Marie,Entire home/apt,252.0,2
45.4954556,-73.5756573,Ville-Marie,Entire home/apt,302.0,2
45.4954556,-73.5756573,Ville-Marie,Entire home/apt,338.0,2
45.4954556,-73.5756573,Ville-Marie,Entire home/apt,314.0,2
45.4954556,-73.5756573,Ville-Marie,Entire home/apt,324.0,2
45.4954556,-73.5756573,Ville-Marie,Entire home/apt,299.0,2
45.4954556,-73.5756573,Ville-Marie,Entire home/apt,338.0,2
45.53194,-73.60438,Rosemont-La Petite-Patrie,Entire home/apt,88.0,31
45.46357,-73.57049,Verdun,Entire home/apt,50.0,31
45.5296002,-73.5772819,Le Plateau-Mont-Royal,Entire home/apt,410.0,2
45.5296114,-73.5775318,Le Plateau-Mont-Royal,Entire home/apt,260.0,2
45.54547,-73.54873,Mercier-Hochelaga-Maisonneuve,Entire home/apt,118.0,90
45.45920944213867,-73.59706115722656,Le Sud-Ouest,Entire home/apt,65.0,31
45.50779342651367,-73.57394409179688,Le Plateau-Mont-Royal,Entire home/apt,57.0,31
45.51868,-73.56438,Ville-Marie,Entire home/apt,88.0,31
45.49263381958008,-73.57518005371094,Ville-Marie,Entire home/apt,68.0,31
45.48873,-73.62799,Côte-des-Neiges-Notre-Dame-de-Grâce,Entire home/apt,56.0,32
45.532677,-73.599292,Rosemont-La Petite-Patrie,Entire home/apt,111.0,31
45.45162963867188,-73.58242797851562,Verdun,Entire home/apt,82.0,31
45.547654,-73.5772789,Rosemont-La Petite-Patrie,Entire home/apt,60.0,31
45.52777862548828,-73.58380126953125,Le Plateau-Mont-Royal,Entire home/apt,113.0,31
45.49614,-73.57044,Ville-Marie,Entire home/apt,103.0,31
45.55189895629883,-73.602294921875,Villeray-Saint-Michel-Parc-Extension,Entire home/apt,119.0,31
45.53736,-73.55263,Ville-Marie,Entire home/apt,50.0,31
45.52224,-73.56754,Le Plateau-Mont-Royal,Entire home/apt,200.0,31
45.57251,-73.53065,Mercier-Hochelaga-Maisonneuve,Entire home/apt,70.0,32
45.46871,-73.61663,Côte-des-Neiges-Notre-Dame-de-Grâce,Entire home/apt,195.0,32
45.52937,-73.57352,Le Plateau-Mont-Royal,Entire home/apt,148.0,60
45.50995,-73.67199,Saint-Laurent,Entire home/apt,135.0,3
45.59536,-73.51469,Mercier-Hochelaga-Maisonneuve,Entire home/apt,83.0,33
45.5424,-73.58924,Rosemont-La Petite-Patrie,Entire home/apt,130.0,32
45.5453,-73.54895,Mercier-Hochelaga-Maisonneuve,Entire home/apt,186.0,2
45.52123,-73.57748,Le Plateau-Mont-Royal,Entire home/apt,460.0,2
45.51627,-73.55825,Ville-Marie,Entire home/apt,399.0,31
45.49439,-73.61022,Côte-des-Neiges-Notre-Dame-de-Grâce,Entire home/apt,117.0,1
45.43969,-73.66588,Lachine,Entire home/apt,76.0,31
45.4525,-73.59956,Le Sud-Ouest,Entire home/apt,50.0,31
45.51747,-73.57282,Le Plateau-Mont-Royal,Entire home/apt,120.0,31
45.44324,-73.67908,Lachine,Entire home/apt,85.0,32
45.53773,-73.60438,Rosemont-La Petite-Patrie,Entire home/apt,67.0,31
45.50357,-73.55734,Ville-Marie,Entire home/apt,457.0,31
45.53226,-73.61216,Rosemont-La Petite-Patrie,Entire home/apt,642.0,31
45.60677,-73.54559,Anjou,Entire home/apt,60.0,31
45.59508,-73.54902,Anjou,Entire home/apt,50.0,90
45.54689,-73.626213,Villeray-Saint-Michel-Parc-Extension,Entire home/apt,149.0,2
45.54689025878906,-73.62621307373047,Villeray-Saint-Michel-Parc-Extension,Entire home/apt,149.0,2
45.54658,-73.62711,Villeray-Saint-Michel-Parc-Extension,Entire home/apt,164.0,1
45.54689025878906,-73.62621307373047,Villeray-Saint-Michel-Parc-Extension,Entire home/apt,115.0,2
45.53602,-73.60375,Rosemont-La Petite-Patrie,Entire home/apt,95.0,31
45.54751,-73.55249,Mercier-Hochelaga-Maisonneuve,Entire home/apt,110.0,31
45.529072,-73.579018,Le Plateau-Mont-Royal,Entire home/apt,267.0,2
45.47169,-73.6653,Côte-Saint-Luc,Entire home/apt,165.0,2
45.57973,-73.55751,Mercier-Hochelaga-Maisonneuve,Entire home/apt,99.0,3
45.49828,-73.55727,Ville-Marie,Entire home/apt,181.0,2
45.51317,-73.55857,Ville-Marie,Entire home/apt,63.0,31
45.48267,-73.58275,Le Sud-Ouest,Entire home/apt,90.0,32
45.54019,-73.61201,Rosemont-La Petite-Patrie,Entire home/apt,133.0,31
45.52161,-73.60134,Le Plateau-Mont-Royal,Entire home/apt,260.0,2
45.59503,-73.58354,Saint-Léonard,Entire home/apt,99.0,2
45.51693,-73.68912,Saint-Laurent,Entire home/apt,150.0,32
45.48711,-73.58621,Westmount,Entire home/apt,182.0,2
45.48577,-73.62988,Côte-des-Neiges-Notre-Dame-de-Grâce,Entire home/apt,107.0,32
45.49566,-73.58126,Ville-Marie,Entire home/apt,272.0,2
45.51472,-73.57236,Le Plateau-Mont-Royal,Entire home/apt,224.0,31
45.53661,-73.558464,Ville-Marie,Entire home/apt,80.0,31
45.49357,-73.62562,Côte-des-Neiges-Notre-Dame-de-Grâce,Entire home/apt,234.0,32
45.53106,-73.58404,Le Plateau-Mont-Royal,Entire home/apt,175.0,31
45.52428,-73.59331,Le Plateau-Mont-Royal,Entire home/apt,80.0,32
45.47060170313845,-73.64182909804352,Côte-des-Neiges-Notre-Dame-de-Grâce,Entire home/apt,61.0,4
45.52301,-73.60793,Outremont,Entire home/apt,1400.0,60
45.49549866,-73.60919952,Côte-des-Neiges-Notre-Dame-de-Grâce,Entire home/apt,122.0,3
45.47376,-73.58685,Le Sud-Ouest,Entire home/apt,65.0,31
45.51993,-73.56708,Le Plateau-Mont-Royal,Entire home/apt,250.0,31
45.51957,-73.56754,Le Plateau-Mont-Royal,Entire home/apt,200.0,31
45.52845,-73.6116,Rosemont-La Petite-Patrie,Entire home/apt,497.0,31
45.54688,-73.58971,Rosemont-La Petite-Patrie,Entire home/apt,95.0,31
45.50678,-73.55484,Ville-Marie,Entire home/apt,470.0,31
45.53588,-73.55852,Ville-Marie,Entire home/apt,274.0,2
45.5102,-73.62719,Côte-des-Neiges-Notre-Dame-de-Grâce,Entire home/apt,68.0,31
45.64048,-73.49402,Rivière-des-Prairies-Pointe-aux-Trembles,Entire home/apt,105.0,31
45.4329,-73.62586,LaSalle,Entire home/apt,160.0,31
45.53261,-73.59199,Le Plateau-Mont-Royal,Entire home/apt,80.0,150
45.44035,-73.74621,Dorval,Entire home/apt,59.0,180
45.51981,-73.56689,Le Plateau-Mont-Royal,Entire home/apt,495.0,31
45.51281,-73.57024,Le Plateau-Mont-Royal,Entire home/apt,115.0,31
45.52016,-73.55187,Ville-Marie,Entire home/apt,87.0,32
45.54731,-73.63326,Villeray-Saint-Michel-Parc-Extension,Entire home/apt,88.0,1
45.45393,-73.583,Le Sud-Ouest,Entire home/apt,160.0,31
45.49473625686195,-73.61003214416918,Côte-des-Neiges-Notre-Dame-de-Grâce,Entire home/apt,137.0,1
45.48165,-73.58128,Le Sud-Ouest,Entire home/apt,100.0,32
45.52539,-73.60747,Le Plateau-Mont-Royal,Entire home/apt,164.0,31
45.56368,-73.66316,Ahuntsic-Cartierville,Entire home/apt,160.0,1
45.48776,-73.5675,Le Sud-Ouest,Entire home/apt,298.0,1
45.51423,-73.57299,Le Plateau-Mont-Royal,Entire home/apt,257.0,31
45.51423,-73.57299,Le Plateau-Mont-Royal,Entire home/apt,355.0,31
45.48865509033203,-73.56739807128906,Le Sud-Ouest,Entire home/apt,404.0,1
45.517876118762025,-73.59433579444884,Le Plateau-Mont-Royal,Entire home/apt,120.0,31
45.48969,-73.56834,Le Sud-Ouest,Entire home/apt,405.0,1
45.48865509033203,-73.56739807128906,Le Sud-Ouest,Entire home/apt,288.0,1
45.48865509033203,-73.56739807128906,Le Sud-Ouest,Entire home/apt,297.0,1
45.51825,-73.57101,Le Plateau-Mont-Royal,Entire home/apt,214.0,31
45.51825,-73.57101,Le Plateau-Mont-Royal,Entire home/apt,218.0,31
45.51803207397461,-73.55796813964844,Ville-Marie,Entire home/apt,126.0,31
45.53166,-73.60956,Rosemont-La Petite-Patrie,Entire home/apt,273.0,2
45.5963,-73.51192,Mercier-Hochelaga-Maisonneuve,Entire home/apt,55.0,31
45.49691,-73.63175,Côte-des-Neiges-Notre-Dame-de-Grâce,Entire home/apt,121.0,31
45.45755,-73.5977,Le Sud-Ouest,Entire home/apt,126.0,32
45.51973,-73.55478,Ville-Marie,Entire home/apt,110.0,31
45.50678,-73.68698,Saint-Laurent,Entire home/apt,140.0,31
45.53835,-73.61142,Rosemont-La Petite-Patrie,Entire home/apt,235.0,32
45.49254,-73.55907,Le Sud-Ouest,Entire home/apt,80.0,31
45.52262,-73.59623,Le Plateau-Mont-Royal,Entire home/apt,54.0,180
45.53439,-73.59676,Rosemont-La Petite-Patrie,Entire home/apt,179.0,2
45.50562,-73.56871,Ville-Marie,Entire home/apt,125.0,60
45.51557019165643,-73.57081096619368,Le Plateau-Mont-Royal,Entire home/apt,52.0,31
45.52795,-73.60286,Le Plateau-Mont-Royal,Entire home/apt,176.0,31
45.48487,-73.59844,Westmount,Entire home/apt,214.0,3
45.5222,-73.61499,Outremont,Entire home/apt,121.0,31
45.51584,-73.5569,Ville-Marie,Entire home/apt,103.0,180
45.55179,-73.57792,Rosemont-La Petite-Patrie,Entire home/apt,91.0,31
45.51719,-73.58115,Le Plateau-Mont-Royal,Entire home/apt,337.0,2
45.51852,-73.56642,Ville-Marie,Entire home/apt,155.0,31
45.46429,-73.64163,Côte-des-Neiges-Notre-Dame-de-Grâce,Entire home/apt,50.0,32
45.473085929995655,-73.6416293597882,Côte-des-Neiges-Notre-Dame-de-Grâce,Entire home/apt,87.0,4
45.470805805510125,-73.64323589086406,Côte-des-Neiges-Notre-Dame-de-Grâce,Entire home/apt,71.0,4
45.50431,-73.55518,Ville-Marie,Entire home/apt,674.0,1
45.52695,-73.58597,Le Plateau-Mont-Royal,Entire home/apt,157.0,2
45.49491,-73.57972,Ville-Marie,Entire home/apt,258.0,1
45.4792,-73.5687,Le Sud-Ouest,Entire home/apt,236.0,1
45.49491,-73.57972,Ville-Marie,Entire home/apt,258.0,1
45.479198,-73.568695,Le Sud-Ouest,Entire home/apt,246.0,1
45.47961,-73.56788,Le Sud-Ouest,Entire home/apt,303.0,1
45.46489,-73.57406,Verdun,Entire home/apt,44.0,31
45.47855,-73.56773,Le Sud-Ouest,Entire home/apt,236.0,1
45.49491,-73.57972,Ville-Marie,Entire home/apt,258.0,1
45.49491,-73.57971,Ville-Marie,Entire home/apt,258.0,1
45.49386,-73.58038,Ville-Marie,Entire home/apt,258.0,1
45.49491,-73.57971,Ville-Marie,Entire home/apt,258.0,1
45.49416,-73.58057,Ville-Marie,Entire home/apt,258.0,1
45.49546,-73.57893,Ville-Marie,Entire home/apt,258.0,1
45.49491,-73.57971,Ville-Marie,Entire home/apt,258.0,1
45.49491,-73.57971,Ville-Marie,Entire home/apt,258.0,1
45.49409,-73.57887,Ville-Marie,Entire home/apt,258.0,1
45.49975,-73.57355,Ville-Marie,Entire home/apt,681.0,1
45.49491,-73.57971,Ville-Marie,Entire home/apt,258.0,1
45.49888,-73.57405,Ville-Marie,Entire home/apt,681.0,1
45.49883,-73.57436,Ville-Marie,Entire home/apt,681.0,1
45.49491,-73.57971,Ville-Marie,Entire home/apt,258.0,1
45.49491,-73.57971,Ville-Marie,Entire home/apt,258.0,1
45.42775,-73.83467,Beaconsfield,Entire home/apt,85.0,32
45.59551,-73.54855,Anjou,Entire home/apt,70.0,90
45.5558,-73.6467,Ahuntsic-Cartierville,Entire home/apt,77.0,32
45.49220275878906,-73.62847900390625,Côte-des-Neiges-Notre-Dame-de-Grâce,Entire home/apt,90.0,32
45.54354,-73.55586,Mercier-Hochelaga-Maisonneuve,Entire home/apt,73.0,32
45.49491,-73.57971,Ville-Marie,Entire home/apt,258.0,1
45.4958,-73.57958,Ville-Marie,Entire home/apt,258.0,1
45.49366,-73.57881,Ville-Marie,Entire home/apt,258.0,1
45.49429,-73.57902,Ville-Marie,Entire home/apt,258.0,1
45.49574,-73.58079,Ville-Marie,Entire home/apt,258.0,1
45.52153434279413,-73.58068821576268,Le Plateau-Mont-Royal,Entire home/apt,274.0,3
45.57052,-73.54124,Mercier-Hochelaga-Maisonneuve,Entire home/apt,92.0,31
45.5143703,-73.5718405,Le Plateau-Mont-Royal,Entire home/apt,329.0,2
45.4954556,-73.5756573,Ville-Marie,Entire home/apt,676.0,2
45.49486,-73.56772,Ville-Marie,Entire home/apt,150.0,31
45.49408170343288,-73.55575392586512,Le Sud-Ouest,Entire home/apt,150.0,31
45.5939,-73.62837,Montréal-Nord,Entire home/apt,75.0,31
45.52227,-73.57965,Le Plateau-Mont-Royal,Entire home/apt,305.0,3
45.5143703,-73.5718405,Le Plateau-Mont-Royal,Entire home/apt,249.0,2
45.55584,-73.64445,Ahuntsic-Cartierville,Entire home/apt,77.0,32
45.55063,-73.54016,Mercier-Hochelaga-Maisonneuve,Entire home/apt,68.0,31
45.51264,-73.57133,Le Plateau-Mont-Royal,Entire home/apt,142.0,31
45.51236,-73.57076,Le Plateau-Mont-Royal,Entire home/apt,420.0,31
45.55025514066571,-73.67831052857446,Ahuntsic-Cartierville,Entire home/apt,207.0,3
45.54906440000001,-73.6770541,Ahuntsic-Cartierville,Entire home/apt,91.0,31
45.48229778368077,-73.62602580428658,Côte-des-Neiges-Notre-Dame-de-Grâce,Entire home/apt,55.0,31
45.51835,-73.55611,Ville-Marie,Entire home/apt,79.0,31
45.5494,-73.54851,Mercier-Hochelaga-Maisonneuve,Entire home/apt,168.0,31
45.56903,-73.5817,Rosemont-La Petite-Patrie,Entire home/apt,62.0,31
45.52038,-73.58008,Le Plateau-Mont-Royal,Entire home/apt,140.0,31
45.50435,-73.55787,Ville-Marie,Entire home/apt,360.0,31
45.48247,-73.58494,Westmount,Entire home/apt,90.0,32
45.53478,-73.56251,Le Plateau-Mont-Royal,Entire home/apt,78.0,31
45.59716,-73.54939,Anjou,Entire home/apt,102.0,31
45.53409322861062,-73.56459576343974,Le Plateau-Mont-Royal,Entire home/apt,50.0,31
45.52489,-73.62462,Villeray-Saint-Michel-Parc-Extension,Entire home/apt,68.0,31
45.50962,-73.56052,Ville-Marie,Entire home/apt,80.0,31
45.51638,-73.57968,Le Plateau-Mont-Royal,Entire home/apt,885.0,1
45.52156,-73.58177,Le Plateau-Mont-Royal,Entire home/apt,310.0,1
45.49996,-73.58063,Ville-Marie,Entire home/apt,300.0,60
45.51627,-73.58171,Le Plateau-Mont-Royal,Entire home/apt,471.0,1
45.51603,-73.57972,Le Plateau-Mont-Royal,Entire home/apt,471.0,1
45.49888,-73.56926,Ville-Marie,Entire home/apt,400.0,32
45.57453,-73.57256,Rosemont-La Petite-Patrie,Entire home/apt,90.0,31
45.5748,-73.58915,Saint-Léonard,Entire home/apt,112.0,1
45.51473,-73.57484,Le Plateau-Mont-Royal,Entire home/apt,210.0,60
45.51868,-73.59758,Outremont,Entire home/apt,168.0,31
45.518192291259766,-73.56520080566406,Ville-Marie,Entire home/apt,267.0,2
45.45108,-73.58305,Verdun,Entire home/apt,50.0,60
45.49537,-73.56811,Ville-Marie,Entire home/apt,80.0,31
45.5544266,-73.6605549,Ahuntsic-Cartierville,Entire home/apt,75.0,1
45.52078,-73.57791,Le Plateau-Mont-Royal,Entire home/apt,150.0,31
45.54169,-73.63229,Villeray-Saint-Michel-Parc-Extension,Entire home/apt,139.0,32
45.55174,-73.57795,Rosemont-La Petite-Patrie,Entire home/apt,39.0,31
45.54016,-73.63534,Villeray-Saint-Michel-Parc-Extension,Entire home/apt,159.0,32
45.51172,-73.57028,Le Plateau-Mont-Royal,Entire home/apt,363.0,31
45.50332,-73.55803,Ville-Marie,Entire home/apt,158.0,31
45.518192291259766,-73.56520080566406,Ville-Marie,Entire home/apt,219.0,31
45.53724,-73.61507,Rosemont-La Petite-Patrie,Entire home/apt,110.0,32
45.53524,-73.55701,Ville-Marie,Entire home/apt,43.0,90
45.53561,-73.6049,Rosemont-La Petite-Patrie,Entire home/apt,125.0,31
45.69995,-73.48163,Rivière-des-Prairies-Pointe-aux-Trembles,Entire home/apt,125.0,31
45.56185,-73.66305,Ahuntsic-Cartierville,Entire home/apt,102.0,1
45.60754,-73.63361,Montréal-Nord,Entire home/apt,80.0,1
45.5882,-73.58057,Saint-Léonard,Entire home/apt,84.0,31
45.49288,-73.57452,Ville-Marie,Entire home/apt,80.0,32
45.46433,-73.64121,Côte-des-Neiges-Notre-Dame-de-Grâce,Entire home/apt,60.0,31
45.4954981,-73.568855,Ville-Marie,Entire home/apt,137.0,31
45.50484,-73.68649,Saint-Laurent,Entire home/apt,140.0,31
45.44547,-73.65398,Lachine,Entire home/apt,119.0,3
45.5362,-73.60838,Rosemont-La Petite-Patrie,Entire home/apt,150.0,31
45.52251,-73.58299,Le Plateau-Mont-Royal,Entire home/apt,143.0,6
45.49607,-73.5671,Ville-Marie,Entire home/apt,106.0,31
45.5006,-73.57251,Ville-Marie,Entire home/apt,2000.0,1
45.499748,-73.573547,Ville-Marie,Entire home/apt,2000.0,1
45.52983,-73.55464,Ville-Marie,Entire home/apt,144.0,32
45.52976,-73.55264,Ville-Marie,Entire home/apt,119.0,32
45.52265,-73.57796,Le Plateau-Mont-Royal,Entire home/apt,116.0,31
45.43391,-73.6439,LaSalle,Entire home/apt,151.0,31
45.5248,-73.58217,Le Plateau-Mont-Royal,Entire home/apt,178.0,5
45.529114,-73.578743,Le Plateau-Mont-Royal,Entire home/apt,133.0,2
45.49456,-73.5676,Ville-Marie,Entire home/apt,100.0,32
45.539227,-73.612442,Rosemont-La Petite-Patrie,Entire home/apt,153.0,31
45.49558258,-73.6102829,Côte-des-Neiges-Notre-Dame-de-Grâce,Entire home/apt,100.0,1
45.54011,-73.61147,Rosemont-La Petite-Patrie,Entire home/apt,137.0,1
45.54125,-73.61123,Rosemont-La Petite-Patrie,Entire home/apt,123.0,1
45.54105,-73.61143,Rosemont-La Petite-Patrie,Entire home/apt,129.0,1
45.49566890000001,-73.56810349999999,Ville-Marie,Entire home/apt,158.0,31
45.5189,-73.60853,Outremont,Entire home/apt,261.0,31
45.49095,-73.58079,Ville-Marie,Entire home/apt,110.0,1
45.495,-73.58273,Ville-Marie,Entire home/apt,257.0,2
45.49582,-73.58191,Ville-Marie,Entire home/apt,128.0,2
45.52363,-73.59139,Le Plateau-Mont-Royal,Entire home/apt,196.0,31
45.49653,-73.57211,Ville-Marie,Entire home/apt,65.0,183
45.50943,-73.57176,Le Plateau-Mont-Royal,Entire home/apt,81.0,31
45.49575,-73.57896,Ville-Marie,Entire home/apt,258.0,1
45.52326,-73.59129,Le Plateau-Mont-Royal,Entire home/apt,195.0,31
45.52143,-73.59152,Le Plateau-Mont-Royal,Entire home/apt,177.0,31
45.52141,-73.59296,Le Plateau-Mont-Royal,Entire home/apt,175.0,31
45.52368,-73.59148,Le Plateau-Mont-Royal,Entire home/apt,225.0,31
45.52134,-73.59133,Le Plateau-Mont-Royal,Entire home/apt,185.0,31
45.52151,-73.5914,Le Plateau-Mont-Royal,Entire home/apt,193.0,31
45.5219,-73.5909,Le Plateau-Mont-Royal,Entire home/apt,177.0,31
45.4796,-73.5845,Le Sud-Ouest,Entire home/apt,201.0,14
45.53559,-73.57321,Le Plateau-Mont-Royal,Entire home/apt,142.0,31
45.49048,-73.64589,Côte-des-Neiges-Notre-Dame-de-Grâce,Entire home/apt,114.0,31
45.53163,-73.61254,Rosemont-La Petite-Patrie,Entire home/apt,139.0,2
45.53254,-73.61438,Rosemont-La Petite-Patrie,Entire home/apt,131.0,2
45.53312,-73.61285,Rosemont-La Petite-Patrie,Entire home/apt,154.0,2
45.53142,-73.61444,Rosemont-La Petite-Patrie,Entire home/apt,158.0,2
45.53165,-73.6124,Rosemont-La Petite-Patrie,Entire home/apt,135.0,2
45.53249,-73.6144,Rosemont-La Petite-Patrie,Entire home/apt,134.0,2
45.53122,-73.61427,Rosemont-La Petite-Patrie,Entire home/apt,150.0,2
45.53185,-73.61421,Rosemont-La Petite-Patrie,Entire home/apt,154.0,2
45.56017,-73.66715,Ahuntsic-Cartierville,Entire home/apt,154.0,2
45.61576,-73.5528,Anjou,Entire home/apt,210.0,31
45.47606,-73.82681,Dollard-des-Ormeaux,Entire home/apt,285.0,2
45.45478,-73.5663,Verdun,Entire home/apt,81.0,31
45.49203,-73.5757,Ville-Marie,Entire home/apt,94.0,31
45.5143703,-73.5718405,Le Plateau-Mont-Royal,Entire home/apt,328.0,2
45.483,-73.56661,Le Sud-Ouest,Entire home/apt,98.0,31
45.55817,-73.66507,Ahuntsic-Cartierville,Entire home/apt,141.0,2
45.52547,-73.55092,Ville-Marie,Entire home/apt,155.0,31
45.46243,-73.66016,Côte-Saint-Luc,Entire home/apt,96.0,2
45.49667,-73.56911,Ville-Marie,Entire home/apt,350.0,35
45.49528,-73.56722,Ville-Marie,Entire home/apt,68.0,32
45.53328,-73.61247,Rosemont-La Petite-Patrie,Entire home/apt,132.0,2
45.53314,-73.61258,Rosemont-La Petite-Patrie,Entire home/apt,175.0,2
45.53325,-73.61363,Rosemont-La Petite-Patrie,Entire home/apt,144.0,2
45.53292,-73.61407,Rosemont-La Petite-Patrie,Entire home/apt,141.0,2
45.53145,-73.61439,Rosemont-La Petite-Patrie,Entire home/apt,145.0,2
45.53192,-73.6142,Rosemont-La Petite-Patrie,Entire home/apt,141.0,2
45.58033012283874,-73.52041053717653,Mercier-Hochelaga-Maisonneuve,Entire home/apt,65.0,31
45.5331,-73.61387,Rosemont-La Petite-Patrie,Entire home/apt,138.0,2
45.5315,-73.61235,Rosemont-La Petite-Patrie,Entire home/apt,139.0,2
45.50317464680732,-73.56676529051356,Ville-Marie,Entire home/apt,187.0,1
45.52668,-73.58453,Le Plateau-Mont-Royal,Entire home/apt,255.0,31
45.43765,-73.73893,Dorval,Entire home/apt,50.0,180
45.56359,-73.60797,Villeray-Saint-Michel-Parc-Extension,Entire home/apt,160.0,31
45.50313,-73.56314,Ville-Marie,Entire home/apt,86.0,31
45.51553,-73.57689,Le Plateau-Mont-Royal,Entire home/apt,1299.0,1
45.53069686889648,-73.55500793457031,Ville-Marie,Entire home/apt,68.0,32
45.5163,-73.57891,Le Plateau-Mont-Royal,Entire home/apt,885.0,1
45.53048,-73.55596,Ville-Marie,Entire home/apt,90.0,32
45.53352,-73.70216,Ahuntsic-Cartierville,Entire home/apt,54.0,32
45.58706,-73.56512,Saint-Léonard,Entire home/apt,90.0,32
45.51193,-73.54987,Ville-Marie,Entire home/apt,100.0,31
45.49484,-73.56876,Ville-Marie,Entire home/apt,149.0,120
45.48556,-73.63096,Côte-des-Neiges-Notre-Dame-de-Grâce,Entire home/apt,83.0,32
45.59853,-73.53118,Mercier-Hochelaga-Maisonneuve,Entire home/apt,99.0,1
45.41928,-73.64459,LaSalle,Entire home/apt,78.0,31
45.57373,-73.5467,Mercier-Hochelaga-Maisonneuve,Entire home/apt,104.0,2
45.55104,-73.53195,Mercier-Hochelaga-Maisonneuve,Entire home/apt,61.0,2
45.50222,-73.56416,Ville-Marie,Entire home/apt,80.0,31
45.53073,-73.57409,Le Plateau-Mont-Royal,Entire home/apt,110.0,31
45.53347,-73.61422,Rosemont-La Petite-Patrie,Entire home/apt,1186.0,31
45.53988,-73.62148,Villeray-Saint-Michel-Parc-Extension,Entire home/apt,450.0,2
45.4991000189718,-73.56019675274202,Ville-Marie,Entire home/apt,278.0,1
45.51885,-73.60866,Outremont,Entire home/apt,435.0,31
45.51929,-73.57524,Le Plateau-Mont-Royal,Entire home/apt,70.0,31
45.51307,-73.56665,Ville-Marie,Entire home/apt,567.0,31
45.57267,-73.54804,Mercier-Hochelaga-Maisonneuve,Entire home/apt,43.0,45
45.51305,-73.56665,Ville-Marie,Entire home/apt,314.0,31
45.54775,-73.54803,Mercier-Hochelaga-Maisonneuve,Entire home/apt,522.0,31
45.45584,-73.59329,Le Sud-Ouest,Entire home/apt,151.0,31
45.49487,-73.56864,Ville-Marie,Entire home/apt,87.0,32
45.49689,-73.56854,Ville-Marie,Entire home/apt,125.0,32
45.54026,-73.54,Mercier-Hochelaga-Maisonneuve,Entire home/apt,240.0,39
45.49535,-73.56731,Ville-Marie,Entire home/apt,90.0,31
45.47793,-73.58907,Le Sud-Ouest,Entire home/apt,95.0,31
45.50666037093686,-73.55259989721188,Ville-Marie,Entire home/apt,171.0,31
45.51696395874024,-73.57991027832031,Le Plateau-Mont-Royal,Entire home/apt,250.0,31
45.521076,-73.557976,Ville-Marie,Entire home/apt,63.0,32
45.49523,-73.56713,Ville-Marie,Entire home/apt,95.0,32
45.49048,-73.57918,Ville-Marie,Entire home/apt,415.0,32
45.49692060868832,-73.5796352414575,Ville-Marie,Entire home/apt,441.0,2
45.49678,-73.56929,Ville-Marie,Entire home/apt,74.0,31
45.49549,-73.5671,Ville-Marie,Entire home/apt,160.0,31
45.49654,-73.56886,Ville-Marie,Entire home/apt,89.0,32
45.4958117,-73.567656,Ville-Marie,Entire home/apt,79.0,31
45.50528,-73.56276,Ville-Marie,Entire home/apt,117.0,33
45.53041,-73.56466,Le Plateau-Mont-Royal,Entire home/apt,333.0,31
45.52504,-73.67622,Saint-Laurent,Entire home/apt,140.0,2
45.51501,-73.57711,Le Plateau-Mont-Royal,Entire home/apt,568.0,1
45.59658,-73.58369,Saint-Léonard,Entire home/apt,50.0,31
45.5044,-73.55721,Ville-Marie,Entire home/apt,1344.0,3
45.49815,-73.57538,Ville-Marie,Entire home/apt,65.0,31
45.52497,-73.59617,Le Plateau-Mont-Royal,Entire home/apt,168.0,31
45.50449,-73.5585,Ville-Marie,Entire home/apt,739.0,2
45.49822,-73.57984,Ville-Marie,Entire home/apt,170.0,31
45.49674,-73.56887,Ville-Marie,Entire home/apt,65.0,32
45.59929,-73.51714,Mercier-Hochelaga-Maisonneuve,Entire home/apt,68.0,31
45.48016,-73.55882,Le Sud-Ouest,Entire home/apt,226.0,3
45.53162,-73.62003,Rosemont-La Petite-Patrie,Entire home/apt,72.0,90
45.52832,-73.56578,Le Plateau-Mont-Royal,Entire home/apt,70.0,365
45.58766,-73.57995,Saint-Léonard,Entire home/apt,181.0,2
45.54307,-73.64912,Ahuntsic-Cartierville,Entire home/apt,55.0,31
45.43607,-73.67979,Lachine,Entire home/apt,99.0,3
45.49689,-73.56753,Ville-Marie,Entire home/apt,95.0,32
45.59515,-73.51249,Mercier-Hochelaga-Maisonneuve,Entire home/apt,69.0,31
45.54505,-73.59835,Rosemont-La Petite-Patrie,Entire home/apt,275.0,1
45.4948,-73.56009,Le Sud-Ouest,Entire home/apt,76.0,90
45.55772,-73.66364,Ahuntsic-Cartierville,Entire home/apt,38.0,32
45.47871,-73.61719,Côte-des-Neiges-Notre-Dame-de-Grâce,Entire home/apt,123.0,31
45.46475,-73.61632,Côte-des-Neiges-Notre-Dame-de-Grâce,Entire home/apt,134.0,1
45.49458,-73.56764,Ville-Marie,Entire home/apt,112.0,32
45.50097,-73.5609,Ville-Marie,Entire home/apt,215.0,31
45.50474,-73.61974,Côte-des-Neiges-Notre-Dame-de-Grâce,Entire home/apt,198.0,31
45.4955368,-73.60923004,Côte-des-Neiges-Notre-Dame-de-Grâce,Entire home/apt,94.0,1
45.557625,-73.569603,Rosemont-La Petite-Patrie,Entire home/apt,95.0,32
45.46475,-73.61632,Côte-des-Neiges-Notre-Dame-de-Grâce,Entire home/apt,134.0,1
45.55477,-73.61262,Villeray-Saint-Michel-Parc-Extension,Entire home/apt,206.0,32
45.68746,-73.50302,Rivière-des-Prairies-Pointe-aux-Trembles,Entire home/apt,93.0,7
45.54362,-73.61199,Villeray-Saint-Michel-Parc-Extension,Entire home/apt,120.0,100
45.52847,-73.57889,Le Plateau-Mont-Royal,Entire home/apt,121.0,31
45.49489,-73.56851,Ville-Marie,Entire home/apt,98.0,31
45.541534423828125,-73.58817291259766,Rosemont-La Petite-Patrie,Entire home/apt,120.0,365
45.57121,-73.57456,Rosemont-La Petite-Patrie,Entire home/apt,62.0,31
45.557613,-73.569717,Rosemont-La Petite-Patrie,Entire home/apt,56.0,32
45.49298,-73.55985,Le Sud-Ouest,Entire home/apt,91.0,120
45.50372,-73.55693,Ville-Marie,Entire home/apt,739.0,2
45.46475,-73.61632,Côte-des-Neiges-Notre-Dame-de-Grâce,Entire home/apt,163.0,1
45.49561,-73.56675,Ville-Marie,Entire home/apt,90.0,32
45.50258,-73.55881,Ville-Marie,Entire home/apt,440.0,2
45.50437,-73.55736,Ville-Marie,Entire home/apt,363.0,2
45.464745,-73.616318,Côte-des-Neiges-Notre-Dame-de-Grâce,Entire home/apt,111.0,1
45.46475,-73.61632,Côte-des-Neiges-Notre-Dame-de-Grâce,Entire home/apt,112.0,1
45.46475,-73.61632,Côte-des-Neiges-Notre-Dame-de-Grâce,Entire home/apt,111.0,1
45.46475,-73.61632,Côte-des-Neiges-Notre-Dame-de-Grâce,Entire home/apt,134.0,1
45.50468,-73.55862,Ville-Marie,Entire home/apt,373.0,2
45.43158,-73.85839,Beaconsfield,Entire home/apt,110.0,32
45.52787,-73.5807,Le Plateau-Mont-Royal,Entire home/apt,532.0,3
45.48297,-73.63258,Côte-des-Neiges-Notre-Dame-de-Grâce,Entire home/apt,142.0,32
45.51928,-73.56551,Ville-Marie,Entire home/apt,288.0,31
45.557594,-73.569633,Rosemont-La Petite-Patrie,Entire home/apt,50.0,32
45.52682,-73.58328,Le Plateau-Mont-Royal,Entire home/apt,140.0,31
45.46118,-73.57564,Verdun,Entire home/apt,39.0,31
45.52397,-73.57926,Le Plateau-Mont-Royal,Entire home/apt,343.0,1
45.51262,-73.5615,Ville-Marie,Entire home/apt,104.0,31
45.51207,-73.56907,Ville-Marie,Entire home/apt,99.0,200
45.50085,-73.55793,Ville-Marie,Entire home/apt,619.0,1
45.50068,-73.55982,Ville-Marie,Entire home/apt,396.0,1
45.50054,-73.55802,Ville-Marie,Entire home/apt,344.0,1
45.50177,-73.55795,Ville-Marie,Entire home/apt,399.0,1
45.52235,-73.60145,Le Plateau-Mont-Royal,Entire home/apt,217.0,2
45.52419,-73.60191,Le Plateau-Mont-Royal,Entire home/apt,171.0,2
45.52442,-73.60101,Le Plateau-Mont-Royal,Entire home/apt,170.0,2
45.51274,-73.57342,Le Plateau-Mont-Royal,Entire home/apt,63.0,31
45.50965,-73.56181,Ville-Marie,Entire home/apt,86.0,31
45.50982,-73.5604,Ville-Marie,Entire home/apt,79.0,31
45.51275,-73.57428,Le Plateau-Mont-Royal,Entire home/apt,81.0,31
45.49144,-73.55832,Le Sud-Ouest,Entire home/apt,261.0,1
45.4957,-73.57283,Ville-Marie,Entire home/apt,111.0,31
45.52221,-73.59836,Le Plateau-Mont-Royal,Entire home/apt,271.0,31
45.52306,-73.60191,Le Plateau-Mont-Royal,Entire home/apt,192.0,2
45.49144,-73.55832,Le Sud-Ouest,Entire home/apt,274.0,1
45.49144,-73.55832,Le Sud-Ouest,Entire home/apt,300.0,1
45.52299,-73.6019,Le Plateau-Mont-Royal,Entire home/apt,235.0,2
45.52429,-73.60166,Le Plateau-Mont-Royal,Entire home/apt,222.0,2
45.52242,-73.60131,Le Plateau-Mont-Royal,Entire home/apt,285.0,2
45.45662,-73.5995,Le Sud-Ouest,Entire home/apt,72.0,31
45.45864,-73.60014,Le Sud-Ouest,Entire home/apt,53.0,31
45.45861,-73.60059,Le Sud-Ouest,Entire home/apt,58.0,31
45.49487,-73.5711,Ville-Marie,Entire home/apt,300.0,31
45.53512,-73.60322,Rosemont-La Petite-Patrie,Entire home/apt,271.0,2
45.53685,-73.60357,Rosemont-La Petite-Patrie,Entire home/apt,213.0,2
45.52354431152344,-73.58232116699219,Le Plateau-Mont-Royal,Entire home/apt,119.0,6
45.49064,-73.55748,Le Sud-Ouest,Entire home/apt,72.0,31
45.47032,-73.61236,Côte-des-Neiges-Notre-Dame-de-Grâce,Entire home/apt,80.0,34
45.48708,-73.57561,Le Sud-Ouest,Entire home/apt,150.0,45
45.52559,-73.55016,Ville-Marie,Entire home/apt,91.0,31
45.54544,-73.55563,Mercier-Hochelaga-Maisonneuve,Entire home/apt,124.0,118
45.50307,-73.56393,Ville-Marie,Entire home/apt,95.0,31
45.53729,-73.59395,Rosemont-La Petite-Patrie,Entire home/apt,285.0,31
45.54518,-73.54704,Mercier-Hochelaga-Maisonneuve,Entire home/apt,133.0,90
45.50278806365901,-73.55658223776179,Ville-Marie,Entire home/apt,119.0,31
45.55723,-73.57195,Rosemont-La Petite-Patrie,Entire home/apt,85.0,31
45.49477,-73.56895,Ville-Marie,Entire home/apt,85.0,32
45.49704,-73.56889,Ville-Marie,Entire home/apt,73.0,32
45.49595,-73.57484,Ville-Marie,Entire home/apt,105.0,31
45.53805,-73.61777,Villeray-Saint-Michel-Parc-Extension,Entire home/apt,97.0,61
45.52514,-73.58401,Le Plateau-Mont-Royal,Entire home/apt,187.0,2
45.52508,-73.58613,Le Plateau-Mont-Royal,Entire home/apt,283.0,31
45.48844,-73.64071,Côte-des-Neiges-Notre-Dame-de-Grâce,Entire home/apt,85.0,32
45.60772,-73.51474,Mercier-Hochelaga-Maisonneuve,Entire home/apt,126.0,31
45.49041,-73.62811,Côte-des-Neiges-Notre-Dame-de-Grâce,Entire home/apt,73.0,31
45.48034,-73.56458,Le Sud-Ouest,Entire home/apt,90.0,31
45.50036,-73.57361,Ville-Marie,Entire home/apt,250.0,31
45.49581,-73.57141,Ville-Marie,Entire home/apt,127.0,31
45.49718,-73.57729,Ville-Marie,Entire home/apt,161.0,1
45.5354,-73.6052,Rosemont-La Petite-Patrie,Entire home/apt,97.0,31
45.448578,-73.649445,Lachine,Entire home/apt,131.0,31
45.44853973388672,-73.64930725097656,Lachine,Entire home/apt,80.0,32
45.51418104603416,-73.55829328264664,Ville-Marie,Entire home/apt,60.0,31
45.52642,-73.67772,Saint-Laurent,Entire home/apt,177.0,2
45.5523031704604,-73.55297875334057,Mercier-Hochelaga-Maisonneuve,Entire home/apt,136.0,2
45.55048920837169,-73.55267945613527,Mercier-Hochelaga-Maisonneuve,Entire home/apt,117.0,2
45.46475,-73.61632,Côte-des-Neiges-Notre-Dame-de-Grâce,Entire home/apt,134.0,1
45.51021,-73.56025,Ville-Marie,Entire home/apt,85.0,31
45.50071,-73.56651,Ville-Marie,Entire home/apt,80.0,31
45.51156,-73.56188,Ville-Marie,Entire home/apt,85.0,31
45.46475,-73.61632,Côte-des-Neiges-Notre-Dame-de-Grâce,Entire home/apt,138.0,1
45.55368323392943,-73.53341235844573,Mercier-Hochelaga-Maisonneuve,Entire home/apt,280.0,31
45.5006,-73.57333,Ville-Marie,Entire home/apt,250.0,31
45.557594,-73.569633,Rosemont-La Petite-Patrie,Entire home/apt,48.0,32
45.51699,-73.57976,Le Plateau-Mont-Royal,Entire home/apt,123.0,2
45.53125,-73.60867,Rosemont-La Petite-Patrie,Entire home/apt,193.0,31
45.50769,-73.56964,Ville-Marie,Entire home/apt,110.0,31
45.51298860381615,-73.57037835283413,Le Plateau-Mont-Royal,Entire home/apt,118.0,2
45.50067901611328,-73.58033752441406,Ville-Marie,Entire home/apt,210.0,31
45.5217,-73.69392,Saint-Laurent,Entire home/apt,40.0,33
45.50445,-73.63173,Côte-des-Neiges-Notre-Dame-de-Grâce,Entire home/apt,250.0,3
45.51619,-73.5717,Le Plateau-Mont-Royal,Entire home/apt,226.0,31
45.49851,-73.68301,Saint-Laurent,Entire home/apt,49.0,32
45.49702,-73.56665,Ville-Marie,Entire home/apt,50.0,32
45.48483,-73.56395,Le Sud-Ouest,Entire home/apt,110.0,31
45.49816860986465,-73.57467265976898,Ville-Marie,Entire home/apt,102.0,120
45.52295,-73.58292,Le Plateau-Mont-Royal,Entire home/apt,677.0,1
45.52303,-73.58266,Le Plateau-Mont-Royal,Entire home/apt,160.0,1
45.52255,-73.58399,Le Plateau-Mont-Royal,Entire home/apt,218.0,1
45.52397,-73.58472,Le Plateau-Mont-Royal,Entire home/apt,234.0,1
45.52471,-73.58261,Le Plateau-Mont-Royal,Entire home/apt,351.0,1
45.52415,-73.58114,Le Plateau-Mont-Royal,Entire home/apt,153.0,31
45.59539,-73.51447,Mercier-Hochelaga-Maisonneuve,Entire home/apt,75.0,1
45.49381,-73.61334,Côte-des-Neiges-Notre-Dame-de-Grâce,Entire home/apt,60.0,365
45.46475,-73.61632,Côte-des-Neiges-Notre-Dame-de-Grâce,Entire home/apt,134.0,1
45.512127,-73.571205,Le Plateau-Mont-Royal,Entire home/apt,728.0,2
45.60011,-73.52037,Mercier-Hochelaga-Maisonneuve,Entire home/apt,58.0,31
45.46474456787109,-73.61631774902344,Côte-des-Neiges-Notre-Dame-de-Grâce,Entire home/apt,163.0,1
45.54986,-73.54819,Mercier-Hochelaga-Maisonneuve,Entire home/apt,155.0,31
45.49154,-73.55935,Le Sud-Ouest,Entire home/apt,90.0,90
45.49686,-73.57404,Ville-Marie,Entire home/apt,99.0,60
45.513348,-73.570999,Le Plateau-Mont-Royal,Entire home/apt,210.0,31
45.46475,-73.61632,Côte-des-Neiges-Notre-Dame-de-Grâce,Entire home/apt,181.0,1
45.4637451171875,-73.57359313964844,Verdun,Entire home/apt,140.0,31
45.49416,-73.5569,Le Sud-Ouest,Entire home/apt,107.0,90
45.5198,-73.5754,Le Plateau-Mont-Royal,Entire home/apt,104.0,31
45.58316,-73.57364,Saint-Léonard,Entire home/apt,62.0,31
45.51278,-73.57185,Le Plateau-Mont-Royal,Entire home/apt,161.0,2
45.44615,-73.60163,Le Sud-Ouest,Entire home/apt,281.0,1
45.50754894868771,-73.55467864844789,Ville-Marie,Entire home/apt,397.0,31
45.50384,-73.55566,Ville-Marie,Entire home/apt,318.0,90
45.49539,-73.5745,Ville-Marie,Entire home/apt,75.0,90
45.49682,-73.56814,Ville-Marie,Entire home/apt,85.0,31
45.50909911715301,-73.55864426556714,Ville-Marie,Entire home/apt,140.0,1
45.51104,-73.5697,Ville-Marie,Entire home/apt,70.0,180
45.51880180601927,-73.57374909515076,Le Plateau-Mont-Royal,Entire home/apt,299.0,2
45.57647,-73.63148,Villeray-Saint-Michel-Parc-Extension,Entire home/apt,65.0,31
45.49105,-73.58197,Ville-Marie,Entire home/apt,75.0,31
45.52448,-73.58567,Le Plateau-Mont-Royal,Entire home/apt,191.0,2
45.57276,-73.54193,Mercier-Hochelaga-Maisonneuve,Entire home/apt,64.0,31
45.52412001660442,-73.5836709861483,Le Plateau-Mont-Royal,Entire home/apt,244.0,2
45.53044,-73.55206,Ville-Marie,Entire home/apt,111.0,31
45.46802,-73.6179,Côte-des-Neiges-Notre-Dame-de-Grâce,Entire home/apt,190.0,2
45.54917,-73.54813,Mercier-Hochelaga-Maisonneuve,Entire home/apt,168.0,31
45.47377,-73.60625,Côte-des-Neiges-Notre-Dame-de-Grâce,Entire home/apt,240.0,31
45.50738,-73.55463,Ville-Marie,Entire home/apt,387.0,31
45.44501,-73.64637,Lachine,Entire home/apt,84.0,31
45.52826,-73.57563,Le Plateau-Mont-Royal,Entire home/apt,140.0,32
45.49627,-73.56691,Ville-Marie,Entire home/apt,65.0,32
45.51839,-73.58245,Le Plateau-Mont-Royal,Entire home/apt,96.0,31
45.45069,-73.59134,Le Sud-Ouest,Entire home/apt,85.0,31
45.51891,-73.58246,Le Plateau-Mont-Royal,Entire home/apt,149.0,31
45.5142,-73.57009,Le Plateau-Mont-Royal,Entire home/apt,111.0,31
45.49251,-73.55788,Le Sud-Ouest,Entire home/apt,246.0,1
45.50527,-73.56539,Ville-Marie,Entire home/apt,100.0,33
45.54015,-73.62924,Villeray-Saint-Michel-Parc-Extension,Entire home/apt,57.0,32
45.52433,-73.58594,Le Plateau-Mont-Royal,Entire home/apt,97.0,1
45.49476,-73.57107,Ville-Marie,Entire home/apt,114.0,31
45.54689025878906,-73.62621307373047,Villeray-Saint-Michel-Parc-Extension,Entire home/apt,105.0,2
45.51983,-73.58311,Le Plateau-Mont-Royal,Entire home/apt,258.0,31
45.521294,-73.555351,Ville-Marie,Entire home/apt,144.0,30
45.4927,-73.57031,Ville-Marie,Entire home/apt,260.0,60
45.56943,-73.57302,Rosemont-La Petite-Patrie,Entire home/apt,85.0,32
45.52203,-73.55295,Ville-Marie,Entire home/apt,79.0,182
45.52999,-73.57072,Le Plateau-Mont-Royal,Entire home/apt,58.0,31
45.45781,-73.59654,Le Sud-Ouest,Entire home/apt,86.0,32
45.46721,-73.62018,Côte-des-Neiges-Notre-Dame-de-Grâce,Entire home/apt,70.0,31
45.5296623,-73.5778806,Le Plateau-Mont-Royal,Entire home/apt,337.0,2
45.5252997644988,-73.58763430551767,Le Plateau-Mont-Royal,Entire home/apt,285.0,2
45.50149,-73.78477,Pierrefonds-Roxboro,Entire home/apt,104.0,120
45.5581,-73.63815,Ahuntsic-Cartierville,Entire home/apt,111.0,31
45.51167,-73.56025,Ville-Marie,Entire home/apt,85.0,31
45.4692,-73.63065,Côte-des-Neiges-Notre-Dame-de-Grâce,Entire home/apt,206.0,32
45.4786,-73.58145,Le Sud-Ouest,Entire home/apt,93.0,31
45.5076904296875,-73.56964111328125,Ville-Marie,Entire home/apt,507.0,31
45.521088,-73.557961,Ville-Marie,Entire home/apt,88.0,32
45.48797,-73.64094,Côte-des-Neiges-Notre-Dame-de-Grâce,Entire home/apt,70.0,32
45.45272,-73.595,Le Sud-Ouest,Entire home/apt,69.0,31
45.49568,-73.56856,Ville-Marie,Entire home/apt,140.0,364
45.50889,-73.57081,Ville-Marie,Entire home/apt,148.0,1
45.48209,-73.62962,Côte-des-Neiges-Notre-Dame-de-Grâce,Entire home/apt,97.0,32
45.50375,-73.56255,Ville-Marie,Entire home/apt,148.0,1
45.44166,-73.68249,Lachine,Entire home/apt,96.0,32
45.49277,-73.57431,Ville-Marie,Entire home/apt,131.0,31
45.49991,-73.57987,Ville-Marie,Entire home/apt,300.0,31
45.48917,-73.64577,Côte-des-Neiges-Notre-Dame-de-Grâce,Entire home/apt,86.0,31
45.49546,-73.56804,Ville-Marie,Entire home/apt,101.0,31
45.51283,-73.57062,Le Plateau-Mont-Royal,Entire home/apt,90.0,31
45.51494,-73.57011,Le Plateau-Mont-Royal,Entire home/apt,100.0,31
45.50674,-73.55234,Ville-Marie,Entire home/apt,95.0,183
45.5081,-73.55399,Ville-Marie,Entire home/apt,378.0,31
45.50755079132899,-73.5527801139899,Ville-Marie,Entire home/apt,335.0,1
45.50598005160275,-73.55443091441055,Ville-Marie,Entire home/apt,355.0,31
45.50741,-73.55465,Ville-Marie,Entire home/apt,344.0,1
45.50757,-73.55243,Ville-Marie,Entire home/apt,1074.0,3
45.52575,-73.57707,Le Plateau-Mont-Royal,Entire home/apt,99.0,31
45.46129,-73.57088,Verdun,Entire home/apt,111.0,31
45.58156,-73.57508,Saint-Léonard,Entire home/apt,90.0,32
45.47887,-73.58615,Le Sud-Ouest,Entire home/apt,72.0,31
45.47238,-73.59094,Le Sud-Ouest,Entire home/apt,79.0,31
45.47514,-73.89279,L'Île-Bizard-Sainte-Geneviève,Entire home/apt,145.0,31
45.51031,-73.56013,Ville-Marie,Entire home/apt,73.0,31
45.49484,-73.56724,Ville-Marie,Entire home/apt,115.0,31
45.47889,-73.58463,Le Sud-Ouest,Entire home/apt,70.0,31
45.48223,-73.55652,Le Sud-Ouest,Entire home/apt,59.0,31
45.47885,-73.58525,Le Sud-Ouest,Entire home/apt,60.0,31
45.48086,-73.55639,Le Sud-Ouest,Entire home/apt,80.0,31
45.47879,-73.5852,Le Sud-Ouest,Entire home/apt,87.0,31
45.45838,-73.59798,Le Sud-Ouest,Entire home/apt,152.0,31
45.53565,-73.60541,Rosemont-La Petite-Patrie,Entire home/apt,67.0,31
45.53838,-73.56501,Le Plateau-Mont-Royal,Entire home/apt,120.0,31
45.50622,-73.55293,Ville-Marie,Entire home/apt,403.0,1
45.53594,-73.60343,Rosemont-La Petite-Patrie,Entire home/apt,95.0,31
45.44739,-73.64022,Montréal-Ouest,Entire home/apt,138.0,2
45.4967,-73.57723,Ville-Marie,Entire home/apt,138.0,1
45.52788,-73.59231,Le Plateau-Mont-Royal,Entire home/apt,192.0,31
45.46607,-73.87459,Pierrefonds-Roxboro,Entire home/apt,131.0,31
45.55465,-73.58485,Rosemont-La Petite-Patrie,Entire home/apt,95.0,31
45.53626,-73.60409,Rosemont-La Petite-Patrie,Entire home/apt,135.0,31
45.49531,-73.56983,Ville-Marie,Entire home/apt,176.0,31
45.48187,-73.63795,Hampstead,Entire home/apt,138.0,32
45.51633774041144,-73.5658784565411,Ville-Marie,Entire home/apt,209.0,90
45.50387,-73.62964,Côte-des-Neiges-Notre-Dame-de-Grâce,Entire home/apt,240.0,31
45.50192211677854,-73.56280788473548,Ville-Marie,Entire home/apt,218.0,1
45.55087,-73.57719,Rosemont-La Petite-Patrie,Entire home/apt,60.0,31
45.49501,-73.56676,Ville-Marie,Entire home/apt,110.0,31
45.52489,-73.58308,Le Plateau-Mont-Royal,Entire home/apt,151.0,31
45.60796,-73.63286,Montréal-Nord,Entire home/apt,100.0,31
45.41604817362224,-73.62144588560103,LaSalle,Entire home/apt,385.0,3
45.49427,-73.56807,Ville-Marie,Entire home/apt,50.0,31
45.48233,-73.56586,Le Sud-Ouest,Entire home/apt,60.0,31
45.5962596395804,-73.51302609641188,Mercier-Hochelaga-Maisonneuve,Entire home/apt,87.0,33
45.52053093340052,-73.57767251698584,Le Plateau-Mont-Royal,Entire home/apt,140.0,2
45.52128724114296,-73.57918846464271,Le Plateau-Mont-Royal,Entire home/apt,161.0,2
45.52086386369408,-73.57717960963194,Le Plateau-Mont-Royal,Entire home/apt,146.0,2
45.52063725060034,-73.57910071168159,Le Plateau-Mont-Royal,Entire home/apt,142.0,2
45.52231493755773,-73.57911020577856,Le Plateau-Mont-Royal,Entire home/apt,220.0,2
45.48414,-73.56117,Le Sud-Ouest,Entire home/apt,176.0,2
45.51193,-73.55613,Ville-Marie,Entire home/apt,134.0,1
45.51174,-73.55612,Ville-Marie,Entire home/apt,179.0,1
45.51341,-73.55648,Ville-Marie,Entire home/apt,174.0,1
45.51155,-73.55684,Ville-Marie,Entire home/apt,225.0,1
45.51216,-73.5581,Ville-Marie,Entire home/apt,114.0,1
45.54671,-73.63971,Ahuntsic-Cartierville,Entire home/apt,198.0,31
45.52270030973514,-73.5784999243737,Le Plateau-Mont-Royal,Entire home/apt,142.0,2
45.52175912205447,-73.57697418072186,Le Plateau-Mont-Royal,Entire home/apt,205.0,2
45.52230829406081,-73.57689582219456,Le Plateau-Mont-Royal,Entire home/apt,140.0,2
45.52728,-73.58598,Le Plateau-Mont-Royal,Entire home/apt,115.0,31
45.43968,-73.70635,Lachine,Entire home/apt,53.0,32
45.52132775558605,-73.57705006037908,Le Plateau-Mont-Royal,Entire home/apt,151.0,2
45.49382,-73.56059,Le Sud-Ouest,Entire home/apt,360.0,1
45.51966,-73.57333,Le Plateau-Mont-Royal,Entire home/apt,273.0,2
45.51383,-73.55671,Ville-Marie,Entire home/apt,96.0,32
45.5028,-73.56097,Ville-Marie,Entire home/apt,736.0,1
45.50097,-73.55898,Ville-Marie,Entire home/apt,426.0,1
45.55649,-73.52913,Mercier-Hochelaga-Maisonneuve,Entire home/apt,105.0,2
45.4916,-73.55929,Le Sud-Ouest,Entire home/apt,119.0,1
45.5099,-73.55988,Ville-Marie,Entire home/apt,79.0,31
45.531437,-73.572547,Le Plateau-Mont-Royal,Entire home/apt,72.0,31
45.584541,-73.531648,Mercier-Hochelaga-Maisonneuve,Entire home/apt,84.0,31
45.5304527,-73.6111245,Rosemont-La Petite-Patrie,Entire home/apt,99.0,31
45.544068,-73.559757,Rosemont-La Petite-Patrie,Entire home/apt,67.0,31
45.587379,-73.564001,Mercier-Hochelaga-Maisonneuve,Entire home/apt,99.0,31
45.5519394,-73.6022728,Villeray-Saint-Michel-Parc-Extension,Entire home/apt,119.0,31
45.49727,-73.63619,Côte-des-Neiges-Notre-Dame-de-Grâce,Entire home/apt,93.0,31
45.51001,-73.55987,Ville-Marie,Entire home/apt,70.0,31
45.49611,-73.56926,Ville-Marie,Entire home/apt,130.0,365
45.51143,-73.56819,Ville-Marie,Entire home/apt,228.0,31
45.42215,-73.89026,Beaconsfield,Entire home/apt,117.0,32
45.5567391,-73.538776,Mercier-Hochelaga-Maisonneuve,Entire home/apt,64.0,31
45.52161520784712,-73.57292708766298,Le Plateau-Mont-Royal,Entire home/apt,163.0,4
45.54334968115188,-73.53780950505362,Mercier-Hochelaga-Maisonneuve,Entire home/apt,79.0,31
45.514469093207865,-73.57321541801707,Le Plateau-Mont-Royal,Entire home/apt,84.0,31
45.49509,-73.56876,Ville-Marie,Entire home/apt,105.0,31
45.48084,-73.55651,Le Sud-Ouest,Entire home/apt,71.0,31
45.53195,-73.55329,Ville-Marie,Entire home/apt,174.0,30
45.53547,-73.55934,Ville-Marie,Entire home/apt,164.0,28
45.50513,-73.55356,Ville-Marie,Entire home/apt,316.0,31
45.47386728631551,-73.61058760957702,Côte-des-Neiges-Notre-Dame-de-Grâce,Entire home/apt,57.0,31
45.51093,-73.56774,Ville-Marie,Entire home/apt,127.0,31
45.50438,-73.55488,Ville-Marie,Entire home/apt,395.0,2
45.59332,-73.52083,Mercier-Hochelaga-Maisonneuve,Entire home/apt,79.0,2
45.49035,-73.56118,Le Sud-Ouest,Entire home/apt,200.0,90
45.51568,-73.55189,Ville-Marie,Entire home/apt,174.0,186
45.50528,-73.55604,Ville-Marie,Entire home/apt,166.0,2
45.50528,-73.55604,Ville-Marie,Entire home/apt,184.0,2
45.49668,-73.56796,Ville-Marie,Entire home/apt,85.0,32
45.55042,-73.55233,Mercier-Hochelaga-Maisonneuve,Entire home/apt,144.0,3
45.50528,-73.55604,Ville-Marie,Entire home/apt,166.0,2
45.52396191430955,-73.58702861334157,Le Plateau-Mont-Royal,Entire home/apt,222.0,2
45.51993,-73.57362,Le Plateau-Mont-Royal,Entire home/apt,55.0,31
45.519558,-73.573769,Le Plateau-Mont-Royal,Entire home/apt,294.0,31
45.49132,-73.57778,Ville-Marie,Entire home/apt,226.0,32
45.48849,-73.81838,Dollard-des-Ormeaux,Entire home/apt,61.0,2
45.4891243,-73.6474874,Côte-des-Neiges-Notre-Dame-de-Grâce,Entire home/apt,106.0,31
45.49985,-73.62365,Côte-des-Neiges-Notre-Dame-de-Grâce,Entire home/apt,46.0,32
45.5246,-73.55894,Ville-Marie,Entire home/apt,59.0,120
45.519558,-73.573769,Le Plateau-Mont-Royal,Entire home/apt,184.0,31
45.519558,-73.573769,Le Plateau-Mont-Royal,Entire home/apt,143.0,31
45.519558,-73.573769,Le Plateau-Mont-Royal,Entire home/apt,137.0,31
45.520187,-73.563194,Ville-Marie,Entire home/apt,58.0,32
45.49361,-73.55604,Le Sud-Ouest,Entire home/apt,111.0,31
45.52721,-73.58224,Le Plateau-Mont-Royal,Entire home/apt,340.0,31
45.51076,-73.56941,Ville-Marie,Entire home/apt,329.0,2
45.42856,-73.65807,LaSalle,Entire home/apt,139.0,2
45.51929,-73.59542,Le Plateau-Mont-Royal,Entire home/apt,232.0,1
45.5192883,-73.5954156,Le Plateau-Mont-Royal,Entire home/apt,178.0,31
45.49588,-73.56956,Ville-Marie,Entire home/apt,125.0,31
45.52826,-73.57907,Le Plateau-Mont-Royal,Entire home/apt,108.0,31
45.519558,-73.573769,Le Plateau-Mont-Royal,Entire home/apt,152.0,1
45.54971,-73.57285,Rosemont-La Petite-Patrie,Entire home/apt,158.0,1
45.50098,-73.5812,Ville-Marie,Entire home/apt,80.0,31
45.50911,-73.55847,Ville-Marie,Entire home/apt,200.0,1
45.50745,-73.5603,Ville-Marie,Entire home/apt,181.0,1
45.5092,-73.56069,Ville-Marie,Entire home/apt,171.0,1
45.50945,-73.55894,Ville-Marie,Entire home/apt,181.0,1
45.509,-73.56076,Ville-Marie,Entire home/apt,166.0,1
45.50782,-73.56052,Ville-Marie,Entire home/apt,175.0,1
45.50770159384631,-73.56081448515143,Ville-Marie,Entire home/apt,202.0,1
45.50942,-73.56064,Ville-Marie,Entire home/apt,293.0,1
45.50775275910729,-73.56038860576962,Ville-Marie,Entire home/apt,314.0,1
45.50905,-73.56041,Ville-Marie,Entire home/apt,262.0,1
45.50758,-73.56074,Ville-Marie,Entire home/apt,256.0,1
45.52583,-73.62299,Villeray-Saint-Michel-Parc-Extension,Entire home/apt,128.0,31
45.57857,-73.54145,Mercier-Hochelaga-Maisonneuve,Entire home/apt,70.0,31
45.51095,-73.56291,Ville-Marie,Entire home/apt,107.0,32
45.52867,-73.55981,Ville-Marie,Entire home/apt,202.0,31
45.53524,-73.6005,Rosemont-La Petite-Patrie,Entire home/apt,146.0,2
45.43393,-73.68921,Lachine,Entire home/apt,227.0,2
45.47914,-73.81816,Dollard-des-Ormeaux,Entire home/apt,85.0,31
45.5244,-73.58182,Le Plateau-Mont-Royal,Entire home/apt,90.0,32
45.53118,-73.57574,Le Plateau-Mont-Royal,Entire home/apt,64.0,31
45.53691,-73.58399,Le Plateau-Mont-Royal,Entire home/apt,108.0,120
45.5129,-73.56804,Ville-Marie,Entire home/apt,170.0,32
45.557632,-73.569595,Rosemont-La Petite-Patrie,Entire home/apt,58.0,32
45.515835,-73.576454,Le Plateau-Mont-Royal,Entire home/apt,1421.0,3
45.513348,-73.570999,Le Plateau-Mont-Royal,Entire home/apt,520.0,31
45.50941,-73.56058,Ville-Marie,Entire home/apt,157.0,1
45.5565,-73.58857,Rosemont-La Petite-Patrie,Entire home/apt,176.0,2
45.44138874150533,-73.6665042442611,Lachine,Entire home/apt,83.0,32
45.52373,-73.57999,Le Plateau-Mont-Royal,Entire home/apt,628.0,31
45.52315,-73.5998,Le Plateau-Mont-Royal,Entire home/apt,244.0,2
45.54257,-73.6392,Villeray-Saint-Michel-Parc-Extension,Entire home/apt,97.0,32
45.52413,-73.59676,Le Plateau-Mont-Royal,Entire home/apt,69.0,180
45.50364,-73.56468,Ville-Marie,Entire home/apt,159.0,1
45.43453,-73.688,Lachine,Entire home/apt,99.0,32
45.43467,-73.85402,Beaconsfield,Entire home/apt,181.0,365
45.53328,-73.59481,Rosemont-La Petite-Patrie,Entire home/apt,175.0,31
45.48536682128906,-73.63086700439453,Côte-des-Neiges-Notre-Dame-de-Grâce,Entire home/apt,204.0,1
45.45826,-73.58321,Le Sud-Ouest,Entire home/apt,163.0,31
45.540234,-73.628609,Villeray-Saint-Michel-Parc-Extension,Entire home/apt,115.0,32
45.5113,-73.56144,Ville-Marie,Entire home/apt,80.0,31
45.49542,-73.5698,Ville-Marie,Entire home/apt,84.0,32
45.514446,-73.57061,Le Plateau-Mont-Royal,Entire home/apt,194.0,30
45.52564,-73.62261,Villeray-Saint-Michel-Parc-Extension,Entire home/apt,99.0,31
45.53137,-73.59107,Le Plateau-Mont-Royal,Entire home/apt,135.0,31
45.57145,-73.61881,Villeray-Saint-Michel-Parc-Extension,Entire home/apt,58.0,32
45.49799081920106,-73.58729190945452,Ville-Marie,Entire home/apt,242.0,2
45.53851,-73.58198,Le Plateau-Mont-Royal,Entire home/apt,80.0,32
45.5122,-73.56276,Ville-Marie,Entire home/apt,79.0,31
45.52259309999999,-73.5640973,Ville-Marie,Entire home/apt,110.0,31
45.49617,-73.5695,Ville-Marie,Entire home/apt,130.0,31
45.49444,-73.568,Ville-Marie,Entire home/apt,130.0,31
45.51682,-73.56533,Ville-Marie,Entire home/apt,137.0,2
45.52558,-73.56148,Ville-Marie,Entire home/apt,113.0,31
45.49962,-73.58055,Ville-Marie,Entire home/apt,89.0,31
45.496507511171686,-73.60862972138077,Côte-des-Neiges-Notre-Dame-de-Grâce,Entire home/apt,95.0,2
45.54159511531755,-73.55116253984261,Mercier-Hochelaga-Maisonneuve,Entire home/apt,118.0,31
45.53276,-73.72123,Ahuntsic-Cartierville,Entire home/apt,150.0,32
45.49454,-73.55876,Le Sud-Ouest,Entire home/apt,99.0,32
45.5192883,-73.5954156,Le Plateau-Mont-Royal,Entire home/apt,220.0,31
45.60046,-73.51428,Mercier-Hochelaga-Maisonneuve,Entire home/apt,132.0,2
45.54353,-73.61993,Villeray-Saint-Michel-Parc-Extension,Entire home/apt,168.0,1
45.50757,-73.56064,Ville-Marie,Entire home/apt,182.0,1
45.50762,-73.55917,Ville-Marie,Entire home/apt,184.0,1
45.44605,-73.65304,Lachine,Entire home/apt,309.0,2
45.50993,-73.5631,Ville-Marie,Entire home/apt,79.0,31
45.51208,-73.5688,Ville-Marie,Entire home/apt,72.0,31
45.57499,-73.57454,Rosemont-La Petite-Patrie,Entire home/apt,64.0,32
45.57515,-73.57537,Rosemont-La Petite-Patrie,Entire home/apt,58.0,32
45.59212,-73.55867,Mercier-Hochelaga-Maisonneuve,Entire home/apt,49.0,32
45.50528,-73.55604,Ville-Marie,Entire home/apt,166.0,2
45.52881,-73.58508,Le Plateau-Mont-Royal,Entire home/apt,125.0,119
45.49549866,-73.60919952,Côte-des-Neiges-Notre-Dame-de-Grâce,Entire home/apt,90.0,1
45.54066,-73.61826,Villeray-Saint-Michel-Parc-Extension,Entire home/apt,128.0,32
45.51006,-73.57281,Le Plateau-Mont-Royal,Entire home/apt,275.0,31
45.568,-73.63844,Villeray-Saint-Michel-Parc-Extension,Entire home/apt,130.0,31
45.5724,-73.54355,Mercier-Hochelaga-Maisonneuve,Entire home/apt,55.0,32
45.55628,-73.5293,Mercier-Hochelaga-Maisonneuve,Entire home/apt,122.0,1
45.48825,-73.64147,Côte-des-Neiges-Notre-Dame-de-Grâce,Entire home/apt,118.0,32
45.50834,-73.5703,Ville-Marie,Entire home/apt,113.0,31
45.51626,-73.62894,Mont-Royal,Entire home/apt,206.0,365
45.495975,-73.570541,Ville-Marie,Entire home/apt,140.0,31
45.43422,-73.59519,LaSalle,Entire home/apt,143.0,31
45.49611,-73.63904,Côte-des-Neiges-Notre-Dame-de-Grâce,Entire home/apt,50.0,31
45.50509,-73.55549,Ville-Marie,Entire home/apt,147.0,31
45.49151,-73.58503,Ville-Marie,Entire home/apt,135.0,31
45.51468,-73.57291,Le Plateau-Mont-Royal,Entire home/apt,86.0,31
45.52972,-73.58208,Le Plateau-Mont-Royal,Entire home/apt,136.0,32
45.52059555053711,-73.57511901855469,Le Plateau-Mont-Royal,Entire home/apt,495.0,31
45.5192883,-73.5954156,Le Plateau-Mont-Royal,Entire home/apt,179.0,31
45.51113,-73.56124,Ville-Marie,Entire home/apt,124.0,32
45.51647,-73.56744,Ville-Marie,Entire home/apt,95.0,31
45.53438,-73.59245,Rosemont-La Petite-Patrie,Entire home/apt,75.0,32
45.56385,-73.59576,Villeray-Saint-Michel-Parc-Extension,Entire home/apt,122.0,32
45.516403,-73.656662,Mont-Royal,Entire home/apt,149.0,31
45.50637,-73.55478,Ville-Marie,Entire home/apt,382.0,2
45.50464,-73.55466,Ville-Marie,Entire home/apt,177.0,2
45.516403,-73.656662,Mont-Royal,Entire home/apt,171.0,31
45.50472,-73.5543,Ville-Marie,Entire home/apt,480.0,2
45.557579,-73.572586,Rosemont-La Petite-Patrie,Entire home/apt,79.0,32
45.49695,-73.56858,Ville-Marie,Entire home/apt,142.0,31
45.52115631103516,-73.59941101074219,Le Plateau-Mont-Royal,Entire home/apt,332.0,31
45.50611,-73.55284,Ville-Marie,Entire home/apt,400.0,2
45.50607,-73.55283,Ville-Marie,Entire home/apt,220.0,2
45.50381,-73.55596,Ville-Marie,Entire home/apt,217.0,1
45.5504,-73.66814,Ahuntsic-Cartierville,Entire home/apt,138.0,31
45.494962655475376,-73.61008210387233,Côte-des-Neiges-Notre-Dame-de-Grâce,Entire home/apt,65.0,32
45.557472,-73.572388,Rosemont-La Petite-Patrie,Entire home/apt,63.0,32
45.50428434487437,-73.56952041849439,Ville-Marie,Entire home/apt,217.0,180
45.4756,-73.63629,Côte-des-Neiges-Notre-Dame-de-Grâce,Entire home/apt,137.0,1
45.48744,-73.6163,Westmount,Entire home/apt,158.0,1
45.54949,-73.67672,Ahuntsic-Cartierville,Entire home/apt,48.0,31
45.52695,-73.71606,Ahuntsic-Cartierville,Entire home/apt,95.0,32
45.52709,-73.71403,Ahuntsic-Cartierville,Entire home/apt,91.0,32
45.5193484,-73.5955402,Le Plateau-Mont-Royal,Entire home/apt,252.0,31
45.522491,-73.69561,Saint-Laurent,Entire home/apt,43.0,31
45.52682,-73.56012,Ville-Marie,Entire home/apt,127.0,31
45.50489,-73.61823,Outremont,Entire home/apt,541.0,3
45.44856,-73.60311,Le Sud-Ouest,Entire home/apt,150.0,365
45.47352,-73.63242,Côte-des-Neiges-Notre-Dame-de-Grâce,Entire home/apt,75.0,31
45.45865,-73.5977,Le Sud-Ouest,Entire home/apt,139.0,31
45.4343,-73.64188,LaSalle,Entire home/apt,250.0,31
45.50057,-73.85837,Pierrefonds-Roxboro,Entire home/apt,100.0,31
45.50661,-73.56395,Ville-Marie,Entire home/apt,90.0,31
45.5196,-73.58313,Le Plateau-Mont-Royal,Entire home/apt,415.0,2
45.5256,-73.7144,Ahuntsic-Cartierville,Entire home/apt,92.0,32
45.52727,-73.71619,Ahuntsic-Cartierville,Entire home/apt,108.0,32
45.53886,-73.58276,Le Plateau-Mont-Royal,Entire home/apt,240.0,2
45.501678,-73.557693,Ville-Marie,Entire home/apt,365.0,1
45.501678,-73.557693,Ville-Marie,Entire home/apt,332.0,1
45.501678,-73.557693,Ville-Marie,Entire home/apt,377.0,1
45.501678,-73.557693,Ville-Marie,Entire home/apt,364.0,1
45.501911,-73.557877,Ville-Marie,Entire home/apt,365.0,1
45.501678,-73.557693,Ville-Marie,Entire home/apt,310.0,1
45.501678,-73.557693,Ville-Marie,Entire home/apt,332.0,1
45.501678,-73.557693,Ville-Marie,Entire home/apt,299.0,1
45.501678,-73.557693,Ville-Marie,Entire home/apt,365.0,1
45.501678,-73.557693,Ville-Marie,Entire home/apt,344.0,1
45.501678,-73.557693,Ville-Marie,Entire home/apt,377.0,1
45.501678,-73.557693,Ville-Marie,Entire home/apt,332.0,1
45.501678,-73.557693,Ville-Marie,Entire home/apt,365.0,1
45.501678,-73.557693,Ville-Marie,Entire home/apt,299.0,1
45.501678,-73.557693,Ville-Marie,Entire home/apt,332.0,1
45.50528,-73.55604,Ville-Marie,Entire home/apt,166.0,2
45.501678,-73.557693,Ville-Marie,Entire home/apt,365.0,1
45.501678,-73.557693,Ville-Marie,Entire home/apt,332.0,1
45.501678,-73.557693,Ville-Marie,Entire home/apt,377.0,1
45.501678,-73.557693,Ville-Marie,Entire home/apt,332.0,1
45.501678,-73.557693,Ville-Marie,Entire home/apt,365.0,1
45.501678,-73.557693,Ville-Marie,Entire home/apt,299.0,1
45.501678,-73.557693,Ville-Marie,Entire home/apt,332.0,1
45.49671,-73.5668,Ville-Marie,Entire home/apt,172.0,31
45.43644,-73.67708,Lachine,Entire home/apt,87.0,31
45.50528,-73.55604,Ville-Marie,Entire home/apt,200.0,2
45.56057,-73.59332,Villeray-Saint-Michel-Parc-Extension,Entire home/apt,43.0,32
45.54719386615267,-73.60571723431349,Rosemont-La Petite-Patrie,Entire home/apt,155.0,32
45.6023,-73.53685,Anjou,Entire home/apt,40.0,32
45.55503,-73.53656,Mercier-Hochelaga-Maisonneuve,Entire home/apt,127.0,2
45.52638,-73.62826,Villeray-Saint-Michel-Parc-Extension,Entire home/apt,156.0,31
45.5023,-73.55912,Ville-Marie,Entire home/apt,480.0,31
45.54725,-73.5697,Rosemont-La Petite-Patrie,Entire home/apt,196.0,31
45.51585,-73.5766,Le Plateau-Mont-Royal,Entire home/apt,364.0,31
45.52243,-73.6916,Saint-Laurent,Entire home/apt,140.0,31
45.51088333129883,-73.56930541992188,Ville-Marie,Entire home/apt,410.0,31
45.51706,-73.56202,Ville-Marie,Entire home/apt,102.0,2
45.51088333129883,-73.56930541992188,Ville-Marie,Entire home/apt,401.0,31
45.53118,-73.58371,Le Plateau-Mont-Royal,Entire home/apt,359.0,31
45.59956,-73.52892,Mercier-Hochelaga-Maisonneuve,Entire home/apt,180.0,2
45.51467,-73.55155,Ville-Marie,Entire home/apt,160.0,90
45.51487,-73.55709,Ville-Marie,Entire home/apt,495.0,31
45.543360992000544,-73.60932542896036,Rosemont-La Petite-Patrie,Entire home/apt,213.0,31
45.57681,-73.54281,Mercier-Hochelaga-Maisonneuve,Entire home/apt,139.0,31
45.57847,-73.5414,Mercier-Hochelaga-Maisonneuve,Entire home/apt,115.0,31
45.51706,-73.56202,Ville-Marie,Entire home/apt,102.0,2
45.51706,-73.56202,Ville-Marie,Entire home/apt,111.0,2
45.46499252319336,-73.57664489746094,Verdun,Entire home/apt,60.0,32
45.478912,-73.57917,Le Sud-Ouest,Entire home/apt,80.0,32
45.51706,-73.56202,Ville-Marie,Entire home/apt,102.0,2
45.51706,-73.56202,Ville-Marie,Entire home/apt,102.0,2
45.53341,-73.57438,Le Plateau-Mont-Royal,Entire home/apt,150.0,31
45.53766,-73.55988,Ville-Marie,Entire home/apt,73.0,90
45.587,-73.56277,Mercier-Hochelaga-Maisonneuve,Entire home/apt,118.0,31
45.55828,-73.64305,Ahuntsic-Cartierville,Entire home/apt,65.0,32
45.52498,-73.58381,Le Plateau-Mont-Royal,Entire home/apt,97.0,1
45.49682,-73.57054,Ville-Marie,Entire home/apt,105.0,32
45.596856083457865,-73.55096122898922,Anjou,Entire home/apt,138.0,2
45.49637,-73.60827,Côte-des-Neiges-Notre-Dame-de-Grâce,Entire home/apt,93.0,1
45.51706,-73.56202,Ville-Marie,Entire home/apt,102.0,2
45.51706,-73.56202,Ville-Marie,Entire home/apt,111.0,2
45.50304,-73.56411,Ville-Marie,Entire home/apt,130.0,31
45.51706,-73.56202,Ville-Marie,Entire home/apt,102.0,2
45.55698,-73.65714,Ahuntsic-Cartierville,Entire home/apt,73.0,32
45.51706,-73.56202,Ville-Marie,Entire home/apt,102.0,2
45.51706,-73.56202,Ville-Marie,Entire home/apt,102.0,2
45.51706,-73.56202,Ville-Marie,Entire home/apt,109.0,2
45.5283,-73.58044,Le Plateau-Mont-Royal,Entire home/apt,106.0,31
45.63029,-73.58819,Rivière-des-Prairies-Pointe-aux-Trembles,Entire home/apt,59.0,31
45.5003,-73.57436,Ville-Marie,Entire home/apt,140.0,60
45.478855,-73.579071,Le Sud-Ouest,Entire home/apt,90.0,32
45.47916,-73.5772,Le Sud-Ouest,Entire home/apt,81.0,31
45.52929,-73.60613,Rosemont-La Petite-Patrie,Entire home/apt,140.0,31
45.49829,-73.55483,Ville-Marie,Entire home/apt,467.0,2
45.5219,-73.5938,Le Plateau-Mont-Royal,Entire home/apt,39.0,31
45.45487,-73.56983,Verdun,Entire home/apt,124.0,31
45.53116,-73.6199,Rosemont-La Petite-Patrie,Entire home/apt,106.0,32
45.51207,-73.56077,Ville-Marie,Entire home/apt,68.0,365
45.44862,-73.58304,Verdun,Entire home/apt,107.0,32
45.46768569946289,-73.5661392211914,Verdun,Entire home/apt,99.0,31
45.56683,-73.58138,Rosemont-La Petite-Patrie,Entire home/apt,69.0,32
45.54133,-73.59582,Rosemont-La Petite-Patrie,Entire home/apt,101.0,31
45.53298096271125,-73.61655720282229,Rosemont-La Petite-Patrie,Entire home/apt,320.0,31
45.4955379,-73.6092279,Côte-des-Neiges-Notre-Dame-de-Grâce,Entire home/apt,98.0,3
45.53287,-73.5759,Le Plateau-Mont-Royal,Entire home/apt,183.0,31
45.52948,-73.56694,Le Plateau-Mont-Royal,Entire home/apt,529.0,1
45.54364,-73.53911,Mercier-Hochelaga-Maisonneuve,Entire home/apt,52.0,31
45.52,-73.57412,Le Plateau-Mont-Royal,Entire home/apt,543.0,1
45.51037,-73.71317,Saint-Laurent,Entire home/apt,176.0,31
45.52238082885742,-73.5791015625,Le Plateau-Mont-Royal,Entire home/apt,235.0,31
45.52238082885742,-73.5791015625,Le Plateau-Mont-Royal,Entire home/apt,337.0,31
45.52238082885742,-73.5791015625,Le Plateau-Mont-Royal,Entire home/apt,247.0,31
45.52238082885742,-73.5791015625,Le Plateau-Mont-Royal,Entire home/apt,247.0,31
45.52238082885742,-73.5791015625,Le Plateau-Mont-Royal,Entire home/apt,233.0,31
45.52238082885742,-73.5791015625,Le Plateau-Mont-Royal,Entire home/apt,235.0,31
45.52238082885742,-73.5791015625,Le Plateau-Mont-Royal,Entire home/apt,263.0,31
45.52238082885742,-73.5791015625,Le Plateau-Mont-Royal,Entire home/apt,260.0,31
45.52238,-73.5791,Le Plateau-Mont-Royal,Entire home/apt,234.0,31
45.52238082885742,-73.5791015625,Le Plateau-Mont-Royal,Entire home/apt,231.0,31
45.54255,-73.62198,Villeray-Saint-Michel-Parc-Extension,Entire home/apt,60.0,31
45.51603,-73.56908,Le Plateau-Mont-Royal,Entire home/apt,145.0,1
45.49982,-73.5792,Ville-Marie,Entire home/apt,80.0,31
45.54166,-73.5498,Mercier-Hochelaga-Maisonneuve,Entire home/apt,60.0,31
45.51452255249024,-73.57185363769531,Le Plateau-Mont-Royal,Entire home/apt,305.0,31
45.51452255249024,-73.57185363769531,Le Plateau-Mont-Royal,Entire home/apt,262.0,2
45.51452,-73.57185,Le Plateau-Mont-Royal,Entire home/apt,270.0,2
45.49553680419922,-73.6092300415039,Côte-des-Neiges-Notre-Dame-de-Grâce,Entire home/apt,125.0,1
45.48403803177258,-73.58656178328,Westmount,Entire home/apt,206.0,3
45.57476,-73.57308,Rosemont-La Petite-Patrie,Entire home/apt,50.0,31
45.587074,-73.580864,Saint-Léonard,Entire home/apt,98.0,1
45.51009,-73.56298,Ville-Marie,Entire home/apt,112.0,31
45.49626,-73.60994,Côte-des-Neiges-Notre-Dame-de-Grâce,Entire home/apt,80.0,32
45.5357,-73.55524,Ville-Marie,Entire home/apt,139.0,2
45.49348,-73.62606,Côte-des-Neiges-Notre-Dame-de-Grâce,Entire home/apt,104.0,31
45.55978,-73.66811,Ahuntsic-Cartierville,Entire home/apt,203.0,31
45.543583742977056,-73.63719853124299,Villeray-Saint-Michel-Parc-Extension,Entire home/apt,222.0,1
45.52759,-73.72426,Ahuntsic-Cartierville,Entire home/apt,85.0,31
45.506036825771446,-73.57307170080513,Le Plateau-Mont-Royal,Entire home/apt,194.0,5
45.47746,-73.63039,Côte-des-Neiges-Notre-Dame-de-Grâce,Entire home/apt,105.0,32
45.55674,-73.57825,Rosemont-La Petite-Patrie,Entire home/apt,75.0,31
45.495865,-73.580704,Ville-Marie,Entire home/apt,54.0,211
45.4955,-73.57754,Ville-Marie,Entire home/apt,279.0,1
45.49536,-73.57954,Ville-Marie,Entire home/apt,255.0,1
45.49716,-73.57942,Ville-Marie,Entire home/apt,250.0,1
45.49735,-73.57823,Ville-Marie,Entire home/apt,217.0,1
45.49529,-73.57822,Ville-Marie,Entire home/apt,389.0,1
45.54768,-73.57773,Rosemont-La Petite-Patrie,Entire home/apt,117.0,31
45.4897,-73.63106,Côte-des-Neiges-Notre-Dame-de-Grâce,Entire home/apt,149.0,31
45.521,-73.5754,Le Plateau-Mont-Royal,Entire home/apt,826.0,2
45.44623,-73.72043,Lachine,Entire home/apt,118.0,1
45.45776,-73.59169,Le Sud-Ouest,Entire home/apt,79.0,31
45.501678,-73.557693,Ville-Marie,Entire home/apt,299.0,1
45.57764,-73.5751,Rosemont-La Petite-Patrie,Entire home/apt,79.0,31
45.46643,-73.66718,Côte-Saint-Luc,Entire home/apt,294.0,2
45.53265,-73.5764,Le Plateau-Mont-Royal,Entire home/apt,132.0,31
45.50528,-73.55604,Ville-Marie,Entire home/apt,188.0,2
45.51943,-73.56214,Ville-Marie,Entire home/apt,85.0,32
45.50841,-73.57648,Le Plateau-Mont-Royal,Entire home/apt,115.0,90
45.49418,-73.56829,Ville-Marie,Entire home/apt,207.0,31
45.50528,-73.55604,Ville-Marie,Entire home/apt,188.0,2
45.49897,-73.64019,Côte-des-Neiges-Notre-Dame-de-Grâce,Entire home/apt,343.0,2
45.52240935390161,-73.55522974588263,Ville-Marie,Entire home/apt,81.0,31
45.46917,-73.61573,Côte-des-Neiges-Notre-Dame-de-Grâce,Entire home/apt,405.0,31
45.4983154,-73.5858992,Ville-Marie,Entire home/apt,70.0,31
45.52835,-73.57577,Le Plateau-Mont-Royal,Entire home/apt,80.0,31
45.477985,-73.589371,Le Sud-Ouest,Entire home/apt,317.0,31
45.52048,-73.57565,Le Plateau-Mont-Royal,Entire home/apt,517.0,2
45.52186,-73.57753,Le Plateau-Mont-Royal,Entire home/apt,274.0,2
45.52062,-73.57771,Le Plateau-Mont-Royal,Entire home/apt,188.0,2
45.52015,-73.57574,Le Plateau-Mont-Royal,Entire home/apt,480.0,2
45.52165,-73.57781,Le Plateau-Mont-Royal,Entire home/apt,421.0,2
45.51563055288803,-73.55598761624724,Ville-Marie,Entire home/apt,67.0,31
45.4608,-73.57471,Verdun,Entire home/apt,94.0,31
45.44349,-73.87292,Kirkland,Entire home/apt,186.0,31
45.47818,-73.84053,Dollard-des-Ormeaux,Entire home/apt,105.0,31
45.47816,-73.8387,Dollard-des-Ormeaux,Entire home/apt,108.0,32
45.54979,-73.65515,Ahuntsic-Cartierville,Entire home/apt,133.0,32
45.49255,-73.55758,Le Sud-Ouest,Entire home/apt,73.0,31
45.58791,-73.53081,Mercier-Hochelaga-Maisonneuve,Entire home/apt,121.0,32
45.58295,-73.59249,Saint-Léonard,Entire home/apt,119.0,32
45.57817,-73.55559,Mercier-Hochelaga-Maisonneuve,Entire home/apt,90.0,32
45.50805,-73.81168,Pierrefonds-Roxboro,Entire home/apt,359.0,32
45.65393,-73.57416,Rivière-des-Prairies-Pointe-aux-Trembles,Entire home/apt,148.0,32
45.49723,-73.57797,Ville-Marie,Entire home/apt,319.0,1
45.49581,-73.61843,Côte-des-Neiges-Notre-Dame-de-Grâce,Entire home/apt,100.0,31
45.48109,-73.57442,Le Sud-Ouest,Entire home/apt,220.0,1
45.49585,-73.62795,Côte-des-Neiges-Notre-Dame-de-Grâce,Entire home/apt,188.0,31
45.54056,-73.61743,Villeray-Saint-Michel-Parc-Extension,Entire home/apt,248.0,31
45.5575,-73.56614,Rosemont-La Petite-Patrie,Entire home/apt,99.0,31
45.51244,-73.80491,Pierrefonds-Roxboro,Entire home/apt,189.0,31
45.50002,-73.55531,Ville-Marie,Entire home/apt,160.0,31
45.49518,-73.81226,Dollard-des-Ormeaux,Entire home/apt,200.0,32
45.60435,-73.58067,Anjou,Entire home/apt,105.0,31
45.51761,-73.55923,Ville-Marie,Entire home/apt,63.0,31
45.51717,-73.55876,Ville-Marie,Entire home/apt,87.0,31
45.547115,-73.604797,Villeray-Saint-Michel-Parc-Extension,Entire home/apt,250.0,32
45.69427,-73.49396,Rivière-des-Prairies-Pointe-aux-Trembles,Entire home/apt,95.0,32
45.5085,-73.73511,Saint-Laurent,Entire home/apt,120.0,32
45.51925,-73.55902,Ville-Marie,Entire home/apt,50.0,31
45.51691,-73.56183,Ville-Marie,Entire home/apt,95.0,31
45.45264,-73.60043,Le Sud-Ouest,Entire home/apt,84.0,31
45.48816,-73.62951,Côte-des-Neiges-Notre-Dame-de-Grâce,Entire home/apt,140.0,32
45.5138,-73.55686,Ville-Marie,Entire home/apt,70.0,31
45.5453987121582,-73.63690185546875,Villeray-Saint-Michel-Parc-Extension,Entire home/apt,233.0,14
45.52315,-73.58135,Le Plateau-Mont-Royal,Entire home/apt,119.0,6
45.52119,-73.59938,Le Plateau-Mont-Royal,Entire home/apt,257.0,31
45.51982,-73.56244,Ville-Marie,Entire home/apt,80.0,32
45.5214,-73.57645,Le Plateau-Mont-Royal,Entire home/apt,282.0,31
45.46076,-73.63701,Côte-des-Neiges-Notre-Dame-de-Grâce,Entire home/apt,100.0,90
45.4998,-73.55823,Ville-Marie,Entire home/apt,360.0,2
45.45346,-73.54726,Verdun,Entire home/apt,80.0,31
45.4388,-73.6639,Lachine,Entire home/apt,50.0,30
45.51065,-73.55345,Ville-Marie,Entire home/apt,121.0,31
45.49407,-73.56908,Ville-Marie,Entire home/apt,242.0,31
45.44261,-73.57769,Verdun,Entire home/apt,179.0,32
45.51109,-73.69287,Saint-Laurent,Entire home/apt,40.0,31
45.50384,-73.5583,Ville-Marie,Entire home/apt,91.0,31
45.49367,-73.62418,Côte-des-Neiges-Notre-Dame-de-Grâce,Entire home/apt,219.0,31
45.5325,-73.59986,Rosemont-La Petite-Patrie,Entire home/apt,132.0,31
45.51123,-73.56551,Ville-Marie,Entire home/apt,99.0,31
45.51675,-73.56108,Ville-Marie,Entire home/apt,48.0,31
45.54757,-73.53704,Mercier-Hochelaga-Maisonneuve,Entire home/apt,165.0,32
45.52377,-73.59024,Le Plateau-Mont-Royal,Entire home/apt,161.0,1
45.495113372802734,-73.56874084472656,Ville-Marie,Entire home/apt,80.0,31
45.53744,-73.60957,Rosemont-La Petite-Patrie,Entire home/apt,100.0,36
45.50982,-73.56061,Ville-Marie,Entire home/apt,95.0,31
45.5804,-73.54596,Mercier-Hochelaga-Maisonneuve,Entire home/apt,35.0,31
45.46789,-73.59044,Le Sud-Ouest,Entire home/apt,135.0,30
45.51033,-73.57011,Ville-Marie,Entire home/apt,160.0,31
45.51222,-73.56171,Ville-Marie,Entire home/apt,72.0,31
45.4753,-73.62174,Côte-des-Neiges-Notre-Dame-de-Grâce,Entire home/apt,120.0,32
45.46763,-73.80686,Pointe-Claire,Entire home/apt,144.0,31
45.51555,-73.55978,Ville-Marie,Entire home/apt,95.0,31
45.58248,-73.54044,Mercier-Hochelaga-Maisonneuve,Entire home/apt,110.0,32
45.50203,-73.58245,Ville-Marie,Entire home/apt,95.0,31
45.55952,-73.59416,Villeray-Saint-Michel-Parc-Extension,Entire home/apt,130.0,5
45.5121002,-73.5593226,Ville-Marie,Entire home/apt,111.0,31
45.49141,-73.57632,Ville-Marie,Entire home/apt,159.0,31
45.56499,-73.6074,Villeray-Saint-Michel-Parc-Extension,Entire home/apt,134.0,31
45.53577,-73.60525,Rosemont-La Petite-Patrie,Entire home/apt,71.0,31
45.470551,-73.607132,Côte-des-Neiges-Notre-Dame-de-Grâce,Entire home/apt,158.0,31
45.49485,-73.5698,Ville-Marie,Entire home/apt,120.0,31
45.44304,-73.87267,Kirkland,Entire home/apt,150.0,32
45.52796,-73.59157,Le Plateau-Mont-Royal,Entire home/apt,90.0,1
45.5252,-73.59806,Le Plateau-Mont-Royal,Entire home/apt,57.0,120
45.53727,-73.5826,Le Plateau-Mont-Royal,Entire home/apt,110.0,31
45.51728,-73.56173,Ville-Marie,Entire home/apt,99.0,31
45.51184,-73.56189,Ville-Marie,Entire home/apt,95.0,31
45.51848,-73.55921,Ville-Marie,Entire home/apt,50.0,31
45.49243,-73.55773,Le Sud-Ouest,Entire home/apt,227.0,1
45.49236,-73.5582,Le Sud-Ouest,Entire home/apt,232.0,1
45.51545,-73.56145,Ville-Marie,Entire home/apt,146.0,31
45.55466,-73.62913,Ahuntsic-Cartierville,Entire home/apt,145.0,31
45.54243,-73.61665,Villeray-Saint-Michel-Parc-Extension,Entire home/apt,166.0,2
45.56631,-73.65552,Ahuntsic-Cartierville,Entire home/apt,99.0,2
45.46552,-73.61637,Côte-des-Neiges-Notre-Dame-de-Grâce,Entire home/apt,166.0,1
45.54428,-73.59029,Rosemont-La Petite-Patrie,Entire home/apt,895.0,2
45.46609,-73.61782,Côte-des-Neiges-Notre-Dame-de-Grâce,Entire home/apt,133.0,1
45.50213,-73.56096,Ville-Marie,Entire home/apt,418.0,1
45.50335,-73.58221,Ville-Marie,Entire home/apt,95.0,31
45.47005,-73.61562,Côte-des-Neiges-Notre-Dame-de-Grâce,Entire home/apt,60.0,31
45.52293,-73.55689,Ville-Marie,Entire home/apt,63.0,160
45.54769,-73.59294,Rosemont-La Petite-Patrie,Entire home/apt,210.0,31
45.50248,-73.58447,Ville-Marie,Entire home/apt,85.0,31
45.49084,-73.55922,Le Sud-Ouest,Entire home/apt,216.0,1
45.47247,-73.60642,Côte-des-Neiges-Notre-Dame-de-Grâce,Entire home/apt,199.0,31
45.54906,-73.65923,Ahuntsic-Cartierville,Entire home/apt,112.0,2
45.48129,-73.6291,Côte-des-Neiges-Notre-Dame-de-Grâce,Entire home/apt,57.0,100
45.47991,-73.6349,Hampstead,Entire home/apt,52.0,90
45.51555,-73.56188,Ville-Marie,Entire home/apt,85.0,31
45.491455078125,-73.57695007324219,Ville-Marie,Entire home/apt,150.0,31
45.49585,-73.57475,Ville-Marie,Entire home/apt,125.0,31
45.49507,-73.58222,Ville-Marie,Entire home/apt,91.0,1
45.52009,-73.57666,Le Plateau-Mont-Royal,Entire home/apt,190.0,31
45.56626,-73.57119,Rosemont-La Petite-Patrie,Entire home/apt,85.0,32
45.50373,-73.58429,Ville-Marie,Entire home/apt,75.0,31
45.518723,-73.559479,Ville-Marie,Entire home/apt,255.0,2
45.529388427734375,-73.56644439697266,Le Plateau-Mont-Royal,Entire home/apt,250.0,2
45.52481842041016,-73.59697723388672,Le Plateau-Mont-Royal,Entire home/apt,289.0,1
45.52047,-73.57815,Le Plateau-Mont-Royal,Entire home/apt,179.0,31
45.52075,-73.57814,Le Plateau-Mont-Royal,Entire home/apt,179.0,31
45.52046,-73.57769,Le Plateau-Mont-Royal,Entire home/apt,179.0,31
45.53949,-73.61204,Rosemont-La Petite-Patrie,Entire home/apt,213.0,2
45.5395,-73.61382,Villeray-Saint-Michel-Parc-Extension,Entire home/apt,222.0,2
45.51452255249024,-73.57185363769531,Le Plateau-Mont-Royal,Entire home/apt,233.0,31
45.49685,-73.56803,Ville-Marie,Entire home/apt,94.0,31
45.50253,-73.55925,Ville-Marie,Entire home/apt,639.0,1
45.50261,-73.56036,Ville-Marie,Entire home/apt,557.0,1
45.50141,-73.55884,Ville-Marie,Entire home/apt,663.0,1
45.50071,-73.55892,Ville-Marie,Entire home/apt,375.0,1
45.51094,-73.5676,Ville-Marie,Entire home/apt,192.0,4
45.5498,-73.66984,Ahuntsic-Cartierville,Entire home/apt,299.0,2
45.51452255249024,-73.57185363769531,Le Plateau-Mont-Royal,Entire home/apt,238.0,31
45.51337,-73.57722,Le Plateau-Mont-Royal,Entire home/apt,252.0,31
45.50247,-73.58435,Ville-Marie,Entire home/apt,125.0,31
45.48207,-73.63017,Côte-des-Neiges-Notre-Dame-de-Grâce,Entire home/apt,68.0,31
45.56322,-73.58552,Rosemont-La Petite-Patrie,Entire home/apt,246.0,2
45.49978,-73.57168,Ville-Marie,Entire home/apt,170.0,90
45.52406,-73.58696,Le Plateau-Mont-Royal,Entire home/apt,229.0,3
45.50367,-73.58232,Ville-Marie,Entire home/apt,125.0,31
45.50361,-73.58361,Ville-Marie,Entire home/apt,125.0,31
45.61213,-73.50984,Montréal-Est,Entire home/apt,162.0,2
45.53447,-73.61583,Rosemont-La Petite-Patrie,Entire home/apt,306.0,31
45.43688,-73.67958,Lachine,Entire home/apt,95.0,32
45.4871,-73.56817,Le Sud-Ouest,Entire home/apt,154.0,31
45.52964,-73.54886,Ville-Marie,Entire home/apt,118.0,2
45.51666641235352,-73.58969116210938,Le Plateau-Mont-Royal,Entire home/apt,379.0,31
45.51664352416992,-73.5896987915039,Le Plateau-Mont-Royal,Entire home/apt,418.0,31
45.48821,-73.59279,Westmount,Entire home/apt,99.0,32
45.4831318,-73.5614721,Le Sud-Ouest,Entire home/apt,449.0,31
45.48367,-73.56058,Le Sud-Ouest,Entire home/apt,1885.0,31
45.48423,-73.56059,Le Sud-Ouest,Entire home/apt,1114.0,31
45.538013,-73.599121,Rosemont-La Petite-Patrie,Entire home/apt,122.0,31
45.532513,-73.575005,Le Plateau-Mont-Royal,Entire home/apt,215.0,31
45.46354,-73.61669,Côte-des-Neiges-Notre-Dame-de-Grâce,Entire home/apt,144.0,1
45.52851,-73.60109,Le Plateau-Mont-Royal,Entire home/apt,858.0,2
45.522846,-73.560753,Ville-Marie,Entire home/apt,188.0,2
45.59563,-73.51271,Mercier-Hochelaga-Maisonneuve,Entire home/apt,119.0,31
45.49756,-73.57763,Ville-Marie,Entire home/apt,253.0,1
45.49488,-73.57167,Ville-Marie,Entire home/apt,219.0,32
45.49602,-73.58698,Ville-Marie,Entire home/apt,254.0,2
45.53082,-73.56875,Le Plateau-Mont-Royal,Entire home/apt,100.0,60
45.478367,-73.568779,Le Sud-Ouest,Entire home/apt,95.0,90
45.48898,-73.58403,Ville-Marie,Entire home/apt,103.0,31
45.45138,-73.63962,Montréal-Ouest,Entire home/apt,53.0,32
45.51452255249024,-73.57185363769531,Le Plateau-Mont-Royal,Entire home/apt,262.0,2
45.47297,-73.6136,Côte-des-Neiges-Notre-Dame-de-Grâce,Entire home/apt,115.0,1
45.49429,-73.57225,Ville-Marie,Entire home/apt,158.0,1
45.5104,-73.56224,Ville-Marie,Entire home/apt,85.0,31
45.5197,-73.56814,Le Plateau-Mont-Royal,Entire home/apt,170.0,32
45.5417,-73.57562,Rosemont-La Petite-Patrie,Entire home/apt,113.0,30
45.52037,-73.57696,Le Plateau-Mont-Royal,Entire home/apt,622.0,2
45.523470945239936,-73.57707595825195,Le Plateau-Mont-Royal,Entire home/apt,159.0,1
45.53655,-73.60271,Rosemont-La Petite-Patrie,Entire home/apt,360.0,7
45.54284,-73.60926,Rosemont-La Petite-Patrie,Entire home/apt,75.0,31
45.495087,-73.626968,Côte-des-Neiges-Notre-Dame-de-Grâce,Entire home/apt,180.0,90
45.51868,-73.55475,Ville-Marie,Entire home/apt,90.0,31
45.491009,-73.629532,Côte-des-Neiges-Notre-Dame-de-Grâce,Entire home/apt,100.0,31
45.54746,-73.64325,Ahuntsic-Cartierville,Entire home/apt,85.0,32
45.53327,-73.57577,Le Plateau-Mont-Royal,Entire home/apt,170.0,31
45.434883,-73.694427,Lachine,Entire home/apt,100.0,32
45.52651,-73.54837,Ville-Marie,Entire home/apt,169.0,31
45.545506,-73.574333,Rosemont-La Petite-Patrie,Entire home/apt,67.0,31
45.52632,-73.54727,Ville-Marie,Entire home/apt,169.0,31
45.58428,-73.57519,Saint-Léonard,Entire home/apt,153.0,31
45.52143,-73.56246,Ville-Marie,Entire home/apt,88.0,32
45.54929342797088,-73.56626126915216,Rosemont-La Petite-Patrie,Entire home/apt,111.0,1
45.54644,-73.63208,Villeray-Saint-Michel-Parc-Extension,Entire home/apt,68.0,32
45.54634,-73.59712,Rosemont-La Petite-Patrie,Entire home/apt,70.0,32
45.42164,-73.64939,LaSalle,Entire home/apt,53.0,31
45.4969,-73.57755,Ville-Marie,Entire home/apt,138.0,1
45.55883,-73.66849,Ahuntsic-Cartierville,Entire home/apt,129.0,31
45.48162,-73.57935,Le Sud-Ouest,Entire home/apt,114.0,110
45.49901,-73.57271,Ville-Marie,Entire home/apt,100.0,31
45.52511,-73.60034,Le Plateau-Mont-Royal,Entire home/apt,129.0,14
45.55748,-73.6672,Ahuntsic-Cartierville,Entire home/apt,193.0,31
45.4963,-73.56824,Ville-Marie,Entire home/apt,157.0,31
45.50932,-73.56549,Ville-Marie,Entire home/apt,125.0,31
45.50763,-73.5757,Le Plateau-Mont-Royal,Entire home/apt,229.0,2
45.46973,-73.62873,Côte-des-Neiges-Notre-Dame-de-Grâce,Entire home/apt,161.0,32
45.51202,-73.56213,Ville-Marie,Entire home/apt,223.0,2
45.5193484,-73.5955402,Le Plateau-Mont-Royal,Entire home/apt,240.0,31
45.46643,-73.57,Verdun,Entire home/apt,90.0,180
45.50868,-73.848,Pierrefonds-Roxboro,Entire home/apt,129.0,32
45.49572,-73.60809,Côte-des-Neiges-Notre-Dame-de-Grâce,Entire home/apt,65.0,365
45.54557,-73.62653,Villeray-Saint-Michel-Parc-Extension,Entire home/apt,172.0,32
45.53092,-73.57853,Le Plateau-Mont-Royal,Entire home/apt,142.0,31
45.48263,-73.62783,Côte-des-Neiges-Notre-Dame-de-Grâce,Entire home/apt,55.0,31
45.44627,-73.64862,Lachine,Entire home/apt,80.0,32
45.50366,-73.5841,Ville-Marie,Entire home/apt,75.0,31
45.57263,-73.57354,Rosemont-La Petite-Patrie,Entire home/apt,357.0,3
45.50528,-73.55604,Ville-Marie,Entire home/apt,184.0,2
45.51731,-73.58339,Le Plateau-Mont-Royal,Entire home/apt,202.0,2
45.52452,-73.59666,Le Plateau-Mont-Royal,Entire home/apt,133.0,31
45.55751,-73.572479,Rosemont-La Petite-Patrie,Entire home/apt,53.0,32
45.5097,-73.561,Ville-Marie,Entire home/apt,159.0,31
45.47105,-73.5887,Le Sud-Ouest,Entire home/apt,142.0,31
45.52995,-73.57365,Le Plateau-Mont-Royal,Entire home/apt,167.0,31
45.47074,-73.6105,Côte-des-Neiges-Notre-Dame-de-Grâce,Entire home/apt,102.0,3
45.54741,-73.56972,Rosemont-La Petite-Patrie,Entire home/apt,236.0,31
45.53827,-73.55718,Ville-Marie,Entire home/apt,98.0,31
45.50528,-73.55604,Ville-Marie,Entire home/apt,188.0,2
45.58327,-73.59514,Saint-Léonard,Entire home/apt,100.0,31
45.492065,-73.5756,Ville-Marie,Entire home/apt,68.0,31
45.49048,-73.57893,Ville-Marie,Entire home/apt,147.0,32
45.522076,-73.588676,Le Plateau-Mont-Royal,Entire home/apt,180.0,31
45.52537,-73.55893,Ville-Marie,Entire home/apt,60.0,180
45.50528,-73.55604,Ville-Marie,Entire home/apt,188.0,2
45.48849487304688,-73.56787109375,Le Sud-Ouest,Entire home/apt,412.0,1
45.53506,-73.58343,Le Plateau-Mont-Royal,Entire home/apt,65.0,31
45.49631,-73.58532,Ville-Marie,Entire home/apt,124.0,31
45.53543,-73.55514,Ville-Marie,Entire home/apt,302.0,2
45.49558,-73.57188,Ville-Marie,Entire home/apt,129.0,32
45.538494,-73.558495,Ville-Marie,Entire home/apt,340.0,31
45.50956,-73.55198,Ville-Marie,Entire home/apt,90.0,31
45.5170502,-73.5539096,Ville-Marie,Entire home/apt,129.0,31
45.50473,-73.56184,Ville-Marie,Entire home/apt,130.0,31
45.50124,-73.55668,Ville-Marie,Entire home/apt,191.0,3
45.49549866,-73.60919952,Côte-des-Neiges-Notre-Dame-de-Grâce,Entire home/apt,108.0,2
45.52156,-73.55581,Ville-Marie,Entire home/apt,74.0,31
45.5193484,-73.5955402,Le Plateau-Mont-Royal,Entire home/apt,197.0,31
45.5192883,-73.5954156,Le Plateau-Mont-Royal,Entire home/apt,179.0,31
45.57511,-73.60026,Saint-Léonard,Entire home/apt,126.0,32
45.47259,-73.64431,Côte-des-Neiges-Notre-Dame-de-Grâce,Entire home/apt,336.0,32
45.51929,-73.59542,Le Plateau-Mont-Royal,Entire home/apt,179.0,31
45.52928,-73.56863,Le Plateau-Mont-Royal,Entire home/apt,529.0,1
45.48268,-73.59826,Westmount,Entire home/apt,169.0,31
45.51715,-73.55796,Ville-Marie,Entire home/apt,92.0,31
45.5149,-73.57825,Le Plateau-Mont-Royal,Entire home/apt,200.0,3
45.52476,-73.58462,Le Plateau-Mont-Royal,Entire home/apt,154.0,31
45.46035,-73.59718,Le Sud-Ouest,Entire home/apt,84.0,31
45.44431,-73.65002,Lachine,Entire home/apt,115.0,31
45.52487,-73.58452,Le Plateau-Mont-Royal,Entire home/apt,171.0,31
45.52515,-73.58684,Le Plateau-Mont-Royal,Entire home/apt,224.0,31
45.493044408745774,-73.58020344575387,Ville-Marie,Entire home/apt,12.0,2
45.51926,-73.57582,Le Plateau-Mont-Royal,Entire home/apt,230.0,3
45.51429,-73.57369,Le Plateau-Mont-Royal,Entire home/apt,226.0,31
45.690613,-73.488693,Rivière-des-Prairies-Pointe-aux-Trembles,Entire home/apt,172.0,3
45.52814,-73.57154,Le Plateau-Mont-Royal,Entire home/apt,446.0,3
45.5939,-73.54853,Anjou,Entire home/apt,144.0,31
45.49804,-73.62634,Côte-des-Neiges-Notre-Dame-de-Grâce,Entire home/apt,75.0,31
45.51452255249024,-73.57185363769531,Le Plateau-Mont-Royal,Entire home/apt,305.0,2
45.52504,-73.58507,Le Plateau-Mont-Royal,Entire home/apt,205.0,31
45.52692,-73.729706,Ahuntsic-Cartierville,Entire home/apt,167.0,30
45.51429,-73.57369,Le Plateau-Mont-Royal,Entire home/apt,149.0,31
45.51469,-73.56306,Ville-Marie,Entire home/apt,95.0,31
45.57217,-73.53559,Mercier-Hochelaga-Maisonneuve,Entire home/apt,80.0,31
45.52154,-73.55433,Ville-Marie,Entire home/apt,160.0,31
45.50821,-73.64881,Mont-Royal,Entire home/apt,628.0,32
45.54689407348633,-73.62618255615234,Villeray-Saint-Michel-Parc-Extension,Entire home/apt,105.0,2
45.560977935791016,-73.66470336914062,Ahuntsic-Cartierville,Entire home/apt,60.0,32
45.5176,-73.56752,Le Plateau-Mont-Royal,Entire home/apt,349.0,2
45.48200284989187,-73.64127619009241,Hampstead,Entire home/apt,1558.0,31
45.4925,-73.58345,Ville-Marie,Entire home/apt,198.0,31
45.49298,-73.58118,Ville-Marie,Entire home/apt,207.0,31
45.53874,-73.65339,Ahuntsic-Cartierville,Entire home/apt,189.0,31
45.51472,-73.55386,Ville-Marie,Entire home/apt,92.0,31
45.50806,-73.552147,Ville-Marie,Entire home/apt,117.0,31
45.51409,-73.5734,Le Plateau-Mont-Royal,Entire home/apt,315.0,31
45.58844620860504,-73.53555932413104,Mercier-Hochelaga-Maisonneuve,Entire home/apt,90.0,31
45.514568,-73.547363,Ville-Marie,Entire home/apt,617.0,184
45.502,-73.56376,Ville-Marie,Entire home/apt,191.0,1
45.50427,-73.56311,Ville-Marie,Entire home/apt,148.0,31
45.49748,-73.57169,Ville-Marie,Entire home/apt,769.0,32
45.50584,-73.63172,Côte-des-Neiges-Notre-Dame-de-Grâce,Entire home/apt,69.0,31
45.48421,-73.56065,Le Sud-Ouest,Entire home/apt,261.0,2
45.518475,-73.571266,Le Plateau-Mont-Royal,Entire home/apt,162.0,1
45.50211,-73.56407,Ville-Marie,Entire home/apt,183.0,31
45.49412,-73.56773,Ville-Marie,Entire home/apt,139.0,32
45.50572,-73.56583,Ville-Marie,Entire home/apt,287.0,31
45.54402,-73.60925,Rosemont-La Petite-Patrie,Entire home/apt,128.0,180
45.51585,-73.565582,Ville-Marie,Entire home/apt,89.0,31
45.50239,-73.56269,Ville-Marie,Entire home/apt,167.0,31
45.50403,-73.56316,Ville-Marie,Entire home/apt,196.0,1
45.50193,-73.56444,Ville-Marie,Entire home/apt,189.0,31
45.51045608520508,-73.56192779541016,Ville-Marie,Entire home/apt,89.0,31
45.524295806884766,-73.55628967285156,Ville-Marie,Entire home/apt,233.0,182
45.5022,-73.56285,Ville-Marie,Entire home/apt,150.0,1
45.50383,-73.56291,Ville-Marie,Entire home/apt,138.0,1
45.50423,-73.56258,Ville-Marie,Entire home/apt,157.0,1
45.497734,-73.585808,Ville-Marie,Entire home/apt,150.0,120
45.50372,-73.56419,Ville-Marie,Entire home/apt,157.0,1
45.502,-73.56439,Ville-Marie,Entire home/apt,156.0,1
45.50337,-73.56448,Ville-Marie,Entire home/apt,137.0,1
45.4826,-73.56033,Le Sud-Ouest,Entire home/apt,254.0,2
45.522038,-73.57383,Le Plateau-Mont-Royal,Entire home/apt,350.0,31
45.50271,-73.56448,Ville-Marie,Entire home/apt,165.0,1
45.50426,-73.56258,Ville-Marie,Entire home/apt,180.0,31
45.50401,-73.56324,Ville-Marie,Entire home/apt,144.0,1
45.50207,-73.5646,Ville-Marie,Entire home/apt,171.0,31
45.5028,-73.56254,Ville-Marie,Entire home/apt,143.0,1
45.50386,-73.56295,Ville-Marie,Entire home/apt,166.0,1
45.50197,-73.56289,Ville-Marie,Entire home/apt,156.0,31
45.50355,-73.5626,Ville-Marie,Entire home/apt,159.0,31
45.50235,-73.56466,Ville-Marie,Entire home/apt,162.0,31
45.50416,-73.56397,Ville-Marie,Entire home/apt,168.0,31
45.50226,-73.56283,Ville-Marie,Entire home/apt,176.0,31
45.50214,-73.56433,Ville-Marie,Entire home/apt,134.0,1
45.5028,-73.56262,Ville-Marie,Entire home/apt,160.0,1
45.50398,-73.5639,Ville-Marie,Entire home/apt,143.0,1
45.5038,-73.56245,Ville-Marie,Entire home/apt,148.0,1
45.50334,-73.56468,Ville-Marie,Entire home/apt,167.0,1
45.5019,-73.56267,Ville-Marie,Entire home/apt,184.0,31
45.50362,-73.56459,Ville-Marie,Entire home/apt,172.0,1
45.50398,-73.56373,Ville-Marie,Entire home/apt,186.0,31
45.45261,-73.59154,Le Sud-Ouest,Entire home/apt,63.0,31
45.49616,-73.56949,Ville-Marie,Entire home/apt,210.0,31
45.4983154,-73.5858992,Ville-Marie,Entire home/apt,75.0,31
45.4692,-73.59175,Le Sud-Ouest,Entire home/apt,259.0,32
45.54414,-73.61652,Villeray-Saint-Michel-Parc-Extension,Entire home/apt,59.0,31
45.50559,-73.55411,Ville-Marie,Entire home/apt,210.0,90
45.48413,-73.56165,Le Sud-Ouest,Entire home/apt,168.0,2
45.54524,-73.63611,Villeray-Saint-Michel-Parc-Extension,Entire home/apt,120.0,31
45.5158494,-73.5655839,Ville-Marie,Entire home/apt,141.0,31
45.5158494,-73.5655839,Ville-Marie,Entire home/apt,89.0,31
45.4968,-73.57703,Ville-Marie,Entire home/apt,177.0,1
45.5447146,-73.54292889999999,Mercier-Hochelaga-Maisonneuve,Entire home/apt,175.0,2
45.5158494,-73.5655839,Ville-Marie,Entire home/apt,89.0,31
45.5158494,-73.5655839,Ville-Marie,Entire home/apt,81.0,31
45.46196,-73.59349,Le Sud-Ouest,Entire home/apt,190.0,31
45.51584,-73.57161,Le Plateau-Mont-Royal,Entire home/apt,135.0,60
45.5021,-73.56437,Ville-Marie,Entire home/apt,147.0,31
45.50424,-73.56278,Ville-Marie,Entire home/apt,152.0,1
45.51118,-73.56574,Ville-Marie,Entire home/apt,95.0,31
45.5701446,-73.6348022,Villeray-Saint-Michel-Parc-Extension,Entire home/apt,110.0,31
45.50067,-73.5593,Ville-Marie,Entire home/apt,200.0,31
45.51462,-73.57436,Le Plateau-Mont-Royal,Entire home/apt,81.0,31
45.50252,-73.62721,Côte-des-Neiges-Notre-Dame-de-Grâce,Entire home/apt,78.0,31
45.477801232271744,-73.5808175869869,Le Sud-Ouest,Entire home/apt,114.0,32
45.51973,-73.55572,Ville-Marie,Entire home/apt,119.0,32
45.5179,-73.55603,Ville-Marie,Entire home/apt,198.0,32
45.5168532,-73.5554047,Ville-Marie,Entire home/apt,135.0,32
45.46,-73.59217,Le Sud-Ouest,Entire home/apt,172.0,31
45.496110050162464,-73.55632555079733,Le Sud-Ouest,Entire home/apt,70.0,90
45.5145237,-73.5718547,Le Plateau-Mont-Royal,Entire home/apt,245.0,2
45.51493,-73.57579,Le Plateau-Mont-Royal,Entire home/apt,415.0,31
45.50645,-73.5727,Le Plateau-Mont-Royal,Entire home/apt,167.0,4
45.484,-73.56188,Le Sud-Ouest,Entire home/apt,198.0,2
45.50851,-73.55292,Ville-Marie,Entire home/apt,1860.0,2
45.56765,-73.52559,Mercier-Hochelaga-Maisonneuve,Entire home/apt,111.0,2
45.48418,-73.56024,Le Sud-Ouest,Entire home/apt,307.0,2
45.49622,-73.58812,Ville-Marie,Entire home/apt,270.0,31
45.52935,-73.67694,Saint-Laurent,Entire home/apt,85.0,31
45.47455,-73.62491,Côte-des-Neiges-Notre-Dame-de-Grâce,Entire home/apt,225.0,31
45.52391,-73.58914,Le Plateau-Mont-Royal,Entire home/apt,149.0,31
45.51496,-73.57551,Le Plateau-Mont-Royal,Entire home/apt,280.0,31
45.49422,-73.55895,Le Sud-Ouest,Entire home/apt,900.0,31
45.51551,-73.5763996,Le Plateau-Mont-Royal,Entire home/apt,201.0,31
45.5162,-73.5773,Le Plateau-Mont-Royal,Entire home/apt,211.0,31
45.553700840918914,-73.5489438474011,Mercier-Hochelaga-Maisonneuve,Entire home/apt,155.0,30
45.503,-73.57879,Ville-Marie,Entire home/apt,313.0,2
45.46693,-73.66808,Côte-Saint-Luc,Entire home/apt,579.0,32
45.4932039,-73.5568612,Le Sud-Ouest,Entire home/apt,73.0,31
45.5145237,-73.5718547,Le Plateau-Mont-Royal,Entire home/apt,245.0,31
45.51159,-73.56818,Ville-Marie,Entire home/apt,246.0,1
45.4762,-73.6282,Côte-des-Neiges-Notre-Dame-de-Grâce,Entire home/apt,200.0,32
45.49437,-73.58199,Ville-Marie,Entire home/apt,259.0,31
45.50090970000001,-73.55779179999999,Ville-Marie,Entire home/apt,220.0,31
45.5028,-73.56241,Ville-Marie,Entire home/apt,184.0,31
45.49634,-73.58005,Ville-Marie,Entire home/apt,129.0,1
45.5459196,-73.58442029999999,Rosemont-La Petite-Patrie,Entire home/apt,90.0,31
45.57027,-73.53989,Mercier-Hochelaga-Maisonneuve,Entire home/apt,166.0,2
45.4992,-73.5781,Ville-Marie,Entire home/apt,756.0,31
45.55403,-73.59599,Rosemont-La Petite-Patrie,Entire home/apt,60.0,1
45.50585,-73.63278,Côte-des-Neiges-Notre-Dame-de-Grâce,Entire home/apt,111.0,31
45.50716,-73.63218,Côte-des-Neiges-Notre-Dame-de-Grâce,Entire home/apt,116.0,31
45.48238,-73.56162,Le Sud-Ouest,Entire home/apt,183.0,2
45.50514,-73.63045,Côte-des-Neiges-Notre-Dame-de-Grâce,Entire home/apt,76.0,31
45.50941,-73.67125,Saint-Laurent,Entire home/apt,95.0,32
45.48289,-73.63445,Côte-des-Neiges-Notre-Dame-de-Grâce,Entire home/apt,66.0,90
45.5102,-73.67259,Saint-Laurent,Entire home/apt,89.0,31
45.48573,-73.63176,Côte-des-Neiges-Notre-Dame-de-Grâce,Entire home/apt,139.0,32
45.510688476731445,-73.71146590384654,Saint-Laurent,Entire home/apt,197.0,31
45.5534791,-73.6025138,Villeray-Saint-Michel-Parc-Extension,Entire home/apt,54.0,60
45.52149,-73.5753,Le Plateau-Mont-Royal,Entire home/apt,101.0,31
45.52374,-73.57539,Le Plateau-Mont-Royal,Entire home/apt,174.0,2
45.45652,-73.58187,Le Sud-Ouest,Entire home/apt,171.0,1
45.42852,-73.62395,LaSalle,Entire home/apt,108.0,31
45.50272,-73.56025,Ville-Marie,Entire home/apt,346.0,1
45.50909,-73.5657,Ville-Marie,Entire home/apt,99.0,31
45.49688,-73.62292,Côte-des-Neiges-Notre-Dame-de-Grâce,Entire home/apt,160.0,2
45.46735,-73.62045,Côte-des-Neiges-Notre-Dame-de-Grâce,Entire home/apt,85.0,31
45.50978755772518,-73.55185022736212,Ville-Marie,Entire home/apt,371.0,2
45.50948,-73.57685,Le Plateau-Mont-Royal,Entire home/apt,140.0,31
45.45181,-73.59929,Le Sud-Ouest,Entire home/apt,70.0,31
45.50978,-73.55201,Ville-Marie,Entire home/apt,228.0,2
45.52565,-73.62131,Villeray-Saint-Michel-Parc-Extension,Entire home/apt,111.0,31
45.50063,-73.55795,Ville-Marie,Entire home/apt,455.0,31
45.51398,-73.56019,Ville-Marie,Entire home/apt,204.0,2
45.49886015348154,-73.5597265911893,Ville-Marie,Entire home/apt,120.0,31
45.49588,-73.68133,Saint-Laurent,Entire home/apt,120.0,31
45.49472281872443,-73.57461500912905,Ville-Marie,Entire home/apt,100.0,31
45.53225,-73.56415,Le Plateau-Mont-Royal,Entire home/apt,110.0,31
45.5362595,-73.6036374,Rosemont-La Petite-Patrie,Entire home/apt,175.0,5
45.51016,-73.5523,Ville-Marie,Entire home/apt,115.0,31
45.46227082099568,-73.58448889106512,Le Sud-Ouest,Entire home/apt,114.0,2
45.5341832,-73.5575783,Ville-Marie,Entire home/apt,115.0,31
45.52555,-73.55942,Ville-Marie,Entire home/apt,165.0,31
45.46973,-73.59164,Le Sud-Ouest,Entire home/apt,99.0,1
45.4553782,-73.792873,Pointe-Claire,Entire home/apt,278.0,1
45.52238,-73.58975,Le Plateau-Mont-Royal,Entire home/apt,128.0,31
45.4751,-73.62093,Côte-des-Neiges-Notre-Dame-de-Grâce,Entire home/apt,400.0,32
45.48065,-73.62691,Côte-des-Neiges-Notre-Dame-de-Grâce,Entire home/apt,100.0,1
45.53093,-73.57379,Le Plateau-Mont-Royal,Entire home/apt,71.0,31
45.52462920000001,-73.6223186,Villeray-Saint-Michel-Parc-Extension,Entire home/apt,162.0,31
45.59698,-73.51227,Mercier-Hochelaga-Maisonneuve,Entire home/apt,64.0,31
45.50757,-73.64197,Mont-Royal,Entire home/apt,200.0,31
45.51225,-73.56231,Ville-Marie,Entire home/apt,146.0,2
45.49593878948136,-73.56757789850235,Ville-Marie,Entire home/apt,241.0,1
45.54491,-73.6363,Villeray-Saint-Michel-Parc-Extension,Entire home/apt,181.0,32
45.52051,-73.57555,Le Plateau-Mont-Royal,Entire home/apt,478.0,2
45.51931,-73.57597,Le Plateau-Mont-Royal,Entire home/apt,363.0,2
45.52035,-73.57377,Le Plateau-Mont-Royal,Entire home/apt,298.0,2
45.53773,-73.60987,Rosemont-La Petite-Patrie,Entire home/apt,226.0,31
45.53963,-73.60836,Rosemont-La Petite-Patrie,Entire home/apt,270.0,31
45.53974,-73.60758,Rosemont-La Petite-Patrie,Entire home/apt,193.0,31
45.53954,-73.60768,Rosemont-La Petite-Patrie,Entire home/apt,177.0,31
45.49503,-73.56846,Ville-Marie,Entire home/apt,207.0,31
45.49329,-73.62832,Côte-des-Neiges-Notre-Dame-de-Grâce,Entire home/apt,55.0,32
45.53778,-73.60907,Rosemont-La Petite-Patrie,Entire home/apt,373.0,31
45.53961,-73.60986,Rosemont-La Petite-Patrie,Entire home/apt,216.0,31
45.51778,-73.56744,Le Plateau-Mont-Royal,Entire home/apt,563.0,1
45.51802,-73.56911,Le Plateau-Mont-Royal,Entire home/apt,288.0,1
45.60282,-73.53222,Mercier-Hochelaga-Maisonneuve,Entire home/apt,59.0,32
45.56442,-73.65572,Ahuntsic-Cartierville,Entire home/apt,156.0,12
45.51134,-73.57101,Le Plateau-Mont-Royal,Entire home/apt,142.0,1
45.434,-73.59812,LaSalle,Entire home/apt,88.0,32
45.49688,-73.57171,Ville-Marie,Entire home/apt,110.0,31
45.49359,-73.62858,Côte-des-Neiges-Notre-Dame-de-Grâce,Entire home/apt,55.0,32
45.49178,-73.56711,Ville-Marie,Entire home/apt,160.0,31
45.52811,-73.58468,Le Plateau-Mont-Royal,Entire home/apt,1200.0,31
45.54602,-73.54937,Mercier-Hochelaga-Maisonneuve,Entire home/apt,95.0,31
45.50914,-73.57391,Le Plateau-Mont-Royal,Entire home/apt,175.0,1
45.52420285364525,-73.59431114047766,Le Plateau-Mont-Royal,Entire home/apt,78.0,32
45.51731,-73.55856,Ville-Marie,Entire home/apt,70.0,31
45.52119,-73.59938,Le Plateau-Mont-Royal,Entire home/apt,450.0,31
45.54044,-73.55046,Mercier-Hochelaga-Maisonneuve,Entire home/apt,69.0,31
45.55298,-73.54923,Mercier-Hochelaga-Maisonneuve,Entire home/apt,182.0,31
45.55340229999999,-73.6025066,Villeray-Saint-Michel-Parc-Extension,Entire home/apt,52.0,32
45.51893,-73.57327,Le Plateau-Mont-Royal,Entire home/apt,426.0,2
45.50755733556621,-73.63041410146407,Côte-des-Neiges-Notre-Dame-de-Grâce,Entire home/apt,141.0,31
45.53044717825592,-73.69409987173395,Ahuntsic-Cartierville,Entire home/apt,255.0,1
45.46974,-73.60609,Côte-des-Neiges-Notre-Dame-de-Grâce,Entire home/apt,159.0,1
45.49653,-73.60851,Côte-des-Neiges-Notre-Dame-de-Grâce,Entire home/apt,75.0,32
45.49809,-73.5776,Ville-Marie,Entire home/apt,183.0,2
45.4873,-73.56656,Le Sud-Ouest,Entire home/apt,320.0,90
45.50075289999999,-73.5802506,Ville-Marie,Entire home/apt,210.0,31
45.50075289999999,-73.5802506,Ville-Marie,Entire home/apt,210.0,31
45.54018,-73.61988,Villeray-Saint-Michel-Parc-Extension,Entire home/apt,225.0,32
45.49964,-73.57358,Ville-Marie,Entire home/apt,300.0,31
45.51091,-73.56946,Ville-Marie,Entire home/apt,261.0,2
45.54485469999999,-73.6085732,Rosemont-La Petite-Patrie,Entire home/apt,379.0,5
45.54732,-73.57882,Rosemont-La Petite-Patrie,Entire home/apt,243.0,31
45.510659481754935,-73.56326026141095,Ville-Marie,Entire home/apt,148.0,31
45.49461,-73.57246,Ville-Marie,Entire home/apt,95.0,1
45.55340229999999,-73.6025066,Villeray-Saint-Michel-Parc-Extension,Entire home/apt,52.0,32
45.48172987606266,-73.63336242735386,Côte-des-Neiges-Notre-Dame-de-Grâce,Entire home/apt,58.0,95
45.53971,-73.58131,Le Plateau-Mont-Royal,Entire home/apt,147.0,31
45.51071,-73.56617,Ville-Marie,Entire home/apt,125.0,31
45.51663,-73.56198,Ville-Marie,Entire home/apt,95.0,31
45.44915,-73.59731,Le Sud-Ouest,Entire home/apt,75.0,31
45.51512,-73.57181,Le Plateau-Mont-Royal,Entire home/apt,100.0,31
45.58736218935965,-73.64228412508965,Montréal-Nord,Entire home/apt,55.0,31
45.51452,-73.57484,Le Plateau-Mont-Royal,Entire home/apt,743.0,1
45.53848,-73.61733,Villeray-Saint-Michel-Parc-Extension,Entire home/apt,131.0,32
45.51534,-73.57673,Le Plateau-Mont-Royal,Entire home/apt,744.0,1
45.51602,-73.57504,Le Plateau-Mont-Royal,Entire home/apt,741.0,1
45.54934,-73.6497,Ahuntsic-Cartierville,Entire home/apt,209.0,31
45.52172884077683,-73.59518350275407,Le Plateau-Mont-Royal,Entire home/apt,91.0,31
45.532946,-73.59987,Rosemont-La Petite-Patrie,Entire home/apt,148.0,31
45.54085,-73.59749,Rosemont-La Petite-Patrie,Entire home/apt,68.0,31
45.5274560748244,-73.60620740801096,Le Plateau-Mont-Royal,Entire home/apt,131.0,1
45.53403,-73.55317,Ville-Marie,Entire home/apt,166.0,31
45.4907,-73.57012,Le Sud-Ouest,Entire home/apt,148.0,32
45.48836,-73.64332,Côte-des-Neiges-Notre-Dame-de-Grâce,Entire home/apt,58.0,32
45.49989,-73.55925,Ville-Marie,Entire home/apt,191.0,2
45.5338,-73.57518,Le Plateau-Mont-Royal,Entire home/apt,165.0,31
45.5029,-73.55879,Ville-Marie,Entire home/apt,413.0,31
45.60897,-73.54583,Anjou,Entire home/apt,111.0,31
45.5994315,-73.5972192,Saint-Léonard,Entire home/apt,173.0,31
45.4921079,-73.5713519,Ville-Marie,Entire home/apt,204.0,31
45.60713,-73.544,Anjou,Entire home/apt,111.0,31
45.49611,-73.57052,Ville-Marie,Entire home/apt,109.0,31
45.51398910845008,-73.57307879629516,Le Plateau-Mont-Royal,Entire home/apt,441.0,2
45.5010751,-73.5574723,Ville-Marie,Entire home/apt,95.0,180
45.56352,-73.66408,Ahuntsic-Cartierville,Entire home/apt,121.0,1
45.48587,-73.64097,Côte-des-Neiges-Notre-Dame-de-Grâce,Entire home/apt,144.0,32
45.48934,-73.62409,Côte-des-Neiges-Notre-Dame-de-Grâce,Entire home/apt,242.0,2
45.44462,-73.64667,Lachine,Entire home/apt,84.0,31
45.55314,-73.55403,Mercier-Hochelaga-Maisonneuve,Entire home/apt,51.0,31
45.53812,-73.55825,Ville-Marie,Entire home/apt,161.0,2
45.459,-73.59093,Le Sud-Ouest,Entire home/apt,45.0,31
45.55340229999999,-73.6025066,Villeray-Saint-Michel-Parc-Extension,Entire home/apt,62.0,32
45.55340229999999,-73.6025066,Villeray-Saint-Michel-Parc-Extension,Entire home/apt,58.0,90
45.494876376094005,-73.56447050325475,Ville-Marie,Entire home/apt,75.0,31
45.49167,-73.57566,Ville-Marie,Entire home/apt,162.0,2
45.47275,-73.59178,Le Sud-Ouest,Entire home/apt,184.0,31
45.47911,-73.56799,Le Sud-Ouest,Entire home/apt,120.0,31
45.55333,-73.55527,Rosemont-La Petite-Patrie,Entire home/apt,30.0,31
45.511360618397696,-73.56110247677002,Ville-Marie,Entire home/apt,118.0,3
45.51787,-73.55762,Ville-Marie,Entire home/apt,82.0,31
45.579668,-73.61316,Saint-Léonard,Entire home/apt,56.0,31
45.51499540350788,-73.89939062962755,L'Île-Bizard-Sainte-Geneviève,Entire home/apt,106.0,31
45.56368,-73.66467,Ahuntsic-Cartierville,Entire home/apt,104.0,1
45.56179,-73.66453,Ahuntsic-Cartierville,Entire home/apt,137.0,1
45.5365,-73.56395,Le Plateau-Mont-Royal,Entire home/apt,155.0,2
45.53544881457064,-73.55497728295752,Ville-Marie,Entire home/apt,90.0,32
45.57905,-73.5557,Mercier-Hochelaga-Maisonneuve,Entire home/apt,44.0,32
45.42850598376926,-73.6024950433647,LaSalle,Entire home/apt,79.0,31
45.54613,-73.59147,Rosemont-La Petite-Patrie,Entire home/apt,90.0,32
45.51539,-73.56032,Ville-Marie,Entire home/apt,137.0,31
45.51696,-73.56174,Ville-Marie,Entire home/apt,96.0,31
45.50851,-73.56726,Ville-Marie,Entire home/apt,271.0,31
45.57779,-73.59029,Saint-Léonard,Entire home/apt,80.0,32
45.52575,-73.69736,Saint-Laurent,Entire home/apt,131.0,32
45.4568828,-73.5718911,Verdun,Entire home/apt,134.0,31
45.5178902,-73.5576054,Ville-Marie,Entire home/apt,119.0,2
45.55352681805714,-73.55410664577214,Mercier-Hochelaga-Maisonneuve,Entire home/apt,30.0,31
45.55327,-73.55572,Rosemont-La Petite-Patrie,Entire home/apt,25.0,31
45.52119,-73.59938,Le Plateau-Mont-Royal,Entire home/apt,408.0,31
45.49534,-73.5739,Ville-Marie,Entire home/apt,80.0,32
45.50361,-73.56274,Ville-Marie,Entire home/apt,145.0,1
45.50141,-73.56263,Ville-Marie,Entire home/apt,148.0,1
45.50401301032591,-73.5643997521531,Ville-Marie,Entire home/apt,147.0,31
45.50864,-73.57187,Le Plateau-Mont-Royal,Entire home/apt,190.0,31
45.49652,-73.60836,Côte-des-Neiges-Notre-Dame-de-Grâce,Entire home/apt,65.0,32
45.45066,-73.88846,Pierrefonds-Roxboro,Entire home/apt,421.0,2
45.44745,-73.6076,LaSalle,Entire home/apt,266.0,2
45.5440767,-73.5597488,Rosemont-La Petite-Patrie,Entire home/apt,67.0,31
45.49462,-73.56973,Ville-Marie,Entire home/apt,233.0,31
45.542110611595966,-73.62705332281803,Villeray-Saint-Michel-Parc-Extension,Entire home/apt,105.0,2
45.52902,-73.7193,Ahuntsic-Cartierville,Entire home/apt,82.0,31
45.5192953,-73.5731402,Le Plateau-Mont-Royal,Entire home/apt,178.0,2
45.4889,-73.58386,Ville-Marie,Entire home/apt,122.0,31
45.5474,-73.64187,Ahuntsic-Cartierville,Entire home/apt,65.0,31
45.52312,-73.58165,Le Plateau-Mont-Royal,Entire home/apt,98.0,31
45.51587,-73.56466,Ville-Marie,Entire home/apt,117.0,31
45.48025060175682,-73.58715611904907,Le Sud-Ouest,Entire home/apt,265.0,2
45.48444180751139,-73.58704336041846,Westmount,Entire home/apt,241.0,31
45.5051529,-73.5632103,Ville-Marie,Entire home/apt,104.0,31
45.47048969999999,-73.5928988,Le Sud-Ouest,Entire home/apt,154.0,31
45.59553,-73.58764,Saint-Léonard,Entire home/apt,50.0,31
45.49617,-73.56798,Ville-Marie,Entire home/apt,250.0,31
45.52390213048274,-73.58336418518066,Le Plateau-Mont-Royal,Entire home/apt,310.0,31
45.40822,-73.94731,Sainte-Anne-de-Bellevue,Entire home/apt,65.0,31
45.51833,-73.57522,Le Plateau-Mont-Royal,Entire home/apt,165.0,200
45.49528,-73.57415,Ville-Marie,Entire home/apt,139.0,31
45.49621,-73.56904,Ville-Marie,Entire home/apt,137.0,31
45.52402,-73.57396,Le Plateau-Mont-Royal,Entire home/apt,167.0,2
45.69139183399819,-73.48293089311521,Rivière-des-Prairies-Pointe-aux-Trembles,Entire home/apt,117.0,31
45.4945138,-73.6189529,Côte-des-Neiges-Notre-Dame-de-Grâce,Entire home/apt,100.0,31
45.51684,-73.55983,Ville-Marie,Entire home/apt,99.0,31
45.54247,-73.54863,Mercier-Hochelaga-Maisonneuve,Entire home/apt,133.0,31
45.50827,-73.67319,Saint-Laurent,Entire home/apt,92.0,32
45.51055,-73.68137,Saint-Laurent,Entire home/apt,89.0,90
45.53601,-73.57462,Le Plateau-Mont-Royal,Entire home/apt,66.0,32
45.51013,-73.55431,Ville-Marie,Entire home/apt,110.0,31
45.47866,-73.5533,Le Sud-Ouest,Entire home/apt,111.0,31
45.51459,-73.57609,Le Plateau-Mont-Royal,Entire home/apt,177.0,7
45.5121772,-73.5621166,Ville-Marie,Entire home/apt,123.0,2
45.52027,-73.56128,Ville-Marie,Entire home/apt,320.0,31
45.49344,-73.55821,Le Sud-Ouest,Entire home/apt,125.0,31
45.54888,-73.59477,Rosemont-La Petite-Patrie,Entire home/apt,59.0,31
45.51241,-73.56046,Ville-Marie,Entire home/apt,93.0,31
45.52394963096501,-73.58346877354127,Le Plateau-Mont-Royal,Entire home/apt,663.0,31
45.48265,-73.63342,Côte-des-Neiges-Notre-Dame-de-Grâce,Entire home/apt,240.0,31
45.53924,-73.54271,Mercier-Hochelaga-Maisonneuve,Entire home/apt,104.0,31
45.53314,-73.57408,Le Plateau-Mont-Royal,Entire home/apt,269.0,31
45.59716438489637,-73.5145706354728,Mercier-Hochelaga-Maisonneuve,Entire home/apt,92.0,31
45.57194,-73.54025,Mercier-Hochelaga-Maisonneuve,Entire home/apt,85.0,31
45.4643214,-73.5692526,Verdun,Entire home/apt,149.0,7
45.48141,-73.60382,Westmount,Entire home/apt,272.0,4
45.4960415,-73.57051659999999,Ville-Marie,Entire home/apt,99.0,31
45.54222,-73.61364,Villeray-Saint-Michel-Parc-Extension,Entire home/apt,65.0,31
45.49235136908641,-73.62892173796645,Côte-des-Neiges-Notre-Dame-de-Grâce,Entire home/apt,262.0,1
45.508533,-73.575855,Le Plateau-Mont-Royal,Entire home/apt,63.0,31
45.52472,-73.58293,Le Plateau-Mont-Royal,Entire home/apt,119.0,6
45.43890916481144,-73.82697131484747,Pointe-Claire,Entire home/apt,80.0,31
45.52355,-73.58747,Le Plateau-Mont-Royal,Entire home/apt,120.0,31
45.515599,-73.556551,Ville-Marie,Entire home/apt,270.0,31
45.46779,-73.66454,Côte-Saint-Luc,Entire home/apt,100.0,2
45.50062299440004,-73.57667368553223,Ville-Marie,Entire home/apt,160.0,365
45.4955379,-73.6092279,Côte-des-Neiges-Notre-Dame-de-Grâce,Entire home/apt,93.0,2
45.49621,-73.58562,Ville-Marie,Entire home/apt,226.0,2
45.53326,-73.56254,Le Plateau-Mont-Royal,Entire home/apt,212.0,31
45.55803,-73.58584,Rosemont-La Petite-Patrie,Entire home/apt,83.0,31
45.48104,-73.83585,Dollard-des-Ormeaux,Entire home/apt,225.0,3
45.54255,-73.61399,Villeray-Saint-Michel-Parc-Extension,Entire home/apt,83.0,31
45.62649,-73.624,Montréal-Nord,Entire home/apt,70.0,60
45.57454,-73.65707,Ahuntsic-Cartierville,Entire home/apt,72.0,32
45.51138,-73.56461,Ville-Marie,Entire home/apt,90.0,31
45.50938,-73.56559,Ville-Marie,Entire home/apt,95.0,31
45.51606,-73.55988,Ville-Marie,Entire home/apt,110.0,31
45.44993,-73.76499,Dorval,Entire home/apt,144.0,1
45.51651079102418,-73.56339652063994,Ville-Marie,Entire home/apt,155.0,31
45.49124,-73.62816,Côte-des-Neiges-Notre-Dame-de-Grâce,Entire home/apt,99.0,32
45.53601,-73.57581,Le Plateau-Mont-Royal,Entire home/apt,100.0,60
45.50396,-73.56375,Ville-Marie,Entire home/apt,152.0,1
45.508029552759474,-73.69018766710968,Saint-Laurent,Entire home/apt,131.0,31
45.54213,-73.61565,Villeray-Saint-Michel-Parc-Extension,Entire home/apt,61.0,31
45.45901,-73.60117,Le Sud-Ouest,Entire home/apt,250.0,31
45.51104,-73.56442,Ville-Marie,Entire home/apt,129.0,31
45.51724,-73.55849,Ville-Marie,Entire home/apt,58.0,31
45.4954,-73.5887,Ville-Marie,Entire home/apt,400.0,90
45.51805,-73.58383,Le Plateau-Mont-Royal,Entire home/apt,120.0,31
45.6415043,-73.4937899,Rivière-des-Prairies-Pointe-aux-Trembles,Entire home/apt,82.0,31
45.53136,-73.57249,Le Plateau-Mont-Royal,Entire home/apt,83.0,31
45.55246,-73.55417,Mercier-Hochelaga-Maisonneuve,Entire home/apt,102.0,31
45.51225,-73.56231,Ville-Marie,Entire home/apt,151.0,2
45.5249149027842,-73.59397818710251,Le Plateau-Mont-Royal,Entire home/apt,174.0,31
45.479069,-73.57077699999999,Le Sud-Ouest,Entire home/apt,98.0,30
45.51478,-73.57475,Le Plateau-Mont-Royal,Entire home/apt,247.0,2
45.522794,-73.579829,Le Plateau-Mont-Royal,Entire home/apt,95.0,31
45.51447107508319,-73.56333557624477,Ville-Marie,Entire home/apt,83.0,31
45.4384097,-73.8267334,Pointe-Claire,Entire home/apt,60.0,31
45.51478,-73.57475,Le Plateau-Mont-Royal,Entire home/apt,202.0,2
45.51478,-73.57475,Le Plateau-Mont-Royal,Entire home/apt,204.0,2
45.5108915,-73.5693027,Ville-Marie,Entire home/apt,307.0,31
45.51106,-73.56277,Ville-Marie,Entire home/apt,66.0,32
45.5108915,-73.5693027,Ville-Marie,Entire home/apt,256.0,31
45.4799,-73.62426,Côte-des-Neiges-Notre-Dame-de-Grâce,Entire home/apt,99.0,1
45.49477,-73.63332,Côte-des-Neiges-Notre-Dame-de-Grâce,Entire home/apt,226.0,31
45.55974,-73.57008,Rosemont-La Petite-Patrie,Entire home/apt,55.0,32
45.46092,-73.5931,Le Sud-Ouest,Entire home/apt,69.0,31
45.496007,-73.5676631,Ville-Marie,Entire home/apt,98.0,31
45.548,-73.53592,Mercier-Hochelaga-Maisonneuve,Entire home/apt,163.0,1
45.54775,-73.53408,Mercier-Hochelaga-Maisonneuve,Entire home/apt,170.0,1
45.50167,-73.57862,Ville-Marie,Entire home/apt,120.0,32
45.51187,-73.55296,Ville-Marie,Entire home/apt,95.0,31
45.48176,-73.62498,Côte-des-Neiges-Notre-Dame-de-Grâce,Entire home/apt,100.0,31
45.48001,-73.62327,Côte-des-Neiges-Notre-Dame-de-Grâce,Entire home/apt,100.0,1
45.60440312736222,-73.5746954753995,Anjou,Entire home/apt,60.0,31
45.55466,-73.6681,Ahuntsic-Cartierville,Entire home/apt,104.0,32
45.54834,-73.53595,Mercier-Hochelaga-Maisonneuve,Entire home/apt,254.0,1
45.53550600000001,-73.56201399999999,Le Plateau-Mont-Royal,Entire home/apt,86.0,32
45.50187,-73.55447,Ville-Marie,Entire home/apt,325.0,2
45.43005448879345,-73.59604887664318,LaSalle,Entire home/apt,127.0,31
45.546456,-73.57768700000001,Rosemont-La Petite-Patrie,Entire home/apt,65.0,31
45.51203091879579,-73.5687651,Ville-Marie,Entire home/apt,219.0,30
45.45037788325874,-73.85635167356807,Kirkland,Entire home/apt,104.0,31
45.49889,-73.57907,Ville-Marie,Entire home/apt,319.0,31
45.49876,-73.57957,Ville-Marie,Entire home/apt,323.0,31
45.51432,-73.57549,Le Plateau-Mont-Royal,Entire home/apt,316.0,3
45.50203,-73.5582,Ville-Marie,Entire home/apt,662.0,31
45.53301,-73.56593,Le Plateau-Mont-Royal,Entire home/apt,79.0,31
45.49866,-73.57381,Ville-Marie,Entire home/apt,2000.0,1
45.515136435030094,-73.57673678330185,Le Plateau-Mont-Royal,Entire home/apt,117.0,31
45.54154,-73.55205,Mercier-Hochelaga-Maisonneuve,Entire home/apt,50.0,31
45.50683,-73.57411,Le Plateau-Mont-Royal,Entire home/apt,145.0,32
45.4652,-73.61841,Côte-des-Neiges-Notre-Dame-de-Grâce,Entire home/apt,104.0,2
45.51587,-73.56466,Ville-Marie,Entire home/apt,126.0,31
45.53381801395577,-73.55738818645477,Ville-Marie,Entire home/apt,104.0,1
45.50212,-73.5628,Ville-Marie,Entire home/apt,178.0,1
45.50227,-73.55847,Ville-Marie,Entire home/apt,65.0,31
45.47865,-73.58886,Le Sud-Ouest,Entire home/apt,143.0,31
45.51478,-73.57475,Le Plateau-Mont-Royal,Entire home/apt,201.0,1
45.51478,-73.57475,Le Plateau-Mont-Royal,Entire home/apt,241.0,1
45.54311,-73.65089,Ahuntsic-Cartierville,Entire home/apt,1000.0,31
45.537082,-73.565429,Le Plateau-Mont-Royal,Entire home/apt,295.0,31
45.49798404470763,-73.57522924475458,Ville-Marie,Entire home/apt,657.0,2
45.51262,-73.56101,Ville-Marie,Entire home/apt,188.0,1
45.49455,-73.58235,Ville-Marie,Entire home/apt,86.0,31
45.5257697,-73.5771071,Le Plateau-Mont-Royal,Entire home/apt,108.0,31
45.51982,-73.72629,Saint-Laurent,Entire home/apt,50.0,31
45.50439,-73.73339,Saint-Laurent,Entire home/apt,92.0,31
45.50506,-73.79175,Pierrefonds-Roxboro,Entire home/apt,128.0,32
45.50354,-73.55879,Ville-Marie,Entire home/apt,91.0,31
45.49496805599457,-73.62079409932782,Côte-des-Neiges-Notre-Dame-de-Grâce,Entire home/apt,105.0,31
45.52316,-73.57857,Le Plateau-Mont-Royal,Entire home/apt,159.0,1
45.51777,-73.72469,Saint-Laurent,Entire home/apt,98.0,31
45.484657,-73.57779150000002,Le Sud-Ouest,Entire home/apt,177.0,31
45.49486,-73.58205,Ville-Marie,Entire home/apt,95.0,31
45.53009,-73.54641,Ville-Marie,Entire home/apt,114.0,31
45.44599328145546,-73.57456983558198,Verdun,Entire home/apt,68.0,32
45.5383298,-73.5783203,Le Plateau-Mont-Royal,Entire home/apt,207.0,32
45.57179972205732,-73.56569161759147,Rosemont-La Petite-Patrie,Entire home/apt,188.0,4
45.49125,-73.55707,Le Sud-Ouest,Entire home/apt,143.0,1
45.49434644823538,-73.55742395985529,Le Sud-Ouest,Entire home/apt,132.0,31
45.51725,-73.55975,Ville-Marie,Entire home/apt,125.0,31
45.692740546350194,-73.48941409369152,Rivière-des-Prairies-Pointe-aux-Trembles,Entire home/apt,64.0,31
45.49572,-73.84496,Pierrefonds-Roxboro,Entire home/apt,231.0,31
45.48953,-73.58384,Ville-Marie,Entire home/apt,136.0,31
45.5143182198408,-73.70480574667454,Saint-Laurent,Entire home/apt,190.0,31
45.53099,-73.67119,Saint-Laurent,Entire home/apt,120.0,31
45.4951134,-73.568744,Ville-Marie,Entire home/apt,101.0,31
45.47235,-73.62694,Côte-des-Neiges-Notre-Dame-de-Grâce,Entire home/apt,141.0,2
45.53923,-73.54826,Mercier-Hochelaga-Maisonneuve,Entire home/apt,83.0,32
45.57066,-73.56561,Rosemont-La Petite-Patrie,Entire home/apt,198.0,31
45.55001,-73.66813,Ahuntsic-Cartierville,Entire home/apt,111.0,2
45.4932039,-73.5568612,Le Sud-Ouest,Entire home/apt,130.0,31
45.51927,-73.57399,Le Plateau-Mont-Royal,Entire home/apt,217.0,2
45.49063,-73.5836,Ville-Marie,Entire home/apt,79.0,31
45.5730425,-73.6246357,Villeray-Saint-Michel-Parc-Extension,Entire home/apt,45.0,31
45.46421,-73.6422,Côte-des-Neiges-Notre-Dame-de-Grâce,Entire home/apt,66.0,32
45.50469,-73.56189,Ville-Marie,Entire home/apt,107.0,2
45.47953,-73.62392,Côte-des-Neiges-Notre-Dame-de-Grâce,Entire home/apt,99.0,1
45.5638675,-73.5761378,Rosemont-La Petite-Patrie,Entire home/apt,74.0,32
45.51293,-73.56792,Ville-Marie,Entire home/apt,176.0,1
45.5122706,-73.562195,Ville-Marie,Entire home/apt,119.0,31
45.42894,-73.59909,LaSalle,Entire home/apt,172.0,31
45.53883,-73.559443,Ville-Marie,Entire home/apt,112.0,31
45.52149614583773,-73.5905849450318,Le Plateau-Mont-Royal,Entire home/apt,75.0,31
45.50339,-73.58218,Ville-Marie,Entire home/apt,95.0,31
45.48766,-73.62571,Côte-des-Neiges-Notre-Dame-de-Grâce,Entire home/apt,205.0,2
45.51479,-73.5749,Le Plateau-Mont-Royal,Entire home/apt,218.0,2
45.49118,-73.58083,Ville-Marie,Entire home/apt,162.0,31
45.50919,-73.56596,Ville-Marie,Entire home/apt,159.0,31
45.46573,-73.61446,Côte-des-Neiges-Notre-Dame-de-Grâce,Entire home/apt,134.0,1
45.54093,-73.54918,Mercier-Hochelaga-Maisonneuve,Entire home/apt,194.0,31
45.53945,-73.54748,Mercier-Hochelaga-Maisonneuve,Entire home/apt,157.0,31
45.54148,-73.54855,Mercier-Hochelaga-Maisonneuve,Entire home/apt,396.0,31
45.50179,-73.55593,Ville-Marie,Entire home/apt,189.0,2
45.4960415,-73.57051659999999,Ville-Marie,Entire home/apt,100.0,31
45.46685,-73.61527,Côte-des-Neiges-Notre-Dame-de-Grâce,Entire home/apt,123.0,1
45.51479,-73.5749,Le Plateau-Mont-Royal,Entire home/apt,267.0,2
45.51867,-73.59147,Le Plateau-Mont-Royal,Entire home/apt,65.0,31
45.5037763,-73.5642797,Ville-Marie,Entire home/apt,176.0,31
45.54806689999999,-73.5409116,Mercier-Hochelaga-Maisonneuve,Entire home/apt,70.0,31
45.59716,-73.51424,Mercier-Hochelaga-Maisonneuve,Entire home/apt,67.0,31
45.46554,-73.61525,Côte-des-Neiges-Notre-Dame-de-Grâce,Entire home/apt,135.0,1
45.46526190682935,-73.61458831244038,Côte-des-Neiges-Notre-Dame-de-Grâce,Entire home/apt,196.0,1
45.46384,-73.61505,Côte-des-Neiges-Notre-Dame-de-Grâce,Entire home/apt,160.0,1
45.51953,-73.55697,Ville-Marie,Entire home/apt,88.0,31
45.49983687507044,-73.57291815376536,Ville-Marie,Entire home/apt,450.0,3
45.46978,-73.63011,Côte-des-Neiges-Notre-Dame-de-Grâce,Entire home/apt,214.0,32
45.5366904,-73.5808179,Le Plateau-Mont-Royal,Entire home/apt,96.0,31
45.5058,-73.56913,Ville-Marie,Entire home/apt,91.0,31
45.52143,-73.57697,Le Plateau-Mont-Royal,Entire home/apt,110.0,31
45.52143,-73.57697,Le Plateau-Mont-Royal,Entire home/apt,114.0,31
45.49011,-73.58177,Ville-Marie,Entire home/apt,171.0,31
45.52143,-73.57697,Le Plateau-Mont-Royal,Entire home/apt,160.0,31
45.52143,-73.57697,Le Plateau-Mont-Royal,Entire home/apt,113.0,31
45.52143,-73.57697,Le Plateau-Mont-Royal,Entire home/apt,125.0,31
45.52143,-73.57697,Le Plateau-Mont-Royal,Entire home/apt,114.0,31
45.52143,-73.57697,Le Plateau-Mont-Royal,Entire home/apt,133.0,31
45.52143,-73.57697,Le Plateau-Mont-Royal,Entire home/apt,131.0,31
45.52143,-73.57697,Le Plateau-Mont-Royal,Entire home/apt,121.0,31
45.52143,-73.57697,Le Plateau-Mont-Royal,Entire home/apt,132.0,31
45.52143,-73.57697,Le Plateau-Mont-Royal,Entire home/apt,125.0,31
45.52143,-73.57697,Le Plateau-Mont-Royal,Entire home/apt,128.0,31
45.52143,-73.57697,Le Plateau-Mont-Royal,Entire home/apt,135.0,31
45.52143,-73.57697,Le Plateau-Mont-Royal,Entire home/apt,123.0,31
45.52143,-73.57697,Le Plateau-Mont-Royal,Entire home/apt,138.0,31
45.52143,-73.57697,Le Plateau-Mont-Royal,Entire home/apt,116.0,31
45.52143,-73.57697,Le Plateau-Mont-Royal,Entire home/apt,129.0,31
45.51195483044813,-73.56221645767212,Ville-Marie,Entire home/apt,135.0,31
45.55258,-73.64346,Ahuntsic-Cartierville,Entire home/apt,133.0,31
45.51174,-73.5619,Ville-Marie,Entire home/apt,70.0,31
45.49323,-73.57107,Ville-Marie,Entire home/apt,120.0,31
45.5122706,-73.562195,Ville-Marie,Entire home/apt,137.0,2
45.49215,-73.62864,Côte-des-Neiges-Notre-Dame-de-Grâce,Entire home/apt,55.0,32
45.5426,-73.61363,Villeray-Saint-Michel-Parc-Extension,Entire home/apt,86.0,31
45.52127,-73.55664,Ville-Marie,Entire home/apt,98.0,31
45.51479,-73.5749,Le Plateau-Mont-Royal,Entire home/apt,203.0,2
45.51479,-73.5749,Le Plateau-Mont-Royal,Entire home/apt,241.0,2
45.52891,-73.56642,Le Plateau-Mont-Royal,Entire home/apt,186.0,1
45.49274,-73.5802,Ville-Marie,Entire home/apt,123.0,1
45.47989,-73.5803,Le Sud-Ouest,Entire home/apt,215.0,1
45.47861,-73.58014,Le Sud-Ouest,Entire home/apt,207.0,1
45.47847,-73.58082,Le Sud-Ouest,Entire home/apt,200.0,1
45.47985,-73.5801,Le Sud-Ouest,Entire home/apt,196.0,1
45.5164,-73.55678,Ville-Marie,Entire home/apt,150.0,31
45.540778439300006,-73.64417704655762,Ahuntsic-Cartierville,Entire home/apt,126.0,31
45.5285798,-73.5628559,Ville-Marie,Entire home/apt,107.0,31
45.48349,-73.6285,Côte-des-Neiges-Notre-Dame-de-Grâce,Entire home/apt,122.0,31
45.4936,-73.57535,Ville-Marie,Entire home/apt,300.0,31
45.49362,-73.55643,Le Sud-Ouest,Entire home/apt,240.0,1
45.51448,-73.56447,Ville-Marie,Entire home/apt,86.0,31
45.5309219,-73.725646,Ahuntsic-Cartierville,Entire home/apt,168.0,2
45.555281005765366,-73.61375413835049,Villeray-Saint-Michel-Parc-Extension,Entire home/apt,70.0,31
45.47321672986276,-73.56936878465577,Verdun,Entire home/apt,190.0,31
45.52411,-73.57711,Le Plateau-Mont-Royal,Entire home/apt,97.0,31
45.5157,-73.56134,Ville-Marie,Entire home/apt,99.0,31
45.49195111119237,-73.56913757594502,Ville-Marie,Entire home/apt,250.0,2
45.46591,-73.61848,Côte-des-Neiges-Notre-Dame-de-Grâce,Entire home/apt,131.0,2
45.4202,-73.6497,LaSalle,Entire home/apt,63.0,31
45.51171,-73.57398,Le Plateau-Mont-Royal,Entire home/apt,119.0,4
45.51175975774185,-73.56316329897642,Ville-Marie,Entire home/apt,67.0,31
45.54801,-73.55281,Mercier-Hochelaga-Maisonneuve,Entire home/apt,71.0,31
45.51504,-73.55787,Ville-Marie,Entire home/apt,344.0,1
45.50939,-73.69696,Saint-Laurent,Entire home/apt,83.0,31
45.55389,-73.63415,Ahuntsic-Cartierville,Entire home/apt,53.0,32
45.557602,-73.5725631,Rosemont-La Petite-Patrie,Entire home/apt,125.0,32
45.4921,-73.55658,Le Sud-Ouest,Entire home/apt,64.0,31
45.54965,-73.59543,Rosemont-La Petite-Patrie,Entire home/apt,56.0,31
45.53945,-73.60354,Rosemont-La Petite-Patrie,Entire home/apt,126.0,31
45.51581890000001,-73.5647019,Ville-Marie,Entire home/apt,50.0,31
45.53427,-73.59421,Rosemont-La Petite-Patrie,Entire home/apt,74.0,31
45.50208110000001,-73.6280391,Côte-des-Neiges-Notre-Dame-de-Grâce,Entire home/apt,95.0,31
45.51501649999999,-73.57532189999999,Le Plateau-Mont-Royal,Entire home/apt,212.0,3
45.51925,-73.58679,Le Plateau-Mont-Royal,Entire home/apt,279.0,2
45.502,-73.5582,Ville-Marie,Entire home/apt,344.0,31
45.50206,-73.55696,Ville-Marie,Entire home/apt,577.0,31
45.50015,-73.55802,Ville-Marie,Entire home/apt,309.0,31
45.47134,-73.61342,Côte-des-Neiges-Notre-Dame-de-Grâce,Entire home/apt,56.0,31
45.50222,-73.56457,Ville-Marie,Entire home/apt,181.0,1
45.51735,-73.56191,Ville-Marie,Entire home/apt,99.0,31
45.51131872255164,-73.56559944903786,Ville-Marie,Entire home/apt,159.0,31
45.48203005192294,-73.5928102554829,Westmount,Entire home/apt,140.0,2
45.54179,-73.57839,Rosemont-La Petite-Patrie,Entire home/apt,59.0,31
45.50314,-73.58418,Ville-Marie,Entire home/apt,95.0,31
45.47638,-73.61291,Côte-des-Neiges-Notre-Dame-de-Grâce,Entire home/apt,293.0,31
45.49994,-73.55653,Ville-Marie,Entire home/apt,258.0,31
45.50182,-73.55692,Ville-Marie,Entire home/apt,259.0,31
45.5363,-73.55334,Ville-Marie,Entire home/apt,297.0,30
45.50174,-73.55619,Ville-Marie,Entire home/apt,232.0,31
45.543047,-73.603686,Rosemont-La Petite-Patrie,Entire home/apt,242.0,2
45.46424,-73.61485,Côte-des-Neiges-Notre-Dame-de-Grâce,Entire home/apt,150.0,1
45.55201,-73.53114,Mercier-Hochelaga-Maisonneuve,Entire home/apt,228.0,31
45.5253830167195,-73.57962748786342,Le Plateau-Mont-Royal,Entire home/apt,144.0,31
45.47803,-73.5694,Le Sud-Ouest,Entire home/apt,303.0,1
45.46394685760849,-73.6146587015524,Côte-des-Neiges-Notre-Dame-de-Grâce,Entire home/apt,152.0,1
45.46354,-73.61659,Côte-des-Neiges-Notre-Dame-de-Grâce,Entire home/apt,164.0,31
45.515511550656186,-73.55976156094705,Ville-Marie,Entire home/apt,60.0,31
45.42871804214397,-73.62539930290691,LaSalle,Entire home/apt,236.0,31
45.54782040868499,-73.63911767053871,Ahuntsic-Cartierville,Entire home/apt,253.0,2
45.5122706,-73.562195,Ville-Marie,Entire home/apt,183.0,31
45.51566,-73.57328,Le Plateau-Mont-Royal,Entire home/apt,125.0,1
45.49231526283694,-73.58201809064533,Ville-Marie,Entire home/apt,264.0,31
45.52187790000001,-73.6041127,Outremont,Entire home/apt,149.0,31
45.5180313,-73.59938559999999,Outremont,Entire home/apt,141.0,31
45.51844572073156,-73.56735803748913,Le Plateau-Mont-Royal,Entire home/apt,273.0,31
45.57109515394642,-73.57441116931152,Rosemont-La Petite-Patrie,Entire home/apt,93.0,3
45.52155768076589,-73.58104664629079,Le Plateau-Mont-Royal,Entire home/apt,298.0,1
45.529782763638885,-73.57914867404003,Le Plateau-Mont-Royal,Entire home/apt,113.0,5
45.52206,-73.58089,Le Plateau-Mont-Royal,Entire home/apt,705.0,1
45.5288241,-73.5896882,Le Plateau-Mont-Royal,Entire home/apt,260.0,31
45.44896658610227,-73.65079935588456,Lachine,Entire home/apt,158.0,31
45.5309337680668,-73.54550399391938,Ville-Marie,Entire home/apt,226.0,175
45.49983,-73.55642,Ville-Marie,Entire home/apt,263.0,2
45.53312020000001,-73.6063789,Rosemont-La Petite-Patrie,Entire home/apt,99.0,3
45.55471,-73.59987,Villeray-Saint-Michel-Parc-Extension,Entire home/apt,175.0,31
45.575919541445295,-73.57477197110674,Rosemont-La Petite-Patrie,Entire home/apt,53.0,32
45.46802879722477,-73.6358503444388,Côte-des-Neiges-Notre-Dame-de-Grâce,Entire home/apt,129.0,2
45.51532,-73.56158,Ville-Marie,Entire home/apt,60.0,31
45.5446,-73.6354999,Villeray-Saint-Michel-Parc-Extension,Entire home/apt,121.0,31
45.5382893,-73.5822343,Le Plateau-Mont-Royal,Entire home/apt,62.0,31
45.4884807,-73.56788329999999,Le Sud-Ouest,Entire home/apt,230.0,31
45.50181,-73.55666,Ville-Marie,Entire home/apt,299.0,2
45.50198,-73.55834,Ville-Marie,Entire home/apt,237.0,2
45.5264039,-73.5461646,Ville-Marie,Entire home/apt,180.0,31
45.49606326003915,-73.5748782034671,Ville-Marie,Entire home/apt,119.0,31
45.55856,-73.53343,Mercier-Hochelaga-Maisonneuve,Entire home/apt,96.0,32
45.50358,-73.5541,Ville-Marie,Entire home/apt,412.0,1
45.50358079999999,-73.55409949999999,Ville-Marie,Entire home/apt,412.0,1
45.50358,-73.5541,Ville-Marie,Entire home/apt,348.0,1
45.50358079999999,-73.55409949999999,Ville-Marie,Entire home/apt,498.0,1
45.50358079999999,-73.55409949999999,Ville-Marie,Entire home/apt,418.0,1
45.50358079999999,-73.55409949999999,Ville-Marie,Entire home/apt,490.0,1
45.50358,-73.5541,Ville-Marie,Entire home/apt,348.0,1
45.50358079999999,-73.55409949999999,Ville-Marie,Entire home/apt,418.0,1
45.43366,-73.67844,Lachine,Entire home/apt,113.0,31
45.5122706,-73.562195,Ville-Marie,Entire home/apt,62.0,1
45.50128,-73.55611,Ville-Marie,Entire home/apt,288.0,2
45.502167920704046,-73.55772223402157,Ville-Marie,Entire home/apt,275.0,2
45.66389579788427,-73.54621707203627,Rivière-des-Prairies-Pointe-aux-Trembles,Entire home/apt,289.0,31
45.4958205,-73.5677287,Ville-Marie,Entire home/apt,200.0,31
45.5392358,-73.61249509999999,Rosemont-La Petite-Patrie,Entire home/apt,184.0,31
45.46573,-73.61696,Côte-des-Neiges-Notre-Dame-de-Grâce,Entire home/apt,182.0,1
45.51198,-73.56177,Ville-Marie,Entire home/apt,78.0,31
45.49694,-73.63728,Côte-des-Neiges-Notre-Dame-de-Grâce,Entire home/apt,88.0,31
45.46549362843743,-73.61670493478401,Côte-des-Neiges-Notre-Dame-de-Grâce,Entire home/apt,147.0,1
45.46537,-73.61633,Côte-des-Neiges-Notre-Dame-de-Grâce,Entire home/apt,113.0,1
45.4956,-73.55915,Le Sud-Ouest,Entire home/apt,82.0,32
45.49165,-73.55888,Le Sud-Ouest,Entire home/apt,158.0,31
45.490929986853125,-73.55916539621289,Le Sud-Ouest,Entire home/apt,99.0,31
45.56317088643423,-73.64279435908922,Ahuntsic-Cartierville,Entire home/apt,77.0,31
45.44338,-73.64786,Lachine,Entire home/apt,129.0,31
45.60682,-73.54803,Anjou,Entire home/apt,65.0,31
45.51981354047075,-73.55342853184179,Ville-Marie,Entire home/apt,87.0,31
45.51158524257114,-73.56307610514314,Ville-Marie,Entire home/apt,71.0,32
45.5124164,-73.7184834,Saint-Laurent,Entire home/apt,195.0,31
45.50050591748551,-73.55835840556063,Ville-Marie,Entire home/apt,298.0,2
45.5018,-73.55678,Ville-Marie,Entire home/apt,250.0,2
45.4878389,-73.57588059999999,Le Sud-Ouest,Entire home/apt,333.0,2
45.5368118,-73.6048728,Rosemont-La Petite-Patrie,Entire home/apt,183.0,3
45.51729,-73.55859,Ville-Marie,Entire home/apt,100.0,31
45.51129548714116,-73.56439841600239,Ville-Marie,Entire home/apt,125.0,31
45.49487474609205,-73.57101801201257,Ville-Marie,Entire home/apt,350.0,32
45.57105,-73.54023,Mercier-Hochelaga-Maisonneuve,Entire home/apt,75.0,31
45.54818017693547,-73.63971501684922,Ahuntsic-Cartierville,Entire home/apt,150.0,2
45.5206102514323,-73.57370270091698,Le Plateau-Mont-Royal,Entire home/apt,702.0,2
45.47185,-73.62579,Côte-des-Neiges-Notre-Dame-de-Grâce,Entire home/apt,128.0,2
45.45461660000001,-73.59441009999999,Le Sud-Ouest,Entire home/apt,283.0,2
45.53715080000001,-73.6216467,Villeray-Saint-Michel-Parc-Extension,Entire home/apt,99.0,32
45.54963,-73.63143,Villeray-Saint-Michel-Parc-Extension,Entire home/apt,75.0,31
45.4859617,-73.6364584,Côte-des-Neiges-Notre-Dame-de-Grâce,Entire home/apt,415.0,2
45.57262,-73.53846,Mercier-Hochelaga-Maisonneuve,Entire home/apt,105.0,31
45.50161174936743,-73.55824195709225,Ville-Marie,Entire home/apt,295.0,2
45.54280994358826,-73.61221655943704,Villeray-Saint-Michel-Parc-Extension,Entire home/apt,200.0,2
45.5006,-73.55834,Ville-Marie,Entire home/apt,244.0,2
45.47762,-73.57179,Le Sud-Ouest,Entire home/apt,72.0,31
45.47711113861334,-73.57152877692153,Le Sud-Ouest,Entire home/apt,90.0,31
45.50141,-73.55816,Ville-Marie,Entire home/apt,231.0,2
45.46558414327616,-73.61501920160468,Côte-des-Neiges-Notre-Dame-de-Grâce,Entire home/apt,142.0,3
45.4958117,-73.567656,Ville-Marie,Entire home/apt,225.0,32
45.52132,-73.58288,Le Plateau-Mont-Royal,Entire home/apt,121.0,31
45.54379,-73.61389,Villeray-Saint-Michel-Parc-Extension,Entire home/apt,69.0,31
45.51703,-73.5597,Ville-Marie,Entire home/apt,137.0,31
45.5534791,-73.6025138,Villeray-Saint-Michel-Parc-Extension,Entire home/apt,53.0,32
45.5534791,-73.6025138,Villeray-Saint-Michel-Parc-Extension,Entire home/apt,62.0,32
45.50128927571777,-73.55819691871369,Ville-Marie,Entire home/apt,235.0,2
45.493039633800485,-73.57280437235043,Ville-Marie,Entire home/apt,72.0,31
45.52375,-73.58289,Le Plateau-Mont-Royal,Entire home/apt,221.0,1
45.52375,-73.58289,Le Plateau-Mont-Royal,Entire home/apt,262.0,1
45.52375,-73.58289,Le Plateau-Mont-Royal,Entire home/apt,181.0,1
45.52375,-73.58289,Le Plateau-Mont-Royal,Entire home/apt,203.0,1
45.52375,-73.58289,Le Plateau-Mont-Royal,Entire home/apt,177.0,1
45.523748,-73.58288900000001,Le Plateau-Mont-Royal,Entire home/apt,150.0,1
45.523748,-73.58288900000001,Le Plateau-Mont-Royal,Entire home/apt,163.0,1
45.52375,-73.58289,Le Plateau-Mont-Royal,Entire home/apt,221.0,1
45.52375,-73.58289,Le Plateau-Mont-Royal,Entire home/apt,198.0,1
45.52375,-73.58289,Le Plateau-Mont-Royal,Entire home/apt,210.0,1
45.52375,-73.58289,Le Plateau-Mont-Royal,Entire home/apt,205.0,1
45.52375,-73.58289,Le Plateau-Mont-Royal,Entire home/apt,168.0,1
45.52375,-73.58289,Le Plateau-Mont-Royal,Entire home/apt,221.0,1
45.52375,-73.58289,Le Plateau-Mont-Royal,Entire home/apt,182.0,1
45.523748,-73.58288900000001,Le Plateau-Mont-Royal,Entire home/apt,150.0,1
45.52375,-73.58289,Le Plateau-Mont-Royal,Entire home/apt,210.0,1
45.52375,-73.58289,Le Plateau-Mont-Royal,Entire home/apt,198.0,1
45.52375,-73.58289,Le Plateau-Mont-Royal,Entire home/apt,198.0,1
45.60906,-73.6186,Montréal-Nord,Entire home/apt,130.0,31
45.50201101488292,-73.55634933398932,Ville-Marie,Entire home/apt,268.0,2
45.51414813571315,-73.57513622142399,Le Plateau-Mont-Royal,Entire home/apt,295.0,31
45.47476,-73.58805,Le Sud-Ouest,Entire home/apt,618.0,31
45.53486,-73.60281,Rosemont-La Petite-Patrie,Entire home/apt,178.0,31
45.52375,-73.58289,Le Plateau-Mont-Royal,Entire home/apt,233.0,1
45.46661,-73.80587,Pointe-Claire,Entire home/apt,155.0,31
45.49478854420733,-73.57184517533871,Ville-Marie,Entire home/apt,280.0,180
45.54647253849375,-73.64108819869213,Ahuntsic-Cartierville,Entire home/apt,139.0,2
45.491,-73.62952,Côte-des-Neiges-Notre-Dame-de-Grâce,Entire home/apt,188.0,31
45.50643708848452,-73.79017138305598,Pierrefonds-Roxboro,Entire home/apt,180.0,2
45.50839,-73.55227,Ville-Marie,Entire home/apt,330.0,1
45.50839,-73.55227,Ville-Marie,Entire home/apt,330.0,1
45.50839,-73.55227,Ville-Marie,Entire home/apt,330.0,1
45.50839,-73.55227,Ville-Marie,Entire home/apt,330.0,1
45.50839,-73.55227,Ville-Marie,Entire home/apt,381.0,1
45.50839,-73.55227,Ville-Marie,Entire home/apt,381.0,1
45.50839,-73.55227,Ville-Marie,Entire home/apt,455.0,1
45.50839,-73.55227,Ville-Marie,Entire home/apt,381.0,1
45.51906287575412,-73.57593822539864,Le Plateau-Mont-Royal,Entire home/apt,475.0,31
45.54424755721211,-73.61383805609134,Villeray-Saint-Michel-Parc-Extension,Entire home/apt,90.0,31
45.51284,-73.56152,Ville-Marie,Entire home/apt,67.0,32
45.5559,-73.53128,Mercier-Hochelaga-Maisonneuve,Entire home/apt,154.0,1
45.5406730065,-73.54096,Mercier-Hochelaga-Maisonneuve,Entire home/apt,138.0,31
45.4962,-73.60824,Côte-des-Neiges-Notre-Dame-de-Grâce,Entire home/apt,75.0,32
45.49717,-73.62527,Côte-des-Neiges-Notre-Dame-de-Grâce,Entire home/apt,73.0,31
45.46366,-73.61662,Côte-des-Neiges-Notre-Dame-de-Grâce,Entire home/apt,147.0,1
45.46502,-73.61668,Côte-des-Neiges-Notre-Dame-de-Grâce,Entire home/apt,176.0,1
45.46353,-73.61548,Côte-des-Neiges-Notre-Dame-de-Grâce,Entire home/apt,162.0,3
45.46368,-73.61619,Côte-des-Neiges-Notre-Dame-de-Grâce,Entire home/apt,155.0,3
45.5205,-73.57373,Le Plateau-Mont-Royal,Entire home/apt,162.0,31
45.55054,-73.60688,Villeray-Saint-Michel-Parc-Extension,Entire home/apt,90.0,31
45.49931,-73.56039,Ville-Marie,Entire home/apt,327.0,31
45.480739948271136,-73.62221785452171,Côte-des-Neiges-Notre-Dame-de-Grâce,Entire home/apt,100.0,1
45.54391,-73.53953,Mercier-Hochelaga-Maisonneuve,Entire home/apt,75.0,31
45.5391406265266,-73.57842613132888,Le Plateau-Mont-Royal,Entire home/apt,1317.0,31
45.50288842739593,-73.55875386283655,Ville-Marie,Entire home/apt,55.0,60
45.543,-73.63247,Villeray-Saint-Michel-Parc-Extension,Entire home/apt,865.0,3
45.495041079728274,-73.58139579841385,Ville-Marie,Entire home/apt,143.0,1
45.50067051460771,-73.55823508655814,Ville-Marie,Entire home/apt,985.0,2
45.47383,-73.56931,Verdun,Entire home/apt,147.0,31
45.47612843552137,-73.84018414855441,Dollard-des-Ormeaux,Entire home/apt,94.0,31
45.46673,-73.80597,Pointe-Claire,Entire home/apt,132.0,32
45.496708683057896,-73.56951041110239,Ville-Marie,Entire home/apt,80.0,31
45.53411,-73.59575,Rosemont-La Petite-Patrie,Entire home/apt,223.0,3
45.511767360578695,-73.56101370543489,Ville-Marie,Entire home/apt,89.0,31
45.5112,-73.56215,Ville-Marie,Entire home/apt,95.0,31
45.5094,-73.56043,Ville-Marie,Entire home/apt,85.0,31
45.499389374597165,-73.5590676210795,Ville-Marie,Entire home/apt,259.0,31
45.49293314881346,-73.55548790898438,Le Sud-Ouest,Entire home/apt,77.0,32
45.4800550074247,-73.62384313806858,Côte-des-Neiges-Notre-Dame-de-Grâce,Entire home/apt,100.0,1
45.49654185283477,-73.56940189610701,Ville-Marie,Entire home/apt,76.0,31
45.49662851527677,-73.56943860138536,Ville-Marie,Entire home/apt,162.0,31
45.4640258909414,-73.6148164512114,Côte-des-Neiges-Notre-Dame-de-Grâce,Entire home/apt,135.0,1
45.46429,-73.61461,Côte-des-Neiges-Notre-Dame-de-Grâce,Entire home/apt,148.0,1
45.46557,-73.61541,Côte-des-Neiges-Notre-Dame-de-Grâce,Entire home/apt,190.0,1
45.46557580026781,-73.61512885745576,Côte-des-Neiges-Notre-Dame-de-Grâce,Entire home/apt,176.0,1
45.46377958927585,-73.61474554718463,Côte-des-Neiges-Notre-Dame-de-Grâce,Entire home/apt,181.0,1
45.46431,-73.61477,Côte-des-Neiges-Notre-Dame-de-Grâce,Entire home/apt,157.0,1
45.46407,-73.61663,Côte-des-Neiges-Notre-Dame-de-Grâce,Entire home/apt,151.0,31
45.49578,-73.56934,Ville-Marie,Entire home/apt,145.0,31
45.49616,-73.5685,Ville-Marie,Entire home/apt,119.0,31
45.50456,-73.56251,Ville-Marie,Entire home/apt,96.0,31
45.50471185075256,-73.56385489679307,Ville-Marie,Entire home/apt,106.0,31
45.50493,-73.56405,Ville-Marie,Entire home/apt,92.0,31
45.51085,-73.5606,Ville-Marie,Entire home/apt,92.0,32
45.57272,-73.5402,Mercier-Hochelaga-Maisonneuve,Entire home/apt,71.0,32
45.51146,-73.56038,Ville-Marie,Entire home/apt,55.0,31
45.47780675983937,-73.5904572314747,Le Sud-Ouest,Entire home/apt,129.0,31
45.53742742159268,-73.55893968963119,Ville-Marie,Entire home/apt,150.0,31
45.4989,-73.5855,Ville-Marie,Entire home/apt,140.0,31
45.4993,-73.56019,Ville-Marie,Entire home/apt,424.0,31
45.49320155467749,-73.57490563622446,Ville-Marie,Entire home/apt,211.0,2
45.52540970696111,-73.62425482709372,Villeray-Saint-Michel-Parc-Extension,Entire home/apt,59.0,31
45.53201,-73.61429,Rosemont-La Petite-Patrie,Entire home/apt,142.0,31
45.4678742,-73.5923971,Le Sud-Ouest,Entire home/apt,209.0,2
45.50955879026826,-73.56306882671635,Ville-Marie,Entire home/apt,89.0,31
45.42856817804351,-73.62399914575087,LaSalle,Entire home/apt,79.0,31
45.60872,-73.54375,Anjou,Entire home/apt,100.0,31
45.4949,-73.56035,Le Sud-Ouest,Entire home/apt,125.0,31
45.437181298307856,-73.60553296878345,LaSalle,Entire home/apt,80.0,31
45.52333645595871,-73.57982956680148,Le Plateau-Mont-Royal,Entire home/apt,152.0,1
45.49502,-73.57119,Ville-Marie,Entire home/apt,76.0,31
45.49657,-73.5714,Ville-Marie,Entire home/apt,162.0,31
45.5224,-73.58011,Le Plateau-Mont-Royal,Entire home/apt,145.0,1
45.496029015913,-73.56857083195607,Ville-Marie,Entire home/apt,119.0,31
45.46427,-73.57664,Verdun,Entire home/apt,63.0,32
45.5121772,-73.5621166,Ville-Marie,Entire home/apt,123.0,31
45.482847084663966,-73.57399252086576,Le Sud-Ouest,Entire home/apt,229.0,31
45.48263079486396,-73.5763514422513,Le Sud-Ouest,Entire home/apt,230.0,31
45.48309101121362,-73.57569424180299,Le Sud-Ouest,Entire home/apt,250.0,31
45.54119791279239,-73.55091807216428,Mercier-Hochelaga-Maisonneuve,Entire home/apt,201.0,31
45.53938398861199,-73.54827053073005,Mercier-Hochelaga-Maisonneuve,Entire home/apt,183.0,1
45.50660690629698,-73.5626030796998,Ville-Marie,Entire home/apt,96.0,31
45.50586,-73.564,Ville-Marie,Entire home/apt,95.0,31
45.50645291409292,-73.56262353565347,Ville-Marie,Entire home/apt,106.0,31
45.504531355965305,-73.56346740309124,Ville-Marie,Entire home/apt,92.0,31
45.52375,-73.58289,Le Plateau-Mont-Royal,Entire home/apt,233.0,1
45.52375,-73.58289,Le Plateau-Mont-Royal,Entire home/apt,243.0,1
45.52375,-73.58289,Le Plateau-Mont-Royal,Entire home/apt,243.0,1
45.465669393459216,-73.61677121200582,Côte-des-Neiges-Notre-Dame-de-Grâce,Entire home/apt,141.0,1
45.55878,-73.59124,Rosemont-La Petite-Patrie,Entire home/apt,65.0,32
45.5619578734701,-73.66247912300302,Ahuntsic-Cartierville,Entire home/apt,135.0,1
45.5126637680445,-73.64348418444065,Mont-Royal,Entire home/apt,98.0,31
45.49187873736566,-73.55919561733994,Le Sud-Ouest,Entire home/apt,800.0,1
45.45091679075615,-73.59300449765496,Le Sud-Ouest,Entire home/apt,71.0,31
45.4652,-73.61498,Côte-des-Neiges-Notre-Dame-de-Grâce,Entire home/apt,132.0,1
45.46565,-73.61501,Côte-des-Neiges-Notre-Dame-de-Grâce,Entire home/apt,123.0,3
45.50326,-73.56424,Ville-Marie,Entire home/apt,172.0,1
45.54956837155221,-73.66441156719107,Ahuntsic-Cartierville,Entire home/apt,58.0,31
45.52222,-73.57965,Le Plateau-Mont-Royal,Entire home/apt,315.0,3
45.52087298749893,-73.5910505500198,Le Plateau-Mont-Royal,Entire home/apt,70.0,31
45.52159300334351,-73.55748231107087,Ville-Marie,Entire home/apt,79.0,31
45.52298326351496,-73.5578675375943,Ville-Marie,Entire home/apt,81.0,31
45.520607194287706,-73.5918640647892,Le Plateau-Mont-Royal,Entire home/apt,91.0,32
45.45399983417455,-73.58391510608902,Le Sud-Ouest,Entire home/apt,131.0,31
45.53875,-73.61581,Villeray-Saint-Michel-Parc-Extension,Entire home/apt,96.0,32
45.51811,-73.59213,Le Plateau-Mont-Royal,Entire home/apt,114.0,31
45.50598602997938,-73.57513443511188,Le Plateau-Mont-Royal,Entire home/apt,146.0,3
45.52462,-73.55001,Ville-Marie,Entire home/apt,211.0,31
45.48315,-73.6042,Westmount,Entire home/apt,291.0,5
45.52375,-73.58289,Le Plateau-Mont-Royal,Entire home/apt,221.0,1
45.51143038291684,-73.56263745577833,Ville-Marie,Entire home/apt,60.0,31
45.5860675,-73.5593334,Mercier-Hochelaga-Maisonneuve,Entire home/apt,174.0,32
45.61188,-73.52585,Mercier-Hochelaga-Maisonneuve,Entire home/apt,114.0,1
45.53981,-73.54736,Mercier-Hochelaga-Maisonneuve,Entire home/apt,323.0,31
45.515820915914304,-73.5780889910773,Le Plateau-Mont-Royal,Entire home/apt,166.0,31
45.50991,-73.56017,Ville-Marie,Entire home/apt,79.0,31
45.61225633012602,-73.51139869716445,Montréal-Est,Entire home/apt,163.0,4
45.50316,-73.55634,Ville-Marie,Entire home/apt,275.0,2
45.50316,-73.55634,Ville-Marie,Entire home/apt,269.0,2
45.48216,-73.63607,Côte-Saint-Luc,Entire home/apt,140.0,32
45.49787713464814,-73.57504606696793,Ville-Marie,Entire home/apt,665.0,3
45.4915173,-73.5831765,Ville-Marie,Entire home/apt,286.0,1
45.51229,-73.68043,Saint-Laurent,Entire home/apt,89.0,32
45.54954000000001,-73.5402929,Mercier-Hochelaga-Maisonneuve,Entire home/apt,99.0,1
45.497056595504375,-73.64962364382195,Côte-des-Neiges-Notre-Dame-de-Grâce,Entire home/apt,130.0,31
45.50771,-73.57221,Le Plateau-Mont-Royal,Entire home/apt,128.0,3
45.49856,-73.64989,Côte-des-Neiges-Notre-Dame-de-Grâce,Entire home/apt,85.0,31
45.496909334227,-73.64940002133352,Côte-des-Neiges-Notre-Dame-de-Grâce,Entire home/apt,100.0,31
45.49883221837308,-73.65133157158705,Côte-des-Neiges-Notre-Dame-de-Grâce,Entire home/apt,100.0,31
45.49658,-73.65075,Côte-des-Neiges-Notre-Dame-de-Grâce,Entire home/apt,70.0,31
45.50821,-73.55981,Ville-Marie,Entire home/apt,89.0,31
45.49861742400139,-73.65057112060616,Côte-des-Neiges-Notre-Dame-de-Grâce,Entire home/apt,89.0,31
45.4655,-73.61546,Côte-des-Neiges-Notre-Dame-de-Grâce,Entire home/apt,191.0,1
45.48159,-73.62351,Côte-des-Neiges-Notre-Dame-de-Grâce,Entire home/apt,99.0,1
45.46494440212008,-73.61488189274255,Côte-des-Neiges-Notre-Dame-de-Grâce,Entire home/apt,184.0,1
45.46494095057203,-73.61690813731205,Côte-des-Neiges-Notre-Dame-de-Grâce,Entire home/apt,158.0,3
45.46565,-73.61693,Côte-des-Neiges-Notre-Dame-de-Grâce,Entire home/apt,147.0,1
45.46385,-73.61518,Côte-des-Neiges-Notre-Dame-de-Grâce,Entire home/apt,158.0,3
45.46486303681691,-73.61479888715262,Côte-des-Neiges-Notre-Dame-de-Grâce,Entire home/apt,158.0,3
45.463562388115015,-73.61484562092967,Le Sud-Ouest,Entire home/apt,176.0,1
45.46408,-73.61466,Côte-des-Neiges-Notre-Dame-de-Grâce,Entire home/apt,155.0,1
45.46504,-73.61694,Côte-des-Neiges-Notre-Dame-de-Grâce,Entire home/apt,157.0,2
45.52194958929389,-73.55957643546247,Ville-Marie,Entire home/apt,64.0,32
45.49619,-73.57222,Ville-Marie,Entire home/apt,79.0,31
45.52315,-73.56301,Ville-Marie,Entire home/apt,228.0,32
45.45071572103486,-73.60030372652585,Le Sud-Ouest,Entire home/apt,137.0,1
45.579,-73.5635,Rosemont-La Petite-Patrie,Entire home/apt,126.0,32
45.53627982011098,-73.55226034147474,Ville-Marie,Entire home/apt,80.0,32
45.5217202,-73.5975828,Le Plateau-Mont-Royal,Entire home/apt,180.0,31
45.46356999893712,-73.61471285185765,Le Sud-Ouest,Entire home/apt,137.0,1
45.57485,-73.55394,Rosemont-La Petite-Patrie,Entire home/apt,136.0,31
45.54014496335328,-73.61164298626078,Rosemont-La Petite-Patrie,Entire home/apt,38.0,31
45.55222589433173,-73.57899907273968,Rosemont-La Petite-Patrie,Entire home/apt,360.0,4
45.496603,-73.5705574,Ville-Marie,Entire home/apt,168.0,31
45.54198,-73.57719,Rosemont-La Petite-Patrie,Entire home/apt,54.0,31
45.55243,-73.53349,Mercier-Hochelaga-Maisonneuve,Entire home/apt,180.0,31
45.5531689,-73.55884929999999,Rosemont-La Petite-Patrie,Entire home/apt,93.0,31
45.50201815014768,-73.55693238124415,Ville-Marie,Entire home/apt,160.0,31
45.47984246211611,-73.57100429073824,Le Sud-Ouest,Entire home/apt,132.0,31
45.5171876,-73.6939397,Saint-Laurent,Entire home/apt,68.0,31
45.49553,-73.57021,Ville-Marie,Entire home/apt,124.0,90
45.48234997533596,-73.56782933627791,Le Sud-Ouest,Entire home/apt,350.0,31
45.44375065622919,-73.68759119745708,Lachine,Entire home/apt,110.0,31
45.5675939,-73.582267,Rosemont-La Petite-Patrie,Entire home/apt,83.0,32
45.5641223,-73.6071013,Villeray-Saint-Michel-Parc-Extension,Entire home/apt,150.0,31
45.51503,-73.56885,Le Plateau-Mont-Royal,Entire home/apt,58.0,90
45.51487,-73.57016,Le Plateau-Mont-Royal,Entire home/apt,67.0,60
45.49621533740561,-73.61001667976126,Côte-des-Neiges-Notre-Dame-de-Grâce,Entire home/apt,111.0,32
45.4948,-73.58154,Ville-Marie,Entire home/apt,230.0,31
45.5529695791825,-73.54232313658349,Mercier-Hochelaga-Maisonneuve,Entire home/apt,76.0,31
45.51496678733055,-73.5689816396423,Le Plateau-Mont-Royal,Entire home/apt,72.0,90
45.55359,-73.58492,Rosemont-La Petite-Patrie,Entire home/apt,68.0,2
45.49188,-73.57927,Ville-Marie,Entire home/apt,86.0,31
45.43129,-73.61543,LaSalle,Entire home/apt,80.0,31
45.51494625268245,-73.57011277387619,Le Plateau-Mont-Royal,Entire home/apt,74.0,110
45.51459084021164,-73.57061318729797,Le Plateau-Mont-Royal,Entire home/apt,36.0,60
45.51324,-73.57058,Le Plateau-Mont-Royal,Entire home/apt,24.0,60
45.51362,-73.57076,Le Plateau-Mont-Royal,Entire home/apt,72.0,60
45.4958117,-73.567656,Ville-Marie,Entire home/apt,96.0,31
45.4958,-73.62214,Côte-des-Neiges-Notre-Dame-de-Grâce,Entire home/apt,306.0,31
45.54587316111744,-73.55006577360778,Mercier-Hochelaga-Maisonneuve,Entire home/apt,81.0,3
45.547421148366666,-73.55156935084895,Mercier-Hochelaga-Maisonneuve,Entire home/apt,147.0,3
45.54752417566389,-73.55152975876251,Mercier-Hochelaga-Maisonneuve,Entire home/apt,117.0,3
45.58703813435324,-73.51077991974302,Mercier-Hochelaga-Maisonneuve,Entire home/apt,70.0,3
45.54615335203116,-73.54980762638309,Mercier-Hochelaga-Maisonneuve,Entire home/apt,211.0,3
45.54558,-73.55034,Mercier-Hochelaga-Maisonneuve,Entire home/apt,125.0,3
45.45885296896549,-73.59145098741779,Le Sud-Ouest,Entire home/apt,68.0,31
45.50047669095948,-73.55839941775287,Ville-Marie,Entire home/apt,79.0,31
45.505328,-73.561758,Ville-Marie,Entire home/apt,211.0,2
45.505328,-73.561758,Ville-Marie,Entire home/apt,215.0,1
45.505328,-73.561758,Ville-Marie,Entire home/apt,237.0,1
45.50783388735243,-73.57425627213216,Le Plateau-Mont-Royal,Entire home/apt,116.0,5
45.52168,-73.59009,Le Plateau-Mont-Royal,Entire home/apt,517.0,31
45.5216749,-73.5900884,Le Plateau-Mont-Royal,Entire home/apt,460.0,31
45.49800128645804,-73.63347919725976,Côte-des-Neiges-Notre-Dame-de-Grâce,Entire home/apt,161.0,3
45.49682,-73.63564,Côte-des-Neiges-Notre-Dame-de-Grâce,Entire home/apt,178.0,3
45.49374292229319,-73.625050022111,Côte-des-Neiges-Notre-Dame-de-Grâce,Entire home/apt,124.0,31
45.49837,-73.63437,Côte-des-Neiges-Notre-Dame-de-Grâce,Entire home/apt,179.0,3
45.60118890853257,-73.5212569195361,Mercier-Hochelaga-Maisonneuve,Entire home/apt,158.0,1
45.4953835302594,-73.56906085725514,Ville-Marie,Entire home/apt,400.0,31
45.51766,-73.56012,Ville-Marie,Entire home/apt,172.0,31
45.5273,-73.61612,Rosemont-La Petite-Patrie,Entire home/apt,205.0,31
45.518828473950585,-73.55769489946942,Ville-Marie,Entire home/apt,87.0,31
45.52049,-73.57491,Le Plateau-Mont-Royal,Entire home/apt,330.0,31
45.51995,-73.57489,Le Plateau-Mont-Royal,Entire home/apt,182.0,31
45.5203837373539,-73.57694960386638,Le Plateau-Mont-Royal,Entire home/apt,202.0,31
45.5198,-73.57704,Le Plateau-Mont-Royal,Entire home/apt,202.0,31
45.52008,-73.57488,Le Plateau-Mont-Royal,Entire home/apt,366.0,31
45.51989026387182,-73.5767096437164,Le Plateau-Mont-Royal,Entire home/apt,195.0,31
45.522156413447206,-73.57558168522405,Le Plateau-Mont-Royal,Entire home/apt,210.0,31
45.5494227,-73.545874,Mercier-Hochelaga-Maisonneuve,Entire home/apt,118.0,31
45.52174,-73.56311,Ville-Marie,Entire home/apt,191.0,32
45.52389959287926,-73.57131522148848,Le Plateau-Mont-Royal,Entire home/apt,480.0,31
45.501511894040334,-73.57626680792929,Ville-Marie,Entire home/apt,238.0,90
45.49292,-73.55859,Le Sud-Ouest,Entire home/apt,115.0,90
45.61494,-73.53896,Anjou,Entire home/apt,90.0,31
45.521812924587294,-73.57897201406502,Le Plateau-Mont-Royal,Entire home/apt,145.0,1
45.52153311477875,-73.59024010543112,Le Plateau-Mont-Royal,Entire home/apt,85.0,31
45.51619,-73.58046,Le Plateau-Mont-Royal,Entire home/apt,187.0,2
45.52284297304553,-73.58993146741707,Le Plateau-Mont-Royal,Entire home/apt,75.0,31
45.57625054419858,-73.55453306054011,Mercier-Hochelaga-Maisonneuve,Entire home/apt,89.0,31
45.54256055485399,-73.63060907451508,Villeray-Saint-Michel-Parc-Extension,Entire home/apt,359.0,30
45.51077,-73.62349,Côte-des-Neiges-Notre-Dame-de-Grâce,Entire home/apt,100.0,365
45.48040082893444,-73.57861109885461,Le Sud-Ouest,Entire home/apt,200.0,31
45.45783602451702,-73.59509183285877,Le Sud-Ouest,Entire home/apt,70.0,31
45.4338,-73.69286,Lachine,Entire home/apt,150.0,32
45.51537627042681,-73.57327191752123,Le Plateau-Mont-Royal,Entire home/apt,215.0,31
45.5121772,-73.5621166,Ville-Marie,Entire home/apt,162.0,31
45.54342775545738,-73.63729890517148,Villeray-Saint-Michel-Parc-Extension,Entire home/apt,119.0,1
45.523216346582565,-73.59196616408772,Le Plateau-Mont-Royal,Entire home/apt,102.0,31
45.5214630615566,-73.59028579839047,Le Plateau-Mont-Royal,Entire home/apt,79.0,31
45.49548,-73.56842,Ville-Marie,Entire home/apt,100.0,31
45.4957468,-73.5702475,Ville-Marie,Entire home/apt,95.0,32
45.52687265288521,-73.6075008479536,Le Plateau-Mont-Royal,Entire home/apt,158.0,31
45.52554035404236,-73.60883913391919,Le Plateau-Mont-Royal,Entire home/apt,148.0,31
45.52656,-73.60671,Le Plateau-Mont-Royal,Entire home/apt,276.0,31
45.60897,-73.51215,Mercier-Hochelaga-Maisonneuve,Entire home/apt,66.0,31
45.60951032434422,-73.50991412907453,Mercier-Hochelaga-Maisonneuve,Entire home/apt,81.0,31
45.61059,-73.51002,Mercier-Hochelaga-Maisonneuve,Entire home/apt,59.0,31
45.572515,-73.53406000000001,Mercier-Hochelaga-Maisonneuve,Entire home/apt,55.0,32
45.53365,-73.61216,Rosemont-La Petite-Patrie,Entire home/apt,533.0,2
45.49687,-73.56822,Ville-Marie,Entire home/apt,112.0,31
45.52225,-73.59195,Le Plateau-Mont-Royal,Entire home/apt,95.0,31
45.510441662910246,-73.56166940793457,Ville-Marie,Entire home/apt,92.0,31
45.51088,-73.57338,Le Plateau-Mont-Royal,Entire home/apt,130.0,3
45.45922500578617,-73.5939322784543,Le Sud-Ouest,Entire home/apt,187.0,2
45.52361,-73.56007,Ville-Marie,Entire home/apt,293.0,3
45.50256259280155,-73.56061279420585,Ville-Marie,Entire home/apt,199.0,31
45.51905,-73.57338,Le Plateau-Mont-Royal,Entire home/apt,203.0,2
45.44894680010861,-73.5897668198685,Le Sud-Ouest,Entire home/apt,68.0,31
45.49779288789677,-73.57928170309674,Ville-Marie,Entire home/apt,352.0,2
45.50294208671705,-73.56296660903739,Ville-Marie,Entire home/apt,239.0,31
45.53196,-73.61765,Rosemont-La Petite-Patrie,Entire home/apt,180.0,2
45.5170757,-73.55394849999999,Ville-Marie,Entire home/apt,121.0,31
45.497745513916016,-73.57421112060547,Ville-Marie,Entire home/apt,617.0,2
45.52492,-73.62787,Villeray-Saint-Michel-Parc-Extension,Entire home/apt,45.0,31
45.55456050268338,-73.61345808953047,Villeray-Saint-Michel-Parc-Extension,Entire home/apt,52.0,31
45.4865253,-73.5695487,Le Sud-Ouest,Entire home/apt,277.0,6
45.5063806,-73.565056,Ville-Marie,Entire home/apt,82.0,31
45.54933897037103,-73.59578870236874,Rosemont-La Petite-Patrie,Entire home/apt,89.0,32
45.48980428849799,-73.58034327042424,Ville-Marie,Entire home/apt,89.0,40
45.51378283624401,-73.5745358472064,Le Plateau-Mont-Royal,Entire home/apt,169.0,1
45.50878663897803,-73.56322537680957,Ville-Marie,Entire home/apt,192.0,31
45.53283202147925,-73.5976724318363,Rosemont-La Petite-Patrie,Entire home/apt,318.0,3
45.43940555001677,-73.75849328167392,Dorval,Entire home/apt,1318.0,1
45.509735,-73.563143,Ville-Marie,Entire home/apt,99.0,1
45.509735,-73.563143,Ville-Marie,Entire home/apt,100.0,1
45.5015988,-73.5799254,Ville-Marie,Entire home/apt,800.0,32
45.54039,-73.54949,Mercier-Hochelaga-Maisonneuve,Entire home/apt,72.0,31
45.5384179,-73.60763469999999,Rosemont-La Petite-Patrie,Entire home/apt,157.0,1
45.49487087453377,-73.56838515246132,Ville-Marie,Entire home/apt,78.0,31
45.50883,-73.5585,Ville-Marie,Entire home/apt,465.0,2
45.50096,-73.57823,Ville-Marie,Entire home/apt,69.0,31
45.52168,-73.59009,Le Plateau-Mont-Royal,Entire home/apt,368.0,31
45.5015988,-73.5799254,Ville-Marie,Entire home/apt,116.0,31
45.54252843315457,-73.62692767050962,Villeray-Saint-Michel-Parc-Extension,Entire home/apt,206.0,1
45.541244414499225,-73.62881167095614,Villeray-Saint-Michel-Parc-Extension,Entire home/apt,190.0,1
45.54263,-73.62717,Villeray-Saint-Michel-Parc-Extension,Entire home/apt,203.0,31
45.55126447847484,-73.61535253135925,Villeray-Saint-Michel-Parc-Extension,Entire home/apt,100.0,31
45.50951390073213,-73.56376944235514,Ville-Marie,Entire home/apt,309.0,31
45.52352,-73.5809,Le Plateau-Mont-Royal,Entire home/apt,145.0,1
45.49186681722952,-73.56410432946291,Le Sud-Ouest,Entire home/apt,636.0,31
45.52913770914317,-73.58822718803133,Le Plateau-Mont-Royal,Entire home/apt,25.0,31
45.514188716125645,-73.57631058892966,Le Plateau-Mont-Royal,Entire home/apt,443.0,3
45.527142086052265,-73.5876867726078,Le Plateau-Mont-Royal,Entire home/apt,75.0,31
45.51547565956456,-73.5747814748654,Le Plateau-Mont-Royal,Entire home/apt,217.0,1
45.50601327487461,-73.56395273477366,Ville-Marie,Entire home/apt,81.0,31
45.44786,-73.58358,Verdun,Entire home/apt,72.0,31
45.5225218,-73.58497129999999,Le Plateau-Mont-Royal,Entire home/apt,257.0,2
45.55021,-73.53329,Mercier-Hochelaga-Maisonneuve,Entire home/apt,57.0,31
45.53764270740476,-73.61174194677866,Rosemont-La Petite-Patrie,Entire home/apt,66.0,31
45.6101543,-73.51108339999999,Mercier-Hochelaga-Maisonneuve,Entire home/apt,62.0,31
45.5160879084352,-73.55480920681808,Ville-Marie,Entire home/apt,356.0,2
45.49346957944217,-73.57847255215432,Ville-Marie,Entire home/apt,193.0,31
45.539134915374696,-73.54196783155203,Mercier-Hochelaga-Maisonneuve,Entire home/apt,144.0,31
45.514375432804826,-73.55419013416625,Ville-Marie,Entire home/apt,492.0,2
45.5162995,-73.5900869,Le Plateau-Mont-Royal,Entire home/apt,115.0,31
45.5162995,-73.5900869,Le Plateau-Mont-Royal,Entire home/apt,88.0,31
45.521406087150254,-73.58454890549183,Le Plateau-Mont-Royal,Entire home/apt,450.0,3
45.54306498183397,-73.61020289361477,Rosemont-La Petite-Patrie,Entire home/apt,250.0,7
45.59637,-73.51176,Mercier-Hochelaga-Maisonneuve,Entire home/apt,59.0,31
45.59472560981877,-73.51381230744444,Mercier-Hochelaga-Maisonneuve,Entire home/apt,59.0,33
45.5712005,-73.5744971,Rosemont-La Petite-Patrie,Entire home/apt,104.0,3
45.450764370299765,-73.59360613908419,Le Sud-Ouest,Entire home/apt,104.0,5
45.48248,-73.56629,Le Sud-Ouest,Entire home/apt,162.0,180
45.51478570202298,-73.55692548492794,Ville-Marie,Entire home/apt,72.0,30
45.47406640909749,-73.58920488506556,Le Sud-Ouest,Entire home/apt,242.0,1
45.52828,-73.58352,Le Plateau-Mont-Royal,Entire home/apt,125.0,32
45.55272973392933,-73.55377893894911,Mercier-Hochelaga-Maisonneuve,Entire home/apt,800.0,31
45.47718570623375,-73.62325712608656,Côte-des-Neiges-Notre-Dame-de-Grâce,Entire home/apt,485.0,3
45.532979924843055,-73.681457273914,Ahuntsic-Cartierville,Entire home/apt,100.0,31
45.513406,-73.8092933,Pierrefonds-Roxboro,Entire home/apt,60.0,31
45.51479,-73.5749,Le Plateau-Mont-Royal,Entire home/apt,244.0,2
45.51479,-73.5749,Le Plateau-Mont-Royal,Entire home/apt,240.0,2
45.480753774118426,-73.55727990627372,Le Sud-Ouest,Entire home/apt,200.0,30
45.49575543292832,-73.5677295180948,Ville-Marie,Entire home/apt,150.0,31
45.551527152025486,-73.5352517059699,Mercier-Hochelaga-Maisonneuve,Entire home/apt,100.0,31
45.5141483,-73.5727204,Le Plateau-Mont-Royal,Entire home/apt,191.0,1
45.49975,-73.57609,Ville-Marie,Entire home/apt,133.0,3
45.50781889898841,-73.5732110707951,Le Plateau-Mont-Royal,Entire home/apt,120.0,3
45.51231862379921,-73.56206964701414,Ville-Marie,Entire home/apt,159.0,1
45.48904891856405,-73.56221122438721,Le Sud-Ouest,Entire home/apt,100.0,31
45.429243673973005,-73.61228998750448,LaSalle,Entire home/apt,128.0,31
45.53385004158065,-73.5676711161433,Le Plateau-Mont-Royal,Entire home/apt,126.0,4
45.50721347959507,-73.56938035396728,Ville-Marie,Entire home/apt,103.0,31
45.512464434596986,-73.5623751849922,Ville-Marie,Entire home/apt,121.0,1
45.526,-73.58142,Le Plateau-Mont-Royal,Entire home/apt,252.0,31
45.546377058089966,-73.55419380170277,Mercier-Hochelaga-Maisonneuve,Entire home/apt,50.0,31
45.58711109325425,-73.57864245854299,Saint-Léonard,Entire home/apt,114.0,32
45.40547,-73.9455,Sainte-Anne-de-Bellevue,Entire home/apt,55.0,31
45.5737472,-73.5469408,Mercier-Hochelaga-Maisonneuve,Entire home/apt,100.0,31
45.58340988477646,-73.60660046503561,Saint-Léonard,Entire home/apt,460.0,31
45.51304244995117,-73.55918884277344,Ville-Marie,Entire home/apt,43.0,31
45.53815399965272,-73.5559193817644,Ville-Marie,Entire home/apt,102.0,4
45.44130379851608,-73.73226232568805,Dorval,Entire home/apt,84.0,31
45.54511575062921,-73.63897166786153,Villeray-Saint-Michel-Parc-Extension,Entire home/apt,198.0,31
45.49124,-73.6415,Côte-des-Neiges-Notre-Dame-de-Grâce,Entire home/apt,185.0,2
45.52145,-73.58067,Le Plateau-Mont-Royal,Entire home/apt,252.0,1
45.49320139072427,-73.57812173050932,Ville-Marie,Entire home/apt,149.0,31
45.54911,-73.63047,Villeray-Saint-Michel-Parc-Extension,Entire home/apt,169.0,31
45.5476418731564,-73.61344175615126,Villeray-Saint-Michel-Parc-Extension,Entire home/apt,217.0,3
45.53631,-73.58337,Le Plateau-Mont-Royal,Entire home/apt,483.0,31
45.52976959999999,-73.5771476,Le Plateau-Mont-Royal,Entire home/apt,235.0,31
45.52307,-73.58815,Le Plateau-Mont-Royal,Entire home/apt,154.0,1
45.53167,-73.58254,Le Plateau-Mont-Royal,Entire home/apt,400.0,31
45.5292903,-73.5865718,Le Plateau-Mont-Royal,Entire home/apt,130.0,31
45.550687,-73.584518,Rosemont-La Petite-Patrie,Entire home/apt,60.0,31
45.5868701,-73.5628598,Mercier-Hochelaga-Maisonneuve,Entire home/apt,108.0,31
45.57912,-73.5582,Mercier-Hochelaga-Maisonneuve,Entire home/apt,196.0,31
45.51623,-73.59008,Le Plateau-Mont-Royal,Entire home/apt,372.0,31
45.5192883,-73.5954156,Le Plateau-Mont-Royal,Entire home/apt,207.0,31
45.54138,-73.54876,Mercier-Hochelaga-Maisonneuve,Entire home/apt,794.0,31
45.5080969941146,-73.57236168776654,Le Plateau-Mont-Royal,Entire home/apt,128.0,3
45.47506967601456,-73.6315895216119,Côte-des-Neiges-Notre-Dame-de-Grâce,Entire home/apt,149.0,31
45.49418,-73.55721,Le Sud-Ouest,Entire home/apt,67.0,31
45.48601,-73.56892,Le Sud-Ouest,Entire home/apt,200.0,31
45.48902,-73.65302,Côte-Saint-Luc,Entire home/apt,120.0,31
45.4943564,-73.5826319,Ville-Marie,Entire home/apt,100.0,31
45.49673,-73.62596,Côte-des-Neiges-Notre-Dame-de-Grâce,Entire home/apt,74.0,31
45.51226387011192,-73.56204181909561,Ville-Marie,Entire home/apt,161.0,1
45.52595351720685,-73.55186373115713,Ville-Marie,Entire home/apt,104.0,31
45.49497734504014,-73.5690534845168,Ville-Marie,Entire home/apt,130.0,31
45.52533,-73.55158,Ville-Marie,Entire home/apt,155.0,31
45.5178507,-73.5809965,Le Plateau-Mont-Royal,Entire home/apt,172.0,2
45.52934098652315,-73.67222998291254,Saint-Laurent,Entire home/apt,93.0,31
45.64825,-73.51106,Rivière-des-Prairies-Pointe-aux-Trembles,Entire home/apt,158.0,32
45.51331,-73.56199,Ville-Marie,Entire home/apt,59.0,31
45.46100980127801,-73.5668141513229,Verdun,Entire home/apt,79.0,31
45.495134412008966,-73.62552683121336,Côte-des-Neiges-Notre-Dame-de-Grâce,Entire home/apt,185.0,31
45.4802333579696,-73.56432417538669,Le Sud-Ouest,Entire home/apt,75.0,31
45.4960211673933,-73.5681173976608,Ville-Marie,Entire home/apt,405.0,32
45.51376890220178,-73.55645018079144,Ville-Marie,Entire home/apt,164.0,2
45.51060536621402,-73.5635083168745,Ville-Marie,Entire home/apt,154.0,2
45.52809,-73.63417,Villeray-Saint-Michel-Parc-Extension,Entire home/apt,259.0,2
45.50281,-73.55653,Ville-Marie,Entire home/apt,939.0,31
45.51419,-73.5711,Le Plateau-Mont-Royal,Entire home/apt,164.0,1
45.55249,-73.53283,Mercier-Hochelaga-Maisonneuve,Entire home/apt,115.0,31
45.51304244995117,-73.55918884277344,Ville-Marie,Entire home/apt,43.0,31
45.4792,-73.57492,Le Sud-Ouest,Entire home/apt,135.0,31
45.47789971519517,-73.55709233282582,Le Sud-Ouest,Entire home/apt,93.0,2
45.50867,-73.57789,Le Plateau-Mont-Royal,Entire home/apt,278.0,31
45.52299,-73.57941,Le Plateau-Mont-Royal,Entire home/apt,211.0,1
45.49854316854896,-73.57687589014817,Ville-Marie,Entire home/apt,1100.0,31
45.5094,-73.55994,Ville-Marie,Entire home/apt,280.0,1
45.50821,-73.55858,Ville-Marie,Entire home/apt,176.0,1
45.5084715,-73.5596446,Ville-Marie,Entire home/apt,275.0,1
45.5084715,-73.5596446,Ville-Marie,Entire home/apt,226.0,1
45.5084715,-73.5596446,Ville-Marie,Entire home/apt,260.0,1
45.52126664068726,-73.58043711998359,Le Plateau-Mont-Royal,Entire home/apt,434.0,1
45.46508,-73.62063,Côte-des-Neiges-Notre-Dame-de-Grâce,Entire home/apt,55.0,31
45.50962499904148,-73.55986441508081,Ville-Marie,Entire home/apt,335.0,1
45.531096021328125,-73.61022818024361,Rosemont-La Petite-Patrie,Entire home/apt,87.0,31
45.4714321,-73.64596499999999,Côte-des-Neiges-Notre-Dame-de-Grâce,Entire home/apt,173.0,31
45.4611088,-73.5770642,Verdun,Entire home/apt,90.0,31
45.499472871253936,-73.56047301090868,Ville-Marie,Entire home/apt,394.0,31
45.522639878882615,-73.58039404623254,Le Plateau-Mont-Royal,Entire home/apt,151.0,2
45.5006891353207,-73.55896056257859,Ville-Marie,Entire home/apt,331.0,31
45.49851,-73.57607,Ville-Marie,Entire home/apt,183.0,2
45.50735810325445,-73.55343502076015,Ville-Marie,Entire home/apt,289.0,3
45.5291408683327,-73.55989471077919,Ville-Marie,Entire home/apt,141.0,31
45.49571,-73.56088,Le Sud-Ouest,Entire home/apt,280.0,31
45.577473961892174,-73.589298006027,Saint-Léonard,Entire home/apt,75.0,32
45.531927847639984,-73.5611699951896,Ville-Marie,Entire home/apt,43.0,31
45.49615170647431,-73.56947435126854,Ville-Marie,Entire home/apt,159.0,31
45.51810121976632,-73.56224517724608,Ville-Marie,Entire home/apt,279.0,2
45.5712005,-73.5744971,Rosemont-La Petite-Patrie,Entire home/apt,88.0,3
45.51215,-73.57129,Le Plateau-Mont-Royal,Entire home/apt,169.0,31
45.52131,-73.55852,Ville-Marie,Entire home/apt,80.0,31
45.50587812416344,-73.56851197779179,Ville-Marie,Entire home/apt,299.0,31
45.4341570454896,-73.68806644945366,Lachine,Entire home/apt,153.0,31
45.48424951300974,-73.5612339562435,Le Sud-Ouest,Entire home/apt,312.0,30
45.52804,-73.59725,Le Plateau-Mont-Royal,Entire home/apt,186.0,31
45.46418,-73.88308,Pierrefonds-Roxboro,Entire home/apt,116.0,31
45.51488,-73.55747,Ville-Marie,Entire home/apt,142.0,31
45.49122040195035,-73.6452081195339,Côte-des-Neiges-Notre-Dame-de-Grâce,Entire home/apt,116.0,31
45.49647,-73.59095,Ville-Marie,Entire home/apt,104.0,2
45.5299228,-73.58134799999999,Le Plateau-Mont-Royal,Entire home/apt,175.0,31
45.4932039,-73.5568612,Le Sud-Ouest,Entire home/apt,90.0,31
45.5085038,-73.5709794,Ville-Marie,Entire home/apt,160.0,90
45.53771992130958,-73.58166114606377,Le Plateau-Mont-Royal,Entire home/apt,167.0,31
45.45244605731229,-73.60149861527202,Le Sud-Ouest,Entire home/apt,108.0,31
45.48355,-73.63815,Côte-des-Neiges-Notre-Dame-de-Grâce,Entire home/apt,200.0,45
45.479298586458135,-73.57276122230827,Le Sud-Ouest,Entire home/apt,135.0,31
45.47947,-73.57281,Le Sud-Ouest,Entire home/apt,171.0,31
45.509735,-73.563143,Ville-Marie,Entire home/apt,89.0,2
45.50856,-73.5638,Ville-Marie,Entire home/apt,97.0,2
45.51085755629316,-73.56252284805971,Ville-Marie,Entire home/apt,92.0,2
45.51081624361768,-73.56373346044015,Ville-Marie,Entire home/apt,63.0,2
45.5030734,-73.56347819999999,Ville-Marie,Entire home/apt,147.0,31
45.53325,-73.57698,Le Plateau-Mont-Royal,Entire home/apt,400.0,31
45.51137,-73.56143,Ville-Marie,Entire home/apt,188.0,31
45.47936328031096,-73.57313356958558,Le Sud-Ouest,Entire home/apt,192.0,31
45.48076347571239,-73.57343133770938,Le Sud-Ouest,Entire home/apt,162.0,31
45.48089,-73.57424,Le Sud-Ouest,Entire home/apt,135.0,31
45.48094599104292,-73.57428193161631,Le Sud-Ouest,Entire home/apt,160.0,31
45.478908524096695,-73.61818104394037,Côte-des-Neiges-Notre-Dame-de-Grâce,Entire home/apt,166.0,1
45.5175356,-73.56693849999999,Ville-Marie,Entire home/apt,84.0,31
45.538363323067394,-73.6075179059658,Rosemont-La Petite-Patrie,Entire home/apt,113.0,31
45.52096,-73.57716,Le Plateau-Mont-Royal,Entire home/apt,112.0,31
45.52096,-73.57716,Le Plateau-Mont-Royal,Entire home/apt,172.0,31
45.51479,-73.5749,Le Plateau-Mont-Royal,Entire home/apt,224.0,2
45.52096,-73.57716,Le Plateau-Mont-Royal,Entire home/apt,131.0,31
45.52106,-73.57702,Le Plateau-Mont-Royal,Entire home/apt,118.0,31
45.52096,-73.57716,Le Plateau-Mont-Royal,Entire home/apt,128.0,31
45.51963,-73.57779,Le Plateau-Mont-Royal,Entire home/apt,113.0,31
45.52096,-73.57716,Le Plateau-Mont-Royal,Entire home/apt,137.0,31
45.52106,-73.57702,Le Plateau-Mont-Royal,Entire home/apt,155.0,31
45.52106,-73.57702,Le Plateau-Mont-Royal,Entire home/apt,144.0,31
45.52096,-73.57716,Le Plateau-Mont-Royal,Entire home/apt,155.0,31
45.4960582,-73.56768079999999,Ville-Marie,Entire home/apt,113.0,31
45.4980317,-73.6205256,Côte-des-Neiges-Notre-Dame-de-Grâce,Entire home/apt,140.0,31
45.4907877,-73.64417089999999,Côte-des-Neiges-Notre-Dame-de-Grâce,Entire home/apt,65.0,31
45.56008,-73.59838,Villeray-Saint-Michel-Parc-Extension,Entire home/apt,75.0,31
45.56971,-73.52138,Mercier-Hochelaga-Maisonneuve,Entire home/apt,131.0,31
45.50844348583847,-73.57193613121339,Le Plateau-Mont-Royal,Entire home/apt,164.0,31
45.50866904977072,-73.57221508095094,Le Plateau-Mont-Royal,Entire home/apt,180.0,31
45.55378324714064,-73.59727788767823,Villeray-Saint-Michel-Parc-Extension,Entire home/apt,65.0,31
45.53803756454095,-73.60667923796547,Rosemont-La Petite-Patrie,Entire home/apt,143.0,1
45.53602,-73.6065,Rosemont-La Petite-Patrie,Entire home/apt,143.0,1
45.50897,-73.57352,Le Plateau-Mont-Royal,Entire home/apt,1492.0,32
45.59516987944747,-73.58476610278294,Saint-Léonard,Entire home/apt,105.0,31
45.5060959,-73.6239314,Côte-des-Neiges-Notre-Dame-de-Grâce,Entire home/apt,124.0,31
45.5312,-73.5634,Le Plateau-Mont-Royal,Entire home/apt,43.0,31
45.47926,-73.57298,Le Sud-Ouest,Entire home/apt,125.0,31
45.5296234028548,-73.60746489127467,Rosemont-La Petite-Patrie,Entire home/apt,75.0,32
45.45531426888361,-73.56410326406782,Verdun,Entire home/apt,99.0,32
45.55340810898248,-73.60118415443007,Villeray-Saint-Michel-Parc-Extension,Entire home/apt,156.0,3
45.5195035,-73.5727078,Le Plateau-Mont-Royal,Entire home/apt,168.0,31
45.4808791,-73.5841675,Le Sud-Ouest,Entire home/apt,115.0,130
45.45654,-73.56479,Verdun,Entire home/apt,99.0,32
45.48058,-73.57324,Le Sud-Ouest,Entire home/apt,191.0,31
45.50383356200674,-73.58299963115086,Ville-Marie,Entire home/apt,75.0,31
45.50151,-73.58133,Ville-Marie,Entire home/apt,89.0,31
45.501607969302704,-73.58381785648137,Ville-Marie,Entire home/apt,100.0,31
45.511861270384266,-73.56324037197041,Ville-Marie,Entire home/apt,138.0,2
45.50557407722162,-73.5690611682553,Ville-Marie,Entire home/apt,65.0,32
45.51389,-73.55634,Ville-Marie,Entire home/apt,189.0,31
45.49056773526124,-73.64527314450217,Côte-des-Neiges-Notre-Dame-de-Grâce,Entire home/apt,65.0,31
45.49179,-73.64439,Côte-des-Neiges-Notre-Dame-de-Grâce,Entire home/apt,80.0,31
45.52421,-73.5976,Le Plateau-Mont-Royal,Entire home/apt,156.0,1
45.52316,-73.58117,Le Plateau-Mont-Royal,Entire home/apt,166.0,1
45.595886915621485,-73.51435926859305,Mercier-Hochelaga-Maisonneuve,Entire home/apt,86.0,31
45.52083,-73.71015,Saint-Laurent,Entire home/apt,68.0,365
45.49230620839245,-73.64688403848034,Côte-des-Neiges-Notre-Dame-de-Grâce,Entire home/apt,75.0,31
45.46031,-73.78387,Pointe-Claire,Entire home/apt,97.0,1
45.52971013550426,-73.57215068814963,Le Plateau-Mont-Royal,Entire home/apt,160.0,31
45.51497,-73.56978,Le Plateau-Mont-Royal,Entire home/apt,27.0,67
45.51484250478928,-73.57029045432397,Le Plateau-Mont-Royal,Entire home/apt,72.0,60
45.50820857538479,-73.57429396931151,Le Plateau-Mont-Royal,Entire home/apt,289.0,2
45.50951,-73.56457,Ville-Marie,Entire home/apt,168.0,2
45.51557578044933,-73.55305795789322,Ville-Marie,Entire home/apt,148.0,31
45.49314066075752,-73.63796076244817,Côte-des-Neiges-Notre-Dame-de-Grâce,Entire home/apt,139.0,31
45.47762549999999,-73.579103,Le Sud-Ouest,Entire home/apt,58.0,31
45.495175,-73.6123483,Côte-des-Neiges-Notre-Dame-de-Grâce,Entire home/apt,800.0,31
45.50583,-73.69375,Saint-Laurent,Entire home/apt,120.0,31
45.55587,-73.531,Mercier-Hochelaga-Maisonneuve,Entire home/apt,124.0,31
45.58382799546816,-73.59663330445557,Saint-Léonard,Entire home/apt,221.0,31
45.4915707,-73.5812191,Ville-Marie,Entire home/apt,81.0,45
45.5653,-73.66077,Ahuntsic-Cartierville,Entire home/apt,47.0,31
45.5178507,-73.5809965,Le Plateau-Mont-Royal,Entire home/apt,353.0,3
45.4949105,-73.57971479999999,Ville-Marie,Entire home/apt,258.0,1
45.51939,-73.55464,Ville-Marie,Entire home/apt,114.0,30
45.49598,-73.57946,Ville-Marie,Entire home/apt,232.0,1
45.49526,-73.58082,Ville-Marie,Entire home/apt,258.0,1
45.49048982158399,-73.64691672054248,Côte-des-Neiges-Notre-Dame-de-Grâce,Entire home/apt,75.0,31
45.49595,-73.58079,Ville-Marie,Entire home/apt,258.0,1
45.49376270158308,-73.58051896985982,Ville-Marie,Entire home/apt,258.0,1
45.49572,-73.58028,Ville-Marie,Entire home/apt,258.0,1
45.49469,-73.57875,Ville-Marie,Entire home/apt,232.0,1
45.5492565,-73.5771385,Rosemont-La Petite-Patrie,Entire home/apt,215.0,2
45.49251,-73.64693,Côte-des-Neiges-Notre-Dame-de-Grâce,Entire home/apt,70.0,31
45.49244,-73.64845,Côte-des-Neiges-Notre-Dame-de-Grâce,Entire home/apt,62.0,31
45.52996359198863,-73.59112188884718,Le Plateau-Mont-Royal,Entire home/apt,388.0,300
45.50665,-73.55406,Ville-Marie,Entire home/apt,373.0,2
45.53353,-73.61289,Rosemont-La Petite-Patrie,Entire home/apt,124.0,31
45.51479,-73.5749,Le Plateau-Mont-Royal,Entire home/apt,204.0,2
45.55749412386865,-73.61182663589716,Villeray-Saint-Michel-Parc-Extension,Entire home/apt,117.0,2
45.53212500000001,-73.6123824,Rosemont-La Petite-Patrie,Entire home/apt,283.0,3
45.44442392229074,-73.75955568730274,Dorval,Entire home/apt,339.0,3
45.507682928930834,-73.56953456997871,Ville-Marie,Entire home/apt,110.0,31
45.49311788637342,-73.56073839065795,Le Sud-Ouest,Entire home/apt,99.0,31
45.54548050616592,-73.54300417006016,Mercier-Hochelaga-Maisonneuve,Entire home/apt,114.0,2
45.46351,-73.58079,Verdun,Entire home/apt,51.0,32
45.522766,-73.5502348,Ville-Marie,Entire home/apt,150.0,31
45.548254086393264,-73.6395562001284,Ahuntsic-Cartierville,Entire home/apt,128.0,2
45.5078685275727,-73.5528117374439,Ville-Marie,Entire home/apt,238.0,2
45.45873,-73.81106,Pointe-Claire,Entire home/apt,593.0,3
45.54842,-73.63924,Ahuntsic-Cartierville,Entire home/apt,276.0,2
45.49046,-73.64823,Côte-des-Neiges-Notre-Dame-de-Grâce,Entire home/apt,75.0,31
45.49587,-73.57572,Ville-Marie,Entire home/apt,90.0,31
45.5353925,-73.5942122,Rosemont-La Petite-Patrie,Entire home/apt,275.0,31
45.516830102217526,-73.5712380386543,Le Plateau-Mont-Royal,Entire home/apt,114.0,31
45.501819566416565,-73.57947055811621,Ville-Marie,Entire home/apt,89.0,31
45.50205,-73.58391,Ville-Marie,Entire home/apt,75.0,31
45.510967034958014,-73.56465552313125,Ville-Marie,Entire home/apt,159.0,31
45.511737260311,-73.56183473506555,Ville-Marie,Entire home/apt,70.0,31
45.51369,-73.57007,Le Plateau-Mont-Royal,Entire home/apt,100.0,31
45.51539366580926,-73.56025657872542,Ville-Marie,Entire home/apt,60.0,31
45.48761,-73.64043,Côte-des-Neiges-Notre-Dame-de-Grâce,Entire home/apt,160.0,45
45.53448672923405,-73.61307355229295,Rosemont-La Petite-Patrie,Entire home/apt,293.0,2
45.506819398465694,-73.5535152198226,Ville-Marie,Entire home/apt,95.0,31
45.46612780138685,-73.61656223335892,Côte-des-Neiges-Notre-Dame-de-Grâce,Entire home/apt,149.0,1
45.49907,-73.55858,Ville-Marie,Entire home/apt,197.0,2
45.4645310780331,-73.6156441584988,Côte-des-Neiges-Notre-Dame-de-Grâce,Entire home/apt,132.0,1
45.50654017495376,-73.55429517992823,Ville-Marie,Entire home/apt,258.0,1
45.46637042392343,-73.61586384823757,Côte-des-Neiges-Notre-Dame-de-Grâce,Entire home/apt,148.0,1
45.50623599045675,-73.55470332182921,Ville-Marie,Entire home/apt,294.0,1
45.50456,-73.555,Ville-Marie,Entire home/apt,246.0,1
45.50508,-73.55639,Ville-Marie,Entire home/apt,359.0,1
45.50628,-73.55424,Ville-Marie,Entire home/apt,357.0,1
45.5133845,-73.5692333,Le Plateau-Mont-Royal,Entire home/apt,62.0,31
45.50435,-73.55496,Ville-Marie,Entire home/apt,332.0,1
45.50642,-73.5526,Ville-Marie,Entire home/apt,133.0,31
45.46512,-73.61649,Côte-des-Neiges-Notre-Dame-de-Grâce,Entire home/apt,184.0,1
45.44785,-73.65105,Lachine,Entire home/apt,55.0,31
45.51567854508004,-73.57169099868743,Le Plateau-Mont-Royal,Entire home/apt,230.0,31
45.46470615684411,-73.61573024553851,Côte-des-Neiges-Notre-Dame-de-Grâce,Entire home/apt,137.0,3
45.51738779999999,-73.5901775,Le Plateau-Mont-Royal,Entire home/apt,249.0,2
45.58730626259977,-73.56107945419573,Mercier-Hochelaga-Maisonneuve,Entire home/apt,65.0,31
45.57466263499171,-73.56625858694315,Rosemont-La Petite-Patrie,Entire home/apt,648.0,2
45.50739500237934,-73.55938228951386,Ville-Marie,Entire home/apt,126.0,1
45.48852,-73.63609,Côte-des-Neiges-Notre-Dame-de-Grâce,Entire home/apt,149.0,31
45.54700115744281,-73.64051601553466,Ahuntsic-Cartierville,Entire home/apt,72.0,31
45.53304322636566,-73.57077408065165,Le Plateau-Mont-Royal,Entire home/apt,158.0,31
45.48782,-73.57693,Le Sud-Ouest,Entire home/apt,283.0,31
45.4891492,-73.6475323,Côte-des-Neiges-Notre-Dame-de-Grâce,Entire home/apt,69.0,31
45.49336058698167,-73.5769652218956,Ville-Marie,Entire home/apt,180.0,31
45.47728316013805,-73.61966216454964,Côte-des-Neiges-Notre-Dame-de-Grâce,Entire home/apt,117.0,31
45.5678105602366,-73.58223717659712,Rosemont-La Petite-Patrie,Entire home/apt,77.0,32
45.51214,-73.56789,Ville-Marie,Entire home/apt,187.0,31
45.54453,-73.63825,Villeray-Saint-Michel-Parc-Extension,Entire home/apt,151.0,1
45.50973,-73.5681,Ville-Marie,Entire home/apt,120.0,31
45.50711,-73.67768,Saint-Laurent,Entire home/apt,333.0,31
45.52915,-73.57482,Le Plateau-Mont-Royal,Entire home/apt,75.0,182
45.56095,-73.59567,Villeray-Saint-Michel-Parc-Extension,Entire home/apt,88.0,31
45.49611386512771,-73.61447426766536,Côte-des-Neiges-Notre-Dame-de-Grâce,Entire home/apt,193.0,31
45.48064,-73.57311,Le Sud-Ouest,Entire home/apt,190.0,31
45.52479,-73.55033,Ville-Marie,Entire home/apt,149.0,31
45.50978,-73.57453,Le Plateau-Mont-Royal,Entire home/apt,120.0,31
45.5145628,-73.5736946,Le Plateau-Mont-Royal,Entire home/apt,386.0,31
45.54500735589869,-73.55659639090771,Rosemont-La Petite-Patrie,Entire home/apt,38.0,31
45.50950175574988,-73.56249547510284,Ville-Marie,Entire home/apt,220.0,2
45.50233426566757,-73.55908138995927,Ville-Marie,Entire home/apt,265.0,2
45.49011153498298,-73.64803236070671,Côte-des-Neiges-Notre-Dame-de-Grâce,Entire home/apt,50.0,32
45.503868505105615,-73.55782855723173,Ville-Marie,Entire home/apt,202.0,2
45.50412,-73.5577,Ville-Marie,Entire home/apt,326.0,2
45.50281083790849,-73.55775672711222,Ville-Marie,Entire home/apt,321.0,2
45.54917031345803,-73.60228400426888,Villeray-Saint-Michel-Parc-Extension,Entire home/apt,55.0,31
45.5299933,-73.5848432,Le Plateau-Mont-Royal,Entire home/apt,77.0,31
45.49688000711032,-73.56730966156057,Ville-Marie,Entire home/apt,99.0,31
45.4654836,-73.63762729999999,Côte-des-Neiges-Notre-Dame-de-Grâce,Entire home/apt,61.0,31
45.50904,-73.57538,Le Plateau-Mont-Royal,Entire home/apt,79.0,31
45.50923,-73.57666,Le Plateau-Mont-Royal,Entire home/apt,103.0,31
45.50506541771577,-73.56159978985478,Ville-Marie,Entire home/apt,106.0,31
45.50512,-73.563,Ville-Marie,Entire home/apt,108.0,31
45.504432202744425,-73.56101553828212,Ville-Marie,Entire home/apt,147.0,31
45.42268,-73.60182,LaSalle,Entire home/apt,70.0,30
45.521478204783286,-73.5531968801559,Ville-Marie,Entire home/apt,200.0,31
45.46892,-73.6163,Côte-des-Neiges-Notre-Dame-de-Grâce,Entire home/apt,195.0,32
45.4960582,-73.56768079999999,Ville-Marie,Entire home/apt,150.0,31
45.51220206863918,-73.5562631942196,Ville-Marie,Entire home/apt,150.0,31
45.46927,-73.61713,Côte-des-Neiges-Notre-Dame-de-Grâce,Entire home/apt,195.0,31
45.44896,-73.59914,Le Sud-Ouest,Entire home/apt,146.0,1
45.5504199,-73.53347029999999,Mercier-Hochelaga-Maisonneuve,Entire home/apt,90.0,32
45.52627349999999,-73.6322023,Villeray-Saint-Michel-Parc-Extension,Entire home/apt,49.0,31
45.5229860630242,-73.59029822051525,Le Plateau-Mont-Royal,Entire home/apt,120.0,1
45.4357623340388,-73.60817136519042,LaSalle,Entire home/apt,75.0,31
45.54822646719887,-73.64193108657263,Ahuntsic-Cartierville,Entire home/apt,39.0,31
45.49604580377349,-73.57117576723185,Ville-Marie,Entire home/apt,649.0,1
45.52961020000001,-73.59140070000001,Le Plateau-Mont-Royal,Entire home/apt,110.0,32
45.51479,-73.57016,Le Plateau-Mont-Royal,Entire home/apt,428.0,3
45.55004,-73.60679,Villeray-Saint-Michel-Parc-Extension,Entire home/apt,100.0,31
45.503121520185545,-73.58434079162947,Ville-Marie,Entire home/apt,109.0,31
45.5895221487649,-73.63300213349258,Montréal-Nord,Entire home/apt,126.0,31
45.50517,-73.55438,Ville-Marie,Entire home/apt,309.0,2
45.565,-73.64653,Ahuntsic-Cartierville,Entire home/apt,80.0,31
45.51044210000001,-73.8487857,Pierrefonds-Roxboro,Entire home/apt,142.0,4
45.492168773178,-73.56105001846112,Le Sud-Ouest,Entire home/apt,85.0,54
45.493125628120055,-73.55692690529918,Le Sud-Ouest,Entire home/apt,218.0,31
45.49456026617696,-73.63365822406372,Côte-des-Neiges-Notre-Dame-de-Grâce,Entire home/apt,222.0,31
45.50131925150037,-73.7033120197478,Saint-Laurent,Entire home/apt,119.0,31
45.4299081,-73.5990784,LaSalle,Entire home/apt,142.0,2
45.507019544497496,-73.5549941650012,Ville-Marie,Entire home/apt,309.0,2
45.50746652020784,-73.55421254162233,Ville-Marie,Entire home/apt,548.0,2
45.50644513126834,-73.55411325663812,Ville-Marie,Entire home/apt,457.0,2
45.50724969401071,-73.55307380478072,Ville-Marie,Entire home/apt,309.0,2
45.55365442434171,-73.53520244344996,Mercier-Hochelaga-Maisonneuve,Entire home/apt,80.0,31
45.51668095949172,-73.58083785292315,Le Plateau-Mont-Royal,Entire home/apt,153.0,2
45.47759708067928,-73.82730082631059,Dollard-des-Ormeaux,Entire home/apt,355.0,100
45.50389,-73.5706,Ville-Marie,Entire home/apt,269.0,31
45.49092,-73.62875,Côte-des-Neiges-Notre-Dame-de-Grâce,Entire home/apt,90.0,31
45.52159640000001,-73.5772781,Le Plateau-Mont-Royal,Entire home/apt,127.0,31
45.504074036843015,-73.55796232533255,Ville-Marie,Entire home/apt,384.0,2
45.5188742,-73.57308189999999,Le Plateau-Mont-Royal,Entire home/apt,186.0,1
45.51884,-73.57315,Le Plateau-Mont-Royal,Entire home/apt,158.0,1
45.5188742,-73.57308189999999,Le Plateau-Mont-Royal,Entire home/apt,365.0,1
45.55329,-73.62132,Villeray-Saint-Michel-Parc-Extension,Entire home/apt,66.0,31
45.672267393831945,-73.49466553028259,Rivière-des-Prairies-Pointe-aux-Trembles,Entire home/apt,188.0,31
45.465821961442096,-73.5708335559879,Verdun,Entire home/apt,70.0,31
45.50258,-73.56667,Ville-Marie,Entire home/apt,100.0,34
45.51514543822351,-73.68741915819425,Saint-Laurent,Entire home/apt,76.0,31
45.51870345093224,-73.57167293582381,Le Plateau-Mont-Royal,Entire home/apt,208.0,1
45.49546,-73.57781,Ville-Marie,Entire home/apt,454.0,1
45.54036440680833,-73.60742664122472,Rosemont-La Petite-Patrie,Entire home/apt,129.0,31
45.43206911310793,-73.64069144658765,LaSalle,Entire home/apt,68.0,31
45.43083670162819,-73.64274956612067,LaSalle,Entire home/apt,71.0,31
45.4760222836199,-73.55789548383316,Le Sud-Ouest,Entire home/apt,115.0,2
45.50524,-73.56132,Ville-Marie,Entire home/apt,93.0,31
45.44097,-73.71831,Lachine,Entire home/apt,183.0,31
45.481329901170646,-73.57326871930756,Le Sud-Ouest,Entire home/apt,192.0,31
45.5230085,-73.5959065,Le Plateau-Mont-Royal,Entire home/apt,210.0,31
45.55173,-73.66161,Ahuntsic-Cartierville,Entire home/apt,98.0,30
45.46619354916099,-73.89573510736227,Pierrefonds-Roxboro,Entire home/apt,313.0,31
45.51403067826299,-73.57299554742993,Le Plateau-Mont-Royal,Entire home/apt,682.0,3
45.5175356,-73.56693849999999,Ville-Marie,Entire home/apt,127.0,31
45.5308861933492,-73.5701436354028,Le Plateau-Mont-Royal,Entire home/apt,131.0,31
45.530627,-73.5819269,Le Plateau-Mont-Royal,Entire home/apt,272.0,2
45.50501,-73.55521,Ville-Marie,Entire home/apt,1001.0,31
45.49921874853577,-73.57368110753188,Ville-Marie,Entire home/apt,515.0,3
45.50889,-73.57473,Le Plateau-Mont-Royal,Entire home/apt,105.0,31
45.52283006470645,-73.5784377609297,Le Plateau-Mont-Royal,Entire home/apt,217.0,2
45.52299,-73.57834,Le Plateau-Mont-Royal,Entire home/apt,303.0,2
45.52176269078902,-73.57880141507843,Le Plateau-Mont-Royal,Entire home/apt,301.0,2
45.48454582615912,-73.55850586612226,Le Sud-Ouest,Entire home/apt,129.0,2
45.55965629361767,-73.66228168838398,Ahuntsic-Cartierville,Entire home/apt,279.0,2
45.4888690195298,-73.56854522351361,Le Sud-Ouest,Entire home/apt,443.0,1
45.4947192,-73.5749392,Ville-Marie,Entire home/apt,78.0,31
45.548635389802506,-73.58110289547483,Rosemont-La Petite-Patrie,Entire home/apt,110.0,31
45.52568,-73.59983,Le Plateau-Mont-Royal,Entire home/apt,427.0,31
45.43031,-73.63817999999999,LaSalle,Entire home/apt,72.0,31
45.60925,-73.51164,Mercier-Hochelaga-Maisonneuve,Entire home/apt,57.0,31
45.51745,-73.55684,Ville-Marie,Entire home/apt,291.0,3
45.49717,-73.55327,Ville-Marie,Entire home/apt,120.0,31
45.51414,-73.55547,Ville-Marie,Entire home/apt,252.0,4
45.50084,-73.55721,Ville-Marie,Entire home/apt,158.0,3
45.5168,-73.55497,Ville-Marie,Entire home/apt,88.0,32
45.51736998103184,-73.56671992689371,Ville-Marie,Entire home/apt,365.0,31
45.5109029,-73.5693096,Ville-Marie,Entire home/apt,359.0,31
45.535686740193086,-73.71573042007401,Ahuntsic-Cartierville,Entire home/apt,136.0,3
45.51345,-73.57289,Le Plateau-Mont-Royal,Entire home/apt,201.0,31
45.53741646520219,-73.60697007385257,Rosemont-La Petite-Patrie,Entire home/apt,180.0,2
45.53695,-73.62046,Villeray-Saint-Michel-Parc-Extension,Entire home/apt,135.0,31
45.43028899999999,-73.63822189999999,LaSalle,Entire home/apt,50.0,31
45.47797,-73.5571,Le Sud-Ouest,Entire home/apt,92.0,2
45.523474365552985,-73.58539224011365,Le Plateau-Mont-Royal,Entire home/apt,97.0,1
45.52181,-73.57684,Le Plateau-Mont-Royal,Entire home/apt,245.0,2
45.54719343069949,-73.54334930207055,Mercier-Hochelaga-Maisonneuve,Entire home/apt,65.0,31
45.49238788001204,-73.58210066156316,Ville-Marie,Entire home/apt,125.0,1
45.477632389515634,-73.57896856963634,Le Sud-Ouest,Entire home/apt,170.0,31
45.5235873600898,-73.5843107634188,Le Plateau-Mont-Royal,Entire home/apt,97.0,1
45.45476511127374,-73.56465877336463,Verdun,Entire home/apt,99.0,32
45.52517384436759,-73.58558963439071,Le Plateau-Mont-Royal,Entire home/apt,97.0,1
45.5553737,-73.5838078,Rosemont-La Petite-Patrie,Entire home/apt,62.0,31
45.50602,-73.56611,Ville-Marie,Entire home/apt,116.0,60
45.48902425165448,-73.62580705950425,Côte-des-Neiges-Notre-Dame-de-Grâce,Entire home/apt,236.0,2
45.49194311027631,-73.55708071829848,Le Sud-Ouest,Entire home/apt,121.0,45
45.5753015,-73.5524818,Mercier-Hochelaga-Maisonneuve,Entire home/apt,104.0,3
45.49735733339968,-73.5764442756772,Ville-Marie,Entire home/apt,1515.0,1
45.49747355772463,-73.65153691727664,Côte-des-Neiges-Notre-Dame-de-Grâce,Entire home/apt,70.0,31
45.49173,-73.56242,Le Sud-Ouest,Entire home/apt,141.0,31
45.52044082966188,-73.55777830567193,Ville-Marie,Entire home/apt,132.0,31
45.5458195,-73.64009039999999,Ahuntsic-Cartierville,Entire home/apt,231.0,31
45.492617021306806,-73.55599259606021,Le Sud-Ouest,Entire home/apt,106.0,62
45.51127926047134,-73.56090854263162,Ville-Marie,Entire home/apt,201.0,2
45.5093453247198,-73.5613382913607,Ville-Marie,Entire home/apt,201.0,2
45.5052754,-73.55603789999999,Ville-Marie,Entire home/apt,188.0,2
45.54457719825383,-73.55616935912767,Mercier-Hochelaga-Maisonneuve,Entire home/apt,40.0,31
45.49692040307004,-73.65086347197986,Côte-des-Neiges-Notre-Dame-de-Grâce,Entire home/apt,120.0,31
45.51463158909928,-73.55861633529204,Ville-Marie,Entire home/apt,75.0,31
45.55021,-73.53329,Mercier-Hochelaga-Maisonneuve,Entire home/apt,57.0,31
45.55021,-73.53329,Mercier-Hochelaga-Maisonneuve,Entire home/apt,57.0,31
45.49505416933622,-73.56907722657137,Ville-Marie,Entire home/apt,150.0,31
45.55291,-73.55266,Mercier-Hochelaga-Maisonneuve,Entire home/apt,248.0,1
45.52543,-73.58547,Le Plateau-Mont-Royal,Entire home/apt,97.0,1
45.51104,-73.56152,Ville-Marie,Entire home/apt,202.0,31
45.49601029999999,-73.5714426,Ville-Marie,Entire home/apt,111.0,90
45.55348267100448,-73.53331337510589,Mercier-Hochelaga-Maisonneuve,Entire home/apt,151.0,2
45.5181,-73.56741,Le Plateau-Mont-Royal,Entire home/apt,268.0,31
45.50864229219186,-73.55998880258079,Ville-Marie,Entire home/apt,111.0,31
45.49542725597004,-73.57495568497026,Ville-Marie,Entire home/apt,472.0,31
45.5922511,-73.5230878,Mercier-Hochelaga-Maisonneuve,Entire home/apt,85.0,60
45.523111400368464,-73.6022501348278,Le Plateau-Mont-Royal,Entire home/apt,270.0,31
45.47935,-73.60444,Westmount,Entire home/apt,148.0,2
45.56756083772521,-73.63796390296885,Villeray-Saint-Michel-Parc-Extension,Entire home/apt,149.0,31
45.5406937,-73.6006128,Rosemont-La Petite-Patrie,Entire home/apt,150.0,31
45.49818779114648,-73.58440470987856,Ville-Marie,Entire home/apt,500.0,2
45.503246533819215,-73.62778736444653,Côte-des-Neiges-Notre-Dame-de-Grâce,Entire home/apt,93.0,31
45.5121772,-73.5621166,Ville-Marie,Entire home/apt,125.0,30
45.4477521,-73.5944638,Le Sud-Ouest,Entire home/apt,112.0,31
45.5687,-73.58545,Saint-Léonard,Entire home/apt,150.0,31
45.50505,-73.56249,Ville-Marie,Entire home/apt,96.0,31
45.4981711,-73.55781809999999,Ville-Marie,Entire home/apt,75.0,31
45.4981711,-73.55781809999999,Ville-Marie,Entire home/apt,70.0,31
45.4981711,-73.55781809999999,Ville-Marie,Entire home/apt,80.0,31
45.4981711,-73.55781809999999,Ville-Marie,Entire home/apt,70.0,31
45.4981711,-73.55781809999999,Ville-Marie,Entire home/apt,70.0,31
45.52269612587234,-73.60364292880718,Le Plateau-Mont-Royal,Entire home/apt,214.0,31
45.45614,-73.56641,Verdun,Entire home/apt,99.0,32
45.50733,-73.62444,Côte-des-Neiges-Notre-Dame-de-Grâce,Entire home/apt,183.0,31
45.47879,-73.57313,Le Sud-Ouest,Entire home/apt,219.0,31
45.480880286706494,-73.57425643843918,Le Sud-Ouest,Entire home/apt,219.0,31
45.5409213,-73.6180042,Villeray-Saint-Michel-Parc-Extension,Entire home/apt,109.0,32
45.49433,-73.5695,Ville-Marie,Entire home/apt,60.0,31
45.52680837949265,-73.57633275237976,Le Plateau-Mont-Royal,Entire home/apt,144.0,25
45.59815,-73.51127,Mercier-Hochelaga-Maisonneuve,Entire home/apt,65.0,31
45.50473,-73.55569,Ville-Marie,Entire home/apt,171.0,1
45.50417,-73.56404,Ville-Marie,Entire home/apt,143.0,31
45.51153,-73.56225,Ville-Marie,Entire home/apt,222.0,2
45.50945024617068,-73.56113808330667,Ville-Marie,Entire home/apt,201.0,2
45.45141,-73.58973,Le Sud-Ouest,Entire home/apt,99.0,2
45.47831339703088,-73.57100661846056,Le Sud-Ouest,Entire home/apt,284.0,2
45.548354,-73.537498,Mercier-Hochelaga-Maisonneuve,Entire home/apt,149.0,32
45.42989005040325,-73.85687685939526,Beaconsfield,Entire home/apt,167.0,32
45.54999,-73.61328,Villeray-Saint-Michel-Parc-Extension,Entire home/apt,99.0,32
45.50856,-73.57657,Le Plateau-Mont-Royal,Entire home/apt,135.0,31
45.51669736661066,-73.56917288334013,Le Plateau-Mont-Royal,Entire home/apt,101.0,31
45.5013,-73.55604,Ville-Marie,Entire home/apt,198.0,2
45.52894352873661,-73.56016840662808,Ville-Marie,Entire home/apt,73.0,4
45.52473906655113,-73.58408491534425,Le Plateau-Mont-Royal,Entire home/apt,189.0,2
45.5517,-73.53182,Mercier-Hochelaga-Maisonneuve,Entire home/apt,136.0,1
45.50297672840573,-73.55946930861103,Ville-Marie,Entire home/apt,526.0,2
45.51774,-73.56729,Le Plateau-Mont-Royal,Entire home/apt,236.0,31
45.51583874933761,-73.56245512778425,Ville-Marie,Entire home/apt,168.0,31
45.4934,-73.56764,Ville-Marie,Entire home/apt,124.0,1
45.51809224603002,-73.57835157449829,Le Plateau-Mont-Royal,Entire home/apt,200.0,31
45.51828,-73.57842,Le Plateau-Mont-Royal,Entire home/apt,198.0,31
45.523770708396114,-73.58493314649209,Le Plateau-Mont-Royal,Entire home/apt,203.0,2
45.4144,-73.91738,Baie-d'Urfé,Entire home/apt,481.0,2
45.52422340544656,-73.57994401822461,Le Plateau-Mont-Royal,Entire home/apt,275.0,1
45.54114,-73.61948,Villeray-Saint-Michel-Parc-Extension,Entire home/apt,135.0,3
45.5342577,-73.5808934,Le Plateau-Mont-Royal,Entire home/apt,279.0,31
45.51676,-73.56913,Le Plateau-Mont-Royal,Entire home/apt,538.0,31
45.66509702083268,-73.5033129495292,Rivière-des-Prairies-Pointe-aux-Trembles,Entire home/apt,110.0,1
45.51707561662091,-73.5539485886693,Ville-Marie,Entire home/apt,94.0,32
45.5183,-73.56919,Le Plateau-Mont-Royal,Entire home/apt,166.0,2
45.49817,-73.55782,Ville-Marie,Entire home/apt,65.0,31
45.4981711,-73.55781809999999,Ville-Marie,Entire home/apt,70.0,31
45.52976959999999,-73.5771476,Le Plateau-Mont-Royal,Entire home/apt,165.0,1
45.51994719862672,-73.5780499072876,Le Plateau-Mont-Royal,Entire home/apt,240.0,31
45.5170757,-73.55394849999999,Ville-Marie,Entire home/apt,75.0,32
45.48484817495171,-73.63835723717956,Côte-des-Neiges-Notre-Dame-de-Grâce,Entire home/apt,68.0,31
45.51101,-73.56251,Ville-Marie,Entire home/apt,222.0,31
45.51145,-73.56129,Ville-Marie,Entire home/apt,222.0,2
45.51000830993786,-73.56061297171405,Ville-Marie,Entire home/apt,222.0,2
45.52578,-73.55934,Ville-Marie,Entire home/apt,80.0,31
45.49068325775242,-73.56123766475429,Le Sud-Ouest,Entire home/apt,80.0,54
45.519032613023285,-73.55834926159405,Ville-Marie,Entire home/apt,349.0,1
45.52268,-73.67395,Saint-Laurent,Entire home/apt,126.0,31
45.49639151647981,-73.58208960026883,Ville-Marie,Entire home/apt,92.0,1
45.52052,-73.67596,Saint-Laurent,Entire home/apt,133.0,31
45.51835100606153,-73.59021980971895,Le Plateau-Mont-Royal,Entire home/apt,180.0,2
45.51360036873153,-73.55527247739317,Ville-Marie,Entire home/apt,232.0,31
45.4998990420649,-73.57321928888992,Ville-Marie,Entire home/apt,494.0,3
45.47564,-73.57107,Le Sud-Ouest,Entire home/apt,189.0,31
45.60966,-73.52194,Mercier-Hochelaga-Maisonneuve,Entire home/apt,133.0,32
45.56617417778036,-73.58571683169599,Rosemont-La Petite-Patrie,Entire home/apt,149.0,2
45.50773,-73.55375,Ville-Marie,Entire home/apt,236.0,2
45.5070826,-73.5529815,Ville-Marie,Entire home/apt,243.0,2
45.53535777439778,-73.61138390566117,Rosemont-La Petite-Patrie,Entire home/apt,115.0,32
45.532219950583695,-73.57728408840151,Le Plateau-Mont-Royal,Entire home/apt,60.0,60
45.5070826,-73.5529815,Ville-Marie,Entire home/apt,246.0,2
45.52289,-73.57903,Le Plateau-Mont-Royal,Entire home/apt,152.0,1
45.49247,-73.57811,Ville-Marie,Entire home/apt,120.0,1
45.4665681752192,-73.6381596021546,Côte-des-Neiges-Notre-Dame-de-Grâce,Entire home/apt,132.0,2
45.49222,-73.57838,Ville-Marie,Entire home/apt,115.0,1
45.52065,-73.55282,Ville-Marie,Entire home/apt,133.0,31
45.529998,-73.5679038,Le Plateau-Mont-Royal,Entire home/apt,163.0,31
45.518,-73.56564,Ville-Marie,Entire home/apt,136.0,31
45.51158504936288,-73.56234015483417,Ville-Marie,Entire home/apt,223.0,2
45.50945,-73.56288,Ville-Marie,Entire home/apt,223.0,2
45.54708681907904,-73.5753586886003,Rosemont-La Petite-Patrie,Entire home/apt,225.0,6
45.51974244918858,-73.57669115259274,Le Plateau-Mont-Royal,Entire home/apt,238.0,2
45.50266966027698,-73.55749306314868,Ville-Marie,Entire home/apt,541.0,2
45.51523,-73.57117,Le Plateau-Mont-Royal,Entire home/apt,151.0,31
45.52308,-73.56392,Ville-Marie,Entire home/apt,145.0,90
45.54983,-73.62724,Villeray-Saint-Michel-Parc-Extension,Entire home/apt,101.0,31
45.49037,-73.56714,Ville-Marie,Entire home/apt,165.0,1
45.49037,-73.56714,Ville-Marie,Entire home/apt,147.0,1
45.49037,-73.56714,Ville-Marie,Entire home/apt,166.0,1
45.49037,-73.56714,Ville-Marie,Entire home/apt,242.0,1
45.49037,-73.56714,Ville-Marie,Entire home/apt,191.0,1
45.49037,-73.56714,Ville-Marie,Entire home/apt,165.0,1
45.49037,-73.56714,Ville-Marie,Entire home/apt,203.0,1
45.49037,-73.56714,Ville-Marie,Entire home/apt,147.0,1
45.49037,-73.56714,Ville-Marie,Entire home/apt,166.0,1
45.49037,-73.56714,Ville-Marie,Entire home/apt,296.0,1
45.49037,-73.56714,Ville-Marie,Entire home/apt,156.0,1
45.49775,-73.57421,Ville-Marie,Entire home/apt,216.0,1
45.49775,-73.57421,Ville-Marie,Entire home/apt,309.0,1
45.60449,-73.55594,Anjou,Entire home/apt,75.0,31
45.50338,-73.5561,Ville-Marie,Entire home/apt,338.0,2
45.50328,-73.55792,Ville-Marie,Entire home/apt,289.0,2
45.50121583494751,-73.55728755597843,Ville-Marie,Entire home/apt,338.0,2
45.50346,-73.55641,Ville-Marie,Entire home/apt,313.0,2
45.503475560602965,-73.55756577873363,Ville-Marie,Entire home/apt,439.0,2
45.5016026824088,-73.55805321154294,Ville-Marie,Entire home/apt,430.0,2
45.50328911900256,-73.5564381471029,Ville-Marie,Entire home/apt,581.0,2
45.52565,-73.58356,Le Plateau-Mont-Royal,Entire home/apt,135.0,31
45.48404,-73.62849,Côte-des-Neiges-Notre-Dame-de-Grâce,Entire home/apt,150.0,1
45.50776,-73.57434,Le Plateau-Mont-Royal,Entire home/apt,157.0,1
45.49236,-73.58002,Ville-Marie,Entire home/apt,125.0,1
45.53799,-73.61987,Villeray-Saint-Michel-Parc-Extension,Entire home/apt,50.0,90
45.46897748940777,-73.53870152698364,Verdun,Entire home/apt,110.0,31
45.52078,-73.59065,Le Plateau-Mont-Royal,Entire home/apt,80.0,31
45.48282727985158,-73.5971336553496,Westmount,Entire home/apt,333.0,31
45.50029,-73.55856,Ville-Marie,Entire home/apt,214.0,1
45.4698762387363,-73.5397517050377,Verdun,Entire home/apt,94.0,31
45.535433002895104,-73.59246819694933,Rosemont-La Petite-Patrie,Entire home/apt,124.0,32
45.5664289549857,-73.57153744973756,Rosemont-La Petite-Patrie,Entire home/apt,180.0,31
45.489525339207134,-73.58271796256304,Ville-Marie,Entire home/apt,109.0,31
45.41697,-73.61068,LaSalle,Entire home/apt,173.0,31
45.56404341817765,-73.57897397925103,Rosemont-La Petite-Patrie,Entire home/apt,85.0,90
45.52976959999999,-73.5771476,Le Plateau-Mont-Royal,Entire home/apt,226.0,31
45.52758204042556,-73.56101533649885,Ville-Marie,Entire home/apt,66.0,31
45.54571,-73.6323139,Villeray-Saint-Michel-Parc-Extension,Entire home/apt,113.0,31
45.51813,-73.57632,Le Plateau-Mont-Royal,Entire home/apt,235.0,31
45.51132165176831,-73.5609371631285,Ville-Marie,Entire home/apt,201.0,2
45.57288204016658,-73.57462524375643,Rosemont-La Petite-Patrie,Entire home/apt,96.0,1
45.47311,-73.60757,Côte-des-Neiges-Notre-Dame-de-Grâce,Entire home/apt,42.0,60
45.50770603782463,-73.5695621423279,Ville-Marie,Entire home/apt,137.0,30
45.45639,-73.56433,Verdun,Entire home/apt,100.0,32
45.50991,-73.56282,Ville-Marie,Entire home/apt,201.0,2
45.5286553,-73.6159019,Rosemont-La Petite-Patrie,Entire home/apt,109.0,31
45.54491780438697,-73.59570565124162,Rosemont-La Petite-Patrie,Entire home/apt,35.0,32
45.52951644901201,-73.55567727887909,Ville-Marie,Entire home/apt,170.0,3
45.41816,-73.61117,LaSalle,Entire home/apt,234.0,5
45.48989774664344,-73.58051899941789,Ville-Marie,Entire home/apt,128.0,32
45.53316299999999,-73.6152895,Rosemont-La Petite-Patrie,Entire home/apt,86.0,1
45.53316299999999,-73.6152895,Rosemont-La Petite-Patrie,Entire home/apt,96.0,1
45.54941078539459,-73.54948050141768,Mercier-Hochelaga-Maisonneuve,Entire home/apt,167.0,3
45.45471290430238,-73.56522936391941,Verdun,Entire home/apt,99.0,32
45.49652770523224,-73.58688019542616,Ville-Marie,Entire home/apt,149.0,31
45.42193,-73.65023,LaSalle,Entire home/apt,77.0,31
45.53314899999999,-73.61525979999999,Rosemont-La Petite-Patrie,Entire home/apt,86.0,1
45.5388329,-73.5594,Ville-Marie,Entire home/apt,63.0,31
45.46641,-73.6159,Côte-des-Neiges-Notre-Dame-de-Grâce,Entire home/apt,163.0,1
45.46554725234948,-73.61613739275319,Côte-des-Neiges-Notre-Dame-de-Grâce,Entire home/apt,191.0,1
45.46523,-73.6149,Côte-des-Neiges-Notre-Dame-de-Grâce,Entire home/apt,136.0,1
45.464629088669575,-73.61579397917066,Côte-des-Neiges-Notre-Dame-de-Grâce,Entire home/apt,141.0,31
45.51746,-73.55724,Ville-Marie,Entire home/apt,195.0,7
45.491414100968576,-73.57999829256516,Ville-Marie,Entire home/apt,145.0,31
45.49206814374463,-73.57801084046429,Ville-Marie,Entire home/apt,156.0,31
45.51792,-73.59438,Le Plateau-Mont-Royal,Entire home/apt,134.0,31
45.5448379,-73.63776779999999,Villeray-Saint-Michel-Parc-Extension,Entire home/apt,121.0,31
45.51706250895052,-73.56073245417298,Ville-Marie,Entire home/apt,136.0,31
45.5330155,-73.61697680000002,Rosemont-La Petite-Patrie,Entire home/apt,135.0,31
45.4960829368581,-73.61900940871321,Côte-des-Neiges-Notre-Dame-de-Grâce,Entire home/apt,118.0,31
45.52406,-73.60529,Le Plateau-Mont-Royal,Entire home/apt,212.0,31
45.5242,-73.60295,Le Plateau-Mont-Royal,Entire home/apt,213.0,31
45.50582,-73.5742,Le Plateau-Mont-Royal,Entire home/apt,41.0,110
45.50754775161882,-73.56081964514739,Ville-Marie,Entire home/apt,285.0,31
45.50176395245005,-73.68612669643348,Saint-Laurent,Entire home/apt,80.0,31
45.44452412944392,-73.67231614887714,Lachine,Entire home/apt,60.0,31
45.54001484302586,-73.6113877594471,Rosemont-La Petite-Patrie,Entire home/apt,151.0,2
45.5121772,-73.5621166,Ville-Marie,Entire home/apt,109.0,2
45.64244904390425,-73.49010360798533,Rivière-des-Prairies-Pointe-aux-Trembles,Entire home/apt,58.0,31
45.52447,-73.6156,Outremont,Entire home/apt,135.0,45
45.5031547,-73.5563438,Ville-Marie,Entire home/apt,309.0,31
45.51677574732562,-73.55230589801273,Ville-Marie,Entire home/apt,130.0,2
45.45840163385603,-73.56998579363047,Verdun,Entire home/apt,91.0,31
45.53045,-73.58924,Le Plateau-Mont-Royal,Entire home/apt,210.0,31
45.50393,-73.55985,Ville-Marie,Entire home/apt,95.0,31
45.4810369,-73.6318275,Côte-des-Neiges-Notre-Dame-de-Grâce,Entire home/apt,298.0,2
45.5121772,-73.5621166,Ville-Marie,Entire home/apt,130.0,1
45.51713,-73.55707,Ville-Marie,Entire home/apt,88.0,31
45.48402543319236,-73.57851786472628,Le Sud-Ouest,Entire home/apt,138.0,31
45.50951784556042,-73.5605442041855,Ville-Marie,Entire home/apt,211.0,3
45.50966536913968,-73.56235378167881,Ville-Marie,Entire home/apt,201.0,2
45.5201137,-73.5536861,Ville-Marie,Entire home/apt,154.0,31
45.55253875458357,-73.60912140401763,Villeray-Saint-Michel-Parc-Extension,Entire home/apt,98.0,2
45.53770619839791,-73.61038032637687,Rosemont-La Petite-Patrie,Entire home/apt,60.0,32
45.514638726788846,-73.57221100926209,Le Plateau-Mont-Royal,Entire home/apt,259.0,1
45.4820437240822,-73.57428326382981,Le Sud-Ouest,Entire home/apt,162.0,1
45.48399982034568,-73.57465369075628,Le Sud-Ouest,Entire home/apt,180.0,1
45.48335930608709,-73.574341914323,Le Sud-Ouest,Entire home/apt,209.0,1
45.50996927409285,-73.560692298828,Ville-Marie,Entire home/apt,289.0,1
45.50809,-73.56069,Ville-Marie,Entire home/apt,319.0,1
45.49888,-73.57382,Ville-Marie,Entire home/apt,144.0,1
45.52591122,-73.58391155,Le Plateau-Mont-Royal,Entire home/apt,159.0,1
45.50873499669892,-73.56112725764889,Ville-Marie,Entire home/apt,285.0,1
45.55438148092148,-73.53208240688856,Mercier-Hochelaga-Maisonneuve,Entire home/apt,288.0,31
45.5170757,-73.55394849999999,Ville-Marie,Entire home/apt,130.0,31
45.55252374477556,-73.5333727521765,Mercier-Hochelaga-Maisonneuve,Entire home/apt,193.0,31
45.49279,-73.57831,Ville-Marie,Entire home/apt,118.0,1
45.49070262636995,-73.5798147134613,Ville-Marie,Entire home/apt,121.0,31
45.5492635,-73.5718766,Rosemont-La Petite-Patrie,Entire home/apt,220.0,3
45.51076728491636,-73.56081182474868,Ville-Marie,Entire home/apt,264.0,2
45.51169,-73.56261,Ville-Marie,Entire home/apt,263.0,2
45.51606207817967,-73.55501491319043,Ville-Marie,Entire home/apt,93.0,31
45.455383146652544,-73.54572147990994,Verdun,Entire home/apt,68.0,31
45.48459802961936,-73.57491845055083,Le Sud-Ouest,Entire home/apt,160.0,31
45.50750447697339,-73.55208811182911,Ville-Marie,Entire home/apt,282.0,2
45.50735639305413,-73.55198403410618,Ville-Marie,Entire home/apt,273.0,2
45.50536,-73.55662,Ville-Marie,Entire home/apt,996.0,3
45.49556708398898,-73.57477239983162,Ville-Marie,Entire home/apt,79.0,31
45.54006,-73.60803,Rosemont-La Petite-Patrie,Entire home/apt,239.0,2
45.54577685013376,-73.6260625602454,Villeray-Saint-Michel-Parc-Extension,Entire home/apt,189.0,31
45.541471932984926,-73.54156402195764,Mercier-Hochelaga-Maisonneuve,Entire home/apt,130.0,31
45.50964057457858,-73.56273901006558,Ville-Marie,Entire home/apt,130.0,31
45.50295405712485,-73.5637958561733,Ville-Marie,Entire home/apt,87.0,31
45.46704,-73.5917,Le Sud-Ouest,Entire home/apt,128.0,31
45.51345286689026,-73.57260385893878,Le Plateau-Mont-Royal,Entire home/apt,308.0,31
45.5136171,-73.5752631,Le Plateau-Mont-Royal,Entire home/apt,168.0,2
45.50379814292084,-73.67288822046064,Saint-Laurent,Entire home/apt,112.0,32
45.5170757,-73.55394849999999,Ville-Marie,Entire home/apt,75.0,31
45.58873840514577,-73.51651590455084,Mercier-Hochelaga-Maisonneuve,Entire home/apt,78.0,31
45.5127682,-73.5696,Le Plateau-Mont-Royal,Entire home/apt,160.0,1
45.54797114207979,-73.62871864364874,Villeray-Saint-Michel-Parc-Extension,Entire home/apt,202.0,2
45.51590403153492,-73.57607647776604,Le Plateau-Mont-Royal,Entire home/apt,583.0,1
45.518400626173324,-73.57228927798008,Le Plateau-Mont-Royal,Entire home/apt,87.0,1
45.52809,-73.57213,Le Plateau-Mont-Royal,Entire home/apt,453.0,2
45.42691,-73.6632,LaSalle,Entire home/apt,484.0,1
45.51729958052889,-73.56139271002783,Ville-Marie,Entire home/apt,95.0,31
45.51572,-73.56178,Ville-Marie,Entire home/apt,89.0,31
45.51039,-73.56017,Ville-Marie,Entire home/apt,70.0,31
45.54501,-73.55488,Mercier-Hochelaga-Maisonneuve,Entire home/apt,50.0,31
45.5402954,-73.64471189999999,Ahuntsic-Cartierville,Entire home/apt,80.0,31
45.51791084736752,-73.55703641833925,Ville-Marie,Entire home/apt,91.0,31
45.45263,-73.56751,Verdun,Entire home/apt,359.0,32
45.4959143,-73.5678385,Ville-Marie,Entire home/apt,225.0,31
45.493,-73.58389,Ville-Marie,Entire home/apt,72.0,31
45.521350640846485,-73.58037355217905,Le Plateau-Mont-Royal,Entire home/apt,145.0,1
45.54273912337922,-73.55675160230528,Mercier-Hochelaga-Maisonneuve,Entire home/apt,80.0,31
45.53115,-73.5743,Le Plateau-Mont-Royal,Entire home/apt,28.0,31
45.51503,-73.57658,Le Plateau-Mont-Royal,Entire home/apt,252.0,2
45.43473729999999,-73.6082134,LaSalle,Entire home/apt,44.0,31
45.53664977222304,-73.60139872237455,Rosemont-La Petite-Patrie,Entire home/apt,144.0,7
45.4958804578017,-73.56772048280335,Ville-Marie,Entire home/apt,260.0,1
45.54373,-73.60907,Rosemont-La Petite-Patrie,Entire home/apt,225.0,7
45.49536,-73.63813,Côte-des-Neiges-Notre-Dame-de-Grâce,Entire home/apt,140.0,32
45.533027188959046,-73.5521597284401,Ville-Marie,Entire home/apt,54.0,120
45.5152932,-73.5754175,Le Plateau-Mont-Royal,Entire home/apt,1183.0,1
45.4958209,-73.5704501,Ville-Marie,Entire home/apt,300.0,31
45.53692,-73.59197,Rosemont-La Petite-Patrie,Entire home/apt,113.0,2
45.56426599581626,-73.59874803491823,Villeray-Saint-Michel-Parc-Extension,Entire home/apt,91.0,31
45.5043544,-73.5547959,Ville-Marie,Entire home/apt,418.0,2
45.52772,-73.70153,Ahuntsic-Cartierville,Entire home/apt,54.0,31
45.52748,-73.59383,Le Plateau-Mont-Royal,Entire home/apt,120.0,32
45.49603,-73.58667,Ville-Marie,Entire home/apt,149.0,31
45.50630973513278,-73.56617901904907,Ville-Marie,Entire home/apt,132.0,31
45.51067550481733,-73.56244229722054,Ville-Marie,Entire home/apt,131.0,2
45.4867128,-73.5851904,Westmount,Entire home/apt,153.0,4
45.54474,-73.53916,Mercier-Hochelaga-Maisonneuve,Entire home/apt,66.0,31
45.52134,-73.59887,Le Plateau-Mont-Royal,Entire home/apt,104.0,31
45.46802406686511,-73.65775358616706,Côte-Saint-Luc,Entire home/apt,340.0,2
45.50358,-73.5541,Ville-Marie,Entire home/apt,348.0,1
45.49899,-73.55934,Ville-Marie,Entire home/apt,268.0,31
45.51284,-73.57011,Le Plateau-Mont-Royal,Entire home/apt,74.0,60
45.53754964585672,-73.54250150899496,Mercier-Hochelaga-Maisonneuve,Entire home/apt,103.0,31
45.46849,-73.5702,Verdun,Entire home/apt,70.0,31
45.5060992,-73.5659859,Ville-Marie,Entire home/apt,108.0,31
45.53893,-73.61608,Villeray-Saint-Michel-Parc-Extension,Entire home/apt,178.0,2
45.54697,-73.54735,Mercier-Hochelaga-Maisonneuve,Entire home/apt,325.0,31
45.52194284040864,-73.57844019039254,Le Plateau-Mont-Royal,Entire home/apt,177.0,1
45.509893469924144,-73.55271075186076,Ville-Marie,Entire home/apt,990.0,31
45.49315769472092,-73.5738262708619,Ville-Marie,Entire home/apt,149.0,32
45.46507,-73.61504,Côte-des-Neiges-Notre-Dame-de-Grâce,Entire home/apt,154.0,1
45.5031157,-73.5634414,Ville-Marie,Entire home/apt,344.0,31
45.51144,-73.56082,Ville-Marie,Entire home/apt,223.0,2
45.58177,-73.56123,Mercier-Hochelaga-Maisonneuve,Entire home/apt,78.0,31
45.52746424817697,-73.57527011962394,Le Plateau-Mont-Royal,Entire home/apt,77.0,32
45.51812,-73.57336,Le Plateau-Mont-Royal,Entire home/apt,158.0,1
45.49675,-73.56933,Ville-Marie,Entire home/apt,103.0,31
45.49670358800376,-73.56825918625466,Ville-Marie,Entire home/apt,124.0,31
45.49663,-73.56953,Ville-Marie,Entire home/apt,124.0,31
45.49512090958773,-73.57131525906327,Ville-Marie,Entire home/apt,103.0,31
45.5257683,-73.5816121,Le Plateau-Mont-Royal,Entire home/apt,331.0,1
45.52070028524632,-73.55940981081368,Ville-Marie,Entire home/apt,104.0,31
45.49454447145085,-73.55988957097401,Le Sud-Ouest,Entire home/apt,200.0,31
45.51242,-73.56305,Ville-Marie,Entire home/apt,126.0,2
45.55746,-73.5334,Mercier-Hochelaga-Maisonneuve,Entire home/apt,143.0,31
45.42514702892637,-73.6536264893896,LaSalle,Entire home/apt,151.0,31
45.49601029999999,-73.5714426,Ville-Marie,Entire home/apt,136.0,31
45.50975,-73.56419,Ville-Marie,Entire home/apt,129.0,31
45.51739766476612,-73.5604777872608,Ville-Marie,Entire home/apt,125.0,31
45.49668,-73.5701,Ville-Marie,Entire home/apt,119.0,31
45.49653069505317,-73.56975754821387,Ville-Marie,Entire home/apt,119.0,31
45.51119,-73.56243,Ville-Marie,Entire home/apt,223.0,2
45.51111,-73.56242,Ville-Marie,Entire home/apt,253.0,2
45.4498755,-73.5994263,Le Sud-Ouest,Entire home/apt,87.0,31
45.49425418903064,-73.567837118199,Ville-Marie,Entire home/apt,122.0,31
45.49615736398325,-73.63488659262657,Côte-des-Neiges-Notre-Dame-de-Grâce,Entire home/apt,81.0,31
45.490951644520464,-73.58620868234755,Ville-Marie,Entire home/apt,146.0,31
45.53280899373786,-73.56159180277275,Ville-Marie,Entire home/apt,43.0,31
45.5321957,-73.5644868,Le Plateau-Mont-Royal,Entire home/apt,129.0,31
45.50166,-73.55447,Ville-Marie,Entire home/apt,325.0,1
45.5559913111187,-73.53205013092345,Mercier-Hochelaga-Maisonneuve,Entire home/apt,540.0,31
45.53720548983741,-73.58036635396728,Le Plateau-Mont-Royal,Entire home/apt,188.0,3
45.49719285807063,-73.57912355958811,Ville-Marie,Entire home/apt,47.0,31
45.487538,-73.5651369,Le Sud-Ouest,Entire home/apt,100.0,91
45.55247,-73.53308,Mercier-Hochelaga-Maisonneuve,Entire home/apt,510.0,31
45.56208885222764,-73.58464623068849,Rosemont-La Petite-Patrie,Entire home/apt,541.0,2
45.51962229999999,-73.5729217,Le Plateau-Mont-Royal,Entire home/apt,241.0,3
45.52270075868884,-73.55611810623066,Ville-Marie,Entire home/apt,101.0,31
45.47209,-73.5896099,Le Sud-Ouest,Entire home/apt,115.0,31
45.59553,-73.51386,Mercier-Hochelaga-Maisonneuve,Entire home/apt,102.0,2
45.51731290129528,-73.57918871526161,Le Plateau-Mont-Royal,Entire home/apt,151.0,1
45.51807,-73.5792,Le Plateau-Mont-Royal,Entire home/apt,126.0,1
45.60419149821308,-73.55511209589923,Anjou,Entire home/apt,70.0,2
45.51589910000001,-73.57120309999999,Le Plateau-Mont-Royal,Entire home/apt,151.0,2
45.4961893,-73.585321,Ville-Marie,Entire home/apt,257.0,2
45.5507,-73.55017,Mercier-Hochelaga-Maisonneuve,Entire home/apt,431.0,31
45.52059,-73.5948,Le Plateau-Mont-Royal,Entire home/apt,213.0,31
45.54282,-73.60824,Rosemont-La Petite-Patrie,Entire home/apt,114.0,31
45.51643,-73.55321,Ville-Marie,Entire home/apt,141.0,31
45.49525,-73.57817,Ville-Marie,Entire home/apt,141.0,3
45.51874,-73.56247,Ville-Marie,Entire home/apt,70.0,31
45.522556952069394,-73.57109921776038,Le Plateau-Mont-Royal,Entire home/apt,103.0,31
45.49989,-73.55925,Ville-Marie,Entire home/apt,195.0,3
45.43835297467434,-73.92483184232788,Sainte-Anne-de-Bellevue,Entire home/apt,215.0,31
45.5178167,-73.554835,Ville-Marie,Entire home/apt,240.0,31
45.52211135522418,-73.5794422121643,Le Plateau-Mont-Royal,Entire home/apt,155.0,1
45.52306,-73.57922,Le Plateau-Mont-Royal,Entire home/apt,161.0,1
45.5200482,-73.5872541,Le Plateau-Mont-Royal,Entire home/apt,77.0,31
45.6270105,-73.5918919,Rivière-des-Prairies-Pointe-aux-Trembles,Entire home/apt,171.0,1
45.52884,-73.61688,Rosemont-La Petite-Patrie,Entire home/apt,82.0,31
45.58004,-73.57488,Rosemont-La Petite-Patrie,Entire home/apt,64.0,31
45.49227409644317,-73.57574917946178,Ville-Marie,Entire home/apt,105.0,31
45.50752,-73.57475,Le Plateau-Mont-Royal,Entire home/apt,172.0,1
45.49949148026403,-73.5716980312049,Ville-Marie,Entire home/apt,1080.0,31
45.60712,-73.51684,Mercier-Hochelaga-Maisonneuve,Entire home/apt,237.0,31
45.52501912459398,-73.58455505834468,Le Plateau-Mont-Royal,Entire home/apt,320.0,31
45.51281,-73.56115,Ville-Marie,Entire home/apt,235.0,30
45.49451881400612,-73.57298113586762,Ville-Marie,Entire home/apt,125.0,31
45.49605386090504,-73.57219033286879,Ville-Marie,Entire home/apt,140.0,31
45.52699442186361,-73.57838613822334,Le Plateau-Mont-Royal,Entire home/apt,222.0,2
45.57478143756308,-73.58070671626578,Saint-Léonard,Entire home/apt,170.0,31
45.49634,-73.57252,Ville-Marie,Entire home/apt,95.0,31
45.49401313608792,-73.5725949686937,Ville-Marie,Entire home/apt,145.0,31
45.49412223295081,-73.57256793216838,Ville-Marie,Entire home/apt,125.0,31
45.49583,-73.57062,Ville-Marie,Entire home/apt,125.0,31
45.49605959955176,-73.57250282588168,Ville-Marie,Entire home/apt,125.0,31
45.49425,-73.57209,Ville-Marie,Entire home/apt,109.0,31
45.49607,-73.57232,Ville-Marie,Entire home/apt,170.0,31
45.49412042928678,-73.57109791262097,Ville-Marie,Entire home/apt,95.0,31
45.49449163109738,-73.57276505768763,Ville-Marie,Entire home/apt,84.0,31
45.6053729,-73.6382824,Montréal-Nord,Entire home/apt,56.0,31
45.44674609553596,-73.57380519228458,Verdun,Entire home/apt,250.0,31
45.53926389999999,-73.6283615,Villeray-Saint-Michel-Parc-Extension,Entire home/apt,322.0,2
45.51789,-73.55453,Ville-Marie,Entire home/apt,72.0,32
45.49435289418201,-73.57068332468255,Ville-Marie,Entire home/apt,105.0,31
45.49618161724925,-73.57106522289777,Ville-Marie,Entire home/apt,159.0,31
45.49616793253969,-73.57143838988189,Ville-Marie,Entire home/apt,117.0,31
45.49450884570437,-73.57077406033741,Ville-Marie,Entire home/apt,95.0,31
45.49432940521432,-73.57091087061879,Ville-Marie,Entire home/apt,125.0,31
45.49417,-73.57285,Ville-Marie,Entire home/apt,159.0,31
45.49455083645206,-73.57281140568713,Ville-Marie,Entire home/apt,95.0,31
45.49589,-73.57114,Ville-Marie,Entire home/apt,115.0,31
45.49424,-73.57244,Ville-Marie,Entire home/apt,120.0,31
45.49419,-73.57141,Ville-Marie,Entire home/apt,119.0,31
45.49445169214226,-73.57102295218567,Ville-Marie,Entire home/apt,125.0,31
45.49563891084139,-73.57069749688128,Ville-Marie,Entire home/apt,140.0,31
45.49614932005104,-73.57273211720955,Ville-Marie,Entire home/apt,125.0,31
45.4956,-73.57269,Ville-Marie,Entire home/apt,160.0,31
45.49635,-73.57145,Ville-Marie,Entire home/apt,121.0,31
45.49616201708324,-73.57070793331512,Ville-Marie,Entire home/apt,85.0,31
45.49407410296615,-73.57067591010735,Ville-Marie,Entire home/apt,95.0,31
45.49423018978313,-73.57243708697457,Ville-Marie,Entire home/apt,159.0,31
45.49453,-73.57278,Ville-Marie,Entire home/apt,105.0,31
45.49557,-73.57285,Ville-Marie,Entire home/apt,108.0,31
45.42563108700757,-73.6514200642705,LaSalle,Entire home/apt,55.0,31
45.4981711,-73.55781809999999,Ville-Marie,Entire home/apt,70.0,31
45.5188742,-73.57308189999999,Le Plateau-Mont-Royal,Entire home/apt,238.0,1
45.5913736,-73.5238191,Mercier-Hochelaga-Maisonneuve,Entire home/apt,86.0,31
45.54313,-73.53863,Mercier-Hochelaga-Maisonneuve,Entire home/apt,200.0,31
45.5101,-73.56156,Ville-Marie,Entire home/apt,73.0,31
45.53162,-73.61358,Rosemont-La Petite-Patrie,Entire home/apt,191.0,31
45.49412103283364,-73.57241005412331,Ville-Marie,Entire home/apt,95.0,31
45.49436601949779,-73.57258801223234,Ville-Marie,Entire home/apt,109.0,31
45.49632041447801,-73.57229794343212,Ville-Marie,Entire home/apt,125.0,31
45.49471,-73.57285,Ville-Marie,Entire home/apt,95.0,31
45.4950009496035,-73.57288494529813,Ville-Marie,Entire home/apt,125.0,31
45.49435642856236,-73.57074434210831,Ville-Marie,Entire home/apt,170.0,31
45.49619335000402,-73.57148522558849,Ville-Marie,Entire home/apt,125.0,31
45.49403296137602,-73.57091389604905,Ville-Marie,Entire home/apt,125.0,31
45.49442924190099,-73.57134280009602,Ville-Marie,Entire home/apt,130.0,31
45.53184,-73.61419,Rosemont-La Petite-Patrie,Entire home/apt,134.0,2
45.48281,-73.62616,Côte-des-Neiges-Notre-Dame-de-Grâce,Entire home/apt,168.0,31
45.5318152,-73.5768671,Le Plateau-Mont-Royal,Entire home/apt,106.0,31
45.5328379,-73.5955513,Rosemont-La Petite-Patrie,Entire home/apt,114.0,31
45.519312382280944,-73.56038287234335,Ville-Marie,Entire home/apt,116.0,31
45.53664,-73.55608,Ville-Marie,Entire home/apt,272.0,31
45.5012884,-73.5781562,Ville-Marie,Entire home/apt,85.0,31
45.5328496,-73.5955176,Rosemont-La Petite-Patrie,Entire home/apt,112.0,31
45.4962924189363,-73.57107910830223,Ville-Marie,Entire home/apt,125.0,31
45.4821812,-73.5748727,Le Sud-Ouest,Entire home/apt,203.0,2
45.5353676,-73.607576,Rosemont-La Petite-Patrie,Entire home/apt,115.0,31
45.52544,-73.60792,Le Plateau-Mont-Royal,Entire home/apt,235.0,31
45.49989,-73.55925,Ville-Marie,Entire home/apt,191.0,1
45.4880785751634,-73.63877695159232,Côte-des-Neiges-Notre-Dame-de-Grâce,Entire home/apt,121.0,2
45.49387,-73.58008,Ville-Marie,Entire home/apt,141.0,3
45.4922,-73.58118,Ville-Marie,Entire home/apt,141.0,3
45.50872,-73.55829,Ville-Marie,Entire home/apt,166.0,3
45.4751336,-73.58502469999999,Le Sud-Ouest,Entire home/apt,257.0,1
45.53032246378896,-73.72479436831507,Ahuntsic-Cartierville,Entire home/apt,86.0,31
45.50612961251411,-73.56985290701512,Ville-Marie,Entire home/apt,140.0,31
45.57275,-73.5424,Mercier-Hochelaga-Maisonneuve,Entire home/apt,81.0,1
45.5334173,-73.5815095,Le Plateau-Mont-Royal,Entire home/apt,161.0,31
45.5585208,-73.5481267,Mercier-Hochelaga-Maisonneuve,Entire home/apt,124.0,31
45.52589713,-73.58387232,Le Plateau-Mont-Royal,Entire home/apt,168.0,1
45.51905,-73.57366,Le Plateau-Mont-Royal,Entire home/apt,170.0,31
45.51905,-73.57366,Le Plateau-Mont-Royal,Entire home/apt,133.0,31
45.5190649,-73.5736585,Le Plateau-Mont-Royal,Entire home/apt,100.0,31
45.51078209612882,-73.63094199310078,Côte-des-Neiges-Notre-Dame-de-Grâce,Entire home/apt,92.0,2
45.47581753142758,-73.5861570713374,Le Sud-Ouest,Entire home/apt,225.0,1
45.64383,-73.49962,Rivière-des-Prairies-Pointe-aux-Trembles,Entire home/apt,84.0,1
45.50754,-73.56862,Ville-Marie,Entire home/apt,100.0,31
45.510143018200296,-73.56275442402699,Ville-Marie,Entire home/apt,127.0,2
45.50149,-73.56113,Ville-Marie,Entire home/apt,214.0,1
45.5121772,-73.5621166,Ville-Marie,Entire home/apt,123.0,31
45.5121772,-73.5621166,Ville-Marie,Entire home/apt,123.0,31
45.5121772,-73.5621166,Ville-Marie,Entire home/apt,103.0,31
45.49401881536945,-73.56682783521977,Ville-Marie,Entire home/apt,128.0,1
45.5022,-73.55601,Ville-Marie,Entire home/apt,286.0,2
45.50093,-73.55854,Ville-Marie,Entire home/apt,233.0,3
45.54877075335969,-73.6422902880265,Ahuntsic-Cartierville,Entire home/apt,79.0,31
45.51682,-73.58924,Le Plateau-Mont-Royal,Entire home/apt,364.0,1
45.5117248558367,-73.57513003170163,Le Plateau-Mont-Royal,Entire home/apt,57.0,31
45.49628,-73.57243,Ville-Marie,Entire home/apt,125.0,31
45.49458572088814,-73.57256359950769,Ville-Marie,Entire home/apt,95.0,31
45.475134,-73.585025,Le Sud-Ouest,Entire home/apt,1448.0,1
45.4942695802619,-73.57144149672045,Ville-Marie,Entire home/apt,84.0,31
45.49574909494144,-73.57289762833207,Ville-Marie,Entire home/apt,105.0,31
45.49453,-73.57297,Ville-Marie,Entire home/apt,159.0,31
45.49568414183076,-73.57268754025264,Ville-Marie,Entire home/apt,117.0,31
45.55749541395099,-73.66819104122851,Ahuntsic-Cartierville,Entire home/apt,337.0,31
45.51218,-73.56212,Ville-Marie,Entire home/apt,118.0,2
45.47994,-73.62343,Côte-des-Neiges-Notre-Dame-de-Grâce,Entire home/apt,118.0,1
45.49421700517936,-73.5708809813672,Ville-Marie,Entire home/apt,95.0,31
45.49444,-73.57121,Ville-Marie,Entire home/apt,125.0,31
45.57260734748284,-73.54464418139217,Mercier-Hochelaga-Maisonneuve,Entire home/apt,100.0,1
45.43704,-73.6829,Lachine,Entire home/apt,80.0,31
45.47967764630706,-73.57208484342601,Le Sud-Ouest,Entire home/apt,50.0,31
45.51900998994135,-73.57376876594124,Le Plateau-Mont-Royal,Entire home/apt,410.0,2
45.47247,-73.60803,Côte-des-Neiges-Notre-Dame-de-Grâce,Entire home/apt,199.0,31
45.55532421600032,-73.60713948421157,Villeray-Saint-Michel-Parc-Extension,Entire home/apt,139.0,3
45.51141,-73.5603,Ville-Marie,Entire home/apt,258.0,2
45.5072133,-73.56955359999999,Ville-Marie,Entire home/apt,108.0,31
45.5079440457971,-73.57070747763387,Ville-Marie,Entire home/apt,95.0,31
45.5072133,-73.56955359999999,Ville-Marie,Entire home/apt,115.0,31
45.5072133,-73.56955359999999,Ville-Marie,Entire home/apt,100.0,31
45.50801,-73.5707,Ville-Marie,Entire home/apt,95.0,31
45.5079993081977,-73.574329856599,Le Plateau-Mont-Royal,Entire home/apt,39.0,31
45.5568537,-73.5681388,Rosemont-La Petite-Patrie,Entire home/apt,102.0,31
45.509735,-73.563143,Ville-Marie,Entire home/apt,369.0,1
45.50841,-73.55855,Ville-Marie,Entire home/apt,165.0,1
45.49439,-73.57243,Ville-Marie,Entire home/apt,159.0,31
45.49420609768118,-73.57185679776497,Ville-Marie,Entire home/apt,95.0,31
45.49615,-73.57201,Ville-Marie,Entire home/apt,115.0,31
45.495947732746025,-73.57217194712638,Ville-Marie,Entire home/apt,130.0,31
45.49562,-73.5709,Ville-Marie,Entire home/apt,125.0,31
45.49580230863514,-73.5723855913265,Ville-Marie,Entire home/apt,159.0,31
45.49560731515029,-73.57086812373302,Ville-Marie,Entire home/apt,134.0,31
45.49420134189241,-73.57213432601074,Ville-Marie,Entire home/apt,160.0,31
45.49555218592722,-73.5724458285512,Ville-Marie,Entire home/apt,125.0,31
45.49586661898283,-73.57056960764378,Ville-Marie,Entire home/apt,85.0,31
45.49402799043108,-73.57236414778345,Ville-Marie,Entire home/apt,95.0,31
45.49560123907794,-73.57081200251497,Ville-Marie,Entire home/apt,150.0,31
45.49621,-73.57187,Ville-Marie,Entire home/apt,105.0,31
45.494027541253736,-73.57199024107868,Ville-Marie,Entire home/apt,108.0,31
45.65788550382718,-73.57164052647833,Rivière-des-Prairies-Pointe-aux-Trembles,Entire home/apt,161.0,1
45.51501,-73.56915,Le Plateau-Mont-Royal,Entire home/apt,65.0,120
45.5072133,-73.56955359999999,Ville-Marie,Entire home/apt,95.0,31
45.50761639213139,-73.56865198384561,Ville-Marie,Entire home/apt,95.0,31
45.5072133,-73.56955359999999,Ville-Marie,Entire home/apt,120.0,31
45.5072133,-73.56955359999999,Ville-Marie,Entire home/apt,144.0,31
45.5072133,-73.56955359999999,Ville-Marie,Entire home/apt,120.0,31
45.50822,-73.57008,Ville-Marie,Entire home/apt,193.0,31
45.52411625220028,-73.58425832764402,Le Plateau-Mont-Royal,Entire home/apt,281.0,2
45.42147315935136,-73.65172581466554,LaSalle,Entire home/apt,63.0,31
45.50813708939206,-73.79672085900634,Pierrefonds-Roxboro,Entire home/apt,106.0,31
45.54784,-73.64404,Ahuntsic-Cartierville,Entire home/apt,59.0,31
45.49844100900698,-73.5747460577891,Ville-Marie,Entire home/apt,218.0,1
45.52011665963494,-73.55347383767366,Ville-Marie,Entire home/apt,173.0,31
45.536703042332014,-73.59777649286643,Rosemont-La Petite-Patrie,Entire home/apt,125.0,1
45.54685,-73.5747,Rosemont-La Petite-Patrie,Entire home/apt,251.0,31
45.55568,-73.58481470000001,Rosemont-La Petite-Patrie,Entire home/apt,181.0,5
45.56228,-73.66274,Ahuntsic-Cartierville,Entire home/apt,103.0,1
45.52096,-73.57716,Le Plateau-Mont-Royal,Entire home/apt,226.0,31
45.52096,-73.57716,Le Plateau-Mont-Royal,Entire home/apt,211.0,31
45.5179804,-73.58136549999999,Le Plateau-Mont-Royal,Entire home/apt,113.0,1
45.53436,-73.61854,Rosemont-La Petite-Patrie,Entire home/apt,232.0,1
45.5072133,-73.56955359999999,Ville-Marie,Entire home/apt,128.0,31
45.50793,-73.57074,Ville-Marie,Entire home/apt,140.0,31
45.50813,-73.57009,Ville-Marie,Entire home/apt,100.0,31
45.50541,-73.56947,Ville-Marie,Entire home/apt,157.0,1
45.50785041804432,-73.57049334984406,Ville-Marie,Entire home/apt,90.0,31
45.50663438176184,-73.57051140728262,Ville-Marie,Entire home/apt,95.0,31
45.507536428986974,-73.56869596595655,Ville-Marie,Entire home/apt,105.0,31
45.50686044251563,-73.56844408703735,Ville-Marie,Entire home/apt,95.0,31
45.50602,-73.57036,Ville-Marie,Entire home/apt,100.0,31
45.50778247306267,-73.57049385415756,Ville-Marie,Entire home/apt,120.0,31
45.50767914100735,-73.57070374154443,Ville-Marie,Entire home/apt,193.0,31
45.50790700175204,-73.57037556117528,Ville-Marie,Entire home/apt,110.0,31
45.50746550392721,-73.56842781382518,Ville-Marie,Entire home/apt,100.0,31
45.50840256592432,-73.56884566974333,Ville-Marie,Entire home/apt,150.0,31
45.50815,-73.56851,Ville-Marie,Entire home/apt,104.0,31
45.57370543437703,-73.55488965010372,Rosemont-La Petite-Patrie,Entire home/apt,117.0,3
45.5496,-73.57284,Rosemont-La Petite-Patrie,Entire home/apt,85.0,31
45.55495198047052,-73.5712227710667,Rosemont-La Petite-Patrie,Entire home/apt,99.0,31
45.50994,-73.56984,Ville-Marie,Entire home/apt,310.0,31
45.5179804,-73.58136549999999,Le Plateau-Mont-Royal,Entire home/apt,252.0,1
45.44851370135806,-73.59850189901078,Le Sud-Ouest,Entire home/apt,125.0,31
45.5064107,-73.56512479999999,Ville-Marie,Entire home/apt,150.0,60
45.59631,-73.52128,Mercier-Hochelaga-Maisonneuve,Entire home/apt,80.0,31
45.52793061515757,-73.63102377824359,Villeray-Saint-Michel-Parc-Extension,Entire home/apt,283.0,31
45.4450675041833,-73.57934676110744,Verdun,Entire home/apt,70.0,31
45.50772590086533,-73.57310977851262,Le Plateau-Mont-Royal,Entire home/apt,163.0,1
45.55008506677657,-73.54955737338409,Mercier-Hochelaga-Maisonneuve,Entire home/apt,300.0,31
45.49782,-73.57545,Ville-Marie,Entire home/apt,198.0,1
45.46539,-73.61563,Côte-des-Neiges-Notre-Dame-de-Grâce,Entire home/apt,166.0,3
45.5102,-73.56994,Ville-Marie,Entire home/apt,187.0,2
45.50861,-73.55377,Ville-Marie,Entire home/apt,673.0,2
45.61044,-73.53039,Mercier-Hochelaga-Maisonneuve,Entire home/apt,108.0,181
45.51833,-73.58276,Le Plateau-Mont-Royal,Entire home/apt,304.0,31
45.5317667,-73.5769013,Le Plateau-Mont-Royal,Entire home/apt,91.0,31
45.51147,-73.56821,Ville-Marie,Entire home/apt,269.0,31
45.50979,-73.57019,Ville-Marie,Entire home/apt,410.0,31
45.46409,-73.61524,Côte-des-Neiges-Notre-Dame-de-Grâce,Entire home/apt,129.0,1
45.5162917,-73.5801336,Le Plateau-Mont-Royal,Entire home/apt,119.0,31
45.51199,-73.56976,Le Plateau-Mont-Royal,Entire home/apt,370.0,31
45.52453329476364,-73.5829628089391,Le Plateau-Mont-Royal,Entire home/apt,269.0,1
45.55575449379664,-73.60626727780924,Villeray-Saint-Michel-Parc-Extension,Entire home/apt,270.0,3
45.48029,-73.62504,Côte-des-Neiges-Notre-Dame-de-Grâce,Entire home/apt,99.0,1
45.48220766107373,-73.62400599489813,Côte-des-Neiges-Notre-Dame-de-Grâce,Entire home/apt,99.0,1
45.47859225688824,-73.85537035304978,Pierrefonds-Roxboro,Entire home/apt,163.0,31
45.5202,-73.59674,Le Plateau-Mont-Royal,Entire home/apt,410.0,2
45.49617,-73.5778,Ville-Marie,Entire home/apt,180.0,1
45.54032879981643,-73.6267826333642,Villeray-Saint-Michel-Parc-Extension,Entire home/apt,90.0,2
45.5428,-73.5848,Rosemont-La Petite-Patrie,Entire home/apt,195.0,31
45.52049,-73.58533,Le Plateau-Mont-Royal,Entire home/apt,160.0,31
45.492724027872434,-73.57822232935717,Ville-Marie,Entire home/apt,215.0,31
45.4935679332918,-73.5738114281174,Ville-Marie,Entire home/apt,136.0,31
45.53552089622165,-73.60530400612092,Rosemont-La Petite-Patrie,Entire home/apt,300.0,31
45.48003820574479,-73.62512651259111,Côte-des-Neiges-Notre-Dame-de-Grâce,Entire home/apt,100.0,1
45.51528,-73.58258,Le Plateau-Mont-Royal,Entire home/apt,761.0,2
45.52346387670322,-73.57323042766883,Le Plateau-Mont-Royal,Entire home/apt,135.0,31
45.52120910679313,-73.57301867570528,Le Plateau-Mont-Royal,Entire home/apt,144.0,31
45.51965,-73.57198,Le Plateau-Mont-Royal,Entire home/apt,161.0,1
45.5728515,-73.5670772,Rosemont-La Petite-Patrie,Entire home/apt,109.0,32
45.48014,-73.56938,Le Sud-Ouest,Entire home/apt,339.0,1
45.58525213867333,-73.57741282947505,Saint-Léonard,Entire home/apt,55.0,31
45.5083724639782,-73.5535309958073,Ville-Marie,Entire home/apt,739.0,2
45.53,-73.5679,Le Plateau-Mont-Royal,Entire home/apt,157.0,31
45.54477,-73.55898,Rosemont-La Petite-Patrie,Entire home/apt,104.0,31
45.49593621549643,-73.57043344527483,Ville-Marie,Entire home/apt,106.0,31
45.49227,-73.58122,Ville-Marie,Entire home/apt,141.0,4
45.52424,-73.58591,Le Plateau-Mont-Royal,Entire home/apt,97.0,1
45.52553,-73.58606,Le Plateau-Mont-Royal,Entire home/apt,97.0,1
45.52372,-73.58421,Le Plateau-Mont-Royal,Entire home/apt,97.0,1
45.49308098969451,-73.5799843380891,Ville-Marie,Entire home/apt,120.0,31
45.5208496,-73.5839519,Le Plateau-Mont-Royal,Entire home/apt,300.0,31
45.553016194422966,-73.60677342327881,Villeray-Saint-Michel-Parc-Extension,Entire home/apt,140.0,2
45.52684418753922,-73.55845310440554,Ville-Marie,Entire home/apt,120.0,31
45.53691999999999,-73.605212,Rosemont-La Petite-Patrie,Entire home/apt,121.0,31
45.5744286,-73.60322490000001,Villeray-Saint-Michel-Parc-Extension,Entire home/apt,110.0,29
45.49935365561997,-73.57352296251646,Ville-Marie,Entire home/apt,80.0,31
45.49812,-73.68054,Saint-Laurent,Entire home/apt,152.0,31
45.45995931753149,-73.57554034821945,Verdun,Entire home/apt,194.0,32
45.50887465597417,-73.55253305286169,Ville-Marie,Entire home/apt,442.0,3
45.49914,-73.62787,Côte-des-Neiges-Notre-Dame-de-Grâce,Entire home/apt,66.0,31
45.50561860907222,-73.55500694914794,Ville-Marie,Entire home/apt,211.0,1
45.50763250881832,-73.56545874854439,Ville-Marie,Entire home/apt,90.0,60
45.4706762607339,-73.60606287444753,Côte-des-Neiges-Notre-Dame-de-Grâce,Entire home/apt,190.0,31
45.5317689,-73.5748912,Le Plateau-Mont-Royal,Entire home/apt,80.0,31
45.43778,-73.67982,Lachine,Entire home/apt,65.0,31
45.48685563784017,-73.56928436601625,Le Sud-Ouest,Entire home/apt,140.0,31
45.51582,-73.55665,Ville-Marie,Entire home/apt,183.0,2
45.53316,-73.61529,Rosemont-La Petite-Patrie,Entire home/apt,79.0,1
45.5046,-73.55675,Ville-Marie,Entire home/apt,185.0,2
45.50762,-73.5727,Le Plateau-Mont-Royal,Entire home/apt,59.0,31
45.487,-73.5684,Le Sud-Ouest,Entire home/apt,120.0,31
45.46429,-73.61478,Côte-des-Neiges-Notre-Dame-de-Grâce,Entire home/apt,173.0,1
45.46372924469049,-73.61674076268515,Côte-des-Neiges-Notre-Dame-de-Grâce,Entire home/apt,187.0,1
45.616447539270304,-73.62737372517586,Montréal-Nord,Entire home/apt,203.0,31
45.492569750864746,-73.56087567526455,Le Sud-Ouest,Entire home/apt,387.0,90
45.516351,-73.582173,Le Plateau-Mont-Royal,Entire home/apt,171.0,2
45.55147,-73.59955,Villeray-Saint-Michel-Parc-Extension,Entire home/apt,56.0,31
45.495301504625886,-73.57441605624777,Ville-Marie,Entire home/apt,158.0,31
45.49561044169739,-73.57477101583923,Ville-Marie,Entire home/apt,158.0,31
45.50521,-73.569,Ville-Marie,Entire home/apt,73.0,31
45.50276,-73.55905,Ville-Marie,Entire home/apt,214.0,2
45.52090260000001,-73.5573474,Ville-Marie,Entire home/apt,360.0,2
45.51878711734659,-73.58748185118546,Le Plateau-Mont-Royal,Entire home/apt,60.0,31
45.52817,-73.57803,Le Plateau-Mont-Royal,Entire home/apt,115.0,31
45.5092,-73.55228,Ville-Marie,Entire home/apt,388.0,2
45.49695814607927,-73.57729605739007,Ville-Marie,Entire home/apt,132.0,3
45.51014160055039,-73.56128010243752,Ville-Marie,Entire home/apt,225.0,2
45.53315,-73.61526,Rosemont-La Petite-Patrie,Entire home/apt,117.0,1
45.51559725199582,-73.57543211448326,Le Plateau-Mont-Royal,Entire home/apt,392.0,2
45.51257,-73.67808,Saint-Laurent,Entire home/apt,158.0,31
45.53315,-73.61526,Rosemont-La Petite-Patrie,Entire home/apt,79.0,1
45.5363,-73.55677,Ville-Marie,Entire home/apt,332.0,1
45.50138,-73.55958,Ville-Marie,Entire home/apt,237.0,3
45.49480581929715,-73.5688131177338,Ville-Marie,Entire home/apt,183.0,1
45.516941,-73.57905749999999,Le Plateau-Mont-Royal,Entire home/apt,94.0,2
45.494972715988354,-73.5741025883493,Ville-Marie,Entire home/apt,149.0,31
45.512756486317976,-73.61492398373778,Outremont,Entire home/apt,230.0,1
45.5852694,-73.55790999999999,Mercier-Hochelaga-Maisonneuve,Entire home/apt,255.0,2
45.51947975222405,-73.59962043415602,Outremont,Entire home/apt,225.0,31
45.49538,-73.57504,Ville-Marie,Entire home/apt,154.0,31
45.49123587227248,-73.55699268147585,Le Sud-Ouest,Entire home/apt,111.0,31
45.49989,-73.55925,Ville-Marie,Entire home/apt,234.0,31
45.50358079999999,-73.55409949999999,Ville-Marie,Entire home/apt,418.0,1
45.49670926650486,-73.58724228552542,Ville-Marie,Entire home/apt,363.0,2
45.46803999999999,-73.57172,Verdun,Entire home/apt,73.0,31
45.50014,-73.55822,Ville-Marie,Entire home/apt,207.0,1
45.54122583611519,-73.60105537096399,Rosemont-La Petite-Patrie,Entire home/apt,90.0,70
45.5306979,-73.5510939,Ville-Marie,Entire home/apt,120.0,31
45.49193,-73.55624,Le Sud-Ouest,Entire home/apt,61.0,31
45.46345225545063,-73.61519141643589,Le Sud-Ouest,Entire home/apt,154.0,1
45.50178,-73.55746,Ville-Marie,Entire home/apt,204.0,3
45.5121772,-73.5621166,Ville-Marie,Entire home/apt,189.0,31
45.51477,-73.5576,Ville-Marie,Entire home/apt,100.0,1
45.51960433348148,-73.55669278755032,Ville-Marie,Entire home/apt,221.0,31
45.43705288726839,-73.70396263181038,Lachine,Entire home/apt,140.0,32
45.52601,-73.55017,Ville-Marie,Entire home/apt,76.0,180
45.49858747942365,-73.62177471783984,Côte-des-Neiges-Notre-Dame-de-Grâce,Entire home/apt,66.0,31
45.5565675,-73.6406397,Ahuntsic-Cartierville,Entire home/apt,50.0,31
45.50274,-73.55902,Ville-Marie,Entire home/apt,182.0,3
45.506332059259286,-73.57299108594282,Le Plateau-Mont-Royal,Entire home/apt,174.0,2
45.50795594617659,-73.55226899880189,Ville-Marie,Entire home/apt,268.0,2
45.50638,-73.55228,Ville-Marie,Entire home/apt,295.0,2
45.51261806372108,-73.55828307070229,Ville-Marie,Entire home/apt,135.0,2
45.50482,-73.55635,Ville-Marie,Entire home/apt,722.0,3
45.49783,-73.5769,Ville-Marie,Entire home/apt,153.0,2
45.49113,-73.55707,Le Sud-Ouest,Entire home/apt,100.0,31
45.5121772,-73.5621166,Ville-Marie,Entire home/apt,60.0,31
45.51108804547611,-73.56759943719544,Ville-Marie,Entire home/apt,393.0,1
45.49461,-73.55719,Le Sud-Ouest,Entire home/apt,90.0,120
45.585041796180725,-73.645126360449,Montréal-Nord,Entire home/apt,241.0,2
45.5053989,-73.62299829999999,Côte-des-Neiges-Notre-Dame-de-Grâce,Entire home/apt,98.0,31
45.49628,-73.57706,Ville-Marie,Entire home/apt,130.0,3
45.49916,-73.56032,Ville-Marie,Entire home/apt,250.0,1
45.49407,-73.57094,Ville-Marie,Entire home/apt,140.0,31
45.49607,-73.5727,Ville-Marie,Entire home/apt,90.0,31
45.47099636186484,-73.60634772440763,Côte-des-Neiges-Notre-Dame-de-Grâce,Entire home/apt,50.0,90
45.52139120360177,-73.58081226337464,Le Plateau-Mont-Royal,Entire home/apt,60.0,31
45.5019532905676,-73.57918924720197,Ville-Marie,Entire home/apt,119.0,31
45.5316188,-73.61599129999999,Rosemont-La Petite-Patrie,Entire home/apt,203.0,31
45.46377529999999,-73.5736111,Verdun,Entire home/apt,52.0,31
45.50670955197348,-73.63860662092029,Côte-des-Neiges-Notre-Dame-de-Grâce,Entire home/apt,100.0,32
45.57726922435074,-73.57010448932377,Rosemont-La Petite-Patrie,Entire home/apt,101.0,31
45.54302,-73.61798,Villeray-Saint-Michel-Parc-Extension,Entire home/apt,350.0,3
45.5031547,-73.5563438,Ville-Marie,Entire home/apt,390.0,31
45.50773,-73.56876,Ville-Marie,Entire home/apt,162.0,3
45.46826,-73.61312,Côte-des-Neiges-Notre-Dame-de-Grâce,Entire home/apt,160.0,1
45.50578296754517,-73.56486068359438,Ville-Marie,Entire home/apt,100.0,60
45.50208110000001,-73.6280391,Côte-des-Neiges-Notre-Dame-de-Grâce,Entire home/apt,88.0,31
45.49592127488592,-73.56817908314156,Ville-Marie,Entire home/apt,100.0,32
45.542410764904616,-73.66745125146149,Ahuntsic-Cartierville,Entire home/apt,96.0,32
45.501,-73.5743,Ville-Marie,Entire home/apt,141.0,3
45.52478266185784,-73.58426125876073,Le Plateau-Mont-Royal,Entire home/apt,367.0,31
45.5212389,-73.5765437,Le Plateau-Mont-Royal,Entire home/apt,414.0,3
45.50894811731361,-73.56171295395673,Ville-Marie,Entire home/apt,274.0,31
45.5163605,-73.5783561,Le Plateau-Mont-Royal,Entire home/apt,165.0,1
45.56379,-73.57662,Rosemont-La Petite-Patrie,Entire home/apt,121.0,31
45.49069441354506,-73.62778109143066,Côte-des-Neiges-Notre-Dame-de-Grâce,Entire home/apt,152.0,1
45.49547,-73.56863,Ville-Marie,Entire home/apt,149.0,60
45.53632496117287,-73.60386298174937,Rosemont-La Petite-Patrie,Entire home/apt,183.0,3
45.51637948187805,-73.57183735648745,Le Plateau-Mont-Royal,Entire home/apt,176.0,1
45.53734,-73.60587,Rosemont-La Petite-Patrie,Entire home/apt,150.0,3
45.49573372186126,-73.57064969837666,Ville-Marie,Entire home/apt,736.0,3
45.52277086076794,-73.61838059709474,Outremont,Entire home/apt,238.0,31
45.51297,-73.57499,Le Plateau-Mont-Royal,Entire home/apt,315.0,2
45.56112,-73.57827,Rosemont-La Petite-Patrie,Entire home/apt,233.0,31
45.526722377438034,-73.55784952450783,Ville-Marie,Entire home/apt,170.0,31
45.44626,-73.60153,Le Sud-Ouest,Entire home/apt,182.0,1
45.506698850244334,-73.56818718938584,Ville-Marie,Entire home/apt,65.0,31
45.44795,-73.57346,Verdun,Entire home/apt,105.0,31
45.50662,-73.56821,Ville-Marie,Entire home/apt,84.0,31
45.52096714014851,-73.56959986514191,Le Plateau-Mont-Royal,Entire home/apt,71.0,31
45.50331,-73.55861,Ville-Marie,Entire home/apt,408.0,31
45.48956948291117,-73.57115278272028,Le Sud-Ouest,Entire home/apt,280.0,31
45.52931,-73.57908,Le Plateau-Mont-Royal,Entire home/apt,171.0,31
45.50728,-73.57331,Le Plateau-Mont-Royal,Entire home/apt,87.0,1
45.523329,-73.5772216,Le Plateau-Mont-Royal,Entire home/apt,86.0,1
45.46383684574735,-73.61701985499016,Côte-des-Neiges-Notre-Dame-de-Grâce,Entire home/apt,151.0,1
45.5024232567089,-73.55885604030152,Ville-Marie,Entire home/apt,226.0,2
45.50114859279668,-73.55432383537385,Ville-Marie,Entire home/apt,326.0,1
45.5173879,-73.57994099999999,Le Plateau-Mont-Royal,Entire home/apt,223.0,2
45.5344288,-73.5944181,Rosemont-La Petite-Patrie,Entire home/apt,90.0,31
45.5179,-73.5644,Ville-Marie,Entire home/apt,155.0,31
45.50727,-73.56731,Ville-Marie,Entire home/apt,65.0,31
45.48213603969901,-73.62497909714119,Côte-des-Neiges-Notre-Dame-de-Grâce,Entire home/apt,100.0,1
45.481711423914255,-73.6253772332491,Côte-des-Neiges-Notre-Dame-de-Grâce,Entire home/apt,100.0,1
45.49582304852106,-73.5760127813237,Ville-Marie,Entire home/apt,134.0,2
45.50636988788322,-73.56636677368012,Ville-Marie,Entire home/apt,80.0,32
45.52159640000001,-73.5772781,Le Plateau-Mont-Royal,Entire home/apt,165.0,31
45.60539930988052,-73.53020564361452,Mercier-Hochelaga-Maisonneuve,Entire home/apt,88.0,31
45.44779540393334,-73.59226564998497,Le Sud-Ouest,Entire home/apt,140.0,32
45.5077,-73.5534,Ville-Marie,Entire home/apt,365.0,1
45.50839,-73.55241,Ville-Marie,Entire home/apt,378.0,1
45.519390425483735,-73.56248270041964,Ville-Marie,Entire home/apt,57.0,31
45.4715682,-73.5638359,Verdun,Entire home/apt,250.0,31
45.5077,-73.5534,Ville-Marie,Entire home/apt,333.0,1
45.496656493740254,-73.58505674073517,Ville-Marie,Entire home/apt,256.0,2
45.4978353103782,-73.58526644281726,Ville-Marie,Entire home/apt,364.0,2
45.48414,-73.5742,Le Sud-Ouest,Entire home/apt,370.0,1
45.54108,-73.62405,Villeray-Saint-Michel-Parc-Extension,Entire home/apt,127.0,31
45.5577,-73.66831,Ahuntsic-Cartierville,Entire home/apt,134.0,31
45.49624532726165,-73.58652066366527,Ville-Marie,Entire home/apt,280.0,2
45.49358,-73.57898,Ville-Marie,Entire home/apt,141.0,31
45.49843,-73.58514,Ville-Marie,Entire home/apt,412.0,2
45.49848,-73.58671,Ville-Marie,Entire home/apt,364.0,2
45.4977,-73.58506,Ville-Marie,Entire home/apt,861.0,2
45.54323330595159,-73.55435288339699,Mercier-Hochelaga-Maisonneuve,Entire home/apt,119.0,2
45.46372255055453,-73.64197190237385,Côte-des-Neiges-Notre-Dame-de-Grâce,Entire home/apt,130.0,2
45.4495,-73.6005,Le Sud-Ouest,Entire home/apt,57.0,31
45.4958055,-73.57018029999999,Ville-Marie,Entire home/apt,125.0,31
45.4957522007123,-73.57015583664179,Ville-Marie,Entire home/apt,125.0,31
45.518112417093775,-73.55553909789838,Ville-Marie,Entire home/apt,89.0,31
45.519703,-73.5675839,Le Plateau-Mont-Royal,Entire home/apt,224.0,2
45.553665,-73.600578,Villeray-Saint-Michel-Parc-Extension,Entire home/apt,153.0,31
45.55222,-73.57277,Rosemont-La Petite-Patrie,Entire home/apt,176.0,31
45.57038,-73.58064,Rosemont-La Petite-Patrie,Entire home/apt,203.0,7
45.526600531395616,-73.60399618650722,Le Plateau-Mont-Royal,Entire home/apt,135.0,31
45.50712527684043,-73.56568997488537,Ville-Marie,Entire home/apt,246.0,1
45.4923052,-73.5680036,Ville-Marie,Entire home/apt,451.0,2
45.5292734,-73.5523062,Ville-Marie,Entire home/apt,139.0,31
45.50349899289901,-73.55954132974148,Ville-Marie,Entire home/apt,196.0,3
45.49891,-73.55818,Ville-Marie,Entire home/apt,135.0,31
45.43152733827134,-73.62510197594514,LaSalle,Entire home/apt,82.0,1
45.54105674518679,-73.54091273729799,Mercier-Hochelaga-Maisonneuve,Entire home/apt,136.0,31
45.516389072225,-73.55333107041524,Ville-Marie,Entire home/apt,91.0,31
45.5163605,-73.5783561,Le Plateau-Mont-Royal,Entire home/apt,121.0,1
45.50720266019618,-73.56552963886023,Ville-Marie,Entire home/apt,101.0,90
45.50006542954188,-73.55824321250235,Ville-Marie,Entire home/apt,200.0,31
45.502465288769095,-73.56021736508178,Ville-Marie,Entire home/apt,327.0,3
45.49267519944167,-73.58299702474568,Ville-Marie,Entire home/apt,238.0,1
45.49302,-73.60548,Westmount,Entire home/apt,369.0,31
45.49293855195511,-73.58354317059393,Ville-Marie,Entire home/apt,222.0,1
45.48041,-73.57414,Le Sud-Ouest,Entire home/apt,160.0,31
45.53678559999999,-73.6047998,Rosemont-La Petite-Patrie,Entire home/apt,200.0,3
45.5152,-73.55869,Ville-Marie,Entire home/apt,115.0,31
45.513072,-73.549306,Ville-Marie,Entire home/apt,87.0,31
45.54784077707154,-73.64783941947844,Ahuntsic-Cartierville,Entire home/apt,176.0,31
45.49817862335856,-73.57760634395405,Ville-Marie,Entire home/apt,181.0,1
45.49613782513913,-73.57270440112558,Ville-Marie,Entire home/apt,99.0,31
45.50372,-73.5581,Ville-Marie,Entire home/apt,543.0,3
45.53906,-73.60738,Rosemont-La Petite-Patrie,Entire home/apt,152.0,2
45.53766567058438,-73.60773530084543,Rosemont-La Petite-Patrie,Entire home/apt,176.0,2
45.53754674353394,-73.60584966984122,Rosemont-La Petite-Patrie,Entire home/apt,195.0,2
45.57952267746159,-73.55365581921458,Mercier-Hochelaga-Maisonneuve,Entire home/apt,45.0,31
45.46734072973472,-73.59263981151918,Le Sud-Ouest,Entire home/apt,100.0,31
45.569229744061175,-73.6521266651317,Ahuntsic-Cartierville,Entire home/apt,96.0,2
45.49857648920189,-73.5739968518982,Ville-Marie,Entire home/apt,472.0,3
45.5064107,-73.56512479999999,Ville-Marie,Entire home/apt,90.0,32
45.52135636835901,-73.57771356931151,Le Plateau-Mont-Royal,Entire home/apt,277.0,1
45.53022190198882,-73.5612958258872,Ville-Marie,Entire home/apt,95.0,4
45.53043875712596,-73.55981841498293,Ville-Marie,Entire home/apt,135.0,31
45.51736,-73.57149,Le Plateau-Mont-Royal,Entire home/apt,162.0,1
45.49593714372302,-73.57030369341373,Ville-Marie,Entire home/apt,103.0,31
45.51218,-73.56212,Ville-Marie,Entire home/apt,161.0,2
45.47600169318218,-73.61595086513341,Côte-des-Neiges-Notre-Dame-de-Grâce,Entire home/apt,148.0,31
45.54479,-73.53724,Mercier-Hochelaga-Maisonneuve,Entire home/apt,65.0,31
45.52983,-73.55937,Ville-Marie,Entire home/apt,158.0,3
45.52172990950144,-73.56154356706554,Ville-Marie,Entire home/apt,138.0,31
45.50708174966003,-73.56514747992718,Ville-Marie,Entire home/apt,113.0,31
45.5047465712676,-73.83579671710643,Pierrefonds-Roxboro,Entire home/apt,168.0,31
45.51901,-73.5965,Le Plateau-Mont-Royal,Entire home/apt,225.0,31
45.4918566,-73.557739,Le Sud-Ouest,Entire home/apt,160.0,31
45.4394031061517,-73.68520519639755,Lachine,Entire home/apt,109.0,31
45.49583,-73.57091,Ville-Marie,Entire home/apt,95.0,31
45.49439110940742,-73.57037526325958,Ville-Marie,Entire home/apt,140.0,31
45.49451026218763,-73.57275238014797,Ville-Marie,Entire home/apt,159.0,31
45.5083878,-73.5522715,Ville-Marie,Entire home/apt,330.0,1
45.5083878,-73.5522715,Ville-Marie,Entire home/apt,348.0,1
45.5083878,-73.5522715,Ville-Marie,Entire home/apt,306.0,1
45.5083878,-73.5522715,Ville-Marie,Entire home/apt,348.0,1
45.50839,-73.55227,Ville-Marie,Entire home/apt,348.0,1
45.5083878,-73.5522715,Ville-Marie,Entire home/apt,413.0,1
45.5083878,-73.5522715,Ville-Marie,Entire home/apt,306.0,1
45.50839,-73.55227,Ville-Marie,Entire home/apt,306.0,1
45.5083878,-73.5522715,Ville-Marie,Entire home/apt,348.0,1
45.5083878,-73.5522715,Ville-Marie,Entire home/apt,275.0,1
45.50305,-73.67535,Saint-Laurent,Entire home/apt,103.0,31
45.570151037304015,-73.6305908626359,Villeray-Saint-Michel-Parc-Extension,Entire home/apt,32.0,31
45.51869695995735,-73.59645216158059,Le Plateau-Mont-Royal,Entire home/apt,213.0,31
45.5189656170872,-73.59651967469166,Le Plateau-Mont-Royal,Entire home/apt,257.0,31
45.49731825945848,-73.56961568663452,Ville-Marie,Entire home/apt,125.0,31
45.4988,-73.57326,Ville-Marie,Entire home/apt,75.0,31
45.48455,-73.63414,Côte-des-Neiges-Notre-Dame-de-Grâce,Entire home/apt,108.0,90
45.48141709606865,-73.82965038993797,Dollard-des-Ormeaux,Entire home/apt,559.0,2
45.50455131913837,-73.55518663643068,Ville-Marie,Entire home/apt,291.0,1
45.50696,-73.56631,Ville-Marie,Entire home/apt,81.0,31
45.4973573,-73.57644429999999,Ville-Marie,Entire home/apt,142.0,31
45.43781,-73.62024,LaSalle,Entire home/apt,164.0,1
45.52927192844804,-73.55222091078758,Ville-Marie,Entire home/apt,130.0,31
45.4386531240444,-73.68504523577003,Lachine,Entire home/apt,158.0,32
45.54976,-73.57543,Rosemont-La Petite-Patrie,Entire home/apt,140.0,31
45.51799807164085,-73.5730508443389,Le Plateau-Mont-Royal,Entire home/apt,180.0,1
45.44445,-73.6906,Lachine,Entire home/apt,90.0,31
45.5121772,-73.5621166,Ville-Marie,Entire home/apt,113.0,32
45.5749218,-73.5448097,Mercier-Hochelaga-Maisonneuve,Entire home/apt,360.0,31
45.51497,-73.5703,Le Plateau-Mont-Royal,Entire home/apt,237.0,31
45.520764,-73.576419,Le Plateau-Mont-Royal,Entire home/apt,55.0,32
45.508146541474346,-73.55992871204066,Ville-Marie,Entire home/apt,166.0,31
45.48930229173886,-73.64171598463717,Côte-des-Neiges-Notre-Dame-de-Grâce,Entire home/apt,106.0,2
45.4975,-73.56103,Le Sud-Ouest,Entire home/apt,139.0,31
45.50988,-73.56348,Ville-Marie,Entire home/apt,198.0,2
45.51473,-73.8138,Pierrefonds-Roxboro,Entire home/apt,150.0,31
45.50513857265189,-73.5609203776767,Ville-Marie,Entire home/apt,108.0,31
45.51764102242623,-73.56088291537405,Ville-Marie,Entire home/apt,208.0,31
45.51576631239552,-73.56081229507889,Ville-Marie,Entire home/apt,221.0,31
45.51578,-73.56038,Ville-Marie,Entire home/apt,253.0,31
45.5166406,-73.5611431,Ville-Marie,Entire home/apt,218.0,31
45.51601319988747,-73.56258396870946,Ville-Marie,Entire home/apt,276.0,31
45.55319,-73.65962,Ahuntsic-Cartierville,Entire home/apt,85.0,31
45.5166406,-73.5611431,Ville-Marie,Entire home/apt,167.0,31
45.51561796336877,-73.56152155623484,Ville-Marie,Entire home/apt,182.0,31
45.51749115952019,-73.56061683128871,Ville-Marie,Entire home/apt,202.0,31
45.51697897359946,-73.56002993889176,Ville-Marie,Entire home/apt,138.0,31
45.51752620365154,-73.56031009996858,Ville-Marie,Entire home/apt,136.0,31
45.5166406,-73.5611431,Ville-Marie,Entire home/apt,178.0,31
45.5166406,-73.5611431,Ville-Marie,Entire home/apt,277.0,31
45.5166406,-73.5611431,Ville-Marie,Entire home/apt,153.0,31
45.5166406,-73.5611431,Ville-Marie,Entire home/apt,158.0,31
45.51753,-73.56212,Ville-Marie,Entire home/apt,159.0,31
45.51782097002328,-73.56204552096098,Ville-Marie,Entire home/apt,158.0,31
45.5166406,-73.5611431,Ville-Marie,Entire home/apt,169.0,31
45.517306148094114,-73.56015661562822,Ville-Marie,Entire home/apt,154.0,31
45.51749,-73.56171,Ville-Marie,Entire home/apt,161.0,31
45.51100982707703,-73.56277029208015,Ville-Marie,Entire home/apt,171.0,3
45.5125819,-73.5715215,Le Plateau-Mont-Royal,Entire home/apt,196.0,31
45.46698,-73.60892,Côte-des-Neiges-Notre-Dame-de-Grâce,Entire home/apt,113.0,31
45.46659684244887,-73.60879168115329,Côte-des-Neiges-Notre-Dame-de-Grâce,Entire home/apt,114.0,1
45.4686,-73.60843,Côte-des-Neiges-Notre-Dame-de-Grâce,Entire home/apt,103.0,1
45.4998873,-73.5592509,Ville-Marie,Entire home/apt,251.0,3
45.50094008394712,-73.55648286029663,Ville-Marie,Entire home/apt,197.0,2
45.46414167572218,-73.54145077821633,Verdun,Entire home/apt,125.0,180
45.55888,-73.5339,Mercier-Hochelaga-Maisonneuve,Entire home/apt,92.0,31
45.49271,-73.58085,Ville-Marie,Entire home/apt,107.0,1
45.58311,-73.59095,Saint-Léonard,Entire home/apt,80.0,31
45.51649297119924,-73.57525893079557,Le Plateau-Mont-Royal,Entire home/apt,120.0,31
45.5192883,-73.5954156,Le Plateau-Mont-Royal,Entire home/apt,222.0,31
45.5192883,-73.5954156,Le Plateau-Mont-Royal,Entire home/apt,187.0,31
45.49594091331065,-73.58075022697449,Ville-Marie,Entire home/apt,69.0,31
45.50662,-73.56821,Ville-Marie,Entire home/apt,75.0,31
45.49629,-73.57592,Ville-Marie,Entire home/apt,135.0,1
45.4445,-73.58052,Verdun,Entire home/apt,150.0,31
45.506616,-73.5682051,Ville-Marie,Entire home/apt,70.0,60
45.5350448,-73.5578238,Ville-Marie,Entire home/apt,151.0,1
45.50947715736211,-73.5628888209256,Ville-Marie,Entire home/apt,130.0,31
45.553220321602645,-73.65107577672747,Ahuntsic-Cartierville,Entire home/apt,152.0,2
45.52092630000001,-73.566081,Le Plateau-Mont-Royal,Entire home/apt,180.0,31
45.53776,-73.57934,Le Plateau-Mont-Royal,Entire home/apt,113.0,31
45.57642308859423,-73.65135627457678,Ahuntsic-Cartierville,Entire home/apt,102.0,31
45.54519406769544,-73.63757494321871,Villeray-Saint-Michel-Parc-Extension,Entire home/apt,131.0,1
45.5803653,-73.5606329,Mercier-Hochelaga-Maisonneuve,Entire home/apt,51.0,32
45.5121772,-73.5621166,Ville-Marie,Entire home/apt,162.0,30
45.50359885872211,-73.70108914782304,Saint-Laurent,Entire home/apt,74.0,31
45.490847289281305,-73.57727178806704,Ville-Marie,Entire home/apt,181.0,4
45.498448962866696,-73.57370041337136,Ville-Marie,Entire home/apt,101.0,31
45.50773,-73.57346,Le Plateau-Mont-Royal,Entire home/apt,47.0,240
45.510613764413016,-73.56953043449718,Ville-Marie,Entire home/apt,825.0,2
45.55059996289964,-73.59697330484482,Rosemont-La Petite-Patrie,Entire home/apt,286.0,31
45.51251267704171,-73.54993364238969,Ville-Marie,Entire home/apt,80.0,31
45.51699777442857,-73.56188954881983,Ville-Marie,Entire home/apt,96.0,31
45.5185459,-73.5640926,Ville-Marie,Entire home/apt,293.0,1
45.49850071256047,-73.57557836261229,Ville-Marie,Entire home/apt,135.0,2
45.56584,-73.60391,Villeray-Saint-Michel-Parc-Extension,Entire home/apt,159.0,31
45.53291641133069,-73.56150027095397,Ville-Marie,Entire home/apt,43.0,31
45.51277770489924,-73.56089928049961,Ville-Marie,Entire home/apt,144.0,31
45.50161,-73.57919,Ville-Marie,Entire home/apt,400.0,2
45.51529,-73.55657,Ville-Marie,Entire home/apt,100.0,1
45.51502,-73.57532,Le Plateau-Mont-Royal,Entire home/apt,315.0,3
45.548614,-73.604428,Villeray-Saint-Michel-Parc-Extension,Entire home/apt,103.0,31
45.48874719181365,-73.6348343259123,Côte-des-Neiges-Notre-Dame-de-Grâce,Entire home/apt,159.0,31
45.520764,-73.576419,Le Plateau-Mont-Royal,Entire home/apt,80.0,32
45.52167,-73.59364,Le Plateau-Mont-Royal,Entire home/apt,405.0,31
45.5070405,-73.5737965,Le Plateau-Mont-Royal,Entire home/apt,203.0,31
45.54137545090474,-73.62723256782697,Villeray-Saint-Michel-Parc-Extension,Entire home/apt,255.0,332
45.49458,-73.57635,Ville-Marie,Entire home/apt,226.0,2
45.49292463456074,-73.58219990591029,Ville-Marie,Entire home/apt,158.0,2
45.51352,-73.56278,Ville-Marie,Entire home/apt,169.0,2
45.51855,-73.56409,Ville-Marie,Entire home/apt,374.0,1
45.4958952,-73.6392566,Côte-des-Neiges-Notre-Dame-de-Grâce,Entire home/apt,230.0,32
45.516351,-73.582173,Le Plateau-Mont-Royal,Entire home/apt,228.0,2
45.53622,-73.61651,Villeray-Saint-Michel-Parc-Extension,Entire home/apt,181.0,2
45.53738011351252,-73.61665933845036,Villeray-Saint-Michel-Parc-Extension,Entire home/apt,151.0,2
45.53771,-73.61484,Rosemont-La Petite-Patrie,Entire home/apt,142.0,2
45.537192473351176,-73.61655116217655,Villeray-Saint-Michel-Parc-Extension,Entire home/apt,202.0,2
45.5375,-73.6148,Rosemont-La Petite-Patrie,Entire home/apt,138.0,2
45.53647,-73.61683,Villeray-Saint-Michel-Parc-Extension,Entire home/apt,215.0,2
45.5085599354309,-73.55857705109182,Ville-Marie,Entire home/apt,317.0,31
45.4596969,-73.5748583,Verdun,Entire home/apt,136.0,1
45.5212389,-73.5765437,Le Plateau-Mont-Royal,Entire home/apt,423.0,3
45.52083239560722,-73.57420147129112,Le Plateau-Mont-Royal,Entire home/apt,421.0,2
45.49777,-73.6515,Côte-des-Neiges-Notre-Dame-de-Grâce,Entire home/apt,95.0,32
45.5185459,-73.5640926,Ville-Marie,Entire home/apt,259.0,1
45.5196,-73.57578,Le Plateau-Mont-Royal,Entire home/apt,491.0,2
45.51141669553772,-73.56269215314948,Ville-Marie,Entire home/apt,230.0,2
45.509744620895,-73.56102048795853,Ville-Marie,Entire home/apt,201.0,2
45.50968,-73.56099,Ville-Marie,Entire home/apt,201.0,2
45.53588479508327,-73.55669816716193,Ville-Marie,Entire home/apt,149.0,31
45.48058,-73.576,Le Sud-Ouest,Entire home/apt,160.0,31
45.49109,-73.56069,Le Sud-Ouest,Entire home/apt,212.0,4
45.4954904,-73.6092735,Côte-des-Neiges-Notre-Dame-de-Grâce,Entire home/apt,91.0,1
45.49974081160968,-73.57288642080987,Ville-Marie,Entire home/apt,500.0,3
45.49292,-73.55938,Le Sud-Ouest,Entire home/apt,250.0,31
45.61136208688467,-73.55617382506874,Anjou,Entire home/apt,204.0,31
45.49359408209385,-73.5742019891157,Ville-Marie,Entire home/apt,143.0,2
45.4409,-73.67948,Lachine,Entire home/apt,96.0,31
45.505440611283866,-73.56432166849774,Ville-Marie,Entire home/apt,229.0,2
45.50703379999999,-73.8417645,Pierrefonds-Roxboro,Entire home/apt,221.0,1
45.52504917957167,-73.57594136148691,Le Plateau-Mont-Royal,Entire home/apt,250.0,31
45.46177,-73.5967,Le Sud-Ouest,Entire home/apt,315.0,2
45.52159,-73.57727,Le Plateau-Mont-Royal,Entire home/apt,245.0,31
45.45739402132328,-73.58767554678455,Le Sud-Ouest,Entire home/apt,281.0,1
45.5012335,-73.57589039999999,Ville-Marie,Entire home/apt,200.0,31
45.6020844863075,-73.51745842473986,Mercier-Hochelaga-Maisonneuve,Entire home/apt,106.0,2
45.518865619040255,-73.5838810508109,Le Plateau-Mont-Royal,Entire home/apt,196.0,2
45.47402,-73.62199,Côte-des-Neiges-Notre-Dame-de-Grâce,Entire home/apt,129.0,32
45.534732902421965,-73.58310818803677,Le Plateau-Mont-Royal,Entire home/apt,93.0,31
45.49548322243844,-73.57806768268347,Ville-Marie,Entire home/apt,141.0,3
45.49035,-73.58282,Ville-Marie,Entire home/apt,141.0,3
45.50534,-73.63177,Côte-des-Neiges-Notre-Dame-de-Grâce,Entire home/apt,100.0,31
45.50734569999999,-73.63114139999999,Côte-des-Neiges-Notre-Dame-de-Grâce,Entire home/apt,135.0,31
45.492919476521365,-73.55744400505803,Le Sud-Ouest,Entire home/apt,81.0,90
45.51218,-73.56212,Ville-Marie,Entire home/apt,128.0,1
45.50932,-73.56227,Ville-Marie,Entire home/apt,201.0,2
45.5111,-73.56069,Ville-Marie,Entire home/apt,230.0,2
45.554676571040986,-73.61120105368316,Villeray-Saint-Michel-Parc-Extension,Entire home/apt,140.0,3
45.50743,-73.56419,Ville-Marie,Entire home/apt,85.0,32
45.533882468560016,-73.55711790719482,Ville-Marie,Entire home/apt,100.0,32
45.50758,-73.56043,Ville-Marie,Entire home/apt,258.0,31
45.50763,-73.56134,Ville-Marie,Entire home/apt,168.0,1
45.52157611879874,-73.55907272858325,Ville-Marie,Entire home/apt,176.0,2
45.5517,-73.66162,Ahuntsic-Cartierville,Entire home/apt,90.0,30
45.5201481,-73.57492239999999,Le Plateau-Mont-Royal,Entire home/apt,212.0,31
45.49367,-73.57336,Ville-Marie,Entire home/apt,85.0,180
45.53540355900126,-73.60063846669502,Rosemont-La Petite-Patrie,Entire home/apt,166.0,1
45.54831,-73.6477,Ahuntsic-Cartierville,Entire home/apt,138.0,32
45.52168,-73.5755,Le Plateau-Mont-Royal,Entire home/apt,1189.0,2
45.602024919871134,-73.51756687024552,Mercier-Hochelaga-Maisonneuve,Entire home/apt,99.0,1
45.60217328824332,-73.51731579980884,Mercier-Hochelaga-Maisonneuve,Entire home/apt,117.0,1
45.4926,-73.58426,Ville-Marie,Entire home/apt,310.0,1
45.53525,-73.56321,Le Plateau-Mont-Royal,Entire home/apt,286.0,90
45.5520513580147,-73.53358650422368,Mercier-Hochelaga-Maisonneuve,Entire home/apt,150.0,1
45.5240336679267,-73.60115894527289,Le Plateau-Mont-Royal,Entire home/apt,85.0,31
45.4853098,-73.6390765,Côte-des-Neiges-Notre-Dame-de-Grâce,Entire home/apt,246.0,31
45.5201481,-73.57492239999999,Le Plateau-Mont-Royal,Entire home/apt,188.0,31
45.4954131069912,-73.56697149505538,Ville-Marie,Entire home/apt,200.0,31
45.5457472,-73.5686253,Rosemont-La Petite-Patrie,Entire home/apt,727.0,4
45.59344176452796,-73.51978038716682,Mercier-Hochelaga-Maisonneuve,Entire home/apt,86.0,31
45.49170945296573,-73.55754990622098,Le Sud-Ouest,Entire home/apt,90.0,31
45.466830394071714,-73.61581866863675,Côte-des-Neiges-Notre-Dame-de-Grâce,Entire home/apt,99.0,31
45.51743382850378,-73.55510288565218,Ville-Marie,Entire home/apt,91.0,31
45.51313843619721,-73.56316223302242,Ville-Marie,Entire home/apt,90.0,31
45.5107485643215,-73.56395859271288,Ville-Marie,Entire home/apt,165.0,1
45.49447,-73.55927,Le Sud-Ouest,Entire home/apt,160.0,90
45.55376908788104,-73.53346732932252,Mercier-Hochelaga-Maisonneuve,Entire home/apt,148.0,2
45.5028651236847,-73.56077439472045,Ville-Marie,Entire home/apt,286.0,1
45.49688056567104,-73.57536104268083,Ville-Marie,Entire home/apt,183.0,2
45.5259113,-73.5839116,Le Plateau-Mont-Royal,Entire home/apt,160.0,1
45.5054435441194,-73.56693506034429,Ville-Marie,Entire home/apt,88.0,60
45.49932745612208,-73.64096021194084,Côte-des-Neiges-Notre-Dame-de-Grâce,Entire home/apt,105.0,5
45.49562936252533,-73.5820802179094,Ville-Marie,Entire home/apt,121.0,1
45.49634943489462,-73.57525116712021,Ville-Marie,Entire home/apt,165.0,2
45.57335,-73.64178,Ahuntsic-Cartierville,Entire home/apt,124.0,2
45.465465725579655,-73.61488808111788,Côte-des-Neiges-Notre-Dame-de-Grâce,Entire home/apt,142.0,3
45.50645,-73.56403,Ville-Marie,Entire home/apt,96.0,31
45.53752,-73.60418,Rosemont-La Petite-Patrie,Entire home/apt,67.0,31
45.458645412691446,-73.80990218175909,Pointe-Claire,Entire home/apt,801.0,3
45.50639863100726,-73.56193294489418,Ville-Marie,Entire home/apt,96.0,31
45.51000685467602,-73.56036281936308,Ville-Marie,Entire home/apt,79.0,31
45.53565,-73.60539,Rosemont-La Petite-Patrie,Entire home/apt,67.0,31
45.43537,-73.7022,Lachine,Entire home/apt,97.0,31
45.59686,-73.51328,Mercier-Hochelaga-Maisonneuve,Entire home/apt,73.0,31
45.53841160493084,-73.55742008480044,Ville-Marie,Entire home/apt,70.0,32
45.51866,-73.57801,Le Plateau-Mont-Royal,Entire home/apt,110.0,31
45.46853136286178,-73.61240292131245,Côte-des-Neiges-Notre-Dame-de-Grâce,Entire home/apt,225.0,31
45.46852848642777,-73.61263322351925,Côte-des-Neiges-Notre-Dame-de-Grâce,Entire home/apt,200.0,31
45.5415767,-73.6365004,Villeray-Saint-Michel-Parc-Extension,Entire home/apt,158.0,31
45.53397,-73.57472,Le Plateau-Mont-Royal,Entire home/apt,110.0,60
45.52526428721821,-73.60715961061099,Le Plateau-Mont-Royal,Entire home/apt,310.0,4
45.50848264039886,-73.55197269086915,Ville-Marie,Entire home/apt,295.0,1
45.50660444664152,-73.55362385666069,Ville-Marie,Entire home/apt,374.0,1
45.570168102173774,-73.54731194521025,Mercier-Hochelaga-Maisonneuve,Entire home/apt,90.0,31
45.47685,-73.61176,Côte-des-Neiges-Notre-Dame-de-Grâce,Entire home/apt,101.0,31
45.5617047,-73.6642852,Ahuntsic-Cartierville,Entire home/apt,128.0,32
45.50243,-73.56234,Ville-Marie,Entire home/apt,258.0,1
45.55648018909008,-73.58975708677346,Rosemont-La Petite-Patrie,Entire home/apt,68.0,32
45.4932138225006,-73.56047988799286,Le Sud-Ouest,Entire home/apt,174.0,4
45.51413732933425,-73.55691415615408,Ville-Marie,Entire home/apt,162.0,2
45.52755726094361,-73.57393154587557,Le Plateau-Mont-Royal,Entire home/apt,183.0,31
45.50358,-73.5541,Ville-Marie,Entire home/apt,418.0,1
45.50358,-73.5541,Ville-Marie,Entire home/apt,498.0,1
45.48048,-73.62533,Côte-des-Neiges-Notre-Dame-de-Grâce,Entire home/apt,100.0,1
45.4954904,-73.6092735,Côte-des-Neiges-Notre-Dame-de-Grâce,Entire home/apt,92.0,1
45.50398,-73.56233,Ville-Marie,Entire home/apt,155.0,45
45.5151,-73.57195,Le Plateau-Mont-Royal,Entire home/apt,200.0,31
45.5302,-73.70849,Ahuntsic-Cartierville,Entire home/apt,240.0,31
45.55385,-73.58699,Rosemont-La Petite-Patrie,Entire home/apt,178.0,31
45.49672031285557,-73.57088932329222,Ville-Marie,Entire home/apt,297.0,31
45.45208,-73.58931,Le Sud-Ouest,Entire home/apt,158.0,1
45.52862432782527,-73.59425733272523,Le Plateau-Mont-Royal,Entire home/apt,108.0,31
45.41667736534025,-73.6381283774972,LaSalle,Entire home/apt,236.0,31
45.5465037543456,-73.59996713756415,Rosemont-La Petite-Patrie,Entire home/apt,105.0,31
45.57583229999999,-73.57341149999999,Rosemont-La Petite-Patrie,Entire home/apt,90.0,31
45.49206648168001,-73.5814388596667,Ville-Marie,Entire home/apt,80.0,31
45.5152726,-73.5562615,Ville-Marie,Entire home/apt,103.0,31
45.54709,-73.62664,Villeray-Saint-Michel-Parc-Extension,Entire home/apt,50.0,31
45.53314899999999,-73.61525979999999,Rosemont-La Petite-Patrie,Entire home/apt,116.0,1
45.53314899999999,-73.61525979999999,Rosemont-La Petite-Patrie,Entire home/apt,107.0,1
45.629074,-73.4966515,Montréal-Est,Entire home/apt,120.0,31
45.4954904,-73.6092735,Côte-des-Neiges-Notre-Dame-de-Grâce,Entire home/apt,95.0,1
45.520829606926974,-73.5859510411943,Le Plateau-Mont-Royal,Entire home/apt,192.0,3
45.50354,-73.56258,Ville-Marie,Entire home/apt,82.0,31
45.5012697,-73.6190764,Côte-des-Neiges-Notre-Dame-de-Grâce,Entire home/apt,122.0,31
45.50838434764872,-73.5685986392679,Ville-Marie,Entire home/apt,103.0,31
45.50636,-73.57066,Ville-Marie,Entire home/apt,128.0,31
45.50656,-73.57035,Ville-Marie,Entire home/apt,92.0,31
45.508,-73.56846,Ville-Marie,Entire home/apt,90.0,31
45.50638420750852,-73.56836059610761,Ville-Marie,Entire home/apt,105.0,31
45.5082,-73.56869,Ville-Marie,Entire home/apt,95.0,31
45.50756230762878,-73.56867822378126,Ville-Marie,Entire home/apt,85.0,31
45.506159363142565,-73.56920657682814,Ville-Marie,Entire home/apt,100.0,31
45.50943,-73.56286,Ville-Marie,Entire home/apt,231.0,2
45.50615,-73.56981,Ville-Marie,Entire home/apt,144.0,31
45.50699399881325,-73.56860852062138,Ville-Marie,Entire home/apt,100.0,31
45.50674926931008,-73.5684753546248,Ville-Marie,Entire home/apt,139.0,31
45.508440371868126,-73.56988626236189,Ville-Marie,Entire home/apt,107.0,31
45.50835,-73.56848,Ville-Marie,Entire home/apt,144.0,31
45.513126439883735,-73.5611661797082,Ville-Marie,Entire home/apt,315.0,1
45.51844,-73.56782,Le Plateau-Mont-Royal,Entire home/apt,175.0,1
45.51843,-73.56846,Le Plateau-Mont-Royal,Entire home/apt,163.0,1
45.46734817120228,-73.609692128227,Côte-des-Neiges-Notre-Dame-de-Grâce,Entire home/apt,342.0,31
45.4954904,-73.6092735,Côte-des-Neiges-Notre-Dame-de-Grâce,Entire home/apt,98.0,2
45.56255,-73.66352,Ahuntsic-Cartierville,Entire home/apt,159.0,32
45.48143760601496,-73.6252120056491,Côte-des-Neiges-Notre-Dame-de-Grâce,Entire home/apt,100.0,1
45.46691331798513,-73.61574586884048,Côte-des-Neiges-Notre-Dame-de-Grâce,Entire home/apt,152.0,31
45.50569,-73.56601,Ville-Marie,Entire home/apt,113.0,31
45.59396,-73.63917,Montréal-Nord,Entire home/apt,214.0,1
45.52106543989302,-73.58451154720647,Le Plateau-Mont-Royal,Entire home/apt,244.0,3
45.51189,-73.56068,Ville-Marie,Entire home/apt,111.0,31
45.5020229268986,-73.56006629154052,Ville-Marie,Entire home/apt,365.0,1
45.5105,-73.56198,Ville-Marie,Entire home/apt,111.0,31
45.51205,-73.56072,Ville-Marie,Entire home/apt,111.0,31
45.485,-73.63823,Côte-des-Neiges-Notre-Dame-de-Grâce,Entire home/apt,135.0,31
45.49587,-73.573,Ville-Marie,Entire home/apt,84.0,31
45.49555,-73.57086,Ville-Marie,Entire home/apt,85.0,31
45.4946,-73.57239,Ville-Marie,Entire home/apt,95.0,31
45.49394,-73.57077,Ville-Marie,Entire home/apt,95.0,31
45.53598,-73.60535,Rosemont-La Petite-Patrie,Entire home/apt,156.0,31
45.58605628456054,-73.5800058975473,Saint-Léonard,Entire home/apt,157.0,2
45.49686,-73.57165,Ville-Marie,Entire home/apt,212.0,93
45.53721088727707,-73.60378962333195,Rosemont-La Petite-Patrie,Entire home/apt,159.0,31
45.54230500000001,-73.5988268,Rosemont-La Petite-Patrie,Entire home/apt,149.0,31
45.50332175979649,-73.58444744275732,Ville-Marie,Entire home/apt,75.0,31
45.51122705492447,-73.56812671283484,Ville-Marie,Entire home/apt,265.0,31
45.503385740235736,-73.58399295000142,Ville-Marie,Entire home/apt,125.0,31
45.51119,-73.5622,Ville-Marie,Entire home/apt,85.0,31
45.51142,-73.56041,Ville-Marie,Entire home/apt,85.0,31
45.50975,-73.5618,Ville-Marie,Entire home/apt,85.0,31
45.4941,-73.57091,Ville-Marie,Entire home/apt,159.0,31
45.51291,-73.56844,Ville-Marie,Entire home/apt,143.0,3
45.48059985100094,-73.62535583017436,Côte-des-Neiges-Notre-Dame-de-Grâce,Entire home/apt,100.0,1
45.5357534,-73.6165817,Rosemont-La Petite-Patrie,Entire home/apt,191.0,31
45.48205087919254,-73.62380204411713,Côte-des-Neiges-Notre-Dame-de-Grâce,Entire home/apt,99.0,1
45.52387392326908,-73.58603946906757,Le Plateau-Mont-Royal,Entire home/apt,97.0,1
45.52351,-73.58559,Le Plateau-Mont-Royal,Entire home/apt,97.0,1
45.52544,-73.58402,Le Plateau-Mont-Royal,Entire home/apt,97.0,1
45.547849,-73.5359821,Mercier-Hochelaga-Maisonneuve,Entire home/apt,92.0,3
45.49431,-73.57223,Ville-Marie,Entire home/apt,159.0,31
45.4941,-73.57111,Ville-Marie,Entire home/apt,159.0,31
45.49402,-73.57204,Ville-Marie,Entire home/apt,159.0,31
45.49539,-73.57263,Ville-Marie,Entire home/apt,159.0,31
45.5502147,-73.5332634,Mercier-Hochelaga-Maisonneuve,Entire home/apt,62.0,31
45.5259339,-73.58132069999999,Le Plateau-Mont-Royal,Entire home/apt,373.0,31
45.56988147589593,-73.52436136252268,Mercier-Hochelaga-Maisonneuve,Entire home/apt,65.0,31
45.4942301,-73.5803607,Ville-Marie,Entire home/apt,76.0,1
45.45749319999999,-73.59577410000001,Le Sud-Ouest,Entire home/apt,148.0,31
45.480808445115095,-73.62317814595107,Côte-des-Neiges-Notre-Dame-de-Grâce,Entire home/apt,100.0,1
45.43161882509624,-73.6115135126994,LaSalle,Entire home/apt,65.0,31
45.49958,-73.81245,Pierrefonds-Roxboro,Entire home/apt,135.0,31
45.46383360089074,-73.64417036416256,Côte-des-Neiges-Notre-Dame-de-Grâce,Entire home/apt,109.0,2
45.49253,-73.55594,Le Sud-Ouest,Entire home/apt,128.0,31
45.51277957914668,-73.61506975859452,Outremont,Entire home/apt,142.0,1
45.461408135997736,-73.81596724578044,Pointe-Claire,Entire home/apt,163.0,32
45.4954904,-73.6092735,Côte-des-Neiges-Notre-Dame-de-Grâce,Entire home/apt,250.0,2
45.51452,-73.57186,Le Plateau-Mont-Royal,Entire home/apt,251.0,31
45.52006,-73.56947,Le Plateau-Mont-Royal,Entire home/apt,122.0,31
45.48235,-73.56819,Le Sud-Ouest,Entire home/apt,164.0,1
45.4628135346774,-73.88663911814726,Pierrefonds-Roxboro,Entire home/apt,94.0,1
45.51751,-73.5774,Le Plateau-Mont-Royal,Entire home/apt,142.0,31
45.5271929,-73.5906546,Le Plateau-Mont-Royal,Entire home/apt,90.0,31
45.49610820162669,-73.61028787510384,Côte-des-Neiges-Notre-Dame-de-Grâce,Entire home/apt,325.0,2
45.55133,-73.610593,Villeray-Saint-Michel-Parc-Extension,Entire home/apt,141.0,1
45.520764,-73.576419,Le Plateau-Mont-Royal,Entire home/apt,80.0,32
45.43425316716621,-73.59894717621643,LaSalle,Entire home/apt,158.0,2
45.48032874390878,-73.62503400484871,Côte-des-Neiges-Notre-Dame-de-Grâce,Entire home/apt,99.0,1
45.51187,-73.56116,Ville-Marie,Entire home/apt,225.0,1
45.51362,-73.57586,Le Plateau-Mont-Royal,Entire home/apt,108.0,31
45.525522,-73.54953619999999,Ville-Marie,Entire home/apt,72.0,31
45.50688,-73.5669,Ville-Marie,Entire home/apt,99.0,31
45.47303,-73.82851,Dollard-des-Ormeaux,Entire home/apt,111.0,1
45.51452959000741,-73.55676099285783,Ville-Marie,Entire home/apt,160.0,1
45.55747,-73.53445,Mercier-Hochelaga-Maisonneuve,Entire home/apt,200.0,31
45.55412,-73.53309,Mercier-Hochelaga-Maisonneuve,Entire home/apt,186.0,31
45.515580891687385,-73.55874103456608,Ville-Marie,Entire home/apt,121.0,1
45.51625302017741,-73.55849727625167,Ville-Marie,Entire home/apt,130.0,1
45.4608913701665,-73.58335074507275,Le Sud-Ouest,Entire home/apt,114.0,30
45.57553,-73.54893,Mercier-Hochelaga-Maisonneuve,Entire home/apt,215.0,31
45.4699,-73.56561,Verdun,Entire home/apt,225.0,31
45.49622,-73.57746,Ville-Marie,Entire home/apt,160.0,1
45.52579,-73.58451,Le Plateau-Mont-Royal,Entire home/apt,97.0,1
45.52506775146488,-73.58393754867012,Le Plateau-Mont-Royal,Entire home/apt,97.0,1
45.52699010000001,-73.580326,Le Plateau-Mont-Royal,Entire home/apt,140.0,31
45.50455,-73.55691,Ville-Marie,Entire home/apt,758.0,31
45.519509,-73.5761717,Le Plateau-Mont-Royal,Entire home/apt,208.0,31
45.48453,-73.57704,Le Sud-Ouest,Entire home/apt,189.0,31
45.46263230376165,-73.56929237978831,Verdun,Entire home/apt,159.0,31
45.52906719778888,-73.61022256498946,Rosemont-La Petite-Patrie,Entire home/apt,117.0,32
45.46754,-73.61055,Côte-des-Neiges-Notre-Dame-de-Grâce,Entire home/apt,124.0,31
45.5053205,-73.5570647,Ville-Marie,Entire home/apt,578.0,31
45.46526,-73.86288,Pierrefonds-Roxboro,Entire home/apt,105.0,31
45.57728976981305,-73.51610856684566,Mercier-Hochelaga-Maisonneuve,Entire home/apt,86.0,31
45.4935807813616,-73.5590538907553,Le Sud-Ouest,Entire home/apt,80.0,32
45.49275,-73.56336,Le Sud-Ouest,Entire home/apt,337.0,1
45.5011793,-73.55883089999999,Ville-Marie,Entire home/apt,178.0,31
45.49644679640332,-73.57574561536343,Ville-Marie,Entire home/apt,213.0,1
45.50045,-73.55845,Ville-Marie,Entire home/apt,420.0,1
45.5001076554619,-73.57953299475412,Ville-Marie,Entire home/apt,236.0,1
45.4998873,-73.5592509,Ville-Marie,Entire home/apt,365.0,1
45.49503563179592,-73.56821082427288,Ville-Marie,Entire home/apt,400.0,31
45.46484,-73.80554,Pointe-Claire,Entire home/apt,150.0,32
45.5207512,-73.57646299999999,Le Plateau-Mont-Royal,Entire home/apt,80.0,32
45.59515,-73.51878,Mercier-Hochelaga-Maisonneuve,Entire home/apt,504.0,2
45.4914763,-73.55700809999999,Le Sud-Ouest,Entire home/apt,136.0,31
45.49768906253723,-73.57737783799466,Ville-Marie,Entire home/apt,131.0,1
45.49619323460239,-73.57586956187049,Ville-Marie,Entire home/apt,135.0,1
45.498210260872575,-73.57685268847207,Ville-Marie,Entire home/apt,133.0,1
45.49772639645505,-73.57558279585396,Ville-Marie,Entire home/apt,153.0,1
45.49761,-73.57532,Ville-Marie,Entire home/apt,126.0,1
45.49708,-73.57745,Ville-Marie,Entire home/apt,132.0,1
45.50951,-73.57544,Le Plateau-Mont-Royal,Entire home/apt,165.0,1
45.49654,-73.57594,Ville-Marie,Entire home/apt,124.0,1
45.49829,-73.57565,Ville-Marie,Entire home/apt,135.0,1
45.50186,-73.57772,Ville-Marie,Entire home/apt,254.0,1
45.49076,-73.57906,Ville-Marie,Entire home/apt,256.0,31
45.50175862174877,-73.5778516013005,Ville-Marie,Entire home/apt,215.0,1
45.51073,-73.56234,Ville-Marie,Entire home/apt,207.0,1
45.52113,-73.57469,Le Plateau-Mont-Royal,Entire home/apt,119.0,31
45.47235970000001,-73.58523939999999,Le Sud-Ouest,Entire home/apt,765.0,2
45.57791,-73.54912,Mercier-Hochelaga-Maisonneuve,Entire home/apt,104.0,183
45.54066371146964,-73.61737975380417,Villeray-Saint-Michel-Parc-Extension,Entire home/apt,151.0,31
45.52165614852035,-73.58092596581626,Le Plateau-Mont-Royal,Entire home/apt,145.0,1
45.51737,-73.56672,Ville-Marie,Entire home/apt,137.0,31
45.52704605168274,-73.58768723177275,Le Plateau-Mont-Royal,Entire home/apt,108.0,31
45.49642,-73.56873,Ville-Marie,Entire home/apt,300.0,31
45.49123885687669,-73.56366510277469,Le Sud-Ouest,Entire home/apt,174.0,1
45.49292302344384,-73.56359095072365,Le Sud-Ouest,Entire home/apt,193.0,1
45.49121322663355,-73.56495508905314,Le Sud-Ouest,Entire home/apt,183.0,1
45.49307,-73.56367,Le Sud-Ouest,Entire home/apt,166.0,1
45.49265,-73.5634,Le Sud-Ouest,Entire home/apt,181.0,1
45.42235028738124,-73.64524808434604,LaSalle,Entire home/apt,96.0,1
45.55091,-73.5326,Mercier-Hochelaga-Maisonneuve,Entire home/apt,131.0,32
45.53623,-73.55413,Ville-Marie,Entire home/apt,103.0,31
45.50414126715139,-73.55822934293495,Ville-Marie,Entire home/apt,429.0,31
45.50425,-73.55785,Ville-Marie,Entire home/apt,568.0,31
45.50532,-73.55707,Ville-Marie,Entire home/apt,434.0,31
45.50591748180575,-73.55780280614466,Ville-Marie,Entire home/apt,332.0,31
45.4648078,-73.5414314,Verdun,Entire home/apt,127.0,31
45.4927,-73.55698,Le Sud-Ouest,Entire home/apt,150.0,85
45.553635938666936,-73.55450961459097,Mercier-Hochelaga-Maisonneuve,Entire home/apt,25.0,31
45.49043337398756,-73.577467112646,Ville-Marie,Entire home/apt,150.0,31
45.49152793023608,-73.55881551385328,Le Sud-Ouest,Entire home/apt,95.0,180
45.53453,-73.55217,Ville-Marie,Entire home/apt,178.0,31
45.53434628951545,-73.55272841036613,Ville-Marie,Entire home/apt,187.0,31
45.45574399529686,-73.5935729663638,Le Sud-Ouest,Entire home/apt,65.0,31
45.547911,-73.5445032,Mercier-Hochelaga-Maisonneuve,Entire home/apt,110.0,31
45.49996,-73.57823,Ville-Marie,Entire home/apt,301.0,1
45.51789,-73.57874,Le Plateau-Mont-Royal,Entire home/apt,350.0,2
45.47812,-73.58184,Le Sud-Ouest,Entire home/apt,144.0,31
45.516541,-73.57818730000001,Le Plateau-Mont-Royal,Entire home/apt,228.0,31
45.5163605,-73.5783561,Le Plateau-Mont-Royal,Entire home/apt,247.0,1
45.53949,-73.69562,Ahuntsic-Cartierville,Entire home/apt,49.0,31
45.516541,-73.57818730000001,Le Plateau-Mont-Royal,Entire home/apt,307.0,31
45.516541,-73.57818730000001,Le Plateau-Mont-Royal,Entire home/apt,244.0,31
45.513931818005,-73.55366287278626,Ville-Marie,Entire home/apt,166.0,31
45.51885559999999,-73.5680687,Le Plateau-Mont-Royal,Entire home/apt,200.0,150
45.481306,-73.5686965,Le Sud-Ouest,Entire home/apt,106.0,31
45.46922,-73.61254,Côte-des-Neiges-Notre-Dame-de-Grâce,Entire home/apt,160.0,31
45.46867,-73.61232,Côte-des-Neiges-Notre-Dame-de-Grâce,Entire home/apt,119.0,31
45.48806333055441,-73.58587014071371,Westmount,Entire home/apt,142.0,2
45.50060018077948,-73.55704353582674,Ville-Marie,Entire home/apt,180.0,1
45.5331394,-73.5949858,Rosemont-La Petite-Patrie,Entire home/apt,408.0,31
45.53177,-73.57416,Le Plateau-Mont-Royal,Entire home/apt,100.0,31
45.46510180000001,-73.88947139999999,Pierrefonds-Roxboro,Entire home/apt,144.0,1
45.5161425,-73.5699575,Le Plateau-Mont-Royal,Entire home/apt,243.0,31
45.53626,-73.55297,Ville-Marie,Entire home/apt,150.0,31
45.53412,-73.55242,Ville-Marie,Entire home/apt,184.0,31
45.5063806,-73.565056,Ville-Marie,Entire home/apt,199.0,31
45.48223,-73.62489,Côte-des-Neiges-Notre-Dame-de-Grâce,Entire home/apt,100.0,1
45.46637,-73.64749,Côte-des-Neiges-Notre-Dame-de-Grâce,Entire home/apt,85.0,31
45.49134129999999,-73.5570304,Le Sud-Ouest,Entire home/apt,80.0,31
45.44914416911743,-73.60041047994251,Le Sud-Ouest,Entire home/apt,190.0,1
45.4960274,-73.5704571,Ville-Marie,Entire home/apt,109.0,31
45.49838,-73.55623,Ville-Marie,Entire home/apt,138.0,31
45.51708957449392,-73.70483054445691,Saint-Laurent,Entire home/apt,160.0,31
45.50154166593577,-73.55605370685424,Ville-Marie,Entire home/apt,233.0,3
45.4998873,-73.5592509,Ville-Marie,Entire home/apt,158.0,1
45.51892,-73.5721,Le Plateau-Mont-Royal,Entire home/apt,162.0,1
45.49637,-73.57676,Ville-Marie,Entire home/apt,106.0,32
45.51443,-73.55379,Ville-Marie,Entire home/apt,304.0,31
45.53687,-73.58465,Le Plateau-Mont-Royal,Entire home/apt,217.0,31
45.51497,-73.57416,Le Plateau-Mont-Royal,Entire home/apt,180.0,1
45.43389827826008,-73.6426787186676,LaSalle,Entire home/apt,50.0,31
45.50326,-73.57989,Ville-Marie,Entire home/apt,200.0,31
45.49831,-73.57682,Ville-Marie,Entire home/apt,110.0,32
45.516541,-73.57818730000001,Le Plateau-Mont-Royal,Entire home/apt,131.0,31
45.48191,-73.62352,Côte-des-Neiges-Notre-Dame-de-Grâce,Entire home/apt,99.0,1
45.51307601788288,-73.57052522332538,Le Plateau-Mont-Royal,Entire home/apt,160.0,90
45.4343,-73.60902,LaSalle,Entire home/apt,68.0,31
45.53129,-73.56309,Le Plateau-Mont-Royal,Entire home/apt,47.0,31
45.496856566714605,-73.57839835236352,Ville-Marie,Entire home/apt,104.0,31
45.496478206743326,-73.5764573269752,Ville-Marie,Entire home/apt,96.0,31
45.49504795848178,-73.5770475670568,Ville-Marie,Entire home/apt,119.0,32
45.49505952480735,-73.57762618291892,Ville-Marie,Entire home/apt,92.0,32
45.49721,-73.5764,Ville-Marie,Entire home/apt,104.0,32
45.49727,-73.57671,Ville-Marie,Entire home/apt,172.0,31
45.49507879730894,-73.57655032585893,Ville-Marie,Entire home/apt,130.0,32
45.496747667365135,-73.57671399956072,Ville-Marie,Entire home/apt,150.0,32
45.49722,-73.57592,Ville-Marie,Entire home/apt,66.0,31
45.56761729999999,-73.5822522,Rosemont-La Petite-Patrie,Entire home/apt,84.0,32
45.53018014817473,-73.72679165847944,Ahuntsic-Cartierville,Entire home/apt,91.0,31
45.61121,-73.51911,Mercier-Hochelaga-Maisonneuve,Entire home/apt,163.0,2
45.54632704247525,-73.62598038197562,Villeray-Saint-Michel-Parc-Extension,Entire home/apt,125.0,30
45.5677124,-73.5935236,Villeray-Saint-Michel-Parc-Extension,Entire home/apt,76.0,31
45.5443694,-73.5397741,Mercier-Hochelaga-Maisonneuve,Entire home/apt,75.0,31
45.51100222631956,-73.56273136578938,Ville-Marie,Entire home/apt,66.0,29
45.47417925890918,-73.60670408962267,Côte-des-Neiges-Notre-Dame-de-Grâce,Entire home/apt,119.0,31
45.54768,-73.58869,Rosemont-La Petite-Patrie,Entire home/apt,65.0,31
45.5321629,-73.60856609999999,Rosemont-La Petite-Patrie,Entire home/apt,365.0,3
45.52838957670416,-73.58138340588192,Le Plateau-Mont-Royal,Entire home/apt,270.0,31
45.50697952079317,-73.5658979163428,Ville-Marie,Entire home/apt,165.0,31
45.49892,-73.57381,Ville-Marie,Entire home/apt,324.0,31
45.44708407057684,-73.64851567999834,Lachine,Entire home/apt,44.0,31
45.52406708558283,-73.58607844135783,Le Plateau-Mont-Royal,Entire home/apt,97.0,1
45.54337,-73.54218,Mercier-Hochelaga-Maisonneuve,Entire home/apt,145.0,31
45.51752684169774,-73.57226911918842,Le Plateau-Mont-Royal,Entire home/apt,167.0,1
45.52047,-73.57746,Le Plateau-Mont-Royal,Entire home/apt,47.0,360
45.43042691619236,-73.59931408308204,LaSalle,Entire home/apt,88.0,31
45.47763,-73.59072,Le Sud-Ouest,Entire home/apt,127.0,31
45.5229698,-73.5731808,Le Plateau-Mont-Royal,Entire home/apt,139.0,31
45.50973955806305,-73.57864279040578,Le Plateau-Mont-Royal,Entire home/apt,200.0,31
45.5064107,-73.56512479999999,Ville-Marie,Entire home/apt,97.0,31
45.53315,-73.61526,Rosemont-La Petite-Patrie,Entire home/apt,104.0,1
45.52585869299271,-73.62911330604567,Villeray-Saint-Michel-Parc-Extension,Entire home/apt,137.0,31
45.4968,-73.56717,Ville-Marie,Entire home/apt,90.0,31
45.49823,-73.58767,Ville-Marie,Entire home/apt,103.0,31
45.4989222,-73.573813,Ville-Marie,Entire home/apt,324.0,31
45.53439,-73.55218,Ville-Marie,Entire home/apt,150.0,31
45.53445,-73.55428,Ville-Marie,Entire home/apt,150.0,31
45.561781981737575,-73.66292163829954,Ahuntsic-Cartierville,Entire home/apt,135.0,1
45.49401593231179,-73.58286993894615,Ville-Marie,Entire home/apt,149.0,1
45.54067422160776,-73.53755048400792,Mercier-Hochelaga-Maisonneuve,Entire home/apt,113.0,2
45.54457,-73.5442,Mercier-Hochelaga-Maisonneuve,Entire home/apt,162.0,31
45.542845554201584,-73.54209065896413,Mercier-Hochelaga-Maisonneuve,Entire home/apt,154.0,31
45.54483831631866,-73.5429404846994,Mercier-Hochelaga-Maisonneuve,Entire home/apt,192.0,31
45.544919828618994,-73.54225112688378,Mercier-Hochelaga-Maisonneuve,Entire home/apt,198.0,31
45.4926,-73.58426,Ville-Marie,Entire home/apt,335.0,1
45.50633934237009,-73.57003325083592,Ville-Marie,Entire home/apt,112.0,31
45.50604365393964,-73.5700990239803,Ville-Marie,Entire home/apt,96.0,31
45.50834122878575,-73.56929863559773,Ville-Marie,Entire home/apt,148.0,31
45.50655897040202,-73.57049332644877,Ville-Marie,Entire home/apt,120.0,31
45.50836,-73.56987,Ville-Marie,Entire home/apt,108.0,31
45.54482,-73.5423,Mercier-Hochelaga-Maisonneuve,Entire home/apt,174.0,31
45.54343,-73.54394,Mercier-Hochelaga-Maisonneuve,Entire home/apt,155.0,31
45.55127910386442,-73.54225929417558,Mercier-Hochelaga-Maisonneuve,Entire home/apt,288.0,31
45.54917355723215,-73.54238988470149,Mercier-Hochelaga-Maisonneuve,Entire home/apt,185.0,31
45.551070793781,-73.54175002758546,Mercier-Hochelaga-Maisonneuve,Entire home/apt,160.0,31
45.523953474315405,-73.61755809391485,Outremont,Entire home/apt,120.0,60
45.49085785736551,-73.57759403059399,Ville-Marie,Entire home/apt,181.0,4
45.51711,-73.5831,Le Plateau-Mont-Royal,Entire home/apt,283.0,31
45.4968589,-73.57164519999999,Ville-Marie,Entire home/apt,144.0,31
45.46857996288835,-73.60744317515704,Côte-des-Neiges-Notre-Dame-de-Grâce,Entire home/apt,95.0,31
45.52812289631176,-73.581047457529,Le Plateau-Mont-Royal,Entire home/apt,140.0,31
45.49147658562169,-73.58373566867162,Ville-Marie,Entire home/apt,65.0,31
45.45418,-73.63599,Côte-des-Neiges-Notre-Dame-de-Grâce,Entire home/apt,54.0,31
45.54717806645702,-73.54806440581534,Mercier-Hochelaga-Maisonneuve,Entire home/apt,336.0,3
45.53540204000794,-73.59184194954094,Rosemont-La Petite-Patrie,Entire home/apt,720.0,90
45.48848,-73.64992,Côte-des-Neiges-Notre-Dame-de-Grâce,Entire home/apt,400.0,31
45.49754,-73.58335,Ville-Marie,Entire home/apt,152.0,31
45.45513870350968,-73.59526921176112,Le Sud-Ouest,Entire home/apt,140.0,1
45.50241,-73.55779,Ville-Marie,Entire home/apt,224.0,1
45.50217,-73.55702,Ville-Marie,Entire home/apt,250.0,31
45.48070265721006,-73.57592736257045,Le Sud-Ouest,Entire home/apt,160.0,31
45.4786086298711,-73.57646083621138,Le Sud-Ouest,Entire home/apt,160.0,31
45.48039,-73.5751,Le Sud-Ouest,Entire home/apt,135.0,31
45.47939,-73.57626,Le Sud-Ouest,Entire home/apt,160.0,31
45.4819944835156,-73.62524763539237,Côte-des-Neiges-Notre-Dame-de-Grâce,Entire home/apt,100.0,1
45.51823,-73.55536,Ville-Marie,Entire home/apt,60.0,120
45.54306790611735,-73.55642860327073,Mercier-Hochelaga-Maisonneuve,Entire home/apt,120.0,32
45.49683149911056,-73.56940279337935,Ville-Marie,Entire home/apt,133.0,31
45.49510511324403,-73.57114242782875,Ville-Marie,Entire home/apt,133.0,31
45.49594,-73.56909,Ville-Marie,Entire home/apt,100.0,31
45.49579,-73.56801,Ville-Marie,Entire home/apt,100.0,31
45.54131,-73.55048,Mercier-Hochelaga-Maisonneuve,Entire home/apt,55.0,31
45.49342433596512,-73.58215795919884,Ville-Marie,Entire home/apt,140.0,3
45.4903,-73.583,Ville-Marie,Entire home/apt,141.0,1
45.51444,-73.5588,Ville-Marie,Entire home/apt,142.0,1
45.52423015352269,-73.59376376011426,Le Plateau-Mont-Royal,Entire home/apt,137.0,1
45.5480566,-73.5409224,Mercier-Hochelaga-Maisonneuve,Entire home/apt,77.0,180
45.538312,-73.582213,Le Plateau-Mont-Royal,Entire home/apt,93.0,31
45.44284241737517,-73.76344954666064,Dorval,Entire home/apt,113.0,31
45.4954904,-73.6092735,Côte-des-Neiges-Notre-Dame-de-Grâce,Entire home/apt,65.0,32
45.51154614256349,-73.62888939048284,Côte-des-Neiges-Notre-Dame-de-Grâce,Entire home/apt,115.0,2
45.507208795851376,-73.56717633125078,Ville-Marie,Entire home/apt,229.0,60
45.4972584981186,-73.57584764396722,Ville-Marie,Entire home/apt,179.0,2
45.45891060280707,-73.59184386131386,Le Sud-Ouest,Entire home/apt,174.0,2
45.4831415,-73.56146489999999,Le Sud-Ouest,Entire home/apt,371.0,1
45.4831415,-73.56146489999999,Le Sud-Ouest,Entire home/apt,507.0,1
45.4831415,-73.56146489999999,Le Sud-Ouest,Entire home/apt,349.0,1
45.4831415,-73.56146489999999,Le Sud-Ouest,Entire home/apt,414.0,1
45.49223,-73.55663,Le Sud-Ouest,Entire home/apt,105.0,31
45.49811280000001,-73.55921649999999,Ville-Marie,Entire home/apt,338.0,1
45.49811280000001,-73.55921649999999,Ville-Marie,Entire home/apt,446.0,1
45.5043777,-73.5548347,Ville-Marie,Entire home/apt,619.0,2
45.49811280000001,-73.55921649999999,Ville-Marie,Entire home/apt,336.0,1
45.49811280000001,-73.55921649999999,Ville-Marie,Entire home/apt,349.0,1
45.50445117873077,-73.55837633933785,Ville-Marie,Entire home/apt,331.0,1
45.52525,-73.58409,Le Plateau-Mont-Royal,Entire home/apt,97.0,1
45.49449,-73.57072,Ville-Marie,Entire home/apt,110.0,31
45.49603120979129,-73.57067094279182,Ville-Marie,Entire home/apt,130.0,31
45.4941,-73.57072,Ville-Marie,Entire home/apt,95.0,31
45.49411,-73.57292,Ville-Marie,Entire home/apt,109.0,31
45.49407,-73.57141,Ville-Marie,Entire home/apt,130.0,31
45.49603,-73.57134,Ville-Marie,Entire home/apt,95.0,31
45.47927007056506,-73.56616288509254,Le Sud-Ouest,Entire home/apt,220.0,31
45.4985969967183,-73.58047903806764,Ville-Marie,Entire home/apt,278.0,1
45.49886,-73.56042,Ville-Marie,Entire home/apt,175.0,2
45.5845174,-73.5316475,Mercier-Hochelaga-Maisonneuve,Entire home/apt,69.0,31
45.50826442229494,-73.57065104630031,Ville-Marie,Entire home/apt,135.0,31
45.51579755577999,-73.56664191387277,Ville-Marie,Entire home/apt,155.0,1
45.53957930220696,-73.62192388930563,Villeray-Saint-Michel-Parc-Extension,Entire home/apt,149.0,31
45.4976032,-73.5866167,Ville-Marie,Entire home/apt,78.0,62
45.46603,-73.62366,Côte-des-Neiges-Notre-Dame-de-Grâce,Entire home/apt,143.0,31
45.53743751234368,-73.57967655127489,Le Plateau-Mont-Royal,Entire home/apt,190.0,31
45.52364119653432,-73.5982941897153,Le Plateau-Mont-Royal,Entire home/apt,300.0,1
45.49196,-73.57619,Ville-Marie,Entire home/apt,215.0,31
45.60858,-73.51346,Mercier-Hochelaga-Maisonneuve,Entire home/apt,128.0,2
45.45916,-73.54264,Verdun,Entire home/apt,58.0,31
45.49553,-73.57265,Ville-Marie,Entire home/apt,90.0,31
45.46703783153877,-73.59152944301263,Le Sud-Ouest,Entire home/apt,99.0,31
45.4960931,-73.580962,Ville-Marie,Entire home/apt,72.0,31
45.47798277058619,-73.56274784298762,Le Sud-Ouest,Entire home/apt,122.0,31
45.48815361797624,-73.64366713911295,Côte-des-Neiges-Notre-Dame-de-Grâce,Entire home/apt,131.0,31
45.49538,-73.64007,Côte-des-Neiges-Notre-Dame-de-Grâce,Entire home/apt,113.0,2
45.54380032527546,-73.63575200571445,Villeray-Saint-Michel-Parc-Extension,Entire home/apt,162.0,31
45.51711235620403,-73.5642750159486,Ville-Marie,Entire home/apt,136.0,31
45.48113,-73.56701,Le Sud-Ouest,Entire home/apt,77.0,31
45.4949585023616,-73.58186416046865,Ville-Marie,Entire home/apt,109.0,31
45.47933,-73.55598,Le Sud-Ouest,Entire home/apt,140.0,31
45.52539,-73.58177,Le Plateau-Mont-Royal,Entire home/apt,109.0,1
45.52688,-73.58461,Le Plateau-Mont-Royal,Entire home/apt,162.0,3
45.45921898025598,-73.67266623249498,Côte-Saint-Luc,Entire home/apt,148.0,2
45.48261,-73.56038,Le Sud-Ouest,Entire home/apt,130.0,32
45.53812,-73.62595,Villeray-Saint-Michel-Parc-Extension,Entire home/apt,80.0,32
45.53165822463185,-73.58057554811239,Le Plateau-Mont-Royal,Entire home/apt,233.0,31
45.55838016865904,-73.58545315069209,Rosemont-La Petite-Patrie,Entire home/apt,95.0,31
45.456528985133176,-73.59650242008145,Le Sud-Ouest,Entire home/apt,90.0,31
45.45157405747835,-73.5951334893011,Le Sud-Ouest,Entire home/apt,80.0,31
45.5188077,-73.5831413,Le Plateau-Mont-Royal,Entire home/apt,192.0,2
45.58168162106423,-73.55961630978494,Mercier-Hochelaga-Maisonneuve,Entire home/apt,75.0,31
45.53485,-73.5512,Ville-Marie,Entire home/apt,80.0,32
45.51851522378218,-73.56298562139273,Ville-Marie,Entire home/apt,96.0,31
45.4998873,-73.5592509,Ville-Marie,Entire home/apt,208.0,1
45.49937,-73.62364,Côte-des-Neiges-Notre-Dame-de-Grâce,Entire home/apt,76.0,31
45.50330839999999,-73.55857019999999,Ville-Marie,Entire home/apt,278.0,4
45.50856,-73.55202,Ville-Marie,Entire home/apt,177.0,3
45.57125,-73.57458,Rosemont-La Petite-Patrie,Entire home/apt,101.0,31
45.50058,-73.55877,Ville-Marie,Entire home/apt,160.0,31
45.51244673002879,-73.55517799263764,Ville-Marie,Entire home/apt,120.0,31
45.54678,-73.62626,Villeray-Saint-Michel-Parc-Extension,Entire home/apt,203.0,2
45.5350401,-73.59808459999999,Rosemont-La Petite-Patrie,Entire home/apt,80.0,32
45.5938,-73.52089,Mercier-Hochelaga-Maisonneuve,Entire home/apt,60.0,31
45.5188077,-73.5831413,Le Plateau-Mont-Royal,Entire home/apt,875.0,1
45.5188077,-73.5831413,Le Plateau-Mont-Royal,Entire home/apt,1299.0,2
45.45932,-73.63677,Côte-des-Neiges-Notre-Dame-de-Grâce,Entire home/apt,137.0,2
45.49223,-73.55628,Le Sud-Ouest,Entire home/apt,80.0,31
45.521649,-73.5774404,Le Plateau-Mont-Royal,Entire home/apt,101.0,1
45.49309362747852,-73.58383851547346,Ville-Marie,Entire home/apt,115.0,1
45.574763351651725,-73.57469158792232,Rosemont-La Petite-Patrie,Entire home/apt,91.0,2
45.54654131432111,-73.58774107187298,Rosemont-La Petite-Patrie,Entire home/apt,104.0,31
45.5760023,-73.57986249999999,Saint-Léonard,Entire home/apt,181.0,31
45.5104542,-73.57406329999999,Le Plateau-Mont-Royal,Entire home/apt,87.0,60
45.51673,-73.56931,Le Plateau-Mont-Royal,Entire home/apt,1108.0,31
45.49842178205623,-73.6294966710261,Côte-des-Neiges-Notre-Dame-de-Grâce,Entire home/apt,208.0,1
45.6088205,-73.5425104,Anjou,Entire home/apt,85.0,1
45.56319,-73.57556,Rosemont-La Petite-Patrie,Entire home/apt,92.0,32
45.53809,-73.60506,Rosemont-La Petite-Patrie,Entire home/apt,136.0,31
45.51162,-73.82037,Pierrefonds-Roxboro,Entire home/apt,97.0,1
45.46471,-73.57947,Verdun,Entire home/apt,125.0,31
45.53172598530728,-73.5800630087113,Le Plateau-Mont-Royal,Entire home/apt,112.0,32
45.48756064083827,-73.64250767128812,Côte-des-Neiges-Notre-Dame-de-Grâce,Entire home/apt,240.0,31
45.53197672791255,-73.5633588888114,Le Plateau-Mont-Royal,Entire home/apt,43.0,31
45.5180999,-73.55550300000002,Ville-Marie,Entire home/apt,208.0,31
45.5180999,-73.55550300000002,Ville-Marie,Entire home/apt,181.0,1
45.5180999,-73.55550300000002,Ville-Marie,Entire home/apt,173.0,1
45.42002,-73.88019,Beaconsfield,Entire home/apt,91.0,1
45.534624,-73.6148968,Rosemont-La Petite-Patrie,Entire home/apt,69.0,120
45.5064107,-73.56512479999999,Ville-Marie,Entire home/apt,92.0,31
45.494190760329744,-73.57196665643124,Ville-Marie,Entire home/apt,125.0,31
45.516403652603536,-73.56439444680579,Ville-Marie,Entire home/apt,89.0,31
45.52294976152204,-73.55700967029907,Ville-Marie,Entire home/apt,181.0,2
45.49391,-73.58089,Ville-Marie,Entire home/apt,135.0,1
45.498188465803615,-73.63586000372368,Côte-des-Neiges-Notre-Dame-de-Grâce,Entire home/apt,200.0,4
45.45764,-73.57399,Verdun,Entire home/apt,81.0,32
45.50240452537131,-73.55778932172136,Ville-Marie,Entire home/apt,229.0,1
45.49000458751612,-73.58323864638805,Ville-Marie,Entire home/apt,140.0,3
45.60549336281325,-73.51355607770077,Mercier-Hochelaga-Maisonneuve,Entire home/apt,70.0,31
45.49263,-73.56419,Le Sud-Ouest,Entire home/apt,110.0,31
45.4998873,-73.5592509,Ville-Marie,Entire home/apt,189.0,3
45.43852465837687,-73.7082457270388,Lachine,Entire home/apt,80.0,31
45.61722947424913,-73.62926869902483,Montréal-Nord,Entire home/apt,216.0,31
45.54795276699804,-73.64777433533345,Ahuntsic-Cartierville,Entire home/apt,131.0,31
45.50937073267768,-73.85224778764217,Pierrefonds-Roxboro,Entire home/apt,172.0,32
45.50320430000001,-73.5548669,Ville-Marie,Entire home/apt,350.0,31
45.520246,-73.576863,Le Plateau-Mont-Royal,Entire home/apt,80.0,31
45.46661,-73.61238,Côte-des-Neiges-Notre-Dame-de-Grâce,Entire home/apt,93.0,1
45.49864,-73.62901,Côte-des-Neiges-Notre-Dame-de-Grâce,Entire home/apt,88.0,31
45.5009672,-73.61949680000001,Côte-des-Neiges-Notre-Dame-de-Grâce,Entire home/apt,62.0,32
45.49236748672463,-73.55650144903595,Le Sud-Ouest,Entire home/apt,160.0,31
45.51708849396831,-73.57638623459098,Le Plateau-Mont-Royal,Entire home/apt,199.0,1
45.51509,-73.57696,Le Plateau-Mont-Royal,Entire home/apt,176.0,1
45.51487822198956,-73.57671663591952,Le Plateau-Mont-Royal,Entire home/apt,157.0,1
45.51513,-73.57583,Le Plateau-Mont-Royal,Entire home/apt,173.0,1
45.52728853756144,-73.59714732687215,Le Plateau-Mont-Royal,Entire home/apt,213.0,1
45.51495,-73.57672,Le Plateau-Mont-Royal,Entire home/apt,177.0,1
45.4715664,-73.58375029999999,Le Sud-Ouest,Entire home/apt,149.0,170
45.46386254444016,-73.58280916160074,Le Sud-Ouest,Entire home/apt,65.0,32
45.50032,-73.55882,Ville-Marie,Entire home/apt,184.0,1
45.52038868972805,-73.56172867119312,Ville-Marie,Entire home/apt,74.0,32
45.48334330241878,-73.59925586702128,Westmount,Entire home/apt,151.0,32
45.53789441187044,-73.60424343502368,Rosemont-La Petite-Patrie,Entire home/apt,150.0,3
45.49481433065028,-73.57458595483821,Ville-Marie,Entire home/apt,77.0,60
45.4267475,-73.6281836,LaSalle,Entire home/apt,117.0,31
45.44024076386639,-73.87216117367817,Beaconsfield,Entire home/apt,129.0,31
45.57305,-73.54317,Mercier-Hochelaga-Maisonneuve,Entire home/apt,203.0,2
45.5057474,-73.5558444,Ville-Marie,Entire home/apt,247.0,2
45.45521,-73.56653,Verdun,Entire home/apt,80.0,31
45.549638810719415,-73.6463960395369,Ahuntsic-Cartierville,Entire home/apt,293.0,31
45.53107,-73.55012,Ville-Marie,Entire home/apt,117.0,31
45.55644637675835,-73.58561642467976,Rosemont-La Petite-Patrie,Entire home/apt,150.0,31
45.49188039598281,-73.583167577114,Ville-Marie,Entire home/apt,106.0,3
45.50999034298624,-73.55067358000414,Ville-Marie,Entire home/apt,83.0,31
45.53955847440203,-73.6055121048274,Rosemont-La Petite-Patrie,Entire home/apt,116.0,31
45.48122,-73.63345,Côte-des-Neiges-Notre-Dame-de-Grâce,Entire home/apt,58.0,31
45.51954898026676,-73.58841426984617,Le Plateau-Mont-Royal,Entire home/apt,65.0,31
45.51628,-73.56336,Ville-Marie,Entire home/apt,41.0,90
45.53294,-73.5851,Le Plateau-Mont-Royal,Entire home/apt,161.0,3
45.49505,-73.57456,Ville-Marie,Entire home/apt,300.0,31
45.5356527260323,-73.59234366647752,Rosemont-La Petite-Patrie,Entire home/apt,102.0,32
45.49255,-73.55678,Le Sud-Ouest,Entire home/apt,90.0,31
45.49427271166237,-73.5737687225722,Ville-Marie,Entire home/apt,143.0,31
45.4917,-73.63589,Côte-des-Neiges-Notre-Dame-de-Grâce,Entire home/apt,144.0,32
45.49673197409575,-73.58339728147584,Ville-Marie,Entire home/apt,207.0,1
45.4388199,-73.7166975,Lachine,Entire home/apt,150.0,32
45.4928847401648,-73.58283911057364,Ville-Marie,Entire home/apt,120.0,3
45.49157,-73.58428,Ville-Marie,Entire home/apt,128.0,5
45.5422559,-73.6074151,Rosemont-La Petite-Patrie,Entire home/apt,163.0,1
45.50638783985323,-73.5532004067459,Ville-Marie,Entire home/apt,292.0,4
45.493081146439465,-73.58506168151732,Ville-Marie,Entire home/apt,120.0,5
45.5459006,-73.61481880000001,Villeray-Saint-Michel-Parc-Extension,Entire home/apt,492.0,2
45.49686186142346,-73.567242770438,Ville-Marie,Entire home/apt,81.0,31
45.51641983064549,-73.58056626889733,Le Plateau-Mont-Royal,Entire home/apt,244.0,31
45.5048998,-73.56424799999999,Ville-Marie,Entire home/apt,120.0,31
45.47580314478842,-73.87311969034616,L'Île-Bizard-Sainte-Geneviève,Entire home/apt,79.0,1
45.50753006849706,-73.56437427661758,Ville-Marie,Entire home/apt,84.0,60
45.4371,-73.70184,Lachine,Entire home/apt,43.0,31
45.49353,-73.57503,Ville-Marie,Entire home/apt,92.0,31
45.44807,-73.60412,Le Sud-Ouest,Entire home/apt,141.0,1
45.51277996527153,-73.56032986557729,Ville-Marie,Entire home/apt,138.0,2
45.46037979013605,-73.66169224999537,Côte-Saint-Luc,Entire home/apt,77.0,365
45.520553065219225,-73.57709065913176,Le Plateau-Mont-Royal,Entire home/apt,174.0,1
45.53139,-73.61244,Rosemont-La Petite-Patrie,Entire home/apt,85.0,180
45.55410390378714,-73.53656245473952,Mercier-Hochelaga-Maisonneuve,Entire home/apt,104.0,31
45.49455327824635,-73.574205555819,Ville-Marie,Entire home/apt,95.0,31
45.553665,-73.600578,Villeray-Saint-Michel-Parc-Extension,Entire home/apt,72.0,31
45.4853079,-73.5596475,Le Sud-Ouest,Entire home/apt,117.0,31
45.51110994288476,-73.5629374135007,Ville-Marie,Entire home/apt,171.0,1
45.5113387846371,-73.5612181964629,Ville-Marie,Entire home/apt,201.0,2
45.47309966512263,-73.60724322705674,Côte-des-Neiges-Notre-Dame-de-Grâce,Entire home/apt,45.0,60
45.49332,-73.55895,Le Sud-Ouest,Entire home/apt,362.0,2
45.52300181117932,-73.60714705410619,Outremont,Entire home/apt,179.0,31
45.48498,-73.57964,Le Sud-Ouest,Entire home/apt,130.0,2
45.514768171103455,-73.54975730597752,Ville-Marie,Entire home/apt,150.0,31
45.49914,-73.6808,Saint-Laurent,Entire home/apt,48.0,31
45.50953,-73.56197,Ville-Marie,Entire home/apt,229.0,2
45.49740564691538,-73.57083220072613,Ville-Marie,Entire home/apt,200.0,2
45.47736,-73.58625,Le Sud-Ouest,Entire home/apt,486.0,1
45.53805,-73.60623,Rosemont-La Petite-Patrie,Entire home/apt,206.0,31
45.5056,-73.55913,Ville-Marie,Entire home/apt,277.0,31
45.5227,-73.58014,Le Plateau-Mont-Royal,Entire home/apt,949.0,3
45.49152192226008,-73.56229534864421,Le Sud-Ouest,Entire home/apt,170.0,31
45.4682503,-73.5685385,Verdun,Entire home/apt,128.0,31
45.51293,-73.56127,Ville-Marie,Entire home/apt,128.0,1
45.495380127525166,-73.57378570838904,Ville-Marie,Entire home/apt,163.0,3
45.496736435079846,-73.57709066017256,Ville-Marie,Entire home/apt,123.0,2
45.48979247914839,-73.58369132744751,Ville-Marie,Entire home/apt,182.0,3
45.49502395313517,-73.57538808002602,Ville-Marie,Entire home/apt,169.0,3
45.51308,-73.56325,Ville-Marie,Entire home/apt,160.0,3
45.5561,-73.52873,Mercier-Hochelaga-Maisonneuve,Entire home/apt,84.0,2
45.496622787348144,-73.57653873302723,Ville-Marie,Entire home/apt,190.0,2
45.5053166,-73.5617669,Ville-Marie,Entire home/apt,305.0,2
45.4939033,-73.8173588,Dollard-des-Ormeaux,Entire home/apt,1225.0,2
45.4612444093762,-73.56524368872876,Verdun,Entire home/apt,99.0,1
45.52586,-73.57952,Le Plateau-Mont-Royal,Entire home/apt,117.0,31
45.49725985898532,-73.5713174323337,Ville-Marie,Entire home/apt,500.0,5
45.497522988923,-73.58380980276412,Ville-Marie,Entire home/apt,245.0,2
45.52318652327924,-73.58110169303507,Le Plateau-Mont-Royal,Entire home/apt,250.0,2
45.4947192,-73.5749392,Ville-Marie,Entire home/apt,100.0,31
45.5388329,-73.5594,Ville-Marie,Entire home/apt,69.0,31
45.4951247,-73.5687255,Ville-Marie,Entire home/apt,100.0,31
45.576775,-73.5436692,Mercier-Hochelaga-Maisonneuve,Entire home/apt,279.0,31
45.51969,-73.58140999999999,Le Plateau-Mont-Royal,Entire home/apt,56.0,2
45.52601664713417,-73.56060925148242,Ville-Marie,Entire home/apt,175.0,5
45.46359105347077,-73.57626727354125,Verdun,Entire home/apt,60.0,32
45.49286,-73.55682,Le Sud-Ouest,Entire home/apt,114.0,31
45.51791,-73.56936,Le Plateau-Mont-Royal,Entire home/apt,153.0,1
45.51686,-73.56937,Le Plateau-Mont-Royal,Entire home/apt,130.0,1
45.51863,-73.56866,Le Plateau-Mont-Royal,Entire home/apt,128.0,1
45.49709,-73.57152,Ville-Marie,Entire home/apt,81.0,31
45.4956343571662,-73.5733769523359,Ville-Marie,Entire home/apt,72.0,180
45.46267158806437,-73.57997895817637,Verdun,Entire home/apt,112.0,31
45.48422217562616,-73.57974329245553,Le Sud-Ouest,Entire home/apt,130.0,1
45.5030866,-73.5569075,Ville-Marie,Entire home/apt,662.0,31
45.49585,-73.56927,Ville-Marie,Entire home/apt,268.0,31
45.52687328092893,-73.59826323763848,Le Plateau-Mont-Royal,Entire home/apt,86.0,31
45.5342168,-73.58136879999999,Le Plateau-Mont-Royal,Entire home/apt,107.0,31
45.5083,-73.57516,Le Plateau-Mont-Royal,Entire home/apt,166.0,1
45.50045525775911,-73.68035367231003,Saint-Laurent,Entire home/apt,125.0,31
45.49228,-73.55683,Le Sud-Ouest,Entire home/apt,101.0,31
45.47868,-73.58128,Le Sud-Ouest,Entire home/apt,220.0,2
45.50718558558703,-73.57404129509166,Le Plateau-Mont-Royal,Entire home/apt,125.0,32
45.52509268947842,-73.58323676268536,Le Plateau-Mont-Royal,Entire home/apt,770.0,2
45.52533,-73.58162,Le Plateau-Mont-Royal,Entire home/apt,290.0,2
45.52487905137546,-73.58090782869304,Le Plateau-Mont-Royal,Entire home/apt,254.0,2
45.52059,-73.5948,Le Plateau-Mont-Royal,Entire home/apt,208.0,31
45.51274839070924,-73.56116849050251,Ville-Marie,Entire home/apt,195.0,2
45.5191516,-73.5604311,Ville-Marie,Entire home/apt,599.0,3
45.44452,-73.64847,Lachine,Entire home/apt,80.0,31
45.4599694,-73.5870115,Le Sud-Ouest,Entire home/apt,91.0,31
45.49123245352661,-73.5768488276773,Ville-Marie,Entire home/apt,128.0,32
45.51579515376999,-73.57732203233763,Le Plateau-Mont-Royal,Entire home/apt,80.0,31
45.53748371586966,-73.56936215293494,Le Plateau-Mont-Royal,Entire home/apt,111.0,31
45.49637,-73.56692,Ville-Marie,Entire home/apt,100.0,31
45.50566295116353,-73.5642642412125,Ville-Marie,Entire home/apt,91.0,31
45.49463,-73.56793,Ville-Marie,Entire home/apt,120.0,31
45.522644175582165,-73.59892394813274,Le Plateau-Mont-Royal,Entire home/apt,253.0,365
45.51193,-73.57595,Le Plateau-Mont-Royal,Entire home/apt,260.0,31
45.47318,-73.56873,Verdun,Entire home/apt,120.0,32
45.5158494,-73.5655839,Ville-Marie,Entire home/apt,89.0,31
45.4607215239313,-73.6345870957621,Côte-des-Neiges-Notre-Dame-de-Grâce,Entire home/apt,122.0,2
45.5465929583334,-73.58527741228839,Rosemont-La Petite-Patrie,Entire home/apt,209.0,1
45.55784355273942,-73.60604118763504,Villeray-Saint-Michel-Parc-Extension,Entire home/apt,69.0,32
45.48879136543275,-73.56269758063485,Le Sud-Ouest,Entire home/apt,131.0,31
45.501191624522,-73.58014472105538,Ville-Marie,Entire home/apt,50.0,31
45.4901,-73.56639,Le Sud-Ouest,Entire home/apt,222.0,1
45.514,-73.56044,Ville-Marie,Entire home/apt,189.0,1
45.46993118852902,-73.61238139686638,Côte-des-Neiges-Notre-Dame-de-Grâce,Entire home/apt,124.0,1
45.47006441903692,-73.61217596252345,Côte-des-Neiges-Notre-Dame-de-Grâce,Entire home/apt,112.0,1
45.46986108936286,-73.61390319763419,Côte-des-Neiges-Notre-Dame-de-Grâce,Entire home/apt,150.0,1
45.46992224697316,-73.61227857378537,Côte-des-Neiges-Notre-Dame-de-Grâce,Entire home/apt,120.0,1
45.46816,-73.61391,Côte-des-Neiges-Notre-Dame-de-Grâce,Entire home/apt,123.0,1
45.46962449527255,-73.61228586026802,Côte-des-Neiges-Notre-Dame-de-Grâce,Entire home/apt,128.0,1
45.46796,-73.61412,Côte-des-Neiges-Notre-Dame-de-Grâce,Entire home/apt,133.0,1
45.46796538729677,-73.61224797279242,Côte-des-Neiges-Notre-Dame-de-Grâce,Entire home/apt,139.0,1
45.46864,-73.61384,Côte-des-Neiges-Notre-Dame-de-Grâce,Entire home/apt,128.0,1
45.468445540544245,-73.61363263478786,Côte-des-Neiges-Notre-Dame-de-Grâce,Entire home/apt,134.0,1
45.469731953374286,-73.61369576859109,Côte-des-Neiges-Notre-Dame-de-Grâce,Entire home/apt,125.0,1
45.52238879475737,-73.57636993814641,Le Plateau-Mont-Royal,Entire home/apt,172.0,31
45.51981288610968,-73.58503188264388,Le Plateau-Mont-Royal,Entire home/apt,146.0,1
45.53869772986148,-73.59698575712972,Rosemont-La Petite-Patrie,Entire home/apt,100.0,31
45.43676,-73.6771,Lachine,Entire home/apt,91.0,31
45.52811,-73.58398,Le Plateau-Mont-Royal,Entire home/apt,360.0,7
45.51653130001968,-73.58433717849327,Le Plateau-Mont-Royal,Entire home/apt,202.0,1
45.51718582559987,-73.58359007596366,Le Plateau-Mont-Royal,Entire home/apt,247.0,1
45.51847,-73.5839,Le Plateau-Mont-Royal,Entire home/apt,237.0,1
45.51831772559929,-73.58436708512055,Le Plateau-Mont-Royal,Entire home/apt,333.0,1
45.516555706565946,-73.58559178933169,Le Plateau-Mont-Royal,Entire home/apt,214.0,1
45.51817050470545,-73.58371295302065,Le Plateau-Mont-Royal,Entire home/apt,154.0,1
45.518772348428826,-73.58596533446281,Le Plateau-Mont-Royal,Entire home/apt,143.0,1
45.51804,-73.58558,Le Plateau-Mont-Royal,Entire home/apt,177.0,1
45.51736,-73.5859,Le Plateau-Mont-Royal,Entire home/apt,183.0,1
45.51669,-73.58423,Le Plateau-Mont-Royal,Entire home/apt,212.0,1
45.51848,-73.5854,Le Plateau-Mont-Royal,Entire home/apt,177.0,1
45.49629,-73.57144,Ville-Marie,Entire home/apt,108.0,31
45.5193366206374,-73.5834463812836,Le Plateau-Mont-Royal,Entire home/apt,136.0,1
45.49429,-73.57218,Ville-Marie,Entire home/apt,145.0,31
45.52121372202442,-73.58321417996622,Le Plateau-Mont-Royal,Entire home/apt,145.0,1
45.49631,-73.57228,Ville-Marie,Entire home/apt,120.0,31
45.4989222,-73.573813,Ville-Marie,Entire home/apt,243.0,31
45.4989222,-73.573813,Ville-Marie,Entire home/apt,243.0,31
45.55287901118656,-73.55400307719535,Mercier-Hochelaga-Maisonneuve,Entire home/apt,90.0,31
45.52228,-73.58958,Le Plateau-Mont-Royal,Entire home/apt,192.0,1
45.51799,-73.5802,Le Plateau-Mont-Royal,Entire home/apt,263.0,1
45.46089516543414,-73.88737281819718,Pierrefonds-Roxboro,Entire home/apt,95.0,1
45.46058922739316,-73.88682630865442,Pierrefonds-Roxboro,Entire home/apt,85.0,1
45.4817,-73.62827,Côte-des-Neiges-Notre-Dame-de-Grâce,Entire home/apt,93.0,31
45.52643132650816,-73.58341563510758,Le Plateau-Mont-Royal,Entire home/apt,335.0,2
45.48965,-73.58019,Ville-Marie,Entire home/apt,382.0,2
45.4928707823015,-73.55773191981685,Le Sud-Ouest,Entire home/apt,180.0,1
45.50433,-73.55606,Ville-Marie,Entire home/apt,206.0,31
45.5064652802382,-73.55947580973891,Ville-Marie,Entire home/apt,484.0,31
45.51865,-73.59058,Le Plateau-Mont-Royal,Entire home/apt,135.0,31
45.51504,-73.57426,Le Plateau-Mont-Royal,Entire home/apt,165.0,4
45.49961293497427,-73.5602449519206,Ville-Marie,Entire home/apt,76.0,31
45.4831415,-73.56146489999999,Le Sud-Ouest,Entire home/apt,257.0,1
45.51557,-73.686,Saint-Laurent,Entire home/apt,50.0,31
45.526651359182274,-73.59717540442944,Le Plateau-Mont-Royal,Entire home/apt,88.0,31
45.47126,-73.58911,Le Sud-Ouest,Entire home/apt,150.0,31
45.51192,-73.56304,Ville-Marie,Entire home/apt,109.0,1
45.50266,-73.56451,Ville-Marie,Entire home/apt,200.0,31
45.51905,-73.55695,Ville-Marie,Entire home/apt,165.0,1
45.51697952753416,-73.5576774492206,Ville-Marie,Entire home/apt,100.0,1
45.5053166,-73.5617669,Ville-Marie,Entire home/apt,222.0,2
45.49790609999999,-73.6239703,Côte-des-Neiges-Notre-Dame-de-Grâce,Entire home/apt,108.0,31
45.51415,-73.57336,Le Plateau-Mont-Royal,Entire home/apt,167.0,2
45.4931596241801,-73.57614069462774,Ville-Marie,Entire home/apt,167.0,1
45.48063,-73.57317,Le Sud-Ouest,Entire home/apt,142.0,31
45.52759,-73.57269,Le Plateau-Mont-Royal,Entire home/apt,200.0,5
45.4962,-73.56864,Ville-Marie,Entire home/apt,80.0,31
45.50422534874636,-73.55559060223437,Ville-Marie,Entire home/apt,522.0,1
45.50445502758079,-73.5564238875013,Ville-Marie,Entire home/apt,480.0,1
45.50430565473669,-73.5557079199827,Ville-Marie,Entire home/apt,451.0,1
45.50582197665389,-73.5642352658659,Ville-Marie,Entire home/apt,92.0,31
45.4611464,-73.5892879,Le Sud-Ouest,Entire home/apt,100.0,31
45.432429860031846,-73.8603667135527,Beaconsfield,Entire home/apt,167.0,32
45.50159,-73.57864,Ville-Marie,Entire home/apt,50.0,31
45.43893149431073,-73.89447900326144,Kirkland,Entire home/apt,163.0,32
45.52652,-73.54855,Ville-Marie,Entire home/apt,93.0,31
45.52621695698696,-73.57337910231169,Le Plateau-Mont-Royal,Entire home/apt,249.0,2
45.49579,-73.56939,Ville-Marie,Entire home/apt,100.0,31
45.53414212295047,-73.57525114774049,Le Plateau-Mont-Royal,Entire home/apt,116.0,31
45.51050636290697,-73.57250610164913,Le Plateau-Mont-Royal,Entire home/apt,116.0,1
45.51206359491173,-73.57275143765796,Le Plateau-Mont-Royal,Entire home/apt,91.0,1
45.51082,-73.57214,Le Plateau-Mont-Royal,Entire home/apt,105.0,1
45.51121,-73.57273,Le Plateau-Mont-Royal,Entire home/apt,98.0,1
45.46111980798263,-73.59076059828017,Le Sud-Ouest,Entire home/apt,102.0,31
45.493521211409984,-73.5613166317105,Le Sud-Ouest,Entire home/apt,1000.0,1
45.45959746489381,-73.59203397319368,Le Sud-Ouest,Entire home/apt,250.0,3
45.54257,-73.62056,Villeray-Saint-Michel-Parc-Extension,Entire home/apt,115.0,31
45.55183,-73.59111,Rosemont-La Petite-Patrie,Entire home/apt,55.0,31
45.4964401,-73.6348172,Côte-des-Neiges-Notre-Dame-de-Grâce,Entire home/apt,90.0,31
45.49477750748359,-73.57388337429553,Ville-Marie,Entire home/apt,84.0,32
45.51151,-73.56323,Ville-Marie,Entire home/apt,161.0,1
45.50100333173735,-73.57430387288332,Ville-Marie,Entire home/apt,119.0,3
45.49224,-73.55796,Le Sud-Ouest,Entire home/apt,115.0,160
45.49548789961477,-73.58007044008274,Ville-Marie,Entire home/apt,101.0,1
45.47277,-73.60916,Côte-des-Neiges-Notre-Dame-de-Grâce,Entire home/apt,203.0,2
45.47334315535865,-73.60363377227412,Côte-des-Neiges-Notre-Dame-de-Grâce,Entire home/apt,148.0,2
45.52976959999999,-73.5771476,Le Plateau-Mont-Royal,Entire home/apt,246.0,31
45.49379208622008,-73.5737299130543,Ville-Marie,Entire home/apt,86.0,32
45.493765196178295,-73.57603289789459,Ville-Marie,Entire home/apt,93.0,32
45.49545190205885,-73.57406834816369,Ville-Marie,Entire home/apt,91.0,32
45.49408098766521,-73.57575035133559,Ville-Marie,Entire home/apt,112.0,32
45.49322896859928,-73.57517010756342,Ville-Marie,Entire home/apt,105.0,32
45.49451968499178,-73.57365220954385,Ville-Marie,Entire home/apt,110.0,32
45.49548,-73.57587,Ville-Marie,Entire home/apt,93.0,32
45.49492175697272,-73.57364308622222,Ville-Marie,Entire home/apt,86.0,32
45.49473988792029,-73.57379385577357,Ville-Marie,Entire home/apt,102.0,31
45.4931807230794,-73.57430563337829,Ville-Marie,Entire home/apt,125.0,32
45.49339038402682,-73.57560841483449,Ville-Marie,Entire home/apt,106.0,32
45.47631933067868,-73.60831218197431,Côte-des-Neiges-Notre-Dame-de-Grâce,Entire home/apt,155.0,2
45.47459,-73.60299,Côte-des-Neiges-Notre-Dame-de-Grâce,Entire home/apt,134.0,2
45.6101374,-73.51118459999999,Mercier-Hochelaga-Maisonneuve,Entire home/apt,74.0,32
45.49680174966678,-73.5742274299264,Ville-Marie,Entire home/apt,127.0,1
45.507542901415306,-73.56837224018942,Ville-Marie,Entire home/apt,150.0,31
45.523715765256725,-73.59440256843182,Le Plateau-Mont-Royal,Entire home/apt,112.0,2
45.48995,-73.58383,Ville-Marie,Entire home/apt,114.0,1
45.49689009999999,-73.5718191,Ville-Marie,Entire home/apt,155.0,92
45.50808878782927,-73.56848356544168,Ville-Marie,Entire home/apt,84.0,31
45.50636,-73.56895,Ville-Marie,Entire home/apt,152.0,31
45.5076766644162,-73.56864594760779,Ville-Marie,Entire home/apt,100.0,31
45.50773591477565,-73.5703476828261,Ville-Marie,Entire home/apt,160.0,31
45.50606,-73.56978,Ville-Marie,Entire home/apt,104.0,31
45.50801706838343,-73.56885680128886,Ville-Marie,Entire home/apt,120.0,31
45.6111733720492,-73.51149675266824,Mercier-Hochelaga-Maisonneuve,Entire home/apt,79.0,31
45.60933,-73.5102,Mercier-Hochelaga-Maisonneuve,Entire home/apt,83.0,31
45.50645059733266,-73.55606013874505,Ville-Marie,Entire home/apt,565.0,31
45.50498767810662,-73.55822738167625,Ville-Marie,Entire home/apt,404.0,31
45.505136278564606,-73.55724172579497,Ville-Marie,Entire home/apt,378.0,31
45.50607247878301,-73.55652043458542,Ville-Marie,Entire home/apt,488.0,31
45.49159,-73.58348,Ville-Marie,Entire home/apt,124.0,2
45.50426,-73.5579,Ville-Marie,Entire home/apt,363.0,31
45.49242453785492,-73.58515563118779,Ville-Marie,Entire home/apt,109.0,6
45.49372,-73.58371,Ville-Marie,Entire home/apt,106.0,3
45.49231135531109,-73.5848698018848,Ville-Marie,Entire home/apt,120.0,31
45.5121024900419,-73.5614337242241,Ville-Marie,Entire home/apt,106.0,1
45.5084,-73.56845,Ville-Marie,Entire home/apt,104.0,31
45.50691773965885,-73.57063273076422,Ville-Marie,Entire home/apt,84.0,31
45.50764,-73.57038,Ville-Marie,Entire home/apt,108.0,31
45.5379373,-73.5696273,Le Plateau-Mont-Royal,Entire home/apt,128.0,31
45.50801147674737,-73.5689256750082,Ville-Marie,Entire home/apt,120.0,31
45.50809,-73.57008,Ville-Marie,Entire home/apt,185.0,31
45.508260040694175,-73.56987246702623,Ville-Marie,Entire home/apt,144.0,31
45.50838,-73.57073,Ville-Marie,Entire home/apt,144.0,31
45.50671539223204,-73.57075281182263,Ville-Marie,Entire home/apt,104.0,31
45.50785813598808,-73.56865399164157,Ville-Marie,Entire home/apt,104.0,31
45.50660436153933,-73.56888138501446,Ville-Marie,Entire home/apt,83.0,31
45.50776003366618,-73.57042634137898,Ville-Marie,Entire home/apt,100.0,31
45.50790914484589,-73.56856566396873,Ville-Marie,Entire home/apt,176.0,31
45.50629,-73.57049,Ville-Marie,Entire home/apt,115.0,31
45.50617,-73.56931,Ville-Marie,Entire home/apt,120.0,31
45.49469888358613,-73.56772586717607,Ville-Marie,Entire home/apt,122.0,31
45.493641943641606,-73.57373650915714,Ville-Marie,Entire home/apt,99.0,32
45.4933554520756,-73.57432035867738,Ville-Marie,Entire home/apt,92.0,32
45.434296912185296,-73.67686165454197,Lachine,Entire home/apt,108.0,32
45.49377,-73.57419,Ville-Marie,Entire home/apt,125.0,31
45.49510591793136,-73.60853912097015,Côte-des-Neiges-Notre-Dame-de-Grâce,Entire home/apt,81.0,31
45.45061193299882,-73.60038098937892,Le Sud-Ouest,Entire home/apt,105.0,1
45.46500870111701,-73.56540290812069,Verdun,Entire home/apt,107.0,31
45.52757,-73.72338,Ahuntsic-Cartierville,Entire home/apt,63.0,31
45.49853,-73.65053,Côte-des-Neiges-Notre-Dame-de-Grâce,Entire home/apt,91.0,31
45.54043351281518,-73.68294378086911,Ahuntsic-Cartierville,Entire home/apt,253.0,31
45.49468,-73.58136,Ville-Marie,Entire home/apt,133.0,1
45.55024,-73.57885,Rosemont-La Petite-Patrie,Entire home/apt,71.0,31
45.49001809351843,-73.58356375062549,Ville-Marie,Entire home/apt,142.0,1
45.54845717919215,-73.58293206119926,Rosemont-La Petite-Patrie,Entire home/apt,60.0,31
45.53119033135906,-73.55207300518099,Ville-Marie,Entire home/apt,176.0,1
45.53179,-73.55389,Ville-Marie,Entire home/apt,315.0,1
45.531246958380585,-73.55245728655918,Ville-Marie,Entire home/apt,143.0,1
45.524,-73.55728,Ville-Marie,Entire home/apt,189.0,31
45.501820284351794,-73.55500320396052,Ville-Marie,Entire home/apt,214.0,1
45.50201566944848,-73.55627435964483,Ville-Marie,Entire home/apt,244.0,1
45.50397,-73.55639,Ville-Marie,Entire home/apt,247.0,1
45.5361256783235,-73.59245020777331,Rosemont-La Petite-Patrie,Entire home/apt,86.0,32
45.5209734,-73.56724299999999,Le Plateau-Mont-Royal,Entire home/apt,90.0,31
45.49227,-73.55949,Le Sud-Ouest,Entire home/apt,108.0,31
45.5145133606044,-73.5667815322798,Ville-Marie,Entire home/apt,175.0,2
45.43846,-73.88936,Kirkland,Entire home/apt,209.0,32
45.50642573816667,-73.56570415714721,Ville-Marie,Entire home/apt,150.0,31
45.51469116412739,-73.56464849114012,Ville-Marie,Entire home/apt,389.0,2
45.51632012611492,-73.56530028527413,Ville-Marie,Entire home/apt,332.0,2
45.61097,-73.51683,Mercier-Hochelaga-Maisonneuve,Entire home/apt,152.0,1
45.530033482303175,-73.60728889484645,Rosemont-La Petite-Patrie,Entire home/apt,45.0,31
45.53316,-73.61529,Rosemont-La Petite-Patrie,Entire home/apt,78.0,1
45.52033077721104,-73.55788296030325,Ville-Marie,Entire home/apt,159.0,2
45.527661870785074,-73.56507027636854,Le Plateau-Mont-Royal,Entire home/apt,111.0,32
45.51949612601503,-73.56581549374336,Ville-Marie,Entire home/apt,113.0,31
45.5193395591909,-73.57307743281126,Le Plateau-Mont-Royal,Entire home/apt,164.0,2
45.50196649999999,-73.79295499999999,Dollard-des-Ormeaux,Entire home/apt,150.0,2
45.51414862579299,-73.56498544322262,Ville-Marie,Entire home/apt,344.0,2
45.49877,-73.56036,Ville-Marie,Entire home/apt,187.0,3
45.50123308074371,-73.55468653030098,Ville-Marie,Entire home/apt,1013.0,31
45.5386,-73.61188,Rosemont-La Petite-Patrie,Entire home/apt,50.0,31
45.49293279739667,-73.57940164699144,Ville-Marie,Entire home/apt,598.0,1
45.4550715428736,-73.59148912131786,Le Sud-Ouest,Entire home/apt,96.0,31
45.53890442554666,-73.60652570020156,Rosemont-La Petite-Patrie,Entire home/apt,221.0,1
45.52702,-73.551,Ville-Marie,Entire home/apt,58.0,120
45.54039924469498,-73.62103335578703,Villeray-Saint-Michel-Parc-Extension,Entire home/apt,112.0,32
45.5188077,-73.5831413,Le Plateau-Mont-Royal,Entire home/apt,233.0,2
45.5188077,-73.5831413,Le Plateau-Mont-Royal,Entire home/apt,776.0,1
45.5188077,-73.5831413,Le Plateau-Mont-Royal,Entire home/apt,742.0,1
45.50749,-73.55296,Ville-Marie,Entire home/apt,190.0,2
45.48996670023348,-73.58347446914888,Ville-Marie,Entire home/apt,147.0,1
45.51913,-73.55638,Ville-Marie,Entire home/apt,187.0,31
45.54254,-73.61948,Villeray-Saint-Michel-Parc-Extension,Entire home/apt,114.0,31
45.50503,-73.55541,Ville-Marie,Entire home/apt,303.0,1
45.45894,-73.59198,Le Sud-Ouest,Entire home/apt,155.0,3
45.52399,-73.54998,Ville-Marie,Entire home/apt,45.0,31
45.55355,-73.53881,Mercier-Hochelaga-Maisonneuve,Entire home/apt,71.0,31
45.44465,-73.77619,Dorval,Entire home/apt,81.0,1
45.51852,-73.58045,Le Plateau-Mont-Royal,Entire home/apt,123.0,31
45.50713,-73.56598,Ville-Marie,Entire home/apt,98.0,60
45.49893,-73.55875,Ville-Marie,Entire home/apt,251.0,1
45.46729,-73.63947,Côte-des-Neiges-Notre-Dame-de-Grâce,Entire home/apt,110.0,1
45.4657,-73.64072,Côte-des-Neiges-Notre-Dame-de-Grâce,Entire home/apt,109.0,1
45.46571,-73.64099,Côte-des-Neiges-Notre-Dame-de-Grâce,Entire home/apt,111.0,1
45.46766,-73.64109,Côte-des-Neiges-Notre-Dame-de-Grâce,Entire home/apt,98.0,1
45.46765,-73.6411,Côte-des-Neiges-Notre-Dame-de-Grâce,Entire home/apt,94.0,1
45.46581,-73.63924,Côte-des-Neiges-Notre-Dame-de-Grâce,Entire home/apt,102.0,1
45.46587,-73.64155,Côte-des-Neiges-Notre-Dame-de-Grâce,Entire home/apt,101.0,1
45.46773,-73.64106,Côte-des-Neiges-Notre-Dame-de-Grâce,Entire home/apt,126.0,1
45.4657,-73.63948,Côte-des-Neiges-Notre-Dame-de-Grâce,Entire home/apt,94.0,1
45.53405,-73.60609,Rosemont-La Petite-Patrie,Entire home/apt,71.0,31
45.5579,-73.53496,Mercier-Hochelaga-Maisonneuve,Entire home/apt,82.0,1
45.49886,-73.55806,Ville-Marie,Entire home/apt,171.0,1
45.49952,-73.55833,Ville-Marie,Entire home/apt,215.0,1
45.49914,-73.56014,Ville-Marie,Entire home/apt,199.0,1
45.49898,-73.55835,Ville-Marie,Entire home/apt,185.0,1
45.55774,-73.53553,Mercier-Hochelaga-Maisonneuve,Entire home/apt,95.0,1
45.55831,-73.53525,Mercier-Hochelaga-Maisonneuve,Entire home/apt,100.0,1
45.55759,-73.53336,Mercier-Hochelaga-Maisonneuve,Entire home/apt,99.0,1
45.52992,-73.56632,Le Plateau-Mont-Royal,Entire home/apt,86.0,31
45.52583,-73.58364,Le Plateau-Mont-Royal,Entire home/apt,460.0,1
45.53708,-73.60533,Rosemont-La Petite-Patrie,Entire home/apt,239.0,2
45.46239,-73.58307,Le Sud-Ouest,Entire home/apt,67.0,32
45.44945,-73.57141,Verdun,Entire home/apt,87.0,31
45.54319,-73.53925,Mercier-Hochelaga-Maisonneuve,Entire home/apt,200.0,1
45.49872,-73.56029,Ville-Marie,Entire home/apt,408.0,2
45.53314899999999,-73.61525979999999,Rosemont-La Petite-Patrie,Entire home/apt,109.0,1
45.49817,-73.55782,Ville-Marie,Entire home/apt,75.0,31
45.57466,-73.58409,Saint-Léonard,Entire home/apt,72.0,31
45.490113444058665,-73.56690355900204,Le Sud-Ouest,Entire home/apt,627.0,1
45.51965,-73.58339,Le Plateau-Mont-Royal,Entire home/apt,133.0,1
45.51740965273533,-73.57936250542512,Le Plateau-Mont-Royal,Entire home/apt,175.0,1
45.45622811635722,-73.65475699076138,Montréal-Ouest,Entire home/apt,128.0,31
45.5121772,-73.5621166,Ville-Marie,Entire home/apt,149.0,2
45.49161363469357,-73.57840701615237,Ville-Marie,Entire home/apt,302.0,1
45.5010751,-73.5574723,Ville-Marie,Entire home/apt,225.0,31
45.52252,-73.56242,Ville-Marie,Entire home/apt,161.0,1
45.52374,-73.56276,Ville-Marie,Entire home/apt,215.0,1
45.52233,-73.56072,Ville-Marie,Entire home/apt,121.0,1
45.49100426155919,-73.58068243648242,Ville-Marie,Entire home/apt,244.0,1
45.49304,-73.57996,Ville-Marie,Entire home/apt,187.0,1
45.4923,-73.57853,Ville-Marie,Entire home/apt,167.0,1
45.49132,-73.57902,Ville-Marie,Entire home/apt,198.0,1
45.43272,-73.59866,LaSalle,Entire home/apt,139.0,2
45.53186,-73.56116,Ville-Marie,Entire home/apt,43.0,31
45.44703,-73.7489911,Dorval,Entire home/apt,214.0,1
45.45757,-73.58944,Le Sud-Ouest,Entire home/apt,117.0,31
45.45105,-73.59823,Le Sud-Ouest,Entire home/apt,294.0,1
45.4954983416985,-73.5758878114212,Ville-Marie,Entire home/apt,74.0,31
45.5298552,-73.62743689999999,Villeray-Saint-Michel-Parc-Extension,Entire home/apt,134.0,32
45.55542867872096,-73.58989018946886,Rosemont-La Petite-Patrie,Entire home/apt,76.0,31
45.50098,-73.57379,Ville-Marie,Entire home/apt,62.0,31
45.4730898723488,-73.60653153254508,Côte-des-Neiges-Notre-Dame-de-Grâce,Entire home/apt,178.0,2
45.46381,-73.61682,Côte-des-Neiges-Notre-Dame-de-Grâce,Entire home/apt,129.0,1
45.51572714799069,-73.55972230279338,Ville-Marie,Entire home/apt,85.0,31
45.51121586554201,-73.56563116827424,Ville-Marie,Entire home/apt,126.0,31
45.51111,-73.56596,Ville-Marie,Entire home/apt,125.0,31
45.509259059139936,-73.56442040840491,Ville-Marie,Entire home/apt,145.0,31
45.50996070542627,-73.5532603506611,Ville-Marie,Entire home/apt,144.0,31
45.51759227063884,-73.55735141547221,Ville-Marie,Entire home/apt,70.0,31
45.431462445590455,-73.62484059534846,LaSalle,Entire home/apt,103.0,1
45.51752,-73.55881,Ville-Marie,Entire home/apt,78.0,31
45.49323,-73.5604,Le Sud-Ouest,Entire home/apt,777.0,3
45.518850194432645,-73.55882153982152,Ville-Marie,Entire home/apt,58.0,31
45.50159347136553,-73.58395437832982,Ville-Marie,Entire home/apt,80.0,31
45.49443717998421,-73.57246836791073,Ville-Marie,Entire home/apt,117.0,31
45.49507,-73.56989,Ville-Marie,Entire home/apt,145.0,31
45.5252765717702,-73.58527152695441,Le Plateau-Mont-Royal,Entire home/apt,440.0,1
45.4981711,-73.55781809999999,Ville-Marie,Entire home/apt,70.0,31
45.49322200600881,-73.5638555953708,Le Sud-Ouest,Entire home/apt,181.0,1
45.511086307029295,-73.5604604996035,Ville-Marie,Entire home/apt,141.0,1
45.493369278708855,-73.56390955087736,Le Sud-Ouest,Entire home/apt,127.0,1
45.51138,-73.55987,Ville-Marie,Entire home/apt,159.0,1
45.49166209132192,-73.56327055976098,Le Sud-Ouest,Entire home/apt,145.0,1
45.49301,-73.56333,Le Sud-Ouest,Entire home/apt,164.0,1
45.49112156646176,-73.56360728647132,Le Sud-Ouest,Entire home/apt,199.0,1
45.49143,-73.56407,Le Sud-Ouest,Entire home/apt,137.0,1
45.49379,-73.5834,Ville-Marie,Entire home/apt,65.0,31
45.548865,-73.5734979,Rosemont-La Petite-Patrie,Entire home/apt,87.0,31
45.54425533953936,-73.59416611803401,Rosemont-La Petite-Patrie,Entire home/apt,105.0,31
45.6175951753296,-73.6308234006462,Montréal-Nord,Entire home/apt,247.0,31
45.61734,-73.6295,Montréal-Nord,Entire home/apt,195.0,31
45.55526,-73.612,Villeray-Saint-Michel-Parc-Extension,Entire home/apt,86.0,32
45.51024,-73.56945,Ville-Marie,Entire home/apt,88.0,1
45.49434,-73.5709,Ville-Marie,Entire home/apt,110.0,31
45.51108718558538,-73.5632937447177,Ville-Marie,Entire home/apt,217.0,29
45.51978,-73.58564,Le Plateau-Mont-Royal,Entire home/apt,214.0,1
45.5023485524078,-73.556329443448,Ville-Marie,Entire home/apt,573.0,1
45.52293,-73.57978,Le Plateau-Mont-Royal,Entire home/apt,283.0,3
45.517835,-73.557559,Ville-Marie,Entire home/apt,217.0,5
45.5654242,-73.5788477,Rosemont-La Petite-Patrie,Entire home/apt,79.0,32
45.5347,-73.578,Le Plateau-Mont-Royal,Entire home/apt,131.0,32
45.5133071,-73.5709471,Le Plateau-Mont-Royal,Entire home/apt,294.0,2
45.47011458811643,-73.5874879360199,Le Sud-Ouest,Entire home/apt,47.0,31
45.50622002634766,-73.56899636750445,Ville-Marie,Entire home/apt,144.0,31
45.55589,-73.52941,Mercier-Hochelaga-Maisonneuve,Entire home/apt,107.0,1
45.52411713815203,-73.58494083732333,Le Plateau-Mont-Royal,Entire home/apt,630.0,1
45.53304,-73.60669,Rosemont-La Petite-Patrie,Entire home/apt,555.0,1
45.57086911627489,-73.57379114603272,Rosemont-La Petite-Patrie,Entire home/apt,110.0,31
45.49645,-73.57619,Ville-Marie,Entire home/apt,205.0,31
45.4947532,-73.5587213,Le Sud-Ouest,Entire home/apt,75.0,31
45.49369,-73.5597,Le Sud-Ouest,Entire home/apt,609.0,3
45.4959143,-73.5678385,Ville-Marie,Entire home/apt,110.0,31
45.45815,-73.5853,Le Sud-Ouest,Entire home/apt,175.0,31
45.49127261587975,-73.57868972718248,Ville-Marie,Entire home/apt,130.0,1
45.50816032700861,-73.55851533712212,Ville-Marie,Entire home/apt,248.0,1
45.52355,-73.56243,Ville-Marie,Entire home/apt,210.0,1
45.49495,-73.56961,Ville-Marie,Entire home/apt,146.0,31
45.52902,-73.58068,Le Plateau-Mont-Royal,Entire home/apt,50.0,90
45.54158446498016,-73.60321300779198,Rosemont-La Petite-Patrie,Entire home/apt,112.0,31
45.45002,-73.59369,Le Sud-Ouest,Entire home/apt,133.0,31
45.41122941964851,-73.92820416581962,Baie-d'Urfé,Entire home/apt,104.0,31
45.53316299999999,-73.6152895,Rosemont-La Petite-Patrie,Entire home/apt,81.0,1
45.53313199999999,-73.615348,Rosemont-La Petite-Patrie,Entire home/apt,99.0,1
45.57068672649565,-73.65831815689675,Ahuntsic-Cartierville,Entire home/apt,156.0,31
45.54474,-73.59433,Rosemont-La Petite-Patrie,Entire home/apt,158.0,31
45.532718,-73.61095619999999,Rosemont-La Petite-Patrie,Entire home/apt,151.0,2
45.461189531518855,-73.63725161472257,Côte-des-Neiges-Notre-Dame-de-Grâce,Entire home/apt,185.0,1
45.53941,-73.60801,Rosemont-La Petite-Patrie,Entire home/apt,82.0,31
45.51466,-73.57225,Le Plateau-Mont-Royal,Entire home/apt,170.0,31
45.51312,-73.57114,Le Plateau-Mont-Royal,Entire home/apt,170.0,31
45.51451308707891,-73.5726467685392,Le Plateau-Mont-Royal,Entire home/apt,170.0,31
45.51268943092801,-73.57111107968986,Le Plateau-Mont-Royal,Entire home/apt,170.0,31
45.5055862,-73.5630135,Ville-Marie,Entire home/apt,93.0,31
45.51359061540209,-73.57067982296887,Le Plateau-Mont-Royal,Entire home/apt,170.0,31
45.496004545762695,-73.56788141534425,Ville-Marie,Entire home/apt,140.0,31
45.5190717860903,-73.59345389664708,Le Plateau-Mont-Royal,Entire home/apt,188.0,2
45.5053166,-73.5617669,Ville-Marie,Entire home/apt,511.0,2
45.50929734895962,-73.5711260638842,Le Plateau-Mont-Royal,Entire home/apt,184.0,1
45.5171116,-73.5831025,Le Plateau-Mont-Royal,Entire home/apt,236.0,1
45.53408685604252,-73.56859343209096,Le Plateau-Mont-Royal,Entire home/apt,218.0,1
45.41993978795603,-73.61908924828099,LaSalle,Entire home/apt,70.0,31
45.51908,-73.55476,Ville-Marie,Entire home/apt,94.0,31
45.4972527,-73.58424959999999,Ville-Marie,Entire home/apt,228.0,1
45.4972527,-73.58424959999999,Ville-Marie,Entire home/apt,323.0,1
45.5078921,-73.5539921,Ville-Marie,Entire home/apt,195.0,3
45.51863,-73.58123,Le Plateau-Mont-Royal,Entire home/apt,158.0,31
45.496955427072194,-73.57409394958039,Ville-Marie,Entire home/apt,150.0,31
45.5211895,-73.5993802,Le Plateau-Mont-Royal,Entire home/apt,271.0,31
45.45322,-73.58541,Le Sud-Ouest,Entire home/apt,120.0,31
45.515512927536136,-73.55952792755583,Ville-Marie,Entire home/apt,143.0,31
45.51752,-73.56095,Ville-Marie,Entire home/apt,100.0,31
45.49445955612386,-73.57043367361447,Ville-Marie,Entire home/apt,125.0,31
45.52375,-73.58505,Le Plateau-Mont-Royal,Entire home/apt,116.0,1
45.52564991011907,-73.58326290432493,Le Plateau-Mont-Royal,Entire home/apt,131.0,1
45.546538783907664,-73.59181733259233,Rosemont-La Petite-Patrie,Entire home/apt,129.0,31
45.5138331,-73.5706792,Le Plateau-Mont-Royal,Entire home/apt,68.0,31
45.49673,-73.57519,Ville-Marie,Entire home/apt,75.0,31
45.46095652908302,-73.88962075501279,Pierrefonds-Roxboro,Entire home/apt,111.0,1
45.513113085112586,-73.57271715140558,Le Plateau-Mont-Royal,Entire home/apt,146.0,3
45.48062,-73.62551,Côte-des-Neiges-Notre-Dame-de-Grâce,Entire home/apt,100.0,1
45.48447796104991,-73.6321799855756,Côte-des-Neiges-Notre-Dame-de-Grâce,Entire home/apt,95.0,31
45.55749787212245,-73.60274702310562,Villeray-Saint-Michel-Parc-Extension,Entire home/apt,212.0,31
45.5073026811042,-73.55335404415882,Ville-Marie,Entire home/apt,342.0,2
45.461854181867146,-73.6441503055581,Côte-des-Neiges-Notre-Dame-de-Grâce,Entire home/apt,86.0,2
45.49421820785971,-73.56964913894188,Ville-Marie,Entire home/apt,192.0,31
45.54332,-73.54998,Mercier-Hochelaga-Maisonneuve,Entire home/apt,65.0,31
45.55818,-73.53356,Mercier-Hochelaga-Maisonneuve,Entire home/apt,103.0,1
45.55802,-73.53327,Mercier-Hochelaga-Maisonneuve,Entire home/apt,87.0,1
45.55752,-73.53553,Mercier-Hochelaga-Maisonneuve,Entire home/apt,83.0,1
45.516853064521925,-73.57502239699377,Le Plateau-Mont-Royal,Entire home/apt,274.0,3
45.49764375463244,-73.58379898888549,Ville-Marie,Entire home/apt,181.0,1
45.544631454767455,-73.54768294706133,Mercier-Hochelaga-Maisonneuve,Entire home/apt,73.0,1
45.49829957632067,-73.57511683157412,Ville-Marie,Entire home/apt,148.0,1
45.5259303,-73.58131999999999,Le Plateau-Mont-Royal,Entire home/apt,308.0,31
45.53997,-73.68272,Ahuntsic-Cartierville,Entire home/apt,125.0,31
45.490592566163286,-73.57889607548856,Ville-Marie,Entire home/apt,65.0,32
45.46608602075006,-73.66864856824483,Côte-Saint-Luc,Entire home/apt,143.0,1
45.48578,-73.6459,Hampstead,Entire home/apt,67.0,3
45.497378089451125,-73.57931686949964,Ville-Marie,Entire home/apt,168.0,1
45.48073,-73.57559,Le Sud-Ouest,Entire home/apt,209.0,31
45.48085,-73.57635,Le Sud-Ouest,Entire home/apt,110.0,31
45.47946,-73.57618,Le Sud-Ouest,Entire home/apt,151.0,31
45.49228,-73.58509,Ville-Marie,Entire home/apt,120.0,2
45.48075,-73.57339,Le Sud-Ouest,Entire home/apt,151.0,31
45.48001780853196,-73.59266737306714,Westmount,Entire home/apt,82.0,1
45.5054289,-73.5633315,Ville-Marie,Entire home/apt,212.0,1
45.49684224352997,-73.57936962110087,Ville-Marie,Entire home/apt,166.0,1
45.49879,-73.57754,Ville-Marie,Entire home/apt,154.0,1
45.49811395468763,-73.57934297196569,Ville-Marie,Entire home/apt,165.0,1
45.49679,-73.57745,Ville-Marie,Entire home/apt,153.0,1
45.49646,-73.57725,Ville-Marie,Entire home/apt,149.0,1
45.49785,-73.57919,Ville-Marie,Entire home/apt,168.0,1
45.49741,-73.57711,Ville-Marie,Entire home/apt,144.0,1
45.49836764929051,-73.57894283031376,Ville-Marie,Entire home/apt,152.0,1
45.49649780765776,-73.57930948329484,Ville-Marie,Entire home/apt,152.0,1
45.49795390544652,-73.57705700430364,Ville-Marie,Entire home/apt,151.0,1
45.49664,-73.57742,Ville-Marie,Entire home/apt,151.0,1
45.51649880663454,-73.55297636261297,Ville-Marie,Entire home/apt,92.0,31
45.50283,-73.55901,Ville-Marie,Entire home/apt,198.0,2
45.43507635582908,-73.68780704292257,Lachine,Entire home/apt,149.0,2
45.538982,-73.569788,Le Plateau-Mont-Royal,Entire home/apt,43.0,31
45.52059,-73.58828,Le Plateau-Mont-Royal,Entire home/apt,78.0,31
45.47962,-73.59455,Westmount,Entire home/apt,180.0,1
45.54554047084523,-73.58040485015482,Rosemont-La Petite-Patrie,Entire home/apt,100.0,180
45.5054289,-73.5633315,Ville-Marie,Entire home/apt,158.0,31
45.5054289,-73.5633315,Ville-Marie,Entire home/apt,197.0,31
45.5054289,-73.5633315,Ville-Marie,Entire home/apt,164.0,31
45.5054289,-73.5633315,Ville-Marie,Entire home/apt,151.0,31
45.5054289,-73.5633315,Ville-Marie,Entire home/apt,206.0,31
45.51912,-73.55751,Ville-Marie,Entire home/apt,308.0,2
45.518085864415696,-73.55395869161669,Ville-Marie,Entire home/apt,79.0,31
45.55672,-73.58836,Rosemont-La Petite-Patrie,Entire home/apt,203.0,2
45.49519033612626,-73.57080044104889,Ville-Marie,Entire home/apt,76.0,31
45.49133214248467,-73.58414663004224,Ville-Marie,Entire home/apt,142.0,1
45.4893,-73.58357,Ville-Marie,Entire home/apt,133.0,1
45.48912,-73.58393,Ville-Marie,Entire home/apt,139.0,1
45.49719,-73.57615,Ville-Marie,Entire home/apt,190.0,1
45.49662,-73.57762,Ville-Marie,Entire home/apt,236.0,1
45.49296130694888,-73.57840831700697,Ville-Marie,Entire home/apt,214.0,1
45.50965,-73.57687,Le Plateau-Mont-Royal,Entire home/apt,131.0,1
45.5231,-73.59441,Le Plateau-Mont-Royal,Entire home/apt,134.0,2
45.53169,-73.56117,Ville-Marie,Entire home/apt,150.0,1
45.51599,-73.56811,Le Plateau-Mont-Royal,Entire home/apt,85.0,186
45.4926424188383,-73.55707979600672,Le Sud-Ouest,Entire home/apt,197.0,1
45.54734754616578,-73.54239089664506,Mercier-Hochelaga-Maisonneuve,Entire home/apt,135.0,31
45.51845011744589,-73.56697736039231,Le Plateau-Mont-Royal,Entire home/apt,549.0,1
45.49812,-73.57242,Ville-Marie,Entire home/apt,198.0,2
45.481128161735874,-73.59443695127378,Westmount,Entire home/apt,133.0,1
45.48138163836456,-73.59420240144999,Westmount,Entire home/apt,117.0,1
45.51469,-73.5564,Ville-Marie,Entire home/apt,326.0,1
45.49907819022548,-73.55847780676795,Ville-Marie,Entire home/apt,144.0,3
45.48956,-73.62958,Côte-des-Neiges-Notre-Dame-de-Grâce,Entire home/apt,154.0,1
45.51228831223483,-73.56088025486807,Ville-Marie,Entire home/apt,131.0,1
45.52259527434683,-73.57825939684493,Le Plateau-Mont-Royal,Entire home/apt,116.0,1
45.51414293484934,-73.55713085304751,Ville-Marie,Entire home/apt,145.0,1
45.53676000000001,-73.58474799999999,Le Plateau-Mont-Royal,Entire home/apt,80.0,31
45.48783728890932,-73.56644313820111,Le Sud-Ouest,Entire home/apt,364.0,2
45.51837054016304,-73.58547952478763,Le Plateau-Mont-Royal,Entire home/apt,216.0,1
45.49903814967564,-73.56012900578257,Ville-Marie,Entire home/apt,210.0,1
45.48220927257029,-73.57435279914904,Le Sud-Ouest,Entire home/apt,131.0,2
45.43075170208143,-73.59506413274747,LaSalle,Entire home/apt,156.0,5
45.49454372936927,-73.56455605477095,Ville-Marie,Entire home/apt,113.0,31
45.51429,-73.5697,Le Plateau-Mont-Royal,Entire home/apt,70.0,31
45.5194635,-73.5765258,Le Plateau-Mont-Royal,Entire home/apt,56.0,240
45.49454,-73.58228,Ville-Marie,Entire home/apt,77.0,31
45.51734,-73.57037,Le Plateau-Mont-Royal,Entire home/apt,171.0,1
45.49325,-73.56398,Le Sud-Ouest,Entire home/apt,1048.0,1
45.49755821998873,-73.57212297337131,Ville-Marie,Entire home/apt,186.0,1
45.49845433653494,-73.5742671024422,Ville-Marie,Entire home/apt,359.0,1
45.47033,-73.53969,Verdun,Entire home/apt,89.0,31
45.48942,-73.58134,Ville-Marie,Entire home/apt,140.0,1
45.51080299767947,-73.61469792628226,Outremont,Entire home/apt,170.0,1
45.49339251517325,-73.57538509074512,Ville-Marie,Entire home/apt,156.0,183
45.52974,-73.605,Rosemont-La Petite-Patrie,Entire home/apt,166.0,1
45.50621520346776,-73.56521063068847,Ville-Marie,Entire home/apt,79.0,60
45.50492745656784,-73.55885919521718,Ville-Marie,Entire home/apt,215.0,31
45.49264,-73.56011,Le Sud-Ouest,Entire home/apt,1154.0,3
45.50304936960637,-73.55437622970292,Ville-Marie,Entire home/apt,402.0,31
45.5163605,-73.5783561,Le Plateau-Mont-Royal,Entire home/apt,181.0,1
45.4836,-73.62992,Côte-des-Neiges-Notre-Dame-de-Grâce,Entire home/apt,407.0,31
45.49879595708237,-73.57952449410662,Ville-Marie,Entire home/apt,132.0,1
45.49708822954651,-73.5780281246454,Ville-Marie,Entire home/apt,214.0,1
45.51433685625253,-73.56989845834883,Le Plateau-Mont-Royal,Entire home/apt,60.0,31
45.49381079046362,-73.582844016428,Ville-Marie,Entire home/apt,118.0,4
45.53169,-73.59182,Le Plateau-Mont-Royal,Entire home/apt,79.0,60
45.50539828521698,-73.56427790380278,Ville-Marie,Entire home/apt,599.0,90
45.49903,-73.57913,Ville-Marie,Entire home/apt,113.0,1
45.47938,-73.57614,Le Sud-Ouest,Entire home/apt,152.0,31
45.51118561394334,-73.56087816008687,Ville-Marie,Entire home/apt,89.0,31
45.49457631241691,-73.57267661587369,Ville-Marie,Entire home/apt,150.0,31
45.49592540818248,-73.57056149775852,Ville-Marie,Entire home/apt,110.0,31
45.49477,-73.57264,Ville-Marie,Entire home/apt,140.0,31
45.49386901832965,-73.57051508790242,Ville-Marie,Entire home/apt,170.0,31
45.49606680570904,-73.57097960355748,Ville-Marie,Entire home/apt,170.0,31
45.49611522634271,-73.57213287975276,Ville-Marie,Entire home/apt,125.0,31
45.50376737868693,-73.58298877807637,Ville-Marie,Entire home/apt,100.0,31
45.50343152544073,-73.58216743830484,Ville-Marie,Entire home/apt,100.0,31
45.51539161759678,-73.56016089586454,Ville-Marie,Entire home/apt,99.0,31
45.51011202938844,-73.56027627925123,Ville-Marie,Entire home/apt,68.0,31
45.51205,-73.56064,Ville-Marie,Entire home/apt,111.0,31
45.49593740162329,-73.57067169056549,Ville-Marie,Entire home/apt,140.0,31
45.5030494942266,-73.58417749276408,Ville-Marie,Entire home/apt,100.0,31
45.50314,-73.58247,Ville-Marie,Entire home/apt,100.0,31
45.60031125949239,-73.52131247312053,Mercier-Hochelaga-Maisonneuve,Entire home/apt,119.0,31
45.495386,-73.5891185,Ville-Marie,Entire home/apt,241.0,365
45.507091885308,-73.56681806861096,Ville-Marie,Entire home/apt,69.0,31
45.46882,-73.62908,Côte-des-Neiges-Notre-Dame-de-Grâce,Entire home/apt,235.0,31
45.51176,-73.56134,Ville-Marie,Entire home/apt,208.0,2
45.50717351620081,-73.5739816725254,Le Plateau-Mont-Royal,Entire home/apt,113.0,1
45.4695586258742,-73.61395358546051,Côte-des-Neiges-Notre-Dame-de-Grâce,Entire home/apt,114.0,1
45.49158718757453,-73.57595565890536,Ville-Marie,Entire home/apt,175.0,2
45.48227243263616,-73.57597522437572,Le Sud-Ouest,Entire home/apt,65.0,31
45.51476,-73.57165,Le Plateau-Mont-Royal,Entire home/apt,150.0,31
45.46814,-73.61417,Côte-des-Neiges-Notre-Dame-de-Grâce,Entire home/apt,113.0,1
45.52571,-73.55853,Ville-Marie,Entire home/apt,224.0,2
45.54310318428415,-73.63352379809548,Villeray-Saint-Michel-Parc-Extension,Entire home/apt,81.0,3
45.515212107255365,-73.56456192022436,Ville-Marie,Entire home/apt,154.0,1
45.55604268005033,-73.53228827850458,Mercier-Hochelaga-Maisonneuve,Entire home/apt,149.0,31
45.51664510103816,-73.56543784013725,Ville-Marie,Entire home/apt,144.0,1
45.5031547,-73.5563438,Ville-Marie,Entire home/apt,435.0,2
45.53325904775439,-73.56397888349899,Le Plateau-Mont-Royal,Entire home/apt,121.0,31
45.50932569158756,-73.57127305746361,Le Plateau-Mont-Royal,Entire home/apt,183.0,1
45.51721,-73.56864,Le Plateau-Mont-Royal,Entire home/apt,213.0,2
45.513,-73.57111,Le Plateau-Mont-Royal,Entire home/apt,60.0,31
45.56651689423119,-73.59376390584407,Villeray-Saint-Michel-Parc-Extension,Entire home/apt,135.0,31
45.51759,-73.57985,Le Plateau-Mont-Royal,Entire home/apt,220.0,31
45.5183745,-73.5710679,Le Plateau-Mont-Royal,Entire home/apt,334.0,2
45.43365379999999,-73.6902255,Lachine,Entire home/apt,316.0,2
45.4985969967183,-73.58047903806764,Ville-Marie,Entire home/apt,228.0,1
45.53451310262746,-73.58667150337739,Le Plateau-Mont-Royal,Entire home/apt,89.0,31
45.57613088115971,-73.54655255066547,Mercier-Hochelaga-Maisonneuve,Entire home/apt,102.0,31
45.51254,-73.57259,Le Plateau-Mont-Royal,Entire home/apt,124.0,1
45.5081831425877,-73.57349854829503,Le Plateau-Mont-Royal,Entire home/apt,139.0,3
45.49469028296465,-73.56782290466796,Ville-Marie,Entire home/apt,184.0,1
45.49591150003629,-73.56757187280947,Ville-Marie,Entire home/apt,183.0,1
45.51277,-73.57186,Le Plateau-Mont-Royal,Entire home/apt,94.0,1
45.43681954381445,-73.66985241179758,Lachine,Entire home/apt,108.0,31
45.49701,-73.57011,Ville-Marie,Entire home/apt,110.0,31
45.44919,-73.59841,Le Sud-Ouest,Entire home/apt,585.0,1
45.48193,-73.59091,Westmount,Entire home/apt,144.0,32
45.51972678985694,-73.57714006327811,Le Plateau-Mont-Royal,Entire home/apt,183.0,31
45.49339,-73.57608,Ville-Marie,Entire home/apt,178.0,2
45.52108819077144,-73.57667043798575,Le Plateau-Mont-Royal,Entire home/apt,210.0,1
45.53067580967852,-73.56862642471408,Le Plateau-Mont-Royal,Entire home/apt,157.0,3
45.521170252041735,-73.578367021115,Le Plateau-Mont-Royal,Entire home/apt,176.0,1
45.52236965887512,-73.57674869124241,Le Plateau-Mont-Royal,Entire home/apt,116.0,1
45.4970416,-73.5842947,Ville-Marie,Entire home/apt,194.0,1
45.50471,-73.56347,Ville-Marie,Entire home/apt,95.0,31
45.51538507526371,-73.55396379465536,Ville-Marie,Entire home/apt,205.0,31
45.53446,-73.60075,Rosemont-La Petite-Patrie,Entire home/apt,139.0,7
45.52894,-73.56816,Le Plateau-Mont-Royal,Entire home/apt,157.0,3
45.5171692,-73.57055299999999,Le Plateau-Mont-Royal,Entire home/apt,605.0,2
45.54665570044152,-73.64112742245197,Ahuntsic-Cartierville,Entire home/apt,170.0,31
45.49544,-73.57508,Ville-Marie,Entire home/apt,169.0,2
45.53082,-73.56765,Le Plateau-Mont-Royal,Entire home/apt,154.0,1
45.51244,-73.56787,Ville-Marie,Entire home/apt,140.0,1
45.463956252021255,-73.64354449682199,Côte-des-Neiges-Notre-Dame-de-Grâce,Entire home/apt,78.0,2
45.52398230241423,-73.60489806784113,Le Plateau-Mont-Royal,Entire home/apt,361.0,31
45.425631,-73.6514199,LaSalle,Entire home/apt,85.0,31
45.49637760008578,-73.57686006790645,Ville-Marie,Entire home/apt,205.0,3
45.4931377,-73.56679299999999,Ville-Marie,Entire home/apt,234.0,31
45.50716,-73.5753,Le Plateau-Mont-Royal,Entire home/apt,165.0,4
45.48339,-73.57704,Le Sud-Ouest,Entire home/apt,80.0,31
45.5102488515207,-73.57555867641322,Le Plateau-Mont-Royal,Entire home/apt,162.0,1
45.50633380839074,-73.57445994570485,Le Plateau-Mont-Royal,Entire home/apt,135.0,1
45.5127858297111,-73.56996587891811,Le Plateau-Mont-Royal,Entire home/apt,60.0,31
45.496646335176194,-73.571528523531,Ville-Marie,Entire home/apt,100.0,31
45.49666,-73.55858,Le Sud-Ouest,Entire home/apt,144.0,3
45.49701,-73.56991,Ville-Marie,Entire home/apt,115.0,31
45.49538,-73.56966,Ville-Marie,Entire home/apt,76.0,31
45.59020705012348,-73.63362408288113,Montréal-Nord,Entire home/apt,119.0,1
45.49750727455183,-73.57311972103525,Ville-Marie,Entire home/apt,232.0,1
45.46009517773815,-73.59603830522101,Le Sud-Ouest,Entire home/apt,128.0,31
45.5332918,-73.6149384,Rosemont-La Petite-Patrie,Entire home/apt,226.0,1
45.44529978304961,-73.73332390590653,Dorval,Entire home/apt,125.0,1
45.49667087021112,-73.57600204646587,Ville-Marie,Entire home/apt,221.0,2
45.52407200679648,-73.59265621207979,Le Plateau-Mont-Royal,Entire home/apt,130.0,2
45.52397823293362,-73.59243880424823,Le Plateau-Mont-Royal,Entire home/apt,124.0,2
45.5121772,-73.5621166,Ville-Marie,Entire home/apt,118.0,2
45.50471895838945,-73.55757968413084,Ville-Marie,Entire home/apt,410.0,31
45.50458361064123,-73.5577513455078,Ville-Marie,Entire home/apt,609.0,31
45.49695629501917,-73.56953162524084,Ville-Marie,Entire home/apt,100.0,31
45.49527506653678,-73.5694489893082,Ville-Marie,Entire home/apt,115.0,31
45.49523110613078,-73.57101431545796,Ville-Marie,Entire home/apt,76.0,31
45.51116471865223,-73.5605585983272,Ville-Marie,Entire home/apt,201.0,2
45.49699,-73.57128,Ville-Marie,Entire home/apt,100.0,31
45.49676146127616,-73.569386929244,Ville-Marie,Entire home/apt,115.0,31
45.49635105985204,-73.57165193954786,Ville-Marie,Entire home/apt,76.0,31
45.49711,-73.56964,Ville-Marie,Entire home/apt,100.0,31
45.49498,-73.56969,Ville-Marie,Entire home/apt,115.0,31
45.49714737000341,-73.57008677946223,Ville-Marie,Entire home/apt,76.0,31
45.53137633451366,-73.6147480239512,Rosemont-La Petite-Patrie,Entire home/apt,217.0,3
45.50545584597654,-73.55766551481932,Ville-Marie,Entire home/apt,360.0,31
45.50545584597654,-73.55755822645872,Ville-Marie,Entire home/apt,501.0,31
45.505470884398285,-73.55766551481932,Ville-Marie,Entire home/apt,381.0,31
45.52914,-73.62201,Villeray-Saint-Michel-Parc-Extension,Entire home/apt,189.0,2
45.48172491273428,-73.62649928726393,Côte-des-Neiges-Notre-Dame-de-Grâce,Entire home/apt,108.0,1
45.476055855183255,-73.58428145147484,Le Sud-Ouest,Entire home/apt,236.0,1
45.46942902953864,-73.592123044746,Le Sud-Ouest,Entire home/apt,91.0,31
45.49472,-73.56672,Ville-Marie,Entire home/apt,133.0,31
45.49517,-73.56685,Ville-Marie,Entire home/apt,133.0,31
45.49701723478216,-73.56828768250519,Ville-Marie,Entire home/apt,133.0,31
45.53075,-73.57252,Le Plateau-Mont-Royal,Entire home/apt,161.0,32
45.49206,-73.55595,Le Sud-Ouest,Entire home/apt,71.0,31
45.49963,-73.55965,Ville-Marie,Entire home/apt,158.0,1
45.43742,-73.63266,LaSalle,Entire home/apt,75.0,31
45.52875209426761,-73.56643871506203,Le Plateau-Mont-Royal,Entire home/apt,122.0,1
45.5064107,-73.56512479999999,Ville-Marie,Entire home/apt,65.0,60
45.49384543841038,-73.56202183684891,Le Sud-Ouest,Entire home/apt,219.0,1
45.53514050550726,-73.56402820880685,Le Plateau-Mont-Royal,Entire home/apt,98.0,31
45.49723,-73.57468,Ville-Marie,Entire home/apt,143.0,2
45.49615314831334,-73.57212943170177,Ville-Marie,Entire home/apt,64.0,90
45.4930062,-73.5754646,Ville-Marie,Entire home/apt,88.0,2
45.4930062,-73.5754646,Ville-Marie,Entire home/apt,129.0,2
45.4930062,-73.5754646,Ville-Marie,Entire home/apt,122.0,2
45.51311379184711,-73.55848518450352,Ville-Marie,Entire home/apt,83.0,31
45.48882,-73.58341,Ville-Marie,Entire home/apt,123.0,1
45.5534708,-73.6024875,Villeray-Saint-Michel-Parc-Extension,Entire home/apt,52.0,32
45.51982,-73.584,Le Plateau-Mont-Royal,Entire home/apt,292.0,1
45.49165,-73.58126,Ville-Marie,Entire home/apt,123.0,2
45.49146163439491,-73.58307054514948,Ville-Marie,Entire home/apt,100.0,2
45.47543784089188,-73.87375606020773,L'Île-Bizard-Sainte-Geneviève,Entire home/apt,120.0,1
45.5245962,-73.57837772698366,Le Plateau-Mont-Royal,Entire home/apt,52.0,31
45.49130623886497,-73.58204032459918,Ville-Marie,Entire home/apt,152.0,1
45.4962194,-73.5739742,Ville-Marie,Entire home/apt,75.0,31
45.53059,-73.57938,Le Plateau-Mont-Royal,Entire home/apt,125.0,3
45.53006077463803,-73.57942894643897,Le Plateau-Mont-Royal,Entire home/apt,151.0,3
45.5535517,-73.5388092,Mercier-Hochelaga-Maisonneuve,Entire home/apt,62.0,31
45.49262,-73.55823,Le Sud-Ouest,Entire home/apt,353.0,1
45.5002,-73.55834,Ville-Marie,Entire home/apt,95.0,180
45.48083,-73.57841,Le Sud-Ouest,Entire home/apt,155.0,1
45.509568474447725,-73.56247734655729,Ville-Marie,Entire home/apt,201.0,2
45.5098632819476,-73.56255105434325,Ville-Marie,Entire home/apt,201.0,2
45.5083052059928,-73.57101076637672,Ville-Marie,Entire home/apt,252.0,31
45.49846252371093,-73.5760558940222,Ville-Marie,Entire home/apt,183.0,2
45.5177206,-73.5531472,Ville-Marie,Entire home/apt,86.0,31
45.51243970386688,-73.56115943289826,Ville-Marie,Entire home/apt,144.0,2
45.49208,-73.58506,Ville-Marie,Entire home/apt,138.0,7
45.49195,-73.5831,Ville-Marie,Entire home/apt,120.0,3
45.49178,-73.58338,Ville-Marie,Entire home/apt,138.0,3
45.50708,-73.57476,Le Plateau-Mont-Royal,Entire home/apt,124.0,3
45.49034757789757,-73.55627937081191,Le Sud-Ouest,Entire home/apt,64.0,31
45.5139,-73.56029,Ville-Marie,Entire home/apt,262.0,2
45.5403579,-73.5429668,Mercier-Hochelaga-Maisonneuve,Entire home/apt,110.0,31
45.49268525563793,-73.57872383603127,Ville-Marie,Entire home/apt,230.0,1
45.52199,-73.56047,Ville-Marie,Entire home/apt,116.0,1
45.52034885718975,-73.57317714872572,Le Plateau-Mont-Royal,Entire home/apt,314.0,3
45.502739568421504,-73.55902131646872,Ville-Marie,Entire home/apt,211.0,3
45.46252,-73.86009,Kirkland,Entire home/apt,176.0,31
45.48221,-73.58491,Le Sud-Ouest,Entire home/apt,144.0,31
45.49287,-73.55783,Le Sud-Ouest,Entire home/apt,308.0,1
45.51133048417627,-73.57269747743658,Le Plateau-Mont-Royal,Entire home/apt,83.0,1
45.46364612841194,-73.61519264771046,Côte-des-Neiges-Notre-Dame-de-Grâce,Entire home/apt,205.0,3
45.49135,-73.56528,Le Sud-Ouest,Entire home/apt,111.0,4
45.49484315007745,-73.57542613144476,Ville-Marie,Entire home/apt,270.0,7
45.49736,-73.55386,Ville-Marie,Entire home/apt,214.0,2
45.5002,-73.57686,Ville-Marie,Entire home/apt,180.0,4
45.51074304901678,-73.63167565315962,Côte-des-Neiges-Notre-Dame-de-Grâce,Entire home/apt,71.0,31
45.5043544,-73.5547959,Ville-Marie,Entire home/apt,677.0,2
45.513164036108726,-73.56760135104116,Ville-Marie,Entire home/apt,129.0,4
45.5426914,-73.5918901,Rosemont-La Petite-Patrie,Entire home/apt,115.0,2
45.49128396065845,-73.5820394239068,Ville-Marie,Entire home/apt,191.0,2
45.4989222,-73.573813,Ville-Marie,Entire home/apt,324.0,31
45.46758,-73.61182,Côte-des-Neiges-Notre-Dame-de-Grâce,Entire home/apt,110.0,31
45.53284292906944,-73.56938623112741,Le Plateau-Mont-Royal,Entire home/apt,253.0,31
45.53904,-73.60627,Rosemont-La Petite-Patrie,Entire home/apt,188.0,2
45.51475918798512,-73.55676088482141,Ville-Marie,Entire home/apt,81.0,32
45.51724,-73.56861,Le Plateau-Mont-Royal,Entire home/apt,211.0,1
45.49297869999999,-73.562372,Le Sud-Ouest,Entire home/apt,256.0,200
45.58739,-73.50948,Mercier-Hochelaga-Maisonneuve,Entire home/apt,274.0,3
45.50524140308456,-73.5643220497477,Ville-Marie,Entire home/apt,264.0,1
45.54812124301445,-73.54742203455893,Mercier-Hochelaga-Maisonneuve,Entire home/apt,101.0,31
45.49392,-73.55828,Le Sud-Ouest,Entire home/apt,359.0,1
45.49655,-73.57399,Ville-Marie,Entire home/apt,95.0,2
45.55028,-73.64399,Ahuntsic-Cartierville,Entire home/apt,166.0,31
45.50678,-73.57572,Le Plateau-Mont-Royal,Entire home/apt,154.0,3
45.46236035850944,-73.57088708758538,Verdun,Entire home/apt,70.0,31
45.50810057644093,-73.57500712040657,Le Plateau-Mont-Royal,Entire home/apt,108.0,3
45.49703,-73.57691,Ville-Marie,Entire home/apt,225.0,4
45.51385136611964,-73.57344752275391,Le Plateau-Mont-Royal,Entire home/apt,359.0,1
45.5060967,-73.5653631,Ville-Marie,Entire home/apt,95.0,31
45.47276,-73.62605,Côte-des-Neiges-Notre-Dame-de-Grâce,Entire home/apt,50.0,31
45.4696,-73.61389,Côte-des-Neiges-Notre-Dame-de-Grâce,Entire home/apt,130.0,1
45.51299,-73.57459,Le Plateau-Mont-Royal,Entire home/apt,92.0,2
45.50620322274676,-73.57437439524617,Le Plateau-Mont-Royal,Entire home/apt,191.0,3
45.49342433596512,-73.58215795919884,Ville-Marie,Entire home/apt,162.0,3
45.47008907293226,-73.6133674294786,Côte-des-Neiges-Notre-Dame-de-Grâce,Entire home/apt,101.0,1
45.51051,-73.56165,Ville-Marie,Entire home/apt,336.0,2
45.52334267317117,-73.58353872765767,Le Plateau-Mont-Royal,Entire home/apt,257.0,2
45.49657564222292,-73.57750048439267,Ville-Marie,Entire home/apt,108.0,2
45.49677,-73.59775,Ville-Marie,Entire home/apt,270.0,2
45.44558963703809,-73.69023552328859,Lachine,Entire home/apt,91.0,31
45.539834715585215,-73.61145179718733,Rosemont-La Petite-Patrie,Entire home/apt,145.0,2
45.5107485643215,-73.56395859271288,Ville-Marie,Entire home/apt,208.0,1
45.5181792292897,-73.55753976199266,Ville-Marie,Entire home/apt,183.0,1
45.53732927312401,-73.60743788028957,Rosemont-La Petite-Patrie,Entire home/apt,228.0,31
45.49994231798325,-73.57689499616251,Ville-Marie,Entire home/apt,195.0,3
45.51724,-73.56861,Le Plateau-Mont-Royal,Entire home/apt,245.0,1
45.418274,-73.6285705,LaSalle,Entire home/apt,145.0,32
45.490563457940006,-73.58269742234613,Ville-Marie,Entire home/apt,139.0,1
45.49079,-73.58094,Ville-Marie,Entire home/apt,128.0,4
45.5153,-73.57591,Le Plateau-Mont-Royal,Entire home/apt,217.0,1
45.51522319056979,-73.57458321113566,Le Plateau-Mont-Royal,Entire home/apt,174.0,1
45.49634114678701,-73.57641169083134,Ville-Marie,Entire home/apt,253.0,1
45.4782,-73.5825,Le Sud-Ouest,Entire home/apt,185.0,1
45.47883841716681,-73.58266418083673,Le Sud-Ouest,Entire home/apt,185.0,1
45.49283995629767,-73.57640197013164,Ville-Marie,Entire home/apt,191.0,1
45.49952,-73.55962,Ville-Marie,Entire home/apt,160.0,1
45.497190587911895,-73.55762712844664,Ville-Marie,Entire home/apt,182.0,1
45.50154,-73.55684,Ville-Marie,Entire home/apt,192.0,1
45.49421102916426,-73.57570593105508,Ville-Marie,Entire home/apt,250.0,31
45.52977,-73.57715,Le Plateau-Mont-Royal,Entire home/apt,165.0,1
45.52976959999999,-73.5771476,Le Plateau-Mont-Royal,Entire home/apt,86.0,1
45.5158494,-73.5655839,Ville-Marie,Entire home/apt,104.0,31
45.5158494,-73.5655839,Ville-Marie,Entire home/apt,89.0,31
45.49107751932045,-73.58038757902085,Ville-Marie,Entire home/apt,130.0,32
45.49367,-73.58027,Ville-Marie,Entire home/apt,798.0,1
45.52119,-73.57774,Le Plateau-Mont-Royal,Entire home/apt,172.0,31
45.52069445790235,-73.57553942057406,Le Plateau-Mont-Royal,Entire home/apt,118.0,1
45.519842617578654,-73.5767984503411,Le Plateau-Mont-Royal,Entire home/apt,163.0,1
45.5169777,-73.5793928,Le Plateau-Mont-Royal,Entire home/apt,129.0,2
45.49030024298809,-73.58352958459162,Ville-Marie,Entire home/apt,102.0,2
45.49259,-73.57838,Ville-Marie,Entire home/apt,116.0,1
45.49361,-73.57295,Ville-Marie,Entire home/apt,95.0,31
45.54017,-73.62047,Villeray-Saint-Michel-Parc-Extension,Entire home/apt,200.0,90
45.4633783652875,-73.61473193638614,Le Sud-Ouest,Entire home/apt,125.0,2
45.5052754,-73.55603789999999,Ville-Marie,Entire home/apt,166.0,2
45.55452,-73.56781,Rosemont-La Petite-Patrie,Entire home/apt,131.0,2
45.50415498932577,-73.55981688016023,Ville-Marie,Entire home/apt,200.0,32
45.514495799102896,-73.5644392974131,Ville-Marie,Entire home/apt,177.0,1
45.49891,-73.56042,Ville-Marie,Entire home/apt,266.0,1
45.47429,-73.56282,Le Sud-Ouest,Entire home/apt,250.0,31
45.505116686694095,-73.55699826241887,Ville-Marie,Entire home/apt,211.0,2
45.49382,-73.57617,Ville-Marie,Entire home/apt,96.0,31
45.4440866,-73.6555056,Lachine,Entire home/apt,57.0,31
45.5052754,-73.55603789999999,Ville-Marie,Entire home/apt,166.0,2
45.50671,-73.55513,Ville-Marie,Entire home/apt,382.0,2
45.538221857283794,-73.55999350538724,Ville-Marie,Entire home/apt,60.0,31
45.49912,-73.55771,Ville-Marie,Entire home/apt,133.0,2
45.49351,-73.57347,Ville-Marie,Entire home/apt,97.0,2
45.49996,-73.57839,Ville-Marie,Entire home/apt,146.0,4
45.4975753729025,-73.57689953847417,Ville-Marie,Entire home/apt,127.0,4
45.5120707,-73.57468399999999,Le Plateau-Mont-Royal,Entire home/apt,58.0,100
45.49507931498742,-73.57781711794935,Ville-Marie,Entire home/apt,148.0,2
45.49642660000001,-73.5744496,Ville-Marie,Entire home/apt,60.0,31
45.49330021077836,-73.57118412852287,Ville-Marie,Entire home/apt,214.0,1
45.5159,-73.56409,Ville-Marie,Entire home/apt,185.0,2
45.53406436874496,-73.57628334313631,Le Plateau-Mont-Royal,Entire home/apt,400.0,2
45.51412337863425,-73.57281841491495,Le Plateau-Mont-Royal,Entire home/apt,179.0,31
45.49463,-73.57721,Ville-Marie,Entire home/apt,182.0,3
45.43291960875004,-73.63067081586478,LaSalle,Entire home/apt,211.0,7
45.49582,-73.57525,Ville-Marie,Entire home/apt,225.0,3
45.49427879996904,-73.57352199526011,Ville-Marie,Entire home/apt,203.0,1
45.49121879463186,-73.5890506580472,Ville-Marie,Entire home/apt,137.0,2
45.4476393271193,-73.75967597670989,Dorval,Entire home/apt,650.0,1
45.5102,-73.63391,Côte-des-Neiges-Notre-Dame-de-Grâce,Entire home/apt,92.0,1
45.494878940595406,-73.56629788838467,Ville-Marie,Entire home/apt,100.0,31
45.49290566389221,-73.5792596951729,Ville-Marie,Entire home/apt,183.0,31
45.49286974023324,-73.57786281473693,Ville-Marie,Entire home/apt,288.0,31
45.5166732,-73.5912728,Le Plateau-Mont-Royal,Entire home/apt,109.0,1
45.4968523,-73.5841483,Ville-Marie,Entire home/apt,659.0,1
45.51063,-73.57188,Le Plateau-Mont-Royal,Entire home/apt,133.0,2
45.5019,-73.57112,Ville-Marie,Entire home/apt,79.0,31
45.5144923448436,-73.56525286125205,Ville-Marie,Entire home/apt,145.0,1
45.54589,-73.55277,Mercier-Hochelaga-Maisonneuve,Entire home/apt,117.0,1
45.54253,-73.55161,Mercier-Hochelaga-Maisonneuve,Entire home/apt,60.0,365
45.59276,-73.5493,Anjou,Entire home/apt,138.0,31
45.5194635,-73.5765258,Le Plateau-Mont-Royal,Entire home/apt,60.0,240
45.59268,-73.54721,Mercier-Hochelaga-Maisonneuve,Entire home/apt,158.0,31
45.55269,-73.53946,Mercier-Hochelaga-Maisonneuve,Entire home/apt,69.0,32
45.52161776127664,-73.5541206044969,Ville-Marie,Entire home/apt,495.0,3
45.55454,-73.53909,Mercier-Hochelaga-Maisonneuve,Entire home/apt,79.0,31
45.59049,-73.54799,Mercier-Hochelaga-Maisonneuve,Entire home/apt,165.0,31
45.57126,-73.57117,Rosemont-La Petite-Patrie,Entire home/apt,58.0,31
45.48807,-73.62709,Côte-des-Neiges-Notre-Dame-de-Grâce,Entire home/apt,88.0,31
45.53097980998093,-73.56214874683306,Ville-Marie,Entire home/apt,672.0,1
45.51986,-73.57592,Le Plateau-Mont-Royal,Entire home/apt,64.0,32
45.5506664,-73.5577587,Rosemont-La Petite-Patrie,Entire home/apt,123.0,31
45.546016790977525,-73.55155254721647,Mercier-Hochelaga-Maisonneuve,Entire home/apt,202.0,1
45.54667,-73.55071,Mercier-Hochelaga-Maisonneuve,Entire home/apt,179.0,1
45.43667762274173,-73.70220063584713,Lachine,Entire home/apt,72.0,31
45.52027312069143,-73.56153823435307,Ville-Marie,Entire home/apt,91.0,32
45.51496,-73.56453,Ville-Marie,Entire home/apt,211.0,1
45.514503516220095,-73.5645613442945,Ville-Marie,Entire home/apt,154.0,1
45.51588137241562,-73.56248198367163,Ville-Marie,Entire home/apt,173.0,1
45.5153732,-73.563642,Ville-Marie,Entire home/apt,133.0,1
45.51457326883601,-73.56297572472735,Ville-Marie,Entire home/apt,208.0,1
45.51441954573108,-73.56433074892504,Ville-Marie,Entire home/apt,169.0,1
45.5161166171355,-73.5629836581256,Ville-Marie,Entire home/apt,124.0,1
45.44617,-73.6721,Lachine,Entire home/apt,81.0,31
45.5464081,-73.5465222,Mercier-Hochelaga-Maisonneuve,Entire home/apt,60.0,31
45.5052754,-73.55603789999999,Ville-Marie,Entire home/apt,170.0,2
45.4493676844641,-73.77588590587501,Dorval,Entire home/apt,116.0,31
45.49104,-73.56162,Le Sud-Ouest,Entire home/apt,152.0,3
45.50722,-73.57389,Le Plateau-Mont-Royal,Entire home/apt,204.0,1
45.4998873,-73.5592509,Ville-Marie,Entire home/apt,255.0,1
45.57404405113088,-73.54085213180494,Mercier-Hochelaga-Maisonneuve,Entire home/apt,107.0,1
45.5164368,-73.56280579999999,Ville-Marie,Entire home/apt,109.0,5
45.49606,-73.57089,Ville-Marie,Entire home/apt,135.0,31
45.50799,-73.57041,Ville-Marie,Entire home/apt,110.0,31
45.50687,-73.56855,Ville-Marie,Entire home/apt,95.0,31
45.5562322,-73.5909939,Rosemont-La Petite-Patrie,Entire home/apt,114.0,90
45.49281197965948,-73.57800980177318,Ville-Marie,Entire home/apt,108.0,2
45.49498675029903,-73.57325727973942,Ville-Marie,Entire home/apt,130.0,2
45.495849072527655,-73.57012836317895,Ville-Marie,Entire home/apt,116.0,2
45.49799,-73.57594,Ville-Marie,Entire home/apt,158.0,3
45.51154,-73.56122,Ville-Marie,Entire home/apt,132.0,1
45.51989,-73.55902,Ville-Marie,Entire home/apt,146.0,1
45.52977,-73.57715,Le Plateau-Mont-Royal,Entire home/apt,222.0,1
45.502393482583045,-73.55854356977879,Ville-Marie,Entire home/apt,225.0,31
45.49452781044985,-73.6189290904424,Côte-des-Neiges-Notre-Dame-de-Grâce,Entire home/apt,92.0,31
45.51851929381456,-73.57998250556389,Le Plateau-Mont-Royal,Entire home/apt,173.0,31
45.5111157068296,-73.57555886125171,Le Plateau-Mont-Royal,Entire home/apt,132.0,2
45.51218,-73.56212,Ville-Marie,Entire home/apt,75.0,31
45.52172,-73.58034,Le Plateau-Mont-Royal,Entire home/apt,197.0,31
45.49804648851293,-73.55826807810193,Ville-Marie,Entire home/apt,218.0,1
45.48454,-73.58199,Le Sud-Ouest,Entire home/apt,134.0,2
45.5031547,-73.5563438,Ville-Marie,Entire home/apt,284.0,2
45.50316,-73.55634,Ville-Marie,Entire home/apt,347.0,1
45.50316,-73.55634,Ville-Marie,Entire home/apt,269.0,2
45.496972630814895,-73.5863771662116,Ville-Marie,Entire home/apt,196.0,1
45.51791,-73.56878,Le Plateau-Mont-Royal,Entire home/apt,98.0,2
45.49617431387726,-73.57617657585007,Ville-Marie,Entire home/apt,179.0,2
45.51103584047262,-73.5628718668914,Ville-Marie,Entire home/apt,165.0,2
45.54250735676115,-73.59794622475275,Rosemont-La Petite-Patrie,Entire home/apt,155.0,31
45.50075,-73.55909,Ville-Marie,Entire home/apt,349.0,2
45.49191396027192,-73.5829595283749,Ville-Marie,Entire home/apt,109.0,4
45.49688238143589,-73.58275355131227,Ville-Marie,Entire home/apt,287.0,1
45.49306311385072,-73.56191293778481,Le Sud-Ouest,Entire home/apt,138.0,3
45.51007,-73.57533,Le Plateau-Mont-Royal,Entire home/apt,124.0,2
45.52015,-73.57492,Le Plateau-Mont-Royal,Entire home/apt,146.0,1
45.493550554527474,-73.57615619833336,Ville-Marie,Entire home/apt,110.0,2
45.50915,-73.57922,Le Plateau-Mont-Royal,Entire home/apt,151.0,2
45.4903858,-73.5831156,Ville-Marie,Entire home/apt,150.0,3
45.50669397626365,-73.57030500083575,Ville-Marie,Entire home/apt,128.0,31
45.57311,-73.546,Mercier-Hochelaga-Maisonneuve,Entire home/apt,52.0,31
45.49546871410445,-73.57541071737819,Ville-Marie,Entire home/apt,236.0,1
45.50059307318515,-73.55886703544311,Ville-Marie,Entire home/apt,201.0,1
45.5003524371068,-73.55890995078735,Ville-Marie,Entire home/apt,182.0,3
45.55046249927822,-73.5485382778532,Mercier-Hochelaga-Maisonneuve,Entire home/apt,80.0,31
45.5151256,-73.5743987,Le Plateau-Mont-Royal,Entire home/apt,328.0,2
45.51006,-73.57208,Le Plateau-Mont-Royal,Entire home/apt,162.0,1
45.51155358148064,-73.56265317785882,Ville-Marie,Entire home/apt,113.0,1
45.43646,-73.70022,Lachine,Entire home/apt,80.0,31
45.546159601336086,-73.54918956969244,Mercier-Hochelaga-Maisonneuve,Entire home/apt,80.0,31
45.516541,-73.57818730000001,Le Plateau-Mont-Royal,Entire home/apt,256.0,2
45.49312196887003,-73.57307099928447,Ville-Marie,Entire home/apt,80.0,31
45.52682643742415,-73.58163010411126,Le Plateau-Mont-Royal,Entire home/apt,360.0,31
45.5144902747818,-73.57464877136424,Le Plateau-Mont-Royal,Entire home/apt,95.0,1
45.51493,-73.57368,Le Plateau-Mont-Royal,Entire home/apt,87.0,1
45.5149262,-73.57368410000001,Le Plateau-Mont-Royal,Entire home/apt,97.0,1
45.5149262,-73.57368410000001,Le Plateau-Mont-Royal,Entire home/apt,84.0,1
45.5149262,-73.57368410000001,Le Plateau-Mont-Royal,Entire home/apt,77.0,1
45.51310149755877,-73.57379548184421,Le Plateau-Mont-Royal,Entire home/apt,100.0,2
45.49214,-73.55598,Le Sud-Ouest,Entire home/apt,1061.0,3
45.49223,-73.57625,Ville-Marie,Entire home/apt,121.0,2
45.4886926,-73.6279856,Côte-des-Neiges-Notre-Dame-de-Grâce,Entire home/apt,155.0,31
45.57115,-73.53822,Mercier-Hochelaga-Maisonneuve,Entire home/apt,90.0,31
45.49347262075303,-73.5745364082704,Ville-Marie,Entire home/apt,97.0,31
45.56613,-73.64519,Ahuntsic-Cartierville,Entire home/apt,145.0,3
45.54802,-73.64647,Ahuntsic-Cartierville,Entire home/apt,174.0,2
45.49700720105968,-73.574074340197,Ville-Marie,Entire home/apt,62.0,31
45.497553135765926,-73.57412213350855,Ville-Marie,Entire home/apt,64.0,31
45.51511174921389,-73.5657137522445,Ville-Marie,Entire home/apt,384.0,2
45.52001813441196,-73.56352136282804,Ville-Marie,Entire home/apt,120.0,31
45.49994129425798,-73.58394860980908,Ville-Marie,Entire home/apt,134.0,90
45.46882673076114,-73.62965206616343,Côte-des-Neiges-Notre-Dame-de-Grâce,Entire home/apt,70.0,31
45.4510873,-73.5830306,Verdun,Entire home/apt,72.0,60
45.61266,-73.53571,Mercier-Hochelaga-Maisonneuve,Entire home/apt,203.0,3
45.5163344,-73.56750749999999,Ville-Marie,Entire home/apt,118.0,31
45.47077806589119,-73.6324609765902,Côte-des-Neiges-Notre-Dame-de-Grâce,Entire home/apt,110.0,1
45.43125585372938,-73.62643650794625,LaSalle,Entire home/apt,47.0,31
45.4914168,-73.6305399,Côte-des-Neiges-Notre-Dame-de-Grâce,Entire home/apt,175.0,1
45.4914168,-73.6305399,Côte-des-Neiges-Notre-Dame-de-Grâce,Entire home/apt,244.0,1
45.4914168,-73.6305399,Côte-des-Neiges-Notre-Dame-de-Grâce,Entire home/apt,228.0,1
45.49142,-73.63054,Côte-des-Neiges-Notre-Dame-de-Grâce,Entire home/apt,273.0,1
45.4914168,-73.6305399,Côte-des-Neiges-Notre-Dame-de-Grâce,Entire home/apt,190.0,1
45.4914168,-73.6305399,Côte-des-Neiges-Notre-Dame-de-Grâce,Entire home/apt,304.0,1
45.44188936429505,-73.72114020242692,Dorval,Entire home/apt,400.0,2
45.4869215103904,-73.64007325696727,Côte-des-Neiges-Notre-Dame-de-Grâce,Entire home/apt,77.0,32
45.50006,-73.56002,Ville-Marie,Entire home/apt,98.0,3
45.50635345257097,-73.5738635194598,Le Plateau-Mont-Royal,Entire home/apt,90.0,2
45.53518429887305,-73.56851069500392,Le Plateau-Mont-Royal,Entire home/apt,47.0,31
45.50034,-73.57776,Ville-Marie,Entire home/apt,133.0,2
45.49399,-73.57606,Ville-Marie,Entire home/apt,194.0,2
45.489957816603344,-73.58371507024438,Ville-Marie,Entire home/apt,122.0,2
45.49178348761804,-73.58261981456236,Ville-Marie,Entire home/apt,175.0,2
45.49207091785442,-73.58581345833346,Ville-Marie,Entire home/apt,121.0,2
45.554280071907584,-73.53267749199509,Mercier-Hochelaga-Maisonneuve,Entire home/apt,416.0,2
45.46396,-73.58277,Le Sud-Ouest,Entire home/apt,97.0,32
45.47991820000001,-73.5801888,Le Sud-Ouest,Entire home/apt,240.0,2
45.4933176,-73.5589524,Le Sud-Ouest,Entire home/apt,230.0,1
45.54721671012221,-73.5774653718312,Rosemont-La Petite-Patrie,Entire home/apt,100.0,31
45.56666,-73.5716,Rosemont-La Petite-Patrie,Entire home/apt,112.0,31
45.52044216191021,-73.5953402810806,Le Plateau-Mont-Royal,Entire home/apt,119.0,31
45.5283488,-73.5929623,Le Plateau-Mont-Royal,Entire home/apt,92.0,31
45.52895,-73.62838,Villeray-Saint-Michel-Parc-Extension,Entire home/apt,193.0,32
45.518419362183046,-73.58017269950135,Le Plateau-Mont-Royal,Entire home/apt,560.0,1
45.49665,-73.58602,Ville-Marie,Entire home/apt,81.0,31
45.52049211511157,-73.57759091022031,Le Plateau-Mont-Royal,Entire home/apt,100.0,31
45.50026,-73.55943,Ville-Marie,Entire home/apt,236.0,2
45.49416123080171,-73.55839871828697,Le Sud-Ouest,Entire home/apt,180.0,31
45.51493,-73.56666,Ville-Marie,Entire home/apt,298.0,1
45.46514089999999,-73.667508,Côte-Saint-Luc,Entire home/apt,89.0,31
45.5121772,-73.5621166,Ville-Marie,Entire home/apt,130.0,31
45.5027,-73.55739,Ville-Marie,Entire home/apt,438.0,1
45.51461111318668,-73.57019052675408,Le Plateau-Mont-Royal,Entire home/apt,85.0,365
45.49587682442919,-73.57942833383972,Ville-Marie,Entire home/apt,200.0,3
45.54579436438187,-73.60858447574586,Rosemont-La Petite-Patrie,Entire home/apt,130.0,31
45.49951,-73.58246,Ville-Marie,Entire home/apt,128.0,1
45.517045,-73.5607313,Ville-Marie,Entire home/apt,814.0,2
45.54916744867148,-73.6390068365248,Ahuntsic-Cartierville,Entire home/apt,46.0,31
45.67436952887568,-73.49558955885544,Rivière-des-Prairies-Pointe-aux-Trembles,Entire home/apt,184.0,31
45.43073,-73.83467,Beaconsfield,Entire home/apt,176.0,31
45.5159743,-73.57802889999999,Le Plateau-Mont-Royal,Entire home/apt,384.0,2
45.50376256366998,-73.56419576521105,Ville-Marie,Entire home/apt,155.0,1
45.5031547,-73.5563438,Ville-Marie,Entire home/apt,363.0,2
45.5259303,-73.58131999999999,Le Plateau-Mont-Royal,Entire home/apt,387.0,2
45.5159743,-73.57802889999999,Le Plateau-Mont-Royal,Entire home/apt,207.0,2
45.51854,-73.56563,Ville-Marie,Entire home/apt,257.0,4
45.53456959921418,-73.55600340109085,Ville-Marie,Entire home/apt,100.0,1
45.49628,-73.57143,Ville-Marie,Entire home/apt,245.0,31
45.498514297061135,-73.57659820865872,Ville-Marie,Entire home/apt,170.0,3
45.49226795438141,-73.58450179491369,Ville-Marie,Entire home/apt,111.0,2
45.49565,-73.57304,Ville-Marie,Entire home/apt,116.0,2
45.49539,-73.5741,Ville-Marie,Entire home/apt,138.0,2
45.5159743,-73.57802889999999,Le Plateau-Mont-Royal,Entire home/apt,300.0,2
45.51758179999999,-73.5532015,Ville-Marie,Entire home/apt,100.0,31
45.5159743,-73.57802889999999,Le Plateau-Mont-Royal,Entire home/apt,273.0,2
45.5159743,-73.57802889999999,Le Plateau-Mont-Royal,Entire home/apt,220.0,2
45.50909,-73.63387,Côte-des-Neiges-Notre-Dame-de-Grâce,Entire home/apt,73.0,1
45.535556428531365,-73.57484225462566,Le Plateau-Mont-Royal,Entire home/apt,90.0,1
45.49273,-73.55584,Le Sud-Ouest,Entire home/apt,161.0,31
45.50913428667485,-73.57166147047067,Le Plateau-Mont-Royal,Entire home/apt,172.0,1
45.50814,-73.57515,Le Plateau-Mont-Royal,Entire home/apt,160.0,2
45.5575019,-73.5920273,Rosemont-La Petite-Patrie,Entire home/apt,130.0,1
45.53344,-73.55608,Ville-Marie,Entire home/apt,106.0,1
45.50941904896841,-73.56071681148232,Ville-Marie,Entire home/apt,204.0,1
45.51651367613827,-73.57838552445173,Le Plateau-Mont-Royal,Entire home/apt,262.0,1
45.56385,-73.57739,Rosemont-La Petite-Patrie,Entire home/apt,67.0,31
45.52004,-73.57464,Le Plateau-Mont-Royal,Entire home/apt,423.0,2
45.4994695,-73.5555236,Ville-Marie,Entire home/apt,371.0,1
45.60824,-73.54326,Anjou,Entire home/apt,96.0,1
45.51652494183239,-73.55129420757294,Ville-Marie,Entire home/apt,422.0,2
45.5181995,-73.5958876,Outremont,Entire home/apt,724.0,2
45.49177353732028,-73.56328430618416,Le Sud-Ouest,Entire home/apt,170.0,1
45.49269256943229,-73.56032399986043,Le Sud-Ouest,Entire home/apt,218.0,1
45.45528,-73.59401,Le Sud-Ouest,Entire home/apt,194.0,2
45.52463711630318,-73.58446551608742,Le Plateau-Mont-Royal,Entire home/apt,248.0,2
45.52512294112167,-73.58422422446887,Le Plateau-Mont-Royal,Entire home/apt,220.0,2
45.52363,-73.5826,Le Plateau-Mont-Royal,Entire home/apt,130.0,2
45.52342,-73.58276,Le Plateau-Mont-Royal,Entire home/apt,203.0,1
45.5770948,-73.65047,Ahuntsic-Cartierville,Entire home/apt,103.0,31
45.50671,-73.56012,Ville-Marie,Entire home/apt,89.0,31
45.50834,-73.56594,Ville-Marie,Entire home/apt,88.0,31
45.51666327350975,-73.5549157728933,Ville-Marie,Entire home/apt,120.0,31
45.51347461146344,-73.54897871434434,Ville-Marie,Entire home/apt,109.0,180
45.5221007,-73.69360619999999,Saint-Laurent,Entire home/apt,99.0,32
45.53964,-73.54377,Mercier-Hochelaga-Maisonneuve,Entire home/apt,72.0,31
45.51149,-73.57028,Le Plateau-Mont-Royal,Entire home/apt,154.0,1
45.528637691925375,-73.58461607733014,Le Plateau-Mont-Royal,Entire home/apt,154.0,31
45.53008697042717,-73.55409539874941,Ville-Marie,Entire home/apt,70.0,32
45.45757,-73.86026,Kirkland,Entire home/apt,160.0,31
45.53363,-73.59978,Rosemont-La Petite-Patrie,Entire home/apt,148.0,2
45.50138148274922,-73.55957619845867,Ville-Marie,Entire home/apt,284.0,3
45.5566527,-73.6591578,Ahuntsic-Cartierville,Entire home/apt,116.0,2
45.53230994692132,-73.61638739563337,Rosemont-La Petite-Patrie,Entire home/apt,67.0,1
45.51005252561655,-73.56484344973755,Ville-Marie,Entire home/apt,68.0,31
45.51101378648002,-73.6290350969441,Côte-des-Neiges-Notre-Dame-de-Grâce,Entire home/apt,88.0,2
45.48055,-73.59304,Westmount,Entire home/apt,218.0,1
45.49653,-73.56883,Ville-Marie,Entire home/apt,96.0,32
45.49332,-73.55895,Le Sud-Ouest,Entire home/apt,376.0,1
45.51396155850671,-73.56925147475452,Le Plateau-Mont-Royal,Entire home/apt,160.0,90
45.54557,-73.57472,Rosemont-La Petite-Patrie,Entire home/apt,152.0,2
45.50249,-73.55798,Ville-Marie,Entire home/apt,304.0,1
45.60202,-73.52323,Mercier-Hochelaga-Maisonneuve,Entire home/apt,128.0,31
45.5474495826615,-73.57463414758065,Rosemont-La Petite-Patrie,Entire home/apt,173.0,2
45.53436413596425,-73.57091611653134,Le Plateau-Mont-Royal,Entire home/apt,77.0,31
45.52532038242544,-73.58718511217093,Le Plateau-Mont-Royal,Entire home/apt,104.0,1
45.51963,-73.57854,Le Plateau-Mont-Royal,Entire home/apt,160.0,1
45.52092762850143,-73.5831513848193,Le Plateau-Mont-Royal,Entire home/apt,154.0,1
45.546015766228216,-73.6307821593758,Villeray-Saint-Michel-Parc-Extension,Entire home/apt,280.0,30
45.53577,-73.60397,Rosemont-La Petite-Patrie,Entire home/apt,150.0,3
45.50215998727026,-73.5526116895915,Ville-Marie,Entire home/apt,110.0,31
45.524012212557935,-73.55221724508102,Ville-Marie,Entire home/apt,111.0,90
45.52407669480743,-73.55141561615982,Ville-Marie,Entire home/apt,111.0,90
45.52352,-73.55266,Ville-Marie,Entire home/apt,72.0,80
45.50906,-73.56349,Ville-Marie,Entire home/apt,69.0,31
45.51040696035951,-73.55426042263306,Ville-Marie,Entire home/apt,158.0,2
45.50984414737517,-73.56561757258967,Ville-Marie,Entire home/apt,66.0,31
45.49364,-73.57167,Ville-Marie,Entire home/apt,160.0,1
45.5159743,-73.57802889999999,Le Plateau-Mont-Royal,Entire home/apt,233.0,2
45.492650872638585,-73.56054287686058,Le Sud-Ouest,Entire home/apt,160.0,2
45.52233,-73.57624,Le Plateau-Mont-Royal,Entire home/apt,664.0,31
45.49279,-73.55854,Le Sud-Ouest,Entire home/apt,700.0,1
45.49592,-73.57724,Ville-Marie,Entire home/apt,175.0,1
45.4503507,-73.593158,Le Sud-Ouest,Entire home/apt,158.0,31
45.4485813,-73.599483,Le Sud-Ouest,Entire home/apt,103.0,31
45.4951136,-73.56872849999999,Ville-Marie,Entire home/apt,88.0,31
45.516230715768,-73.58196378769684,Le Plateau-Mont-Royal,Entire home/apt,270.0,2
45.496113811078864,-73.56778743371703,Ville-Marie,Entire home/apt,128.0,31
45.49205870558753,-73.58162931928392,Ville-Marie,Entire home/apt,79.0,31
45.417621932139966,-73.91725148117945,Baie-d'Urfé,Entire home/apt,129.0,1
45.49459415811577,-73.55978093580485,Le Sud-Ouest,Entire home/apt,150.0,3
45.51303,-73.56797,Ville-Marie,Entire home/apt,124.0,3
45.5432125,-73.6141506,Villeray-Saint-Michel-Parc-Extension,Entire home/apt,65.0,32
45.51631138119604,-73.56321264411889,Ville-Marie,Entire home/apt,165.0,2
45.49637,-73.62575,Côte-des-Neiges-Notre-Dame-de-Grâce,Entire home/apt,68.0,31
45.49395901540369,-73.57385400598203,Ville-Marie,Entire home/apt,86.0,32
45.49329812760136,-73.57461020158625,Ville-Marie,Entire home/apt,121.0,32
45.49519,-73.57582,Ville-Marie,Entire home/apt,110.0,32
45.49325,-73.57414,Ville-Marie,Entire home/apt,86.0,32
45.49347524968074,-73.57586121932162,Ville-Marie,Entire home/apt,90.0,32
45.49514938127277,-73.57366108771065,Ville-Marie,Entire home/apt,255.0,32
45.49387,-73.57394,Ville-Marie,Entire home/apt,112.0,32
45.49501089237232,-73.57590727731007,Ville-Marie,Entire home/apt,88.0,32
45.49871541591822,-73.58239637385911,Ville-Marie,Entire home/apt,372.0,2
45.49504,-73.56406,Ville-Marie,Entire home/apt,630.0,2
45.5213,-73.58113,Le Plateau-Mont-Royal,Entire home/apt,185.0,31
45.49187,-73.55807,Le Sud-Ouest,Entire home/apt,142.0,31
45.51629,-73.56748,Ville-Marie,Entire home/apt,67.0,31
45.58315,-73.62288,Villeray-Saint-Michel-Parc-Extension,Entire home/apt,135.0,31
45.53502292202731,-73.55747142197065,Ville-Marie,Entire home/apt,106.0,1
45.50683,-73.56982,Ville-Marie,Entire home/apt,118.0,31
45.51914,-73.57466,Le Plateau-Mont-Royal,Entire home/apt,536.0,2
45.521204,-73.576477,Le Plateau-Mont-Royal,Entire home/apt,219.0,31
45.55319,-73.58611,Rosemont-La Petite-Patrie,Entire home/apt,152.0,2
45.52307,-73.55228,Ville-Marie,Entire home/apt,47.0,31
45.54575593556499,-73.54853991419077,Mercier-Hochelaga-Maisonneuve,Entire home/apt,110.0,31
45.50961793529822,-73.56379399565985,Ville-Marie,Entire home/apt,72.0,31
45.5255,-73.5785,Le Plateau-Mont-Royal,Entire home/apt,225.0,31
45.5042904,-73.5627124,Ville-Marie,Entire home/apt,242.0,31
45.5187489,-73.57827189999999,Le Plateau-Mont-Royal,Entire home/apt,134.0,31
45.51628137863786,-73.57843928888194,Le Plateau-Mont-Royal,Entire home/apt,129.0,1
45.434431660029,-73.59685186192742,LaSalle,Entire home/apt,161.0,2
45.50258,-73.55798,Ville-Marie,Entire home/apt,359.0,1
45.50394,-73.55562,Ville-Marie,Entire home/apt,255.0,1
45.50312,-73.56268,Ville-Marie,Entire home/apt,124.0,45
45.50436,-73.55601,Ville-Marie,Entire home/apt,555.0,1
45.53799,-73.6074587,Rosemont-La Petite-Patrie,Entire home/apt,168.0,2
45.45588276203601,-73.59880178066122,Le Sud-Ouest,Entire home/apt,65.0,31
45.5053166,-73.5617669,Ville-Marie,Entire home/apt,754.0,2
45.51473292058888,-73.5691113246962,Le Plateau-Mont-Royal,Entire home/apt,403.0,2
45.5177,-73.57861,Le Plateau-Mont-Royal,Entire home/apt,151.0,31
45.51744900800521,-73.59240337777497,Le Plateau-Mont-Royal,Entire home/apt,119.0,1
45.52002116038201,-73.57707936763894,Le Plateau-Mont-Royal,Entire home/apt,96.0,31
45.51701,-73.58148,Le Plateau-Mont-Royal,Entire home/apt,164.0,2
45.43991,-73.68409,Lachine,Entire home/apt,119.0,31
45.49566890000001,-73.56810349999999,Ville-Marie,Entire home/apt,80.0,31
45.49331,-73.56259,Le Sud-Ouest,Entire home/apt,144.0,1
45.54202,-73.59104,Rosemont-La Petite-Patrie,Entire home/apt,110.0,2
45.52478230000001,-73.62604209999999,Villeray-Saint-Michel-Parc-Extension,Entire home/apt,500.0,3
45.47821,-73.62383,Côte-des-Neiges-Notre-Dame-de-Grâce,Entire home/apt,63.0,31
45.45738,-73.59847,Le Sud-Ouest,Entire home/apt,190.0,31
45.50079142362162,-73.5762320458889,Ville-Marie,Entire home/apt,512.0,3
45.52152186963231,-73.58009632988508,Le Plateau-Mont-Royal,Entire home/apt,553.0,1
45.4934667,-73.58195239999999,Ville-Marie,Entire home/apt,148.0,1
45.50886743364623,-73.55942948085585,Ville-Marie,Entire home/apt,140.0,31
45.5378261,-73.6062649,Rosemont-La Petite-Patrie,Entire home/apt,307.0,2
45.4984269208371,-73.57593393005259,Ville-Marie,Entire home/apt,1985.0,1
45.50306,-73.56368,Ville-Marie,Entire home/apt,170.0,1
45.49267,-73.55767,Le Sud-Ouest,Entire home/apt,120.0,31
45.49688,-73.577,Ville-Marie,Entire home/apt,158.0,2
45.49454,-73.57575,Ville-Marie,Entire home/apt,85.0,31
45.53529,-73.55069,Ville-Marie,Entire home/apt,71.0,31
45.517065,-73.5619371,Ville-Marie,Entire home/apt,144.0,2
45.51851614639851,-73.58931574245844,Le Plateau-Mont-Royal,Entire home/apt,282.0,2
45.51698,-73.58903,Le Plateau-Mont-Royal,Entire home/apt,253.0,2
45.5158494,-73.5655839,Ville-Marie,Entire home/apt,81.0,31
45.4939159,-73.5993869,Ville-Marie,Entire home/apt,152.0,2
45.4906081,-73.57967700000002,Ville-Marie,Entire home/apt,148.0,1
45.675,-73.49842,Rivière-des-Prairies-Pointe-aux-Trembles,Entire home/apt,398.0,2
45.50658,-73.55472,Ville-Marie,Entire home/apt,669.0,3
45.46504,-73.62067,Côte-des-Neiges-Notre-Dame-de-Grâce,Entire home/apt,75.0,31
45.50528,-73.55684,Ville-Marie,Entire home/apt,224.0,3
45.48012,-73.62538,Côte-des-Neiges-Notre-Dame-de-Grâce,Entire home/apt,123.0,1
45.4712,-73.59387,Le Sud-Ouest,Entire home/apt,163.0,31
45.50253,-73.55572,Ville-Marie,Entire home/apt,371.0,1
45.4983,-73.57951,Ville-Marie,Entire home/apt,200.0,1
45.4968523,-73.5841483,Ville-Marie,Entire home/apt,134.0,1
45.50505,-73.55665,Ville-Marie,Entire home/apt,260.0,3
45.49499,-73.57002,Ville-Marie,Entire home/apt,221.0,5
45.52119,-73.59938,Le Plateau-Mont-Royal,Entire home/apt,376.0,31
45.50289,-73.55768,Ville-Marie,Entire home/apt,620.0,1
45.49785432743444,-73.62132641132935,Côte-des-Neiges-Notre-Dame-de-Grâce,Entire home/apt,75.0,31
45.49598,-73.57424,Ville-Marie,Entire home/apt,265.0,31
45.51715083766748,-73.57696950439252,Le Plateau-Mont-Royal,Entire home/apt,157.0,1
45.53416,-73.6002,Rosemont-La Petite-Patrie,Entire home/apt,153.0,2
45.52375319999999,-73.6061569,Le Plateau-Mont-Royal,Entire home/apt,223.0,1
45.52375319999999,-73.6061569,Le Plateau-Mont-Royal,Entire home/apt,198.0,1
45.52375,-73.60616,Le Plateau-Mont-Royal,Entire home/apt,223.0,1
45.52375319999999,-73.6061569,Le Plateau-Mont-Royal,Entire home/apt,214.0,1
45.52375319999999,-73.6061569,Le Plateau-Mont-Royal,Entire home/apt,236.0,1
45.52375319999999,-73.6061569,Le Plateau-Mont-Royal,Entire home/apt,200.0,1
45.52375319999999,-73.6061569,Le Plateau-Mont-Royal,Entire home/apt,198.0,1
45.52375319999999,-73.6061569,Le Plateau-Mont-Royal,Entire home/apt,227.0,1
45.52375,-73.60616,Le Plateau-Mont-Royal,Entire home/apt,213.0,1
45.5020779,-73.6280596,Côte-des-Neiges-Notre-Dame-de-Grâce,Entire home/apt,82.0,31
45.5097,-73.56352,Ville-Marie,Entire home/apt,69.0,31
45.509735,-73.563143,Ville-Marie,Entire home/apt,234.0,2
45.4305,-73.64256,LaSalle,Entire home/apt,350.0,31
45.56388,-73.59565,Villeray-Saint-Michel-Parc-Extension,Entire home/apt,65.0,31
45.49541,-73.56614,Ville-Marie,Entire home/apt,276.0,31
45.50656,-73.55487,Ville-Marie,Entire home/apt,429.0,3
45.49833,-73.5723,Ville-Marie,Entire home/apt,75.0,31
45.49743,-73.57245,Ville-Marie,Entire home/apt,57.0,31
45.53761665946396,-73.59836395837767,Rosemont-La Petite-Patrie,Entire home/apt,152.0,1
45.551,-73.54894,Mercier-Hochelaga-Maisonneuve,Entire home/apt,129.0,31
45.46689,-73.63783,Côte-des-Neiges-Notre-Dame-de-Grâce,Entire home/apt,176.0,28
45.54393,-73.67168,Ahuntsic-Cartierville,Entire home/apt,47.0,31
45.50338,-73.61712,Côte-des-Neiges-Notre-Dame-de-Grâce,Entire home/apt,596.0,31
45.5153657,-73.5760816,Le Plateau-Mont-Royal,Entire home/apt,149.0,1
45.49429,-73.57239,Ville-Marie,Entire home/apt,108.0,1
45.49347,-73.58195,Ville-Marie,Entire home/apt,118.0,1
45.50978,-73.56058,Ville-Marie,Entire home/apt,220.0,31
45.49673,-73.56802,Ville-Marie,Entire home/apt,305.0,1
45.50014369999999,-73.5594197465576,Ville-Marie,Entire home/apt,166.0,1
45.4951975,-73.5718425,Ville-Marie,Entire home/apt,161.0,31
45.48261,-73.62755,Côte-des-Neiges-Notre-Dame-de-Grâce,Entire home/apt,120.0,31
45.48355238004843,-73.62770017873659,Côte-des-Neiges-Notre-Dame-de-Grâce,Entire home/apt,40.0,31
45.48723,-73.56852,Le Sud-Ouest,Entire home/apt,80.0,31
45.51689750000001,-73.55557379999999,Ville-Marie,Entire home/apt,222.0,32
45.53884,-73.61283,Rosemont-La Petite-Patrie,Entire home/apt,49.0,31
45.47598,-73.59087,Le Sud-Ouest,Entire home/apt,1305.0,5
45.5097232,-73.5723969,Le Plateau-Mont-Royal,Entire home/apt,66.0,32
45.5203326,-73.58361909999999,Le Plateau-Mont-Royal,Entire home/apt,137.0,31
45.52894,-73.57986,Le Plateau-Mont-Royal,Entire home/apt,75.0,31
45.55195,-73.53295,Mercier-Hochelaga-Maisonneuve,Entire home/apt,146.0,2
45.55178,-73.55238,Mercier-Hochelaga-Maisonneuve,Entire home/apt,40.0,31
45.5143081258544,-73.55829074869156,Ville-Marie,Entire home/apt,133.0,1
45.5436988,-73.5766352,Rosemont-La Petite-Patrie,Entire home/apt,187.0,31
45.52042,-73.5634,Ville-Marie,Entire home/apt,159.0,31
45.49556,-73.57296,Ville-Marie,Entire home/apt,125.0,31
45.4916685,-73.5570735,Le Sud-Ouest,Entire home/apt,111.0,31
45.521204,-73.576477,Le Plateau-Mont-Royal,Entire home/apt,188.0,31
45.49914,-73.56001,Ville-Marie,Entire home/apt,244.0,1
45.49913,-73.55846,Ville-Marie,Entire home/apt,294.0,1
45.43016600025352,-73.62325761527066,LaSalle,Entire home/apt,267.0,1
45.46195,-73.58213,Le Sud-Ouest,Entire home/apt,122.0,32
45.51224,-73.57069,Le Plateau-Mont-Royal,Entire home/apt,165.0,1
45.49574,-73.57146,Ville-Marie,Entire home/apt,105.0,31
45.49693,-73.57115,Ville-Marie,Entire home/apt,105.0,31
45.493999933026046,-73.57488583656803,Ville-Marie,Entire home/apt,137.0,2
45.53130421522184,-73.61955532168624,Rosemont-La Petite-Patrie,Entire home/apt,202.0,2
45.46384356305698,-73.58133714861734,Le Sud-Ouest,Entire home/apt,170.0,1
45.54486,-73.63729,Villeray-Saint-Michel-Parc-Extension,Entire home/apt,135.0,1
45.55844,-73.53017,Mercier-Hochelaga-Maisonneuve,Entire home/apt,150.0,31
45.55320588947035,-73.585383372868,Rosemont-La Petite-Patrie,Entire home/apt,273.0,2
45.52561,-73.55116,Ville-Marie,Entire home/apt,86.0,31
45.557132403911645,-73.57069716049513,Rosemont-La Petite-Patrie,Entire home/apt,79.0,32
45.51973630282542,-73.57613296310453,Le Plateau-Mont-Royal,Entire home/apt,162.0,1
45.49086,-73.63041,Côte-des-Neiges-Notre-Dame-de-Grâce,Entire home/apt,130.0,31
45.44437,-73.57863,Verdun,Entire home/apt,149.0,1
45.44439,-73.58024,Verdun,Entire home/apt,126.0,1
45.5302754,-73.5804217,Le Plateau-Mont-Royal,Entire home/apt,67.0,31
45.54478,-73.64067,Ahuntsic-Cartierville,Entire home/apt,131.0,32
45.533878,-73.565811,Le Plateau-Mont-Royal,Entire home/apt,50.0,31
45.5033,-73.5556,Ville-Marie,Entire home/apt,100.0,31
45.52148,-73.57893,Le Plateau-Mont-Royal,Entire home/apt,144.0,1
45.5158494,-73.5655839,Ville-Marie,Entire home/apt,104.0,31
45.51848,-73.56383,Ville-Marie,Entire home/apt,183.0,1
45.45264,-73.58121,Verdun,Entire home/apt,138.0,31
45.54093659999999,-73.6454396,Ahuntsic-Cartierville,Entire home/apt,223.0,31
45.513909612936246,-73.57149856414827,Le Plateau-Mont-Royal,Entire home/apt,170.0,1
45.43294,-73.62541,LaSalle,Entire home/apt,126.0,31
45.6108,-73.55192,Anjou,Entire home/apt,99.0,31
45.51582,-73.5894,Ville-Marie,Entire home/apt,219.0,1
45.51581,-73.59102,Outremont,Entire home/apt,221.0,1
45.5143,-73.57005,Le Plateau-Mont-Royal,Entire home/apt,195.0,1
45.51213,-73.57002,Le Plateau-Mont-Royal,Entire home/apt,190.0,2
45.49851,-73.57691,Ville-Marie,Entire home/apt,116.0,32
45.4327,-73.62565,LaSalle,Entire home/apt,109.0,31
45.4945,-73.58207,Ville-Marie,Entire home/apt,129.0,2
45.55014238186711,-73.65734398954925,Ahuntsic-Cartierville,Entire home/apt,87.0,32
45.4933,-73.62643,Côte-des-Neiges-Notre-Dame-de-Grâce,Entire home/apt,76.0,31
45.49541,-73.56926,Ville-Marie,Entire home/apt,145.0,31
45.49026,-73.56499,Le Sud-Ouest,Entire home/apt,155.0,3
45.5217,-73.58016,Le Plateau-Mont-Royal,Entire home/apt,192.0,3
45.51152,-73.56357,Ville-Marie,Entire home/apt,100.0,31
45.50987,-73.56495,Ville-Marie,Entire home/apt,77.0,31
45.58595,-73.5406,Mercier-Hochelaga-Maisonneuve,Entire home/apt,251.0,1
45.60526,-73.51542,Mercier-Hochelaga-Maisonneuve,Entire home/apt,70.0,31
45.51627004357051,-73.5719371587038,Le Plateau-Mont-Royal,Entire home/apt,70.0,31
45.46985,-73.59371,Le Sud-Ouest,Entire home/apt,93.0,31
45.6515959,-73.5709693,Rivière-des-Prairies-Pointe-aux-Trembles,Entire home/apt,171.0,3
45.49263,-73.56398,Le Sud-Ouest,Entire home/apt,340.0,1
45.5436988,-73.5766352,Rosemont-La Petite-Patrie,Entire home/apt,159.0,31
45.54181,-73.59469,Rosemont-La Petite-Patrie,Entire home/apt,46.0,92
45.50376850000001,-73.5642811,Ville-Marie,Entire home/apt,62.0,120
45.46938,-73.6424,Côte-des-Neiges-Notre-Dame-de-Grâce,Entire home/apt,50.0,30
45.52151,-73.58953,Le Plateau-Mont-Royal,Entire home/apt,115.0,31
45.54803,-73.59045,Rosemont-La Petite-Patrie,Entire home/apt,175.0,1
45.52036,-73.56256,Ville-Marie,Entire home/apt,129.0,31
45.509252440011366,-73.57176359166368,Le Plateau-Mont-Royal,Entire home/apt,209.0,1
45.50566,-73.56613,Ville-Marie,Entire home/apt,90.0,31
45.53332,-73.56123,Ville-Marie,Entire home/apt,43.0,31
45.50251587276757,-73.56272943212898,Ville-Marie,Entire home/apt,175.0,1
45.51440010476545,-73.56122156991067,Ville-Marie,Entire home/apt,113.0,1
45.49491,-73.55904,Le Sud-Ouest,Entire home/apt,113.0,91
45.54468,-73.64151,Ahuntsic-Cartierville,Entire home/apt,100.0,32
45.5149262,-73.57368410000001,Le Plateau-Mont-Royal,Entire home/apt,101.0,1
45.6752,-73.49865,Rivière-des-Prairies-Pointe-aux-Trembles,Entire home/apt,321.0,31
45.674817,-73.497759,Rivière-des-Prairies-Pointe-aux-Trembles,Entire home/apt,212.0,31
45.674817,-73.497759,Rivière-des-Prairies-Pointe-aux-Trembles,Entire home/apt,212.0,31
45.51647,-73.58132,Le Plateau-Mont-Royal,Entire home/apt,288.0,31
45.50234,-73.55698,Ville-Marie,Entire home/apt,218.0,1
45.53671,-73.57029,Le Plateau-Mont-Royal,Entire home/apt,99.0,32
45.51757,-73.5721,Le Plateau-Mont-Royal,Entire home/apt,120.0,31
45.52216,-73.5896,Le Plateau-Mont-Royal,Entire home/apt,100.0,31
45.49382,-73.58399,Ville-Marie,Entire home/apt,136.0,2
45.5275053,-73.5765206,Le Plateau-Mont-Royal,Entire home/apt,149.0,31
45.528350454510296,-73.56688869405542,Le Plateau-Mont-Royal,Entire home/apt,187.0,1
45.47029,-73.60493,Côte-des-Neiges-Notre-Dame-de-Grâce,Entire home/apt,130.0,31
45.5166,-73.58359,Le Plateau-Mont-Royal,Entire home/apt,268.0,1
45.51408946814376,-73.55295247734176,Ville-Marie,Entire home/apt,141.0,60
45.50675,-73.55281,Ville-Marie,Entire home/apt,189.0,1
45.57948,-73.5401,Mercier-Hochelaga-Maisonneuve,Entire home/apt,116.0,2
45.46047,-73.56272,Verdun,Entire home/apt,135.0,31
45.51957,-73.5721,Le Plateau-Mont-Royal,Entire home/apt,107.0,2
45.5056,-73.70146,Saint-Laurent,Entire home/apt,93.0,31
45.53306,-73.56555,Le Plateau-Mont-Royal,Entire home/apt,91.0,31
45.49552,-73.56961,Ville-Marie,Entire home/apt,182.0,1
45.48061,-73.57456,Le Sud-Ouest,Entire home/apt,160.0,31
45.4293036,-73.5994063,LaSalle,Entire home/apt,140.0,31
45.60467003923994,-73.51422133862306,Mercier-Hochelaga-Maisonneuve,Entire home/apt,72.0,31
45.46666,-73.88828,Pierrefonds-Roxboro,Entire home/apt,111.0,1
45.49493,-73.58254,Ville-Marie,Entire home/apt,206.0,1
45.47169,-73.60809,Côte-des-Neiges-Notre-Dame-de-Grâce,Entire home/apt,42.0,120
45.49074539999999,-73.5833449,Ville-Marie,Entire home/apt,160.0,31
45.49377,-73.58322,Ville-Marie,Entire home/apt,75.0,31
45.49091,-73.58207,Ville-Marie,Entire home/apt,158.0,2
45.49139,-73.58357,Ville-Marie,Entire home/apt,189.0,2
45.452907206732114,-73.59009799721593,Le Sud-Ouest,Entire home/apt,94.0,31
45.51269771309119,-73.56827070420836,Ville-Marie,Entire home/apt,64.0,32
45.49711598792172,-73.62833060324192,Côte-des-Neiges-Notre-Dame-de-Grâce,Entire home/apt,79.0,31
45.45091,-73.59134,Le Sud-Ouest,Entire home/apt,56.0,31
45.4358383,-73.6990481,Lachine,Entire home/apt,80.0,31
45.506630489222864,-73.56865615221825,Ville-Marie,Entire home/apt,108.0,31
45.4607657,-73.5640605,Verdun,Entire home/apt,90.0,28
45.52493,-73.55027,Ville-Marie,Entire home/apt,69.0,31
45.53313199999999,-73.615348,Rosemont-La Petite-Patrie,Entire home/apt,100.0,1
45.49533,-73.57623,Ville-Marie,Entire home/apt,148.0,31
45.4734716,-73.5956307,Le Sud-Ouest,Entire home/apt,100.0,32
45.47423,-73.59477,Le Sud-Ouest,Entire home/apt,100.0,32
45.52756153321226,-73.5819383483572,Le Plateau-Mont-Royal,Entire home/apt,100.0,31
45.5081,-73.55167,Ville-Marie,Entire home/apt,80.0,31
45.49844,-73.57725,Ville-Marie,Entire home/apt,131.0,1
45.49526,-73.56168,Le Sud-Ouest,Entire home/apt,212.0,1
45.47894,-73.57136,Le Sud-Ouest,Entire home/apt,68.0,31
45.50284,-73.8064,Pierrefonds-Roxboro,Entire home/apt,316.0,3
45.49006427611108,-73.58325685786147,Ville-Marie,Entire home/apt,123.0,2
45.5828989,-73.59706469999999,Saint-Léonard,Entire home/apt,131.0,31
45.51846,-73.59118,Le Plateau-Mont-Royal,Entire home/apt,277.0,2
45.49249,-73.56039,Le Sud-Ouest,Entire home/apt,146.0,3
45.495282039732224,-73.57003063551167,Ville-Marie,Entire home/apt,100.0,31
45.51634,-73.55442,Ville-Marie,Entire home/apt,180.0,31
45.57243,-73.58119,Rosemont-La Petite-Patrie,Entire home/apt,84.0,31
45.48748655217061,-73.63422509282827,Côte-des-Neiges-Notre-Dame-de-Grâce,Entire home/apt,356.0,31
45.48143,-73.63122,Côte-des-Neiges-Notre-Dame-de-Grâce,Entire home/apt,97.0,31
45.52344882431432,-73.6833718791604,Saint-Laurent,Entire home/apt,61.0,31
45.50681,-73.67697,Saint-Laurent,Entire home/apt,88.0,31
45.52317,-73.58011,Le Plateau-Mont-Royal,Entire home/apt,465.0,1
45.50627,-73.55537,Ville-Marie,Entire home/apt,1436.0,3
45.51864,-73.58035,Le Plateau-Mont-Royal,Entire home/apt,214.0,31
45.463888,-73.5746535,Verdun,Entire home/apt,155.0,31
45.52633496502485,-73.57869900763035,Le Plateau-Mont-Royal,Entire home/apt,55.0,31
45.43988,-73.73369,Dorval,Entire home/apt,96.0,31
45.46335944303937,-73.58283804346388,Le Sud-Ouest,Entire home/apt,147.0,3
45.49195333031898,-73.5602253451685,Le Sud-Ouest,Entire home/apt,318.0,3
45.6433,-73.49538,Rivière-des-Prairies-Pointe-aux-Trembles,Entire home/apt,115.0,31
45.49389407230864,-73.5589618241983,Le Sud-Ouest,Entire home/apt,318.0,3
45.57452,-73.53545,Mercier-Hochelaga-Maisonneuve,Entire home/apt,78.0,31
45.48161,-73.59262,Westmount,Entire home/apt,106.0,32
45.49453,-73.55892,Le Sud-Ouest,Entire home/apt,65.0,365
45.49246,-73.5784,Ville-Marie,Entire home/apt,120.0,32
45.52421,-73.72647,Ahuntsic-Cartierville,Entire home/apt,102.0,1
45.51771,-73.55309,Ville-Marie,Entire home/apt,98.0,32
45.472652822725095,-73.5960033019835,Le Sud-Ouest,Entire home/apt,80.0,32
45.49534,-73.57196,Ville-Marie,Entire home/apt,195.0,1
45.51512739240892,-73.55473681528004,Ville-Marie,Entire home/apt,180.0,31
45.56341,-73.65695,Ahuntsic-Cartierville,Entire home/apt,215.0,32
45.50148,-73.55794,Ville-Marie,Entire home/apt,76.0,180
45.53886,-73.5623,Le Plateau-Mont-Royal,Entire home/apt,175.0,30
45.50527,-73.7976,Pierrefonds-Roxboro,Entire home/apt,120.0,31
45.49483,-73.58532,Ville-Marie,Entire home/apt,96.0,31
45.49659,-73.58473,Ville-Marie,Entire home/apt,80.0,31
45.49552007355052,-73.58496380125143,Ville-Marie,Entire home/apt,77.0,31
45.49539,-73.58027,Ville-Marie,Entire home/apt,77.0,31
45.49541,-73.57987,Ville-Marie,Entire home/apt,105.0,31
45.53855,-73.57978,Le Plateau-Mont-Royal,Entire home/apt,128.0,31
45.5409,-73.58083,Le Plateau-Mont-Royal,Entire home/apt,125.0,31
45.5112324151501,-73.57249776579845,Le Plateau-Mont-Royal,Entire home/apt,77.0,31
45.51269,-73.5711,Le Plateau-Mont-Royal,Entire home/apt,77.0,31
45.51185,-73.57053,Le Plateau-Mont-Royal,Entire home/apt,87.0,31
45.51247,-73.57235,Le Plateau-Mont-Royal,Entire home/apt,68.0,31
45.51712,-73.55408,Ville-Marie,Entire home/apt,76.0,90
45.5017838,-73.62061659999999,Côte-des-Neiges-Notre-Dame-de-Grâce,Entire home/apt,71.0,31
45.51563,-73.57728,Le Plateau-Mont-Royal,Entire home/apt,212.0,1
45.5159743,-73.57802889999999,Le Plateau-Mont-Royal,Entire home/apt,101.0,2
45.5511324,-73.5778806,Rosemont-La Petite-Patrie,Entire home/apt,76.0,31
45.5159743,-73.57802889999999,Le Plateau-Mont-Royal,Entire home/apt,96.0,2
45.53223,-73.61201,Rosemont-La Petite-Patrie,Entire home/apt,356.0,31
45.49506,-73.57096,Ville-Marie,Entire home/apt,117.0,31
45.49525,-73.56104,Le Sud-Ouest,Entire home/apt,174.0,1
45.49331,-73.56123,Le Sud-Ouest,Entire home/apt,160.0,3
45.53726,-73.57293,Le Plateau-Mont-Royal,Entire home/apt,136.0,32
45.49317,-73.56028,Le Sud-Ouest,Entire home/apt,205.0,3
45.62931,-73.58897,Rivière-des-Prairies-Pointe-aux-Trembles,Entire home/apt,50.0,31
45.491665122281134,-73.55851029100886,Le Sud-Ouest,Entire home/apt,377.0,3
45.49282,-73.58337,Ville-Marie,Entire home/apt,275.0,31
45.50685,-73.55538,Ville-Marie,Entire home/apt,200.0,1
45.49462,-73.57465,Ville-Marie,Entire home/apt,103.0,31
45.49589,-73.57399,Ville-Marie,Entire home/apt,88.0,31
45.55782,-73.5337,Mercier-Hochelaga-Maisonneuve,Entire home/apt,65.0,31
45.51193,-73.54984,Ville-Marie,Entire home/apt,117.0,31
45.52918,-73.59177,Le Plateau-Mont-Royal,Entire home/apt,75.0,31
45.49805,-73.63527,Côte-des-Neiges-Notre-Dame-de-Grâce,Entire home/apt,95.0,2
45.49414649023338,-73.57950822558723,Ville-Marie,Entire home/apt,111.0,3
45.49575443316354,-73.57666586791191,Ville-Marie,Entire home/apt,150.0,2
45.55168,-73.55023,Mercier-Hochelaga-Maisonneuve,Entire home/apt,121.0,1
45.48031,-73.57431,Le Sud-Ouest,Entire home/apt,170.0,31
45.48017,-73.57617,Le Sud-Ouest,Entire home/apt,170.0,31
45.47463,-73.62107,Côte-des-Neiges-Notre-Dame-de-Grâce,Entire home/apt,59.0,31
45.49854,-73.57563,Ville-Marie,Entire home/apt,152.0,3
45.50615390426413,-73.56653170361155,Ville-Marie,Entire home/apt,83.0,31
45.4858633,-73.6424632,Côte-des-Neiges-Notre-Dame-de-Grâce,Entire home/apt,292.0,3
45.50658,-73.57022,Ville-Marie,Entire home/apt,144.0,31
45.51449761986202,-73.56637262492832,Ville-Marie,Entire home/apt,182.0,1
45.51387,-73.55595,Ville-Marie,Entire home/apt,176.0,31
45.52591289502083,-73.62350048667899,Villeray-Saint-Michel-Parc-Extension,Entire home/apt,85.0,31
45.52143,-73.57736,Le Plateau-Mont-Royal,Entire home/apt,158.0,31
45.51781,-73.57221,Le Plateau-Mont-Royal,Entire home/apt,195.0,31
45.49368,-73.57695,Ville-Marie,Entire home/apt,81.0,31
45.4544098,-73.5905863,Le Sud-Ouest,Entire home/apt,63.0,1
45.4921,-73.57423,Ville-Marie,Entire home/apt,104.0,2
45.506493265980986,-73.57095234903825,Ville-Marie,Entire home/apt,170.0,90
45.49315,-73.57879,Ville-Marie,Entire home/apt,231.0,31
45.43840101822297,-73.68611389520822,Lachine,Entire home/apt,120.0,32
45.510215,-73.5591567,Ville-Marie,Entire home/apt,101.0,31
45.53622602665482,-73.60565066432487,Rosemont-La Petite-Patrie,Entire home/apt,183.0,3
45.55199,-73.5928,Rosemont-La Petite-Patrie,Entire home/apt,315.0,3
45.46676,-73.88703,Pierrefonds-Roxboro,Entire home/apt,136.0,1
45.50832542352463,-73.5707165367434,Ville-Marie,Entire home/apt,343.0,31
45.50276,-73.55404,Ville-Marie,Entire home/apt,267.0,31
45.50105417646572,-73.55473913617372,Ville-Marie,Entire home/apt,320.0,31
45.496,-73.57903,Ville-Marie,Entire home/apt,144.0,2
45.5379239,-73.61173,Rosemont-La Petite-Patrie,Entire home/apt,71.0,31
45.49558855233955,-73.57351164248253,Ville-Marie,Entire home/apt,91.0,31
45.52641,-73.56217,Ville-Marie,Entire home/apt,152.0,80
45.4959249,-73.5745343,Ville-Marie,Entire home/apt,113.0,31
45.49199,-73.58101,Ville-Marie,Entire home/apt,76.0,31
45.47528965251192,-73.56258253064061,Le Sud-Ouest,Entire home/apt,158.0,31
45.5263098,-73.620826,Villeray-Saint-Michel-Parc-Extension,Entire home/apt,105.0,31
45.53077,-73.58375,Le Plateau-Mont-Royal,Entire home/apt,330.0,31
45.5200396,-73.574632,Le Plateau-Mont-Royal,Entire home/apt,227.0,32
45.5200396,-73.574632,Le Plateau-Mont-Royal,Entire home/apt,308.0,32
45.54108882358311,-73.61051250289691,Rosemont-La Petite-Patrie,Entire home/apt,135.0,2
45.5396320249904,-73.62541609092376,Villeray-Saint-Michel-Parc-Extension,Entire home/apt,86.0,31
45.49887,-73.57947,Ville-Marie,Entire home/apt,369.0,1
45.49622,-73.58211,Ville-Marie,Entire home/apt,114.0,1
45.51749,-73.55671,Ville-Marie,Entire home/apt,242.0,31
45.53887,-73.64004,Villeray-Saint-Michel-Parc-Extension,Entire home/apt,90.0,31
45.55001,-73.57237,Rosemont-La Petite-Patrie,Entire home/apt,219.0,1
45.4683023,-73.6449336,Côte-des-Neiges-Notre-Dame-de-Grâce,Entire home/apt,50.0,32
45.51631,-73.55448,Ville-Marie,Entire home/apt,76.0,31
45.46638,-73.61417,Côte-des-Neiges-Notre-Dame-de-Grâce,Entire home/apt,74.0,31
45.525724,-73.58338669999999,Le Plateau-Mont-Royal,Entire home/apt,147.0,1
45.49685,-73.58415,Ville-Marie,Entire home/apt,158.0,1
45.49209,-73.55654,Le Sud-Ouest,Entire home/apt,136.0,1
45.52877,-73.54935,Ville-Marie,Entire home/apt,60.0,31
45.57503,-73.53583,Mercier-Hochelaga-Maisonneuve,Entire home/apt,93.0,1
45.4705254,-73.59292769999999,Le Sud-Ouest,Entire home/apt,179.0,31
45.5275369,-73.6304735,Villeray-Saint-Michel-Parc-Extension,Entire home/apt,75.0,31
45.49846,-73.55623,Ville-Marie,Entire home/apt,273.0,1
45.51601,-73.59066,Le Plateau-Mont-Royal,Entire home/apt,202.0,1
45.52119561174207,-73.58807916010252,Le Plateau-Mont-Royal,Entire home/apt,219.0,1
45.487408,-73.63427,Côte-des-Neiges-Notre-Dame-de-Grâce,Entire home/apt,320.0,31
45.48014,-73.62508,Côte-des-Neiges-Notre-Dame-de-Grâce,Entire home/apt,111.0,1
45.535353468368434,-73.59385907144876,Rosemont-La Petite-Patrie,Entire home/apt,298.0,1
45.535440681015096,-73.59401972321393,Rosemont-La Petite-Patrie,Entire home/apt,298.0,1
45.49182,-73.58329,Ville-Marie,Entire home/apt,178.0,1
45.52379,-73.57043,Le Plateau-Mont-Royal,Entire home/apt,354.0,1
45.48864681760728,-73.64271525142964,Côte-des-Neiges-Notre-Dame-de-Grâce,Entire home/apt,129.0,1
45.49526,-73.57103,Ville-Marie,Entire home/apt,212.0,2
45.51277,-73.57203,Le Plateau-Mont-Royal,Entire home/apt,118.0,1
45.51248,-73.57223,Le Plateau-Mont-Royal,Entire home/apt,106.0,1
45.51049,-73.57085,Le Plateau-Mont-Royal,Entire home/apt,98.0,1
45.47218,-73.60709,Côte-des-Neiges-Notre-Dame-de-Grâce,Entire home/apt,152.0,31
45.49667,-73.58385,Ville-Marie,Entire home/apt,207.0,1
45.49506176624266,-73.56046836615369,Le Sud-Ouest,Entire home/apt,169.0,31
45.50119152594223,-73.55566252428456,Ville-Marie,Entire home/apt,267.0,31
45.51799,-73.56975,Le Plateau-Mont-Royal,Entire home/apt,157.0,31
45.5700132,-73.6565933,Ahuntsic-Cartierville,Entire home/apt,300.0,31
45.50452,-73.55636,Ville-Marie,Entire home/apt,314.0,1
45.44562,-73.70538,Lachine,Entire home/apt,103.0,31
45.5428956,-73.5402112,Mercier-Hochelaga-Maisonneuve,Entire home/apt,89.0,31
45.50238,-73.55648,Ville-Marie,Entire home/apt,378.0,1
45.49556,-73.58197,Ville-Marie,Entire home/apt,50.0,60
45.54412,-73.56983,Rosemont-La Petite-Patrie,Entire home/apt,106.0,31
45.50431,-73.55612,Ville-Marie,Entire home/apt,333.0,1
45.50432,-73.55631,Ville-Marie,Entire home/apt,365.0,2
45.50283,-73.556,Ville-Marie,Entire home/apt,197.0,2
45.50234,-73.55624,Ville-Marie,Entire home/apt,413.0,2
45.50293006423386,-73.55587345799341,Ville-Marie,Entire home/apt,336.0,2
45.50256,-73.55658,Ville-Marie,Entire home/apt,346.0,2
45.51084,-73.56031,Ville-Marie,Entire home/apt,159.0,1
45.49317,-73.63219,Côte-des-Neiges-Notre-Dame-de-Grâce,Entire home/apt,313.0,32
45.519,-73.5719,Le Plateau-Mont-Royal,Entire home/apt,98.0,1
45.51868,-73.57421,Le Plateau-Mont-Royal,Entire home/apt,126.0,31
45.49397,-73.55909,Le Sud-Ouest,Entire home/apt,344.0,3
45.49386435488891,-73.5598707791511,Le Sud-Ouest,Entire home/apt,730.0,3
45.51825,-73.55758,Ville-Marie,Entire home/apt,215.0,2
45.49009,-73.58928,Westmount,Entire home/apt,181.0,2
45.51557528251984,-73.59021499913125,Ville-Marie,Entire home/apt,120.0,1
45.51644,-73.56665,Ville-Marie,Entire home/apt,145.0,1
45.54518,-73.58802,Rosemont-La Petite-Patrie,Entire home/apt,90.0,31
45.53989,-73.5697,Le Plateau-Mont-Royal,Entire home/apt,368.0,2
45.54785,-73.61704,Villeray-Saint-Michel-Parc-Extension,Entire home/apt,73.0,31
45.50547,-73.56749,Ville-Marie,Entire home/apt,270.0,62
45.50928,-73.57433,Le Plateau-Mont-Royal,Entire home/apt,346.0,1
45.5158494,-73.5655839,Ville-Marie,Entire home/apt,89.0,31
45.4977883,-73.5729034,Ville-Marie,Entire home/apt,120.0,31
45.49678,-73.57936,Ville-Marie,Entire home/apt,355.0,2
45.51571,-73.59157,Outremont,Entire home/apt,130.0,1
45.49733,-73.57902,Ville-Marie,Entire home/apt,225.0,1
45.50428,-73.55573,Ville-Marie,Entire home/apt,282.0,1
45.5024,-73.55604,Ville-Marie,Entire home/apt,319.0,1
45.50062,-73.63798,Côte-des-Neiges-Notre-Dame-de-Grâce,Entire home/apt,146.0,90
45.50818158848151,-73.57022349195307,Ville-Marie,Entire home/apt,104.0,31
45.49873,-73.56022,Ville-Marie,Entire home/apt,226.0,1
45.5830639,-73.5580672,Mercier-Hochelaga-Maisonneuve,Entire home/apt,65.0,31
45.5476237,-73.6439403,Ahuntsic-Cartierville,Entire home/apt,146.0,31
45.49043,-73.56278,Le Sud-Ouest,Entire home/apt,54.0,31
45.58030108052879,-73.53309829529744,Mercier-Hochelaga-Maisonneuve,Entire home/apt,190.0,1
45.43091176559092,-73.64886338878786,LaSalle,Entire home/apt,150.0,3
45.48731,-73.62357,Côte-des-Neiges-Notre-Dame-de-Grâce,Entire home/apt,133.0,2
45.4689,-73.59136,Le Sud-Ouest,Entire home/apt,59.0,31
45.49705,-73.5776,Ville-Marie,Entire home/apt,131.0,2
45.51974,-73.55732,Ville-Marie,Entire home/apt,87.0,31
45.49841,-73.57564,Ville-Marie,Entire home/apt,170.0,2
45.51113,-73.55867,Ville-Marie,Entire home/apt,154.0,2
45.51464499999999,-73.68123340000001,Saint-Laurent,Entire home/apt,59.0,31
45.51246,-73.55814,Ville-Marie,Entire home/apt,115.0,2
45.51716,-73.57691,Le Plateau-Mont-Royal,Entire home/apt,218.0,1
45.46858,-73.61204,Côte-des-Neiges-Notre-Dame-de-Grâce,Entire home/apt,130.0,1
45.46787,-73.64395,Côte-des-Neiges-Notre-Dame-de-Grâce,Entire home/apt,137.0,1
45.54309,-73.60967,Rosemont-La Petite-Patrie,Entire home/apt,70.0,32
45.5172493,-73.559201,Ville-Marie,Entire home/apt,66.0,31
45.48993,-73.58298,Ville-Marie,Entire home/apt,162.0,2
45.48017,-73.62462,Côte-des-Neiges-Notre-Dame-de-Grâce,Entire home/apt,98.0,1
45.51731,-73.56979,Le Plateau-Mont-Royal,Entire home/apt,297.0,2
45.51209,-73.55994,Ville-Marie,Entire home/apt,133.0,200
45.51197,-73.5706,Le Plateau-Mont-Royal,Entire home/apt,189.0,300
45.49154,-73.58123,Ville-Marie,Entire home/apt,106.0,1
45.51388,-73.57365,Le Plateau-Mont-Royal,Entire home/apt,358.0,2
45.513005988228365,-73.57543970852642,Le Plateau-Mont-Royal,Entire home/apt,248.0,2
45.495138614438766,-73.55974662675666,Le Sud-Ouest,Entire home/apt,198.0,1
45.49404,-73.56,Le Sud-Ouest,Entire home/apt,228.0,1
45.4792377,-73.5730033,Le Sud-Ouest,Entire home/apt,113.0,31
45.49861,-73.57853,Ville-Marie,Entire home/apt,189.0,1
45.50191322330994,-73.5596139516066,Ville-Marie,Entire home/apt,203.0,3
45.55909935339769,-73.65598418759707,Ahuntsic-Cartierville,Entire home/apt,70.0,31
45.51000044292664,-73.56929813614961,Ville-Marie,Entire home/apt,156.0,1
45.45035070045076,-73.59315812587738,Le Sud-Ouest,Entire home/apt,110.0,31
45.52426435030043,-73.55192060912736,Ville-Marie,Entire home/apt,149.0,2
45.53453,-73.56322,Le Plateau-Mont-Royal,Entire home/apt,246.0,2
45.5361906561318,-73.55588835704167,Ville-Marie,Entire home/apt,195.0,2
45.538235267776585,-73.55433683794965,Ville-Marie,Entire home/apt,208.0,2
45.49836,-73.57635,Ville-Marie,Entire home/apt,121.0,1
45.515829382417245,-73.56175043882502,Ville-Marie,Entire home/apt,161.0,1
45.50914,-73.56636,Ville-Marie,Entire home/apt,159.0,2
45.51239,-73.56571,Ville-Marie,Entire home/apt,238.0,2
45.49043,-73.56103,Le Sud-Ouest,Entire home/apt,211.0,60
45.43427,-73.59868,LaSalle,Entire home/apt,454.0,2
45.49122,-73.58375,Ville-Marie,Entire home/apt,62.0,31
45.48981,-73.58423,Ville-Marie,Entire home/apt,75.0,31
45.55778,-73.53506,Mercier-Hochelaga-Maisonneuve,Entire home/apt,83.0,31
45.50428,-73.56265,Ville-Marie,Entire home/apt,105.0,31
45.47198,-73.60593,Côte-des-Neiges-Notre-Dame-de-Grâce,Entire home/apt,42.0,60
45.49691,-73.57897,Ville-Marie,Entire home/apt,230.0,1
45.51316,-73.62171,Côte-des-Neiges-Notre-Dame-de-Grâce,Entire home/apt,95.0,31
45.49403,-73.5764,Ville-Marie,Entire home/apt,91.0,2
45.52475,-73.60012,Le Plateau-Mont-Royal,Entire home/apt,85.0,31
45.497455967187165,-73.57060705279966,Ville-Marie,Entire home/apt,330.0,32
45.49688,-73.57083,Ville-Marie,Entire home/apt,103.0,91
45.42918975305174,-73.82385429140167,Pointe-Claire,Entire home/apt,75.0,31
45.49521,-73.5763,Ville-Marie,Entire home/apt,177.0,1
45.49535,-73.57821,Ville-Marie,Entire home/apt,165.0,1
45.4859275,-73.57646059999999,Le Sud-Ouest,Entire home/apt,92.0,31
45.52149,-73.58066,Le Plateau-Mont-Royal,Entire home/apt,148.0,1
45.49576,-73.56002,Le Sud-Ouest,Entire home/apt,111.0,31
45.498941234414126,-73.55936999572805,Ville-Marie,Entire home/apt,153.0,2
45.54501,-73.57086,Rosemont-La Petite-Patrie,Entire home/apt,59.0,31
45.54326,-73.59359,Rosemont-La Petite-Patrie,Entire home/apt,63.0,31
45.50242,-73.55607,Ville-Marie,Entire home/apt,263.0,2
45.51723680958633,-73.55283925080718,Ville-Marie,Entire home/apt,58.0,31
45.55488,-73.6052,Villeray-Saint-Michel-Parc-Extension,Entire home/apt,77.0,31
45.50959,-73.57212,Le Plateau-Mont-Royal,Entire home/apt,80.0,31
45.4925,-73.57626,Ville-Marie,Entire home/apt,109.0,2
45.41743,-73.6209,LaSalle,Entire home/apt,89.0,31
45.5175882,-73.55311569999999,Ville-Marie,Entire home/apt,74.0,31
45.50013,-73.57711,Ville-Marie,Entire home/apt,169.0,1
45.49819,-73.57876,Ville-Marie,Entire home/apt,173.0,1
45.51244,-73.61676,Outremont,Entire home/apt,187.0,1
45.51081,-73.61622,Outremont,Entire home/apt,161.0,1
45.4963995,-73.57438979999999,Ville-Marie,Entire home/apt,95.0,31
45.52262,-73.55654,Ville-Marie,Entire home/apt,130.0,31
45.51575,-73.57058,Le Plateau-Mont-Royal,Entire home/apt,144.0,1
45.4496022,-73.857615,Kirkland,Entire home/apt,119.0,31
45.44858,-73.85865,Kirkland,Entire home/apt,139.0,31
45.54089,-73.58131,Le Plateau-Mont-Royal,Entire home/apt,112.0,2
45.49467,-73.56971,Ville-Marie,Entire home/apt,66.0,31
45.47052,-73.63479,Côte-des-Neiges-Notre-Dame-de-Grâce,Entire home/apt,81.0,2
45.44853,-73.85643,Kirkland,Entire home/apt,119.0,31
45.51237253029028,-73.56230100932974,Ville-Marie,Entire home/apt,123.0,2
45.44873247354364,-73.85850795782582,Kirkland,Entire home/apt,139.0,31
45.55512,-73.60312,Villeray-Saint-Michel-Parc-Extension,Entire home/apt,58.0,31
45.5495,-73.54746,Mercier-Hochelaga-Maisonneuve,Entire home/apt,67.0,32
45.52094,-73.56501,Ville-Marie,Entire home/apt,109.0,2
45.51599288386375,-73.59038287228387,Le Plateau-Mont-Royal,Entire home/apt,95.0,1
45.51766052584919,-73.59233354407998,Le Plateau-Mont-Royal,Entire home/apt,113.0,1
45.50806158524902,-73.57437255751482,Le Plateau-Mont-Royal,Entire home/apt,116.0,1
45.47086,-73.63272,Côte-des-Neiges-Notre-Dame-de-Grâce,Entire home/apt,81.0,1
45.4640606,-73.56596549999999,Verdun,Entire home/apt,102.0,31
45.50626,-73.56998,Ville-Marie,Entire home/apt,110.0,31
45.47085,-73.63271,Côte-des-Neiges-Notre-Dame-de-Grâce,Entire home/apt,89.0,2
45.55817591320215,-73.53334619286612,Mercier-Hochelaga-Maisonneuve,Entire home/apt,76.0,31
45.55768322175024,-73.53493677126312,Mercier-Hochelaga-Maisonneuve,Entire home/apt,74.0,31
45.55771,-73.53406,Mercier-Hochelaga-Maisonneuve,Entire home/apt,72.0,31
45.49429,-73.56973,Ville-Marie,Entire home/apt,158.0,2
45.5049,-73.63279,Côte-des-Neiges-Notre-Dame-de-Grâce,Entire home/apt,77.0,31
45.52167,-73.55236,Ville-Marie,Entire home/apt,81.0,31
45.52115,-73.57974,Le Plateau-Mont-Royal,Entire home/apt,202.0,31
45.52109934060337,-73.58054393158477,Le Plateau-Mont-Royal,Entire home/apt,101.0,31
45.4999,-73.57831,Ville-Marie,Entire home/apt,226.0,2
45.4982,-73.5771,Ville-Marie,Entire home/apt,593.0,2
45.49782,-73.57901,Ville-Marie,Entire home/apt,213.0,2
45.50677,-73.56628,Ville-Marie,Entire home/apt,150.0,60
45.46699,-73.65195,Côte-des-Neiges-Notre-Dame-de-Grâce,Entire home/apt,102.0,2
45.4498666,-73.5994194,Le Sud-Ouest,Entire home/apt,135.0,31
45.4498666,-73.5994194,Le Sud-Ouest,Entire home/apt,144.0,31
45.5233556,-73.5932227,Le Plateau-Mont-Royal,Entire home/apt,153.0,31
45.51724,-73.56168,Ville-Marie,Entire home/apt,151.0,2
45.44931,-73.59828,Le Sud-Ouest,Entire home/apt,112.0,31
45.50495,-73.55717,Ville-Marie,Entire home/apt,160.0,31
45.4509,-73.59917,Le Sud-Ouest,Entire home/apt,102.0,31
45.5474991175201,-73.55566229034086,Rosemont-La Petite-Patrie,Entire home/apt,35.0,31
45.57489,-73.53751,Mercier-Hochelaga-Maisonneuve,Entire home/apt,103.0,1
45.5749,-73.53678,Mercier-Hochelaga-Maisonneuve,Entire home/apt,91.0,1
45.46124,-73.56934,Verdun,Entire home/apt,91.0,31
45.53609,-73.57129,Le Plateau-Mont-Royal,Entire home/apt,176.0,3
45.49689,-73.5615,Le Sud-Ouest,Entire home/apt,96.0,31
45.55788,-73.53376,Mercier-Hochelaga-Maisonneuve,Entire home/apt,71.0,31
45.51008,-73.56046,Ville-Marie,Entire home/apt,70.0,31
45.49293,-73.56214,Le Sud-Ouest,Entire home/apt,100.0,31
45.51976,-73.58404,Le Plateau-Mont-Royal,Entire home/apt,110.0,32
45.5177,-73.58104,Le Plateau-Mont-Royal,Entire home/apt,227.0,32
45.5454018,-73.6309585,Villeray-Saint-Michel-Parc-Extension,Entire home/apt,274.0,31
45.51625,-73.57247,Le Plateau-Mont-Royal,Entire home/apt,210.0,1
45.48695155435484,-73.56934762964335,Le Sud-Ouest,Entire home/apt,270.0,1
45.48862,-73.57058,Le Sud-Ouest,Entire home/apt,237.0,1
45.48856,-73.56918,Le Sud-Ouest,Entire home/apt,237.0,1
45.4886794795104,-73.56932724367391,Le Sud-Ouest,Entire home/apt,237.0,1
45.4952772,-73.5686224,Ville-Marie,Entire home/apt,144.0,31
45.52175,-73.55433,Ville-Marie,Entire home/apt,160.0,31
45.527281,-73.62212749999999,Villeray-Saint-Michel-Parc-Extension,Entire home/apt,85.0,31
45.52245,-73.59381,Le Plateau-Mont-Royal,Entire home/apt,128.0,31
45.54324,-73.56036,Rosemont-La Petite-Patrie,Entire home/apt,54.0,31
45.50888,-73.57292,Le Plateau-Mont-Royal,Entire home/apt,50.0,32
45.49368,-73.57844,Ville-Marie,Entire home/apt,170.0,1
45.49056,-73.58198,Ville-Marie,Entire home/apt,165.0,1
45.51721,-73.56864,Le Plateau-Mont-Royal,Entire home/apt,225.0,2
45.51426,-73.55389,Ville-Marie,Entire home/apt,157.0,2
45.49491,-73.58189,Ville-Marie,Entire home/apt,121.0,1
45.53887,-73.59924,Rosemont-La Petite-Patrie,Entire home/apt,85.0,31
45.53339,-73.55771,Ville-Marie,Entire home/apt,100.0,1
45.54508,-73.5604,Rosemont-La Petite-Patrie,Entire home/apt,54.0,31
45.50461,-73.56256,Ville-Marie,Entire home/apt,190.0,31
45.506592554909325,-73.56557181567483,Ville-Marie,Entire home/apt,88.0,31
45.506952184640646,-73.57064430688791,Ville-Marie,Entire home/apt,97.0,31
45.50681,-73.56844,Ville-Marie,Entire home/apt,97.0,31
45.507787903812094,-73.57370586041284,Le Plateau-Mont-Royal,Entire home/apt,215.0,1
45.4961429,-73.5704392,Ville-Marie,Entire home/apt,115.0,32
45.53441,-73.56389,Le Plateau-Mont-Royal,Entire home/apt,78.0,31
45.50735359999999,-73.5734805,Le Plateau-Mont-Royal,Entire home/apt,55.0,32
45.5790745,-73.56066779999999,Mercier-Hochelaga-Maisonneuve,Entire home/apt,112.0,32
45.49307,-73.5775,Ville-Marie,Entire home/apt,40.0,32
45.49636185346687,-73.58211479229986,Ville-Marie,Entire home/apt,139.0,1
45.49542976006767,-73.56811434030533,Ville-Marie,Entire home/apt,116.0,31
45.5182,-73.5802,Le Plateau-Mont-Royal,Entire home/apt,245.0,1
45.5163404,-73.571963,Le Plateau-Mont-Royal,Entire home/apt,104.0,32
45.54214,-73.53755,Mercier-Hochelaga-Maisonneuve,Entire home/apt,70.0,31
45.50628,-73.5698,Ville-Marie,Entire home/apt,120.0,31
45.49354,-73.55761,Le Sud-Ouest,Entire home/apt,162.0,31
45.50542,-73.56802,Ville-Marie,Entire home/apt,120.0,31
45.49669,-73.58456,Ville-Marie,Entire home/apt,209.0,1
45.49669,-73.58456,Ville-Marie,Entire home/apt,205.0,1
45.49989,-73.55925,Ville-Marie,Entire home/apt,157.0,1
45.48539,-73.59795,Westmount,Entire home/apt,105.0,31
45.53124,-73.61895,Rosemont-La Petite-Patrie,Entire home/apt,69.0,31
45.54728961378426,-73.60537706703995,Villeray-Saint-Michel-Parc-Extension,Entire home/apt,29.0,31
45.50207665724039,-73.5644370148524,Ville-Marie,Entire home/apt,88.0,31
45.60069,-73.53166,Mercier-Hochelaga-Maisonneuve,Entire home/apt,101.0,2
45.53585,-73.55357,Ville-Marie,Entire home/apt,82.0,31
45.49156030369511,-73.558758223116,Le Sud-Ouest,Entire home/apt,100.0,31
45.52133,-73.55759,Ville-Marie,Entire home/apt,93.0,31
45.51644,-73.58143,Le Plateau-Mont-Royal,Entire home/apt,417.0,1
45.58436,-73.55659,Mercier-Hochelaga-Maisonneuve,Entire home/apt,70.0,31
45.46137622748582,-73.57441157633404,Verdun,Entire home/apt,68.0,31
45.4670125,-73.57080429999999,Verdun,Entire home/apt,128.0,31
45.43232,-73.6409,LaSalle,Entire home/apt,50.0,31
45.55058,-73.59711,Rosemont-La Petite-Patrie,Entire home/apt,103.0,31
45.50085,-73.5594,Ville-Marie,Entire home/apt,147.0,1
45.53251,-73.61386,Rosemont-La Petite-Patrie,Entire home/apt,356.0,31
45.50528,-73.55604,Ville-Marie,Entire home/apt,188.0,2
45.50531,-73.55612,Ville-Marie,Entire home/apt,177.0,2
45.51041,-73.63161,Côte-des-Neiges-Notre-Dame-de-Grâce,Entire home/apt,90.0,1
45.60803,-73.63286,Montréal-Nord,Entire home/apt,172.0,31
45.50472,-73.55615,Ville-Marie,Entire home/apt,319.0,2
45.4608165,-73.5891944,Le Sud-Ouest,Entire home/apt,89.0,31
45.49237,-73.57636,Ville-Marie,Entire home/apt,111.0,2
45.5225,-73.58966,Le Plateau-Mont-Royal,Entire home/apt,175.0,31
45.49419,-73.56806,Ville-Marie,Entire home/apt,395.0,2
45.49576,-73.57241,Ville-Marie,Entire home/apt,115.0,31
45.49466,-73.56974,Ville-Marie,Entire home/apt,375.0,2
45.49981,-73.57736,Ville-Marie,Entire home/apt,116.0,32
45.49982514066944,-73.57709678668888,Ville-Marie,Entire home/apt,117.0,32
45.49851823393805,-73.57886322423971,Ville-Marie,Entire home/apt,117.0,32
45.49874,-73.57679,Ville-Marie,Entire home/apt,118.0,32
45.49795,-73.57711,Ville-Marie,Entire home/apt,118.0,32
45.4981,-73.57867,Ville-Marie,Entire home/apt,118.0,32
45.49967,-73.57677,Ville-Marie,Entire home/apt,116.0,32
45.4982485854116,-73.5790564183097,Ville-Marie,Entire home/apt,118.0,32
45.4980814818425,-73.5768020971289,Ville-Marie,Entire home/apt,116.0,32
45.51872,-73.55199,Ville-Marie,Entire home/apt,84.0,59
45.54296045626886,-73.63006070926208,Villeray-Saint-Michel-Parc-Extension,Entire home/apt,83.0,32
45.51841,-73.56115,Ville-Marie,Entire home/apt,110.0,31
45.50235,-73.56281,Ville-Marie,Entire home/apt,170.0,1
45.47798,-73.59063,Le Sud-Ouest,Entire home/apt,196.0,31
45.54186,-73.59297,Rosemont-La Petite-Patrie,Entire home/apt,63.0,31
45.51475,-73.56966,Le Plateau-Mont-Royal,Entire home/apt,98.0,31
45.54199,-73.59481,Rosemont-La Petite-Patrie,Entire home/apt,63.0,31
45.54312,-73.59489,Rosemont-La Petite-Patrie,Entire home/apt,63.0,31
45.54118,-73.59476,Rosemont-La Petite-Patrie,Entire home/apt,112.0,31
45.54147,-73.5946,Rosemont-La Petite-Patrie,Entire home/apt,112.0,31
45.53174711305324,-73.66958709686442,Saint-Laurent,Entire home/apt,78.0,31
45.46164,-73.56504,Verdun,Entire home/apt,145.0,31
45.4784815426948,-73.58848802670427,Le Sud-Ouest,Entire home/apt,115.0,31
45.49796643751173,-73.5781759868188,Ville-Marie,Entire home/apt,128.0,32
45.49982877937374,-73.57757148846203,Ville-Marie,Entire home/apt,125.0,32
45.49784,-73.57714,Ville-Marie,Entire home/apt,125.0,32
45.5097232,-73.5723969,Le Plateau-Mont-Royal,Entire home/apt,50.0,32
45.49553,-73.57645,Ville-Marie,Entire home/apt,213.0,31
45.50337684342318,-73.56273925188559,Ville-Marie,Entire home/apt,225.0,31
45.49925,-73.57903,Ville-Marie,Entire home/apt,117.0,31
45.48821119999999,-73.6401697,Côte-des-Neiges-Notre-Dame-de-Grâce,Entire home/apt,196.0,1
45.48816069999999,-73.6401722,Côte-des-Neiges-Notre-Dame-de-Grâce,Entire home/apt,294.0,1
45.4881729,-73.6401976,Côte-des-Neiges-Notre-Dame-de-Grâce,Entire home/apt,193.0,1
45.4881729,-73.6401976,Côte-des-Neiges-Notre-Dame-de-Grâce,Entire home/apt,148.0,1
45.50014,-73.83087,Dollard-des-Ormeaux,Entire home/apt,214.0,32
45.50401,-73.56385,Ville-Marie,Entire home/apt,198.0,1
45.52208,-73.5772,Le Plateau-Mont-Royal,Entire home/apt,286.0,31
45.51654,-73.57391,Le Plateau-Mont-Royal,Entire home/apt,85.0,31
45.51648,-73.57248,Le Plateau-Mont-Royal,Entire home/apt,85.0,31
45.48697,-73.64266,Côte-des-Neiges-Notre-Dame-de-Grâce,Entire home/apt,289.0,1
45.52194,-73.58949,Le Plateau-Mont-Royal,Entire home/apt,104.0,31
45.49602,-73.60844,Côte-des-Neiges-Notre-Dame-de-Grâce,Entire home/apt,60.0,32
45.4952772,-73.5686224,Ville-Marie,Entire home/apt,143.0,31
45.55172,-73.55821,Rosemont-La Petite-Patrie,Entire home/apt,139.0,32
45.4969003,-73.6526973,Côte-des-Neiges-Notre-Dame-de-Grâce,Entire home/apt,124.0,1
45.50334,-73.56263,Ville-Marie,Entire home/apt,136.0,1
45.494937,-73.57916100000001,Ville-Marie,Entire home/apt,99.0,31
45.49903,-73.5737,Ville-Marie,Entire home/apt,95.0,31
45.49707,-73.57368,Ville-Marie,Entire home/apt,75.0,31
45.5052754,-73.55603789999999,Ville-Marie,Entire home/apt,181.0,2
45.506714,-73.55513,Ville-Marie,Entire home/apt,213.0,2
45.5052754,-73.55603789999999,Ville-Marie,Entire home/apt,175.0,2
45.47664941526846,-73.6194196794447,Côte-des-Neiges-Notre-Dame-de-Grâce,Entire home/apt,71.0,31
45.49883,-73.57239,Ville-Marie,Entire home/apt,75.0,31
45.4991,-73.57376,Ville-Marie,Entire home/apt,95.0,31
45.4928336,-73.5752227,Ville-Marie,Entire home/apt,91.0,2
45.53357797018462,-73.61381835475675,Rosemont-La Petite-Patrie,Entire home/apt,175.0,1
45.53277,-73.61235,Rosemont-La Petite-Patrie,Entire home/apt,191.0,1
45.49892,-73.57381,Ville-Marie,Entire home/apt,240.0,2
45.585427799161344,-73.57510944938551,Saint-Léonard,Entire home/apt,68.0,31
45.51258,-73.8393,Pierrefonds-Roxboro,Entire home/apt,60.0,31
45.4989222,-73.573813,Ville-Marie,Entire home/apt,212.0,1
45.53156,-73.61301,Rosemont-La Petite-Patrie,Entire home/apt,174.0,1
45.5337,-73.61378,Rosemont-La Petite-Patrie,Entire home/apt,270.0,1
45.56941774143193,-73.65591232989787,Ahuntsic-Cartierville,Entire home/apt,212.0,1
45.5199759950463,-73.58750086322935,Le Plateau-Mont-Royal,Entire home/apt,76.0,31
45.50015,-73.5782,Ville-Marie,Entire home/apt,158.0,31
45.5502231,-73.5816175,Rosemont-La Petite-Patrie,Entire home/apt,80.0,32
45.5370537,-73.6689264,Ahuntsic-Cartierville,Entire home/apt,66.0,31
45.49367,-73.57599,Ville-Marie,Entire home/apt,101.0,2
45.5791887,-73.57594209999999,Rosemont-La Petite-Patrie,Entire home/apt,84.0,31
45.46391,-73.62336,Côte-des-Neiges-Notre-Dame-de-Grâce,Entire home/apt,75.0,31
45.52783,-73.57475,Le Plateau-Mont-Royal,Entire home/apt,80.0,31
45.49242,-73.5764,Ville-Marie,Entire home/apt,92.0,2
45.45927,-73.56485,Verdun,Entire home/apt,70.0,31
45.543,-73.57573,Rosemont-La Petite-Patrie,Entire home/apt,134.0,32
45.49281,-73.58464,Ville-Marie,Entire home/apt,97.0,31
45.49494117782245,-73.57575796301457,Ville-Marie,Entire home/apt,86.0,32
45.49451,-73.57588,Ville-Marie,Entire home/apt,114.0,32
45.49517304004673,-73.57394228297376,Ville-Marie,Entire home/apt,240.0,32
45.49318784237514,-73.57542028819594,Ville-Marie,Entire home/apt,240.0,32
45.49539,-73.57527,Ville-Marie,Entire home/apt,330.0,32
45.5284105,-73.59309619999999,Le Plateau-Mont-Royal,Entire home/apt,95.0,31
45.55433,-73.5681,Rosemont-La Petite-Patrie,Entire home/apt,105.0,31
45.50863546462895,-73.57078793895234,Ville-Marie,Entire home/apt,300.0,31
45.49618964615283,-73.57407602148518,Ville-Marie,Entire home/apt,113.0,31
45.50867299777779,-73.57713493974069,Le Plateau-Mont-Royal,Entire home/apt,129.0,31
